experiment_id,round,agent_id,image_id,true_category,predicted_label,confidence,margin,status,pool
exp_003a,1,agent_00,frog_015,frog,slithy,0.38988,0.231787,accepted,interaction
exp_003a,1,agent_00,frog_016,frog,slithy,0.511541,0.276571,accepted,interaction
exp_003a,1,agent_00,frog_017,frog,slithy,0.646099,0.469964,accepted,interaction
exp_003a,1,agent_00,frog_018,frog,slithy,0.342465,0.224822,accepted,interaction
exp_003a,1,agent_00,frog_019,frog,slithy,0.322017,0.096127,accepted,interaction
exp_003a,1,agent_00,frog_020,frog,slithy,0.438503,0.223626,accepted,interaction
exp_003a,1,agent_00,frog_021,frog,slithy,0.526449,0.359239,accepted,interaction
exp_003a,1,agent_00,frog_022,frog,slithy,0.417814,0.165651,accepted,interaction
exp_003a,1,agent_00,frog_023,frog,slithy,0.396846,0.226501,accepted,interaction
exp_003a,1,agent_00,frog_024,frog,slithy,0.520002,0.376751,accepted,interaction
exp_003a,1,agent_00,frog_025,frog,slithy,0.525036,0.306806,accepted,interaction
exp_003a,1,agent_00,frog_026,frog,slithy,0.321894,0.25466,accepted,interaction
exp_003a,1,agent_00,frog_027,frog,slithy,0.49818,0.401241,accepted,interaction
exp_003a,1,agent_00,frog_028,frog,slithy,0.362325,0.19483,accepted,interaction
exp_003a,1,agent_00,frog_029,frog,slithy,0.419021,0.20687,accepted,interaction
exp_003a,1,agent_00,horse_015,horse,mimsy,0.533363,0.4255,accepted,interaction
exp_003a,1,agent_00,horse_016,horse,mimsy,0.398782,0.105062,rejected,interaction
exp_003a,1,agent_00,horse_017,horse,mimsy,0.680512,0.535983,accepted,interaction
exp_003a,1,agent_00,horse_018,horse,mimsy,0.61931,0.3625,accepted,interaction
exp_003a,1,agent_00,horse_019,horse,mimsy,0.529112,0.412995,accepted,interaction
exp_003a,1,agent_00,horse_020,horse,mimsy,0.456512,0.359797,accepted,interaction
exp_003a,1,agent_00,horse_021,horse,mimsy,0.583639,0.399578,accepted,interaction
exp_003a,1,agent_00,horse_022,horse,mimsy,0.671764,0.466401,accepted,interaction
exp_003a,1,agent_00,horse_023,horse,mimsy,0.712414,0.566281,accepted,interaction
exp_003a,1,agent_00,horse_024,horse,mimsy,0.618637,0.438969,accepted,interaction
exp_003a,1,agent_00,horse_025,horse,mimsy,0.619012,0.328249,accepted,interaction
exp_003a,1,agent_00,horse_026,horse,mimsy,0.602099,0.375343,accepted,interaction
exp_003a,1,agent_00,horse_027,horse,mimsy,0.466154,0.13582,accepted,interaction
exp_003a,1,agent_00,horse_028,horse,mimsy,0.622324,0.459054,accepted,interaction
exp_003a,1,agent_00,horse_029,horse,mimsy,0.508296,0.337248,accepted,interaction
exp_003a,1,agent_00,ship_015,ship,vorpal,0.67997,0.495303,accepted,interaction
exp_003a,1,agent_00,ship_016,ship,vorpal,0.408184,0.265539,accepted,interaction
exp_003a,1,agent_00,ship_017,ship,vorpal,0.521101,0.242952,accepted,interaction
exp_003a,1,agent_00,ship_018,ship,vorpal,0.719448,0.526101,accepted,interaction
exp_003a,1,agent_00,ship_019,ship,vorpal,0.330707,0.092933,accepted,interaction
exp_003a,1,agent_00,ship_020,ship,vorpal,0.709905,0.51559,accepted,interaction
exp_003a,1,agent_00,ship_021,ship,vorpal,0.486287,0.20072,accepted,interaction
exp_003a,1,agent_00,ship_022,ship,vorpal,0.570873,0.393219,accepted,interaction
exp_003a,1,agent_00,ship_023,ship,vorpal,0.499315,0.387074,accepted,interaction
exp_003a,1,agent_00,ship_024,ship,UNCERTAIN,0.20254,0.116004,accepted,interaction
exp_003a,1,agent_00,ship_025,ship,vorpal,0.562728,0.331908,accepted,interaction
exp_003a,1,agent_00,ship_026,ship,vorpal,0.450851,0.275756,accepted,interaction
exp_003a,1,agent_00,ship_027,ship,vorpal,0.613118,0.480774,accepted,interaction
exp_003a,1,agent_00,ship_028,ship,vorpal,0.472086,0.343266,accepted,interaction
exp_003a,1,agent_00,ship_029,ship,vorpal,0.390531,0.159193,accepted,interaction
exp_003a,1,agent_01,frog_015,frog,slithy,0.384954,0.231436,accepted,interaction
exp_003a,1,agent_01,frog_016,frog,slithy,0.53424,0.337758,accepted,interaction
exp_003a,1,agent_01,frog_017,frog,slithy,0.617963,0.435917,accepted,interaction
exp_003a,1,agent_01,frog_018,frog,slithy,0.36452,0.23875,accepted,interaction
exp_003a,1,agent_01,frog_019,frog,UNCERTAIN,0.258483,0.087798,rejected,interaction
exp_003a,1,agent_01,frog_020,frog,slithy,0.334664,0.135215,accepted,interaction
exp_003a,1,agent_01,frog_021,frog,slithy,0.57835,0.415305,accepted,interaction
exp_003a,1,agent_01,frog_022,frog,slithy,0.415831,0.191921,accepted,interaction
exp_003a,1,agent_01,frog_023,frog,slithy,0.42827,0.272479,accepted,interaction
exp_003a,1,agent_01,frog_024,frog,slithy,0.478552,0.364938,accepted,interaction
exp_003a,1,agent_01,frog_025,frog,slithy,0.41594,0.20018,accepted,interaction
exp_003a,1,agent_01,frog_026,frog,slithy,0.331822,0.239852,accepted,interaction
exp_003a,1,agent_01,frog_027,frog,slithy,0.503939,0.429706,accepted,interaction
exp_003a,1,agent_01,frog_028,frog,slithy,0.339158,0.169689,accepted,interaction
exp_003a,1,agent_01,frog_029,frog,slithy,0.456758,0.308039,accepted,interaction
exp_003a,1,agent_01,horse_015,horse,mimsy,0.474735,0.368676,accepted,interaction
exp_003a,1,agent_01,horse_016,horse,UNCERTAIN,0.069259,0.024932,accepted,interaction
exp_003a,1,agent_01,horse_017,horse,mimsy,0.686455,0.556717,accepted,interaction
exp_003a,1,agent_01,horse_018,horse,mimsy,0.496097,0.271905,accepted,interaction
exp_003a,1,agent_01,horse_019,horse,mimsy,0.579889,0.441516,accepted,interaction
exp_003a,1,agent_01,horse_020,horse,mimsy,0.497029,0.413416,accepted,interaction
exp_003a,1,agent_01,horse_021,horse,mimsy,0.601317,0.454606,accepted,interaction
exp_003a,1,agent_01,horse_022,horse,mimsy,0.704099,0.48626,accepted,interaction
exp_003a,1,agent_01,horse_023,horse,mimsy,0.673813,0.529502,accepted,interaction
exp_003a,1,agent_01,horse_024,horse,mimsy,0.487343,0.318182,accepted,interaction
exp_003a,1,agent_01,horse_025,horse,mimsy,0.58074,0.353881,accepted,interaction
exp_003a,1,agent_01,horse_026,horse,mimsy,0.673082,0.420525,accepted,interaction
exp_003a,1,agent_01,horse_027,horse,mimsy,0.46897,0.164352,accepted,interaction
exp_003a,1,agent_01,horse_028,horse,mimsy,0.64155,0.482286,accepted,interaction
exp_003a,1,agent_01,horse_029,horse,mimsy,0.474129,0.335498,accepted,interaction
exp_003a,1,agent_01,ship_015,ship,vorpal,0.587628,0.399605,accepted,interaction
exp_003a,1,agent_01,ship_016,ship,vorpal,0.404366,0.269205,accepted,interaction
exp_003a,1,agent_01,ship_017,ship,vorpal,0.492162,0.194564,accepted,interaction
exp_003a,1,agent_01,ship_018,ship,vorpal,0.687835,0.491642,accepted,interaction
exp_003a,1,agent_01,ship_019,ship,vorpal,0.407478,0.194719,accepted,interaction
exp_003a,1,agent_01,ship_020,ship,vorpal,0.652406,0.46396,accepted,interaction
exp_003a,1,agent_01,ship_021,ship,vorpal,0.470341,0.279921,accepted,interaction
exp_003a,1,agent_01,ship_022,ship,vorpal,0.545844,0.410189,accepted,interaction
exp_003a,1,agent_01,ship_023,ship,vorpal,0.473009,0.357915,accepted,interaction
exp_003a,1,agent_01,ship_024,ship,UNCERTAIN,0.070858,0.033966,accepted,interaction
exp_003a,1,agent_01,ship_025,ship,vorpal,0.610651,0.433528,accepted,interaction
exp_003a,1,agent_01,ship_026,ship,vorpal,0.49693,0.389688,accepted,interaction
exp_003a,1,agent_01,ship_027,ship,vorpal,0.678293,0.552274,accepted,interaction
exp_003a,1,agent_01,ship_028,ship,vorpal,0.489551,0.353026,accepted,interaction
exp_003a,1,agent_01,ship_029,ship,vorpal,0.443704,0.246022,accepted,interaction
exp_003a,1,agent_02,frog_015,frog,slithy,0.32347,0.203874,accepted,interaction
exp_003a,1,agent_02,frog_016,frog,slithy,0.582734,0.403426,accepted,interaction
exp_003a,1,agent_02,frog_017,frog,slithy,0.607507,0.461006,accepted,interaction
exp_003a,1,agent_02,frog_018,frog,slithy,0.336434,0.172901,accepted,interaction
exp_003a,1,agent_02,frog_019,frog,slithy,0.321876,0.138179,accepted,interaction
exp_003a,1,agent_02,frog_020,frog,slithy,0.513667,0.302713,accepted,interaction
exp_003a,1,agent_02,frog_021,frog,slithy,0.602244,0.446044,accepted,interaction
exp_003a,1,agent_02,frog_022,frog,slithy,0.333249,0.114384,accepted,interaction
exp_003a,1,agent_02,frog_023,frog,slithy,0.43352,0.278989,accepted,interaction
exp_003a,1,agent_02,frog_024,frog,slithy,0.479988,0.343426,accepted,interaction
exp_003a,1,agent_02,frog_025,frog,slithy,0.567981,0.361045,accepted,interaction
exp_003a,1,agent_02,frog_026,frog,UNCERTAIN,0.234541,0.167197,rejected,interaction
exp_003a,1,agent_02,frog_027,frog,slithy,0.557849,0.49032,accepted,interaction
exp_003a,1,agent_02,frog_028,frog,slithy,0.471518,0.322035,accepted,interaction
exp_003a,1,agent_02,frog_029,frog,slithy,0.418555,0.250773,accepted,interaction
exp_003a,1,agent_02,horse_015,horse,mimsy,0.726849,0.564885,accepted,interaction
exp_003a,1,agent_02,horse_016,horse,UNCERTAIN,0.074412,0.022024,accepted,interaction
exp_003a,1,agent_02,horse_017,horse,mimsy,0.614966,0.385256,accepted,interaction
exp_003a,1,agent_02,horse_018,horse,mimsy,0.623548,0.363075,accepted,interaction
exp_003a,1,agent_02,horse_019,horse,mimsy,0.547082,0.412428,accepted,interaction
exp_003a,1,agent_02,horse_020,horse,mimsy,0.578343,0.444789,accepted,interaction
exp_003a,1,agent_02,horse_021,horse,mimsy,0.614518,0.405167,accepted,interaction
exp_003a,1,agent_02,horse_022,horse,mimsy,0.601232,0.39683,accepted,interaction
exp_003a,1,agent_02,horse_023,horse,mimsy,0.580849,0.403795,accepted,interaction
exp_003a,1,agent_02,horse_024,horse,mimsy,0.470243,0.265834,accepted,interaction
exp_003a,1,agent_02,horse_025,horse,mimsy,0.588611,0.286524,accepted,interaction
exp_003a,1,agent_02,horse_026,horse,mimsy,0.557645,0.311671,accepted,interaction
exp_003a,1,agent_02,horse_027,horse,mimsy,0.422144,0.122489,accepted,interaction
exp_003a,1,agent_02,horse_028,horse,mimsy,0.476527,0.257197,accepted,interaction
exp_003a,1,agent_02,horse_029,horse,mimsy,0.460409,0.301146,accepted,interaction
exp_003a,1,agent_02,ship_015,ship,vorpal,0.630179,0.412199,accepted,interaction
exp_003a,1,agent_02,ship_016,ship,vorpal,0.422858,0.289028,accepted,interaction
exp_003a,1,agent_02,ship_017,ship,vorpal,0.425608,0.134543,accepted,interaction
exp_003a,1,agent_02,ship_018,ship,vorpal,0.689929,0.506357,accepted,interaction
exp_003a,1,agent_02,ship_019,ship,vorpal,0.375154,0.159888,accepted,interaction
exp_003a,1,agent_02,ship_020,ship,vorpal,0.649439,0.466155,accepted,interaction
exp_003a,1,agent_02,ship_021,ship,vorpal,0.515269,0.30284,accepted,interaction
exp_003a,1,agent_02,ship_022,ship,vorpal,0.507294,0.287233,accepted,interaction
exp_003a,1,agent_02,ship_023,ship,vorpal,0.512615,0.3542,accepted,interaction
exp_003a,1,agent_02,ship_024,ship,UNCERTAIN,0.102101,0.053327,accepted,interaction
exp_003a,1,agent_02,ship_025,ship,vorpal,0.611586,0.404313,accepted,interaction
exp_003a,1,agent_02,ship_026,ship,vorpal,0.476065,0.333517,accepted,interaction
exp_003a,1,agent_02,ship_027,ship,vorpal,0.677962,0.521565,accepted,interaction
exp_003a,1,agent_02,ship_028,ship,vorpal,0.443213,0.318539,accepted,interaction
exp_003a,1,agent_02,ship_029,ship,vorpal,0.410119,0.163051,accepted,interaction
exp_003a,1,agent_00,frog_030,frog,slithy,0.454405,0.288817,accepted,held_out
exp_003a,1,agent_00,frog_031,frog,slithy,0.539924,0.369999,accepted,held_out
exp_003a,1,agent_00,frog_032,frog,slithy,0.407139,0.242555,accepted,held_out
exp_003a,1,agent_00,frog_033,frog,slithy,0.548061,0.352337,accepted,held_out
exp_003a,1,agent_00,frog_034,frog,slithy,0.576237,0.388377,accepted,held_out
exp_003a,1,agent_00,frog_035,frog,slithy,0.615865,0.430156,accepted,held_out
exp_003a,1,agent_00,frog_036,frog,slithy,0.460529,0.259352,accepted,held_out
exp_003a,1,agent_00,frog_037,frog,slithy,0.494642,0.354208,accepted,held_out
exp_003a,1,agent_00,frog_038,frog,slithy,0.539255,0.299848,accepted,held_out
exp_003a,1,agent_00,frog_039,frog,slithy,0.41788,0.208773,accepted,held_out
exp_003a,1,agent_00,frog_040,frog,slithy,0.508996,0.363674,accepted,held_out
exp_003a,1,agent_00,frog_041,frog,slithy,0.512352,0.346319,accepted,held_out
exp_003a,1,agent_00,frog_042,frog,slithy,0.606936,0.400362,accepted,held_out
exp_003a,1,agent_00,frog_043,frog,slithy,0.636052,0.347072,accepted,held_out
exp_003a,1,agent_00,frog_044,frog,slithy,0.591883,0.399793,accepted,held_out
exp_003a,1,agent_00,frog_045,frog,slithy,0.616394,0.401201,accepted,held_out
exp_003a,1,agent_00,frog_046,frog,slithy,0.558559,0.382694,accepted,held_out
exp_003a,1,agent_00,frog_047,frog,slithy,0.510095,0.313594,accepted,held_out
exp_003a,1,agent_00,frog_048,frog,slithy,0.633217,0.500183,accepted,held_out
exp_003a,1,agent_00,frog_049,frog,slithy,0.392339,0.10391,accepted,held_out
exp_003a,1,agent_00,horse_030,horse,mimsy,0.665064,0.526046,accepted,held_out
exp_003a,1,agent_00,horse_031,horse,mimsy,0.511048,0.351216,accepted,held_out
exp_003a,1,agent_00,horse_032,horse,mimsy,0.635937,0.458269,accepted,held_out
exp_003a,1,agent_00,horse_033,horse,mimsy,0.69766,0.529691,accepted,held_out
exp_003a,1,agent_00,horse_034,horse,mimsy,0.72081,0.620633,accepted,held_out
exp_003a,1,agent_00,horse_035,horse,mimsy,0.60821,0.369534,accepted,held_out
exp_003a,1,agent_00,horse_036,horse,mimsy,0.574568,0.444726,accepted,held_out
exp_003a,1,agent_00,horse_037,horse,mimsy,0.685077,0.509194,accepted,held_out
exp_003a,1,agent_00,horse_038,horse,mimsy,0.629092,0.437568,accepted,held_out
exp_003a,1,agent_00,horse_039,horse,mimsy,0.697807,0.498949,accepted,held_out
exp_003a,1,agent_00,horse_040,horse,mimsy,0.714574,0.505161,accepted,held_out
exp_003a,1,agent_00,horse_041,horse,mimsy,0.554486,0.412004,accepted,held_out
exp_003a,1,agent_00,horse_042,horse,mimsy,0.721804,0.552968,accepted,held_out
exp_003a,1,agent_00,horse_043,horse,mimsy,0.578589,0.368927,accepted,held_out
exp_003a,1,agent_00,horse_044,horse,mimsy,0.713297,0.502585,accepted,held_out
exp_003a,1,agent_00,horse_045,horse,mimsy,0.75446,0.591732,accepted,held_out
exp_003a,1,agent_00,horse_046,horse,mimsy,0.672842,0.48466,accepted,held_out
exp_003a,1,agent_00,horse_047,horse,mimsy,0.761641,0.580215,accepted,held_out
exp_003a,1,agent_00,horse_048,horse,mimsy,0.732869,0.56711,accepted,held_out
exp_003a,1,agent_00,horse_049,horse,mimsy,0.639812,0.488329,accepted,held_out
exp_003a,1,agent_00,ship_030,ship,vorpal,0.65008,0.429411,accepted,held_out
exp_003a,1,agent_00,ship_031,ship,vorpal,0.629622,0.417699,accepted,held_out
exp_003a,1,agent_00,ship_032,ship,vorpal,0.628379,0.429119,accepted,held_out
exp_003a,1,agent_00,ship_033,ship,vorpal,0.464837,0.374661,accepted,held_out
exp_003a,1,agent_00,ship_034,ship,vorpal,0.5007,0.330323,accepted,held_out
exp_003a,1,agent_00,ship_035,ship,vorpal,0.600115,0.429577,accepted,held_out
exp_003a,1,agent_00,ship_036,ship,vorpal,0.607543,0.392273,accepted,held_out
exp_003a,1,agent_00,ship_037,ship,vorpal,0.476622,0.227232,accepted,held_out
exp_003a,1,agent_00,ship_038,ship,vorpal,0.342084,0.208072,accepted,held_out
exp_003a,1,agent_00,ship_039,ship,vorpal,0.62181,0.411517,accepted,held_out
exp_003a,1,agent_00,ship_040,ship,vorpal,0.646419,0.458876,accepted,held_out
exp_003a,1,agent_00,ship_041,ship,vorpal,0.684744,0.483649,accepted,held_out
exp_003a,1,agent_00,ship_042,ship,vorpal,0.63654,0.436002,accepted,held_out
exp_003a,1,agent_00,ship_043,ship,vorpal,0.522627,0.36332,accepted,held_out
exp_003a,1,agent_00,ship_044,ship,vorpal,0.615903,0.345373,accepted,held_out
exp_003a,1,agent_00,ship_045,ship,vorpal,0.653783,0.440257,accepted,held_out
exp_003a,1,agent_00,ship_046,ship,vorpal,0.725601,0.479763,accepted,held_out
exp_003a,1,agent_00,ship_047,ship,vorpal,0.648315,0.438475,accepted,held_out
exp_003a,1,agent_00,ship_048,ship,vorpal,0.622143,0.475339,accepted,held_out
exp_003a,1,agent_00,ship_049,ship,vorpal,0.578223,0.366453,accepted,held_out
exp_003a,1,agent_01,frog_030,frog,slithy,0.428063,0.276268,accepted,held_out
exp_003a,1,agent_01,frog_031,frog,slithy,0.526212,0.34986,accepted,held_out
exp_003a,1,agent_01,frog_032,frog,slithy,0.416931,0.257715,accepted,held_out
exp_003a,1,agent_01,frog_033,frog,slithy,0.563034,0.37566,accepted,held_out
exp_003a,1,agent_01,frog_034,frog,slithy,0.619256,0.430985,accepted,held_out
exp_003a,1,agent_01,frog_035,frog,slithy,0.606386,0.415265,accepted,held_out
exp_003a,1,agent_01,frog_036,frog,slithy,0.4266,0.224811,accepted,held_out
exp_003a,1,agent_01,frog_037,frog,slithy,0.5391,0.387265,accepted,held_out
exp_003a,1,agent_01,frog_038,frog,slithy,0.563741,0.310126,accepted,held_out
exp_003a,1,agent_01,frog_039,frog,slithy,0.40513,0.212609,accepted,held_out
exp_003a,1,agent_01,frog_040,frog,slithy,0.516102,0.356682,accepted,held_out
exp_003a,1,agent_01,frog_041,frog,slithy,0.545312,0.365057,accepted,held_out
exp_003a,1,agent_01,frog_042,frog,slithy,0.602272,0.406928,accepted,held_out
exp_003a,1,agent_01,frog_043,frog,slithy,0.596068,0.311211,accepted,held_out
exp_003a,1,agent_01,frog_044,frog,slithy,0.592597,0.410238,accepted,held_out
exp_003a,1,agent_01,frog_045,frog,slithy,0.578238,0.359953,accepted,held_out
exp_003a,1,agent_01,frog_046,frog,slithy,0.566948,0.404023,accepted,held_out
exp_003a,1,agent_01,frog_047,frog,slithy,0.54888,0.339879,accepted,held_out
exp_003a,1,agent_01,frog_048,frog,slithy,0.625289,0.50105,accepted,held_out
exp_003a,1,agent_01,frog_049,frog,slithy,0.413062,0.152314,accepted,held_out
exp_003a,1,agent_01,horse_030,horse,mimsy,0.664047,0.527706,accepted,held_out
exp_003a,1,agent_01,horse_031,horse,mimsy,0.512818,0.371004,accepted,held_out
exp_003a,1,agent_01,horse_032,horse,mimsy,0.66726,0.485401,accepted,held_out
exp_003a,1,agent_01,horse_033,horse,mimsy,0.710479,0.54311,accepted,held_out
exp_003a,1,agent_01,horse_034,horse,mimsy,0.738269,0.647483,accepted,held_out
exp_003a,1,agent_01,horse_035,horse,mimsy,0.607471,0.380624,accepted,held_out
exp_003a,1,agent_01,horse_036,horse,mimsy,0.594326,0.479089,accepted,held_out
exp_003a,1,agent_01,horse_037,horse,mimsy,0.649132,0.473775,accepted,held_out
exp_003a,1,agent_01,horse_038,horse,mimsy,0.640842,0.44368,accepted,held_out
exp_003a,1,agent_01,horse_039,horse,mimsy,0.688735,0.512637,accepted,held_out
exp_003a,1,agent_01,horse_040,horse,mimsy,0.705135,0.510074,accepted,held_out
exp_003a,1,agent_01,horse_041,horse,mimsy,0.54723,0.406571,accepted,held_out
exp_003a,1,agent_01,horse_042,horse,mimsy,0.712729,0.539624,accepted,held_out
exp_003a,1,agent_01,horse_043,horse,mimsy,0.553705,0.3524,accepted,held_out
exp_003a,1,agent_01,horse_044,horse,mimsy,0.733284,0.536464,accepted,held_out
exp_003a,1,agent_01,horse_045,horse,mimsy,0.764084,0.604675,accepted,held_out
exp_003a,1,agent_01,horse_046,horse,mimsy,0.62813,0.454588,accepted,held_out
exp_003a,1,agent_01,horse_047,horse,mimsy,0.747305,0.586814,accepted,held_out
exp_003a,1,agent_01,horse_048,horse,mimsy,0.735831,0.565074,accepted,held_out
exp_003a,1,agent_01,horse_049,horse,mimsy,0.664766,0.522376,accepted,held_out
exp_003a,1,agent_01,ship_030,ship,vorpal,0.657822,0.446196,accepted,held_out
exp_003a,1,agent_01,ship_031,ship,vorpal,0.615916,0.409812,accepted,held_out
exp_003a,1,agent_01,ship_032,ship,vorpal,0.634247,0.444287,accepted,held_out
exp_003a,1,agent_01,ship_033,ship,vorpal,0.481918,0.395948,accepted,held_out
exp_003a,1,agent_01,ship_034,ship,vorpal,0.492172,0.301839,accepted,held_out
exp_003a,1,agent_01,ship_035,ship,vorpal,0.614339,0.452353,accepted,held_out
exp_003a,1,agent_01,ship_036,ship,vorpal,0.602293,0.402877,accepted,held_out
exp_003a,1,agent_01,ship_037,ship,vorpal,0.458665,0.215265,accepted,held_out
exp_003a,1,agent_01,ship_038,ship,vorpal,0.340781,0.206628,accepted,held_out
exp_003a,1,agent_01,ship_039,ship,vorpal,0.621745,0.415904,accepted,held_out
exp_003a,1,agent_01,ship_040,ship,vorpal,0.650343,0.454957,accepted,held_out
exp_003a,1,agent_01,ship_041,ship,vorpal,0.700762,0.507904,accepted,held_out
exp_003a,1,agent_01,ship_042,ship,vorpal,0.664312,0.465378,accepted,held_out
exp_003a,1,agent_01,ship_043,ship,vorpal,0.527163,0.379768,accepted,held_out
exp_003a,1,agent_01,ship_044,ship,vorpal,0.632041,0.360243,accepted,held_out
exp_003a,1,agent_01,ship_045,ship,vorpal,0.642489,0.434234,accepted,held_out
exp_003a,1,agent_01,ship_046,ship,vorpal,0.731972,0.500924,accepted,held_out
exp_003a,1,agent_01,ship_047,ship,vorpal,0.64896,0.422064,accepted,held_out
exp_003a,1,agent_01,ship_048,ship,vorpal,0.598071,0.447221,accepted,held_out
exp_003a,1,agent_01,ship_049,ship,vorpal,0.576036,0.370033,accepted,held_out
exp_003a,1,agent_02,frog_030,frog,slithy,0.433839,0.275211,accepted,held_out
exp_003a,1,agent_02,frog_031,frog,slithy,0.538833,0.364399,accepted,held_out
exp_003a,1,agent_02,frog_032,frog,slithy,0.387576,0.216235,accepted,held_out
exp_003a,1,agent_02,frog_033,frog,slithy,0.571276,0.380061,accepted,held_out
exp_003a,1,agent_02,frog_034,frog,slithy,0.646348,0.463183,accepted,held_out
exp_003a,1,agent_02,frog_035,frog,slithy,0.615662,0.427287,accepted,held_out
exp_003a,1,agent_02,frog_036,frog,slithy,0.425516,0.225334,accepted,held_out
exp_003a,1,agent_02,frog_037,frog,slithy,0.531759,0.391254,accepted,held_out
exp_003a,1,agent_02,frog_038,frog,slithy,0.55125,0.330288,accepted,held_out
exp_003a,1,agent_02,frog_039,frog,slithy,0.39086,0.191853,accepted,held_out
exp_003a,1,agent_02,frog_040,frog,slithy,0.528859,0.391018,accepted,held_out
exp_003a,1,agent_02,frog_041,frog,slithy,0.499083,0.342317,accepted,held_out
exp_003a,1,agent_02,frog_042,frog,slithy,0.611162,0.411949,accepted,held_out
exp_003a,1,agent_02,frog_043,frog,slithy,0.620697,0.342482,accepted,held_out
exp_003a,1,agent_02,frog_044,frog,slithy,0.596085,0.400007,accepted,held_out
exp_003a,1,agent_02,frog_045,frog,slithy,0.618772,0.413603,accepted,held_out
exp_003a,1,agent_02,frog_046,frog,slithy,0.536888,0.371045,accepted,held_out
exp_003a,1,agent_02,frog_047,frog,slithy,0.532469,0.32599,accepted,held_out
exp_003a,1,agent_02,frog_048,frog,slithy,0.650792,0.519654,accepted,held_out
exp_003a,1,agent_02,frog_049,frog,slithy,0.405969,0.136843,accepted,held_out
exp_003a,1,agent_02,horse_030,horse,mimsy,0.651674,0.497153,accepted,held_out
exp_003a,1,agent_02,horse_031,horse,mimsy,0.50573,0.338719,accepted,held_out
exp_003a,1,agent_02,horse_032,horse,mimsy,0.667229,0.495486,accepted,held_out
exp_003a,1,agent_02,horse_033,horse,mimsy,0.674457,0.495965,accepted,held_out
exp_003a,1,agent_02,horse_034,horse,mimsy,0.714107,0.602111,accepted,held_out
exp_003a,1,agent_02,horse_035,horse,mimsy,0.587721,0.342073,accepted,held_out
exp_003a,1,agent_02,horse_036,horse,mimsy,0.584888,0.455636,accepted,held_out
exp_003a,1,agent_02,horse_037,horse,mimsy,0.709284,0.514692,accepted,held_out
exp_003a,1,agent_02,horse_038,horse,mimsy,0.699185,0.501169,accepted,held_out
exp_003a,1,agent_02,horse_039,horse,mimsy,0.645025,0.457174,accepted,held_out
exp_003a,1,agent_02,horse_040,horse,mimsy,0.687158,0.472177,accepted,held_out
exp_003a,1,agent_02,horse_041,horse,mimsy,0.556273,0.400885,accepted,held_out
exp_003a,1,agent_02,horse_042,horse,mimsy,0.695418,0.509957,accepted,held_out
exp_003a,1,agent_02,horse_043,horse,mimsy,0.627023,0.404932,accepted,held_out
exp_003a,1,agent_02,horse_044,horse,mimsy,0.701958,0.491657,accepted,held_out
exp_003a,1,agent_02,horse_045,horse,mimsy,0.746826,0.573757,accepted,held_out
exp_003a,1,agent_02,horse_046,horse,mimsy,0.617648,0.427674,accepted,held_out
exp_003a,1,agent_02,horse_047,horse,mimsy,0.738292,0.539239,accepted,held_out
exp_003a,1,agent_02,horse_048,horse,mimsy,0.717493,0.541847,accepted,held_out
exp_003a,1,agent_02,horse_049,horse,mimsy,0.646262,0.491837,accepted,held_out
exp_003a,1,agent_02,ship_030,ship,vorpal,0.67084,0.461509,accepted,held_out
exp_003a,1,agent_02,ship_031,ship,vorpal,0.618889,0.394175,accepted,held_out
exp_003a,1,agent_02,ship_032,ship,vorpal,0.638808,0.436996,accepted,held_out
exp_003a,1,agent_02,ship_033,ship,vorpal,0.465822,0.367968,accepted,held_out
exp_003a,1,agent_02,ship_034,ship,vorpal,0.493118,0.314236,accepted,held_out
exp_003a,1,agent_02,ship_035,ship,vorpal,0.609524,0.420416,accepted,held_out
exp_003a,1,agent_02,ship_036,ship,vorpal,0.614873,0.399119,accepted,held_out
exp_003a,1,agent_02,ship_037,ship,vorpal,0.436947,0.192953,accepted,held_out
exp_003a,1,agent_02,ship_038,ship,vorpal,0.344626,0.214312,accepted,held_out
exp_003a,1,agent_02,ship_039,ship,vorpal,0.604118,0.393781,accepted,held_out
exp_003a,1,agent_02,ship_040,ship,vorpal,0.624217,0.437765,accepted,held_out
exp_003a,1,agent_02,ship_041,ship,vorpal,0.693031,0.493112,accepted,held_out
exp_003a,1,agent_02,ship_042,ship,vorpal,0.642651,0.428639,accepted,held_out
exp_003a,1,agent_02,ship_043,ship,vorpal,0.535221,0.368574,accepted,held_out
exp_003a,1,agent_02,ship_044,ship,vorpal,0.62319,0.361016,accepted,held_out
exp_003a,1,agent_02,ship_045,ship,vorpal,0.652489,0.439283,accepted,held_out
exp_003a,1,agent_02,ship_046,ship,vorpal,0.739501,0.505194,accepted,held_out
exp_003a,1,agent_02,ship_047,ship,vorpal,0.630093,0.418533,accepted,held_out
exp_003a,1,agent_02,ship_048,ship,vorpal,0.615673,0.461389,accepted,held_out
exp_003a,1,agent_02,ship_049,ship,vorpal,0.593124,0.372122,accepted,held_out
exp_003a,2,agent_00,frog_015,frog,slithy,0.472835,0.307267,accepted,interaction
exp_003a,2,agent_00,frog_016,frog,slithy,0.606321,0.380922,accepted,interaction
exp_003a,2,agent_00,frog_017,frog,slithy,0.721412,0.548732,accepted,interaction
exp_003a,2,agent_00,frog_018,frog,slithy,0.503238,0.342836,accepted,interaction
exp_003a,2,agent_00,frog_019,frog,slithy,0.46283,0.25595,accepted,interaction
exp_003a,2,agent_00,frog_020,frog,slithy,0.601235,0.379284,accepted,interaction
exp_003a,2,agent_00,frog_021,frog,slithy,0.592625,0.416888,accepted,interaction
exp_003a,2,agent_00,frog_022,frog,slithy,0.561059,0.315579,accepted,interaction
exp_003a,2,agent_00,frog_023,frog,slithy,0.561302,0.401349,accepted,interaction
exp_003a,2,agent_00,frog_024,frog,slithy,0.654353,0.492693,accepted,interaction
exp_003a,2,agent_00,frog_025,frog,slithy,0.625447,0.385257,accepted,interaction
exp_003a,2,agent_00,frog_026,frog,slithy,0.389992,0.300471,accepted,interaction
exp_003a,2,agent_00,frog_027,frog,slithy,0.624766,0.541674,accepted,interaction
exp_003a,2,agent_00,frog_028,frog,slithy,0.483961,0.297943,accepted,interaction
exp_003a,2,agent_00,frog_029,frog,slithy,0.542928,0.322377,accepted,interaction
exp_003a,2,agent_00,horse_015,horse,mimsy,0.621705,0.487415,accepted,interaction
exp_003a,2,agent_00,horse_016,horse,UNCERTAIN,0.293667,0.071746,accepted,interaction
exp_003a,2,agent_00,horse_017,horse,mimsy,0.740837,0.603876,accepted,interaction
exp_003a,2,agent_00,horse_018,horse,mimsy,0.697846,0.425068,accepted,interaction
exp_003a,2,agent_00,horse_019,horse,mimsy,0.621944,0.486428,accepted,interaction
exp_003a,2,agent_00,horse_020,horse,mimsy,0.602818,0.514245,accepted,interaction
exp_003a,2,agent_00,horse_021,horse,mimsy,0.676328,0.493183,accepted,interaction
exp_003a,2,agent_00,horse_022,horse,mimsy,0.723282,0.519156,accepted,interaction
exp_003a,2,agent_00,horse_023,horse,mimsy,0.740846,0.579395,accepted,interaction
exp_003a,2,agent_00,horse_024,horse,mimsy,0.657013,0.480851,accepted,interaction
exp_003a,2,agent_00,horse_025,horse,mimsy,0.69327,0.389863,accepted,interaction
exp_003a,2,agent_00,horse_026,horse,mimsy,0.680945,0.441572,accepted,interaction
exp_003a,2,agent_00,horse_027,horse,mimsy,0.563691,0.224712,accepted,interaction
exp_003a,2,agent_00,horse_028,horse,mimsy,0.676259,0.508652,accepted,interaction
exp_003a,2,agent_00,horse_029,horse,mimsy,0.599836,0.414696,accepted,interaction
exp_003a,2,agent_00,ship_015,ship,vorpal,0.741744,0.522001,accepted,interaction
exp_003a,2,agent_00,ship_016,ship,vorpal,0.550815,0.407518,accepted,interaction
exp_003a,2,agent_00,ship_017,ship,vorpal,0.640941,0.305916,accepted,interaction
exp_003a,2,agent_00,ship_018,ship,vorpal,0.774593,0.550978,accepted,interaction
exp_003a,2,agent_00,ship_019,ship,vorpal,0.514184,0.256349,accepted,interaction
exp_003a,2,agent_00,ship_020,ship,vorpal,0.772519,0.543475,accepted,interaction
exp_003a,2,agent_00,ship_021,ship,vorpal,0.60107,0.324165,accepted,interaction
exp_003a,2,agent_00,ship_022,ship,vorpal,0.648566,0.474705,accepted,interaction
exp_003a,2,agent_00,ship_023,ship,vorpal,0.543604,0.412601,accepted,interaction
exp_003a,2,agent_00,ship_024,ship,UNCERTAIN,0.287286,0.145937,accepted,interaction
exp_003a,2,agent_00,ship_025,ship,vorpal,0.641692,0.420385,accepted,interaction
exp_003a,2,agent_00,ship_026,ship,vorpal,0.513935,0.356734,accepted,interaction
exp_003a,2,agent_00,ship_027,ship,vorpal,0.688496,0.524227,accepted,interaction
exp_003a,2,agent_00,ship_028,ship,vorpal,0.511146,0.372318,accepted,interaction
exp_003a,2,agent_00,ship_029,ship,vorpal,0.516378,0.260404,accepted,interaction
exp_003a,2,agent_01,frog_015,frog,slithy,0.47414,0.316761,accepted,interaction
exp_003a,2,agent_01,frog_016,frog,slithy,0.602333,0.387025,accepted,interaction
exp_003a,2,agent_01,frog_017,frog,slithy,0.72034,0.553324,accepted,interaction
exp_003a,2,agent_01,frog_018,frog,slithy,0.529587,0.366887,accepted,interaction
exp_003a,2,agent_01,frog_019,frog,slithy,0.378405,0.177169,accepted,interaction
exp_003a,2,agent_01,frog_020,frog,slithy,0.574334,0.355895,accepted,interaction
exp_003a,2,agent_01,frog_021,frog,slithy,0.625378,0.456332,accepted,interaction
exp_003a,2,agent_01,frog_022,frog,slithy,0.549551,0.312502,accepted,interaction
exp_003a,2,agent_01,frog_023,frog,slithy,0.551015,0.395352,accepted,interaction
exp_003a,2,agent_01,frog_024,frog,slithy,0.64099,0.488358,accepted,interaction
exp_003a,2,agent_01,frog_025,frog,slithy,0.605028,0.365605,accepted,interaction
exp_003a,2,agent_01,frog_026,frog,slithy,0.411491,0.316639,accepted,interaction
exp_003a,2,agent_01,frog_027,frog,slithy,0.634058,0.541276,accepted,interaction
exp_003a,2,agent_01,frog_028,frog,slithy,0.489104,0.320141,accepted,interaction
exp_003a,2,agent_01,frog_029,frog,slithy,0.556008,0.35466,accepted,interaction
exp_003a,2,agent_01,horse_015,horse,mimsy,0.606648,0.472995,accepted,interaction
exp_003a,2,agent_01,horse_016,horse,UNCERTAIN,0.261037,0.069477,accepted,interaction
exp_003a,2,agent_01,horse_017,horse,mimsy,0.745591,0.609722,accepted,interaction
exp_003a,2,agent_01,horse_018,horse,mimsy,0.664315,0.401407,accepted,interaction
exp_003a,2,agent_01,horse_019,horse,mimsy,0.638939,0.513223,accepted,interaction
exp_003a,2,agent_01,horse_020,horse,mimsy,0.616166,0.530305,accepted,interaction
exp_003a,2,agent_01,horse_021,horse,mimsy,0.68388,0.51607,accepted,interaction
exp_003a,2,agent_01,horse_022,horse,mimsy,0.735784,0.545239,accepted,interaction
exp_003a,2,agent_01,horse_023,horse,mimsy,0.732858,0.574589,accepted,interaction
exp_003a,2,agent_01,horse_024,horse,mimsy,0.62132,0.448251,accepted,interaction
exp_003a,2,agent_01,horse_025,horse,mimsy,0.684679,0.40266,accepted,interaction
exp_003a,2,agent_01,horse_026,horse,mimsy,0.704299,0.469317,accepted,interaction
exp_003a,2,agent_01,horse_027,horse,mimsy,0.566282,0.242962,accepted,interaction
exp_003a,2,agent_01,horse_028,horse,mimsy,0.684659,0.537976,accepted,interaction
exp_003a,2,agent_01,horse_029,horse,mimsy,0.591816,0.416513,accepted,interaction
exp_003a,2,agent_01,ship_015,ship,vorpal,0.713696,0.494506,accepted,interaction
exp_003a,2,agent_01,ship_016,ship,vorpal,0.5491,0.403671,accepted,interaction
exp_003a,2,agent_01,ship_017,ship,vorpal,0.631769,0.290614,accepted,interaction
exp_003a,2,agent_01,ship_018,ship,vorpal,0.765028,0.544163,accepted,interaction
exp_003a,2,agent_01,ship_019,ship,vorpal,0.529193,0.287025,accepted,interaction
exp_003a,2,agent_01,ship_020,ship,vorpal,0.755055,0.520144,accepted,interaction
exp_003a,2,agent_01,ship_021,ship,vorpal,0.595852,0.345416,accepted,interaction
exp_003a,2,agent_01,ship_022,ship,vorpal,0.640818,0.478389,accepted,interaction
exp_003a,2,agent_01,ship_023,ship,vorpal,0.53561,0.40332,accepted,interaction
exp_003a,2,agent_01,ship_024,ship,UNCERTAIN,0.288782,0.12662,accepted,interaction
exp_003a,2,agent_01,ship_025,ship,vorpal,0.656077,0.436536,accepted,interaction
exp_003a,2,agent_01,ship_026,ship,vorpal,0.527792,0.389546,accepted,interaction
exp_003a,2,agent_01,ship_027,ship,vorpal,0.708158,0.54849,accepted,interaction
exp_003a,2,agent_01,ship_028,ship,vorpal,0.516453,0.374786,accepted,interaction
exp_003a,2,agent_01,ship_029,ship,vorpal,0.53204,0.290657,accepted,interaction
exp_003a,2,agent_02,frog_015,frog,slithy,0.435522,0.281206,accepted,interaction
exp_003a,2,agent_02,frog_016,frog,slithy,0.639339,0.428115,accepted,interaction
exp_003a,2,agent_02,frog_017,frog,slithy,0.712083,0.54791,accepted,interaction
exp_003a,2,agent_02,frog_018,frog,slithy,0.475375,0.30081,accepted,interaction
exp_003a,2,agent_02,frog_019,frog,slithy,0.47065,0.27592,accepted,interaction
exp_003a,2,agent_02,frog_020,frog,slithy,0.628318,0.405648,accepted,interaction
exp_003a,2,agent_02,frog_021,frog,slithy,0.615034,0.447237,accepted,interaction
exp_003a,2,agent_02,frog_022,frog,slithy,0.528694,0.292626,accepted,interaction
exp_003a,2,agent_02,frog_023,frog,slithy,0.576402,0.420777,accepted,interaction
exp_003a,2,agent_02,frog_024,frog,slithy,0.64233,0.482339,accepted,interaction
exp_003a,2,agent_02,frog_025,frog,slithy,0.637581,0.40026,accepted,interaction
exp_003a,2,agent_02,frog_026,frog,UNCERTAIN,0.282862,0.194786,rejected,interaction
exp_003a,2,agent_02,frog_027,frog,slithy,0.636901,0.55201,accepted,interaction
exp_003a,2,agent_02,frog_028,frog,slithy,0.519987,0.339004,accepted,interaction
exp_003a,2,agent_02,frog_029,frog,slithy,0.545205,0.337543,accepted,interaction
exp_003a,2,agent_02,horse_015,horse,mimsy,0.682687,0.531753,accepted,interaction
exp_003a,2,agent_02,horse_016,horse,UNCERTAIN,0.216413,0.054773,accepted,interaction
exp_003a,2,agent_02,horse_017,horse,mimsy,0.727927,0.580908,accepted,interaction
exp_003a,2,agent_02,horse_018,horse,mimsy,0.704715,0.430166,accepted,interaction
exp_003a,2,agent_02,horse_019,horse,mimsy,0.632098,0.490681,accepted,interaction
exp_003a,2,agent_02,horse_020,horse,mimsy,0.642699,0.544671,accepted,interaction
exp_003a,2,agent_02,horse_021,horse,mimsy,0.690679,0.499681,accepted,interaction
exp_003a,2,agent_02,horse_022,horse,mimsy,0.70881,0.51616,accepted,interaction
exp_003a,2,agent_02,horse_023,horse,mimsy,0.70893,0.540549,accepted,interaction
exp_003a,2,agent_02,horse_024,horse,mimsy,0.619481,0.434983,accepted,interaction
exp_003a,2,agent_02,horse_025,horse,mimsy,0.690085,0.382989,accepted,interaction
exp_003a,2,agent_02,horse_026,horse,mimsy,0.673572,0.428367,accepted,interaction
exp_003a,2,agent_02,horse_027,horse,mimsy,0.55539,0.229822,accepted,interaction
exp_003a,2,agent_02,horse_028,horse,mimsy,0.639589,0.4728,accepted,interaction
exp_003a,2,agent_02,horse_029,horse,mimsy,0.590739,0.408734,accepted,interaction
exp_003a,2,agent_02,ship_015,ship,vorpal,0.728389,0.493619,accepted,interaction
exp_003a,2,agent_02,ship_016,ship,vorpal,0.556175,0.411568,accepted,interaction
exp_003a,2,agent_02,ship_017,ship,vorpal,0.613254,0.273835,accepted,interaction
exp_003a,2,agent_02,ship_018,ship,vorpal,0.767491,0.542163,accepted,interaction
exp_003a,2,agent_02,ship_019,ship,vorpal,0.520789,0.278095,accepted,interaction
exp_003a,2,agent_02,ship_020,ship,vorpal,0.756008,0.519994,accepted,interaction
exp_003a,2,agent_02,ship_021,ship,vorpal,0.611003,0.3529,accepted,interaction
exp_003a,2,agent_02,ship_022,ship,vorpal,0.630726,0.443103,accepted,interaction
exp_003a,2,agent_02,ship_023,ship,vorpal,0.548903,0.403486,accepted,interaction
exp_003a,2,agent_02,ship_024,ship,UNCERTAIN,0.284368,0.12514,accepted,interaction
exp_003a,2,agent_02,ship_025,ship,vorpal,0.65789,0.425166,accepted,interaction
exp_003a,2,agent_02,ship_026,ship,vorpal,0.522693,0.373523,accepted,interaction
exp_003a,2,agent_02,ship_027,ship,vorpal,0.709675,0.546402,accepted,interaction
exp_003a,2,agent_02,ship_028,ship,vorpal,0.503604,0.364835,accepted,interaction
exp_003a,2,agent_02,ship_029,ship,vorpal,0.5232,0.260977,accepted,interaction
exp_003a,2,agent_00,frog_030,frog,slithy,0.45106,0.285208,accepted,held_out
exp_003a,2,agent_00,frog_031,frog,slithy,0.53994,0.364107,accepted,held_out
exp_003a,2,agent_00,frog_032,frog,slithy,0.392734,0.226232,accepted,held_out
exp_003a,2,agent_00,frog_033,frog,slithy,0.551275,0.351033,accepted,held_out
exp_003a,2,agent_00,frog_034,frog,slithy,0.585687,0.395588,accepted,held_out
exp_003a,2,agent_00,frog_035,frog,slithy,0.606474,0.415679,accepted,held_out
exp_003a,2,agent_00,frog_036,frog,slithy,0.439952,0.237343,accepted,held_out
exp_003a,2,agent_00,frog_037,frog,slithy,0.497962,0.351172,accepted,held_out
exp_003a,2,agent_00,frog_038,frog,slithy,0.530236,0.292558,accepted,held_out
exp_003a,2,agent_00,frog_039,frog,slithy,0.416892,0.210268,accepted,held_out
exp_003a,2,agent_00,frog_040,frog,slithy,0.503419,0.357437,accepted,held_out
exp_003a,2,agent_00,frog_041,frog,slithy,0.509322,0.338287,accepted,held_out
exp_003a,2,agent_00,frog_042,frog,slithy,0.597952,0.392031,accepted,held_out
exp_003a,2,agent_00,frog_043,frog,slithy,0.627243,0.344001,accepted,held_out
exp_003a,2,agent_00,frog_044,frog,slithy,0.600125,0.402976,accepted,held_out
exp_003a,2,agent_00,frog_045,frog,slithy,0.611795,0.397135,accepted,held_out
exp_003a,2,agent_00,frog_046,frog,slithy,0.552756,0.37943,accepted,held_out
exp_003a,2,agent_00,frog_047,frog,slithy,0.509038,0.309166,accepted,held_out
exp_003a,2,agent_00,frog_048,frog,slithy,0.636221,0.507415,accepted,held_out
exp_003a,2,agent_00,frog_049,frog,slithy,0.400037,0.123655,accepted,held_out
exp_003a,2,agent_00,horse_030,horse,mimsy,0.662982,0.527829,accepted,held_out
exp_003a,2,agent_00,horse_031,horse,mimsy,0.514977,0.354401,accepted,held_out
exp_003a,2,agent_00,horse_032,horse,mimsy,0.644852,0.467517,accepted,held_out
exp_003a,2,agent_00,horse_033,horse,mimsy,0.695364,0.52956,accepted,held_out
exp_003a,2,agent_00,horse_034,horse,mimsy,0.71825,0.623432,accepted,held_out
exp_003a,2,agent_00,horse_035,horse,mimsy,0.60302,0.364207,accepted,held_out
exp_003a,2,agent_00,horse_036,horse,mimsy,0.581913,0.449114,accepted,held_out
exp_003a,2,agent_00,horse_037,horse,mimsy,0.682465,0.50121,accepted,held_out
exp_003a,2,agent_00,horse_038,horse,mimsy,0.643348,0.448212,accepted,held_out
exp_003a,2,agent_00,horse_039,horse,mimsy,0.688148,0.493633,accepted,held_out
exp_003a,2,agent_00,horse_040,horse,mimsy,0.710255,0.506881,accepted,held_out
exp_003a,2,agent_00,horse_041,horse,mimsy,0.557329,0.413627,accepted,held_out
exp_003a,2,agent_00,horse_042,horse,mimsy,0.718013,0.544358,accepted,held_out
exp_003a,2,agent_00,horse_043,horse,mimsy,0.583005,0.371668,accepted,held_out
exp_003a,2,agent_00,horse_044,horse,mimsy,0.714015,0.502794,accepted,held_out
exp_003a,2,agent_00,horse_045,horse,mimsy,0.752513,0.587539,accepted,held_out
exp_003a,2,agent_00,horse_046,horse,mimsy,0.661745,0.47537,accepted,held_out
exp_003a,2,agent_00,horse_047,horse,mimsy,0.754462,0.576025,accepted,held_out
exp_003a,2,agent_00,horse_048,horse,mimsy,0.729779,0.56219,accepted,held_out
exp_003a,2,agent_00,horse_049,horse,mimsy,0.648235,0.498798,accepted,held_out
exp_003a,2,agent_00,ship_030,ship,vorpal,0.646675,0.430236,accepted,held_out
exp_003a,2,agent_00,ship_031,ship,vorpal,0.624993,0.409758,accepted,held_out
exp_003a,2,agent_00,ship_032,ship,vorpal,0.622638,0.426768,accepted,held_out
exp_003a,2,agent_00,ship_033,ship,vorpal,0.457019,0.367803,accepted,held_out
exp_003a,2,agent_00,ship_034,ship,vorpal,0.503332,0.328219,accepted,held_out
exp_003a,2,agent_00,ship_035,ship,vorpal,0.599862,0.42856,accepted,held_out
exp_003a,2,agent_00,ship_036,ship,vorpal,0.605569,0.394676,accepted,held_out
exp_003a,2,agent_00,ship_037,ship,vorpal,0.48122,0.23884,accepted,held_out
exp_003a,2,agent_00,ship_038,ship,vorpal,0.340205,0.210966,accepted,held_out
exp_003a,2,agent_00,ship_039,ship,vorpal,0.625569,0.417717,accepted,held_out
exp_003a,2,agent_00,ship_040,ship,vorpal,0.645502,0.458816,accepted,held_out
exp_003a,2,agent_00,ship_041,ship,vorpal,0.686205,0.487275,accepted,held_out
exp_003a,2,agent_00,ship_042,ship,vorpal,0.629739,0.427702,accepted,held_out
exp_003a,2,agent_00,ship_043,ship,vorpal,0.522176,0.361093,accepted,held_out
exp_003a,2,agent_00,ship_044,ship,vorpal,0.619112,0.342739,accepted,held_out
exp_003a,2,agent_00,ship_045,ship,vorpal,0.654323,0.434576,accepted,held_out
exp_003a,2,agent_00,ship_046,ship,vorpal,0.719702,0.479305,accepted,held_out
exp_003a,2,agent_00,ship_047,ship,vorpal,0.647166,0.432455,accepted,held_out
exp_003a,2,agent_00,ship_048,ship,vorpal,0.614905,0.466321,accepted,held_out
exp_003a,2,agent_00,ship_049,ship,vorpal,0.571234,0.355793,accepted,held_out
exp_003a,2,agent_01,frog_030,frog,slithy,0.437004,0.279138,accepted,held_out
exp_003a,2,agent_01,frog_031,frog,slithy,0.533203,0.353644,accepted,held_out
exp_003a,2,agent_01,frog_032,frog,slithy,0.398467,0.234984,accepted,held_out
exp_003a,2,agent_01,frog_033,frog,slithy,0.560702,0.365299,accepted,held_out
exp_003a,2,agent_01,frog_034,frog,slithy,0.61105,0.420701,accepted,held_out
exp_003a,2,agent_01,frog_035,frog,slithy,0.601942,0.408006,accepted,held_out
exp_003a,2,agent_01,frog_036,frog,slithy,0.421122,0.218144,accepted,held_out
exp_003a,2,agent_01,frog_037,frog,slithy,0.523797,0.370398,accepted,held_out
exp_003a,2,agent_01,frog_038,frog,slithy,0.544587,0.29858,accepted,held_out
exp_003a,2,agent_01,frog_039,frog,slithy,0.410451,0.213421,accepted,held_out
exp_003a,2,agent_01,frog_040,frog,slithy,0.508102,0.353908,accepted,held_out
exp_003a,2,agent_01,frog_041,frog,slithy,0.528556,0.349271,accepted,held_out
exp_003a,2,agent_01,frog_042,frog,slithy,0.596112,0.396684,accepted,held_out
exp_003a,2,agent_01,frog_043,frog,slithy,0.605698,0.324805,accepted,held_out
exp_003a,2,agent_01,frog_044,frog,slithy,0.601807,0.4103,accepted,held_out
exp_003a,2,agent_01,frog_045,frog,slithy,0.59137,0.374896,accepted,held_out
exp_003a,2,agent_01,frog_046,frog,slithy,0.558234,0.392391,accepted,held_out
exp_003a,2,agent_01,frog_047,frog,slithy,0.531588,0.324458,accepted,held_out
exp_003a,2,agent_01,frog_048,frog,slithy,0.632976,0.505299,accepted,held_out
exp_003a,2,agent_01,frog_049,frog,slithy,0.412552,0.152165,accepted,held_out
exp_003a,2,agent_01,horse_030,horse,mimsy,0.662741,0.528966,accepted,held_out
exp_003a,2,agent_01,horse_031,horse,mimsy,0.51625,0.365456,accepted,held_out
exp_003a,2,agent_01,horse_032,horse,mimsy,0.663237,0.483454,accepted,held_out
exp_003a,2,agent_01,horse_033,horse,mimsy,0.703128,0.537435,accepted,held_out
exp_003a,2,agent_01,horse_034,horse,mimsy,0.728704,0.639135,accepted,held_out
exp_003a,2,agent_01,horse_035,horse,mimsy,0.602918,0.370306,accepted,held_out
exp_003a,2,agent_01,horse_036,horse,mimsy,0.593594,0.469263,accepted,held_out
exp_003a,2,agent_01,horse_037,horse,mimsy,0.662073,0.481122,accepted,held_out
exp_003a,2,agent_01,horse_038,horse,mimsy,0.650417,0.452004,accepted,held_out
exp_003a,2,agent_01,horse_039,horse,mimsy,0.683293,0.501949,accepted,held_out
exp_003a,2,agent_01,horse_040,horse,mimsy,0.705183,0.509665,accepted,held_out
exp_003a,2,agent_01,horse_041,horse,mimsy,0.553418,0.412911,accepted,held_out
exp_003a,2,agent_01,horse_042,horse,mimsy,0.713154,0.537021,accepted,held_out
exp_003a,2,agent_01,horse_043,horse,mimsy,0.568925,0.362422,accepted,held_out
exp_003a,2,agent_01,horse_044,horse,mimsy,0.725916,0.522736,accepted,held_out
exp_003a,2,agent_01,horse_045,horse,mimsy,0.75846,0.595403,accepted,held_out
exp_003a,2,agent_01,horse_046,horse,mimsy,0.636307,0.457854,accepted,held_out
exp_003a,2,agent_01,horse_047,horse,mimsy,0.746594,0.57965,accepted,held_out
exp_003a,2,agent_01,horse_048,horse,mimsy,0.731872,0.561375,accepted,held_out
exp_003a,2,agent_01,horse_049,horse,mimsy,0.662946,0.518764,accepted,held_out
exp_003a,2,agent_01,ship_030,ship,vorpal,0.651235,0.439893,accepted,held_out
exp_003a,2,agent_01,ship_031,ship,vorpal,0.617115,0.404665,accepted,held_out
exp_003a,2,agent_01,ship_032,ship,vorpal,0.626116,0.430549,accepted,held_out
exp_003a,2,agent_01,ship_033,ship,vorpal,0.466992,0.380155,accepted,held_out
exp_003a,2,agent_01,ship_034,ship,vorpal,0.498424,0.311702,accepted,held_out
exp_003a,2,agent_01,ship_035,ship,vorpal,0.608168,0.441332,accepted,held_out
exp_003a,2,agent_01,ship_036,ship,vorpal,0.602586,0.400722,accepted,held_out
exp_003a,2,agent_01,ship_037,ship,vorpal,0.470835,0.231594,accepted,held_out
exp_003a,2,agent_01,ship_038,ship,vorpal,0.339486,0.210085,accepted,held_out
exp_003a,2,agent_01,ship_039,ship,vorpal,0.625577,0.41993,accepted,held_out
exp_003a,2,agent_01,ship_040,ship,vorpal,0.64784,0.456468,accepted,held_out
exp_003a,2,agent_01,ship_041,ship,vorpal,0.695554,0.501272,accepted,held_out
exp_003a,2,agent_01,ship_042,ship,vorpal,0.645926,0.444715,accepted,held_out
exp_003a,2,agent_01,ship_043,ship,vorpal,0.524857,0.370107,accepted,held_out
exp_003a,2,agent_01,ship_044,ship,vorpal,0.62852,0.350786,accepted,held_out
exp_003a,2,agent_01,ship_045,ship,vorpal,0.647831,0.430468,accepted,held_out
exp_003a,2,agent_01,ship_046,ship,vorpal,0.72348,0.491482,accepted,held_out
exp_003a,2,agent_01,ship_047,ship,vorpal,0.647603,0.422833,accepted,held_out
exp_003a,2,agent_01,ship_048,ship,vorpal,0.601021,0.449863,accepted,held_out
exp_003a,2,agent_01,ship_049,ship,vorpal,0.570039,0.357827,accepted,held_out
exp_003a,2,agent_02,frog_030,frog,slithy,0.442022,0.280156,accepted,held_out
exp_003a,2,agent_02,frog_031,frog,slithy,0.537633,0.359143,accepted,held_out
exp_003a,2,agent_02,frog_032,frog,slithy,0.381214,0.210695,accepted,held_out
exp_003a,2,agent_02,frog_033,frog,slithy,0.561411,0.363727,accepted,held_out
exp_003a,2,agent_02,frog_034,frog,slithy,0.630495,0.443063,accepted,held_out
exp_003a,2,agent_02,frog_035,frog,slithy,0.609,0.416611,accepted,held_out
exp_003a,2,agent_02,frog_036,frog,slithy,0.420544,0.218456,accepted,held_out
exp_003a,2,agent_02,frog_037,frog,slithy,0.519516,0.372648,accepted,held_out
exp_003a,2,agent_02,frog_038,frog,slithy,0.533695,0.306445,accepted,held_out
exp_003a,2,agent_02,frog_039,frog,slithy,0.397844,0.19701,accepted,held_out
exp_003a,2,agent_02,frog_040,frog,slithy,0.518324,0.37653,accepted,held_out
exp_003a,2,agent_02,frog_041,frog,slithy,0.493003,0.32729,accepted,held_out
exp_003a,2,agent_02,frog_042,frog,slithy,0.601352,0.399637,accepted,held_out
exp_003a,2,agent_02,frog_043,frog,slithy,0.621368,0.344279,accepted,held_out
exp_003a,2,agent_02,frog_044,frog,slithy,0.607966,0.408455,accepted,held_out
exp_003a,2,agent_02,frog_045,frog,slithy,0.61139,0.402475,accepted,held_out
exp_003a,2,agent_02,frog_046,frog,slithy,0.536011,0.36844,accepted,held_out
exp_003a,2,agent_02,frog_047,frog,slithy,0.519103,0.3134,accepted,held_out
exp_003a,2,agent_02,frog_048,frog,slithy,0.647147,0.515443,accepted,held_out
exp_003a,2,agent_02,frog_049,frog,slithy,0.410808,0.14552,accepted,held_out
exp_003a,2,agent_02,horse_030,horse,mimsy,0.655783,0.511319,accepted,held_out
exp_003a,2,agent_02,horse_031,horse,mimsy,0.512323,0.345996,accepted,held_out
exp_003a,2,agent_02,horse_032,horse,mimsy,0.663358,0.489405,accepted,held_out
exp_003a,2,agent_02,horse_033,horse,mimsy,0.682548,0.510432,accepted,held_out
exp_003a,2,agent_02,horse_034,horse,mimsy,0.714936,0.612212,accepted,held_out
exp_003a,2,agent_02,horse_035,horse,mimsy,0.591686,0.354248,accepted,held_out
exp_003a,2,agent_02,horse_036,horse,mimsy,0.588309,0.455817,accepted,held_out
exp_003a,2,agent_02,horse_037,horse,mimsy,0.696893,0.504755,accepted,held_out
exp_003a,2,agent_02,horse_038,horse,mimsy,0.684175,0.485227,accepted,held_out
exp_003a,2,agent_02,horse_039,horse,mimsy,0.6583,0.470102,accepted,held_out
exp_003a,2,agent_02,horse_040,horse,mimsy,0.695022,0.489115,accepted,held_out
exp_003a,2,agent_02,horse_041,horse,mimsy,0.558789,0.409485,accepted,held_out
exp_003a,2,agent_02,horse_042,horse,mimsy,0.703379,0.520051,accepted,held_out
exp_003a,2,agent_02,horse_043,horse,mimsy,0.611306,0.392712,accepted,held_out
exp_003a,2,agent_02,horse_044,horse,mimsy,0.708042,0.497001,accepted,held_out
exp_003a,2,agent_02,horse_045,horse,mimsy,0.748691,0.577684,accepted,held_out
exp_003a,2,agent_02,horse_046,horse,mimsy,0.630486,0.442466,accepted,held_out
exp_003a,2,agent_02,horse_047,horse,mimsy,0.741592,0.554393,accepted,held_out
exp_003a,2,agent_02,horse_048,horse,mimsy,0.721486,0.551048,accepted,held_out
exp_003a,2,agent_02,horse_049,horse,mimsy,0.652461,0.501277,accepted,held_out
exp_003a,2,agent_02,ship_030,ship,vorpal,0.658881,0.448808,accepted,held_out
exp_003a,2,agent_02,ship_031,ship,vorpal,0.618954,0.397741,accepted,held_out
exp_003a,2,agent_02,ship_032,ship,vorpal,0.628855,0.422756,accepted,held_out
exp_003a,2,agent_02,ship_033,ship,vorpal,0.457722,0.364027,accepted,held_out
exp_003a,2,agent_02,ship_034,ship,vorpal,0.499079,0.318022,accepted,held_out
exp_003a,2,agent_02,ship_035,ship,vorpal,0.605478,0.419354,accepted,held_out
exp_003a,2,agent_02,ship_036,ship,vorpal,0.609985,0.399046,accepted,held_out
exp_003a,2,agent_02,ship_037,ship,vorpal,0.458372,0.218681,accepted,held_out
exp_003a,2,agent_02,ship_038,ship,vorpal,0.341773,0.214576,accepted,held_out
exp_003a,2,agent_02,ship_039,ship,vorpal,0.615494,0.405161,accepted,held_out
exp_003a,2,agent_02,ship_040,ship,vorpal,0.632824,0.447896,accepted,held_out
exp_003a,2,agent_02,ship_041,ship,vorpal,0.691195,0.492796,accepted,held_out
exp_003a,2,agent_02,ship_042,ship,vorpal,0.633458,0.423517,accepted,held_out
exp_003a,2,agent_02,ship_043,ship,vorpal,0.529616,0.362918,accepted,held_out
exp_003a,2,agent_02,ship_044,ship,vorpal,0.623503,0.348686,accepted,held_out
exp_003a,2,agent_02,ship_045,ship,vorpal,0.653755,0.434468,accepted,held_out
exp_003a,2,agent_02,ship_046,ship,vorpal,0.727956,0.494021,accepted,held_out
exp_003a,2,agent_02,ship_047,ship,vorpal,0.636793,0.423354,accepted,held_out
exp_003a,2,agent_02,ship_048,ship,vorpal,0.611334,0.458407,accepted,held_out
exp_003a,2,agent_02,ship_049,ship,vorpal,0.580028,0.359104,accepted,held_out
exp_003a,3,agent_00,frog_015,frog,slithy,0.475661,0.311423,accepted,interaction
exp_003a,3,agent_00,frog_016,frog,slithy,0.608025,0.387019,accepted,interaction
exp_003a,3,agent_00,frog_017,frog,slithy,0.717243,0.547901,accepted,interaction
exp_003a,3,agent_00,frog_018,frog,slithy,0.518237,0.35297,accepted,interaction
exp_003a,3,agent_00,frog_019,frog,slithy,0.473312,0.274266,accepted,interaction
exp_003a,3,agent_00,frog_020,frog,slithy,0.614299,0.39397,accepted,interaction
exp_003a,3,agent_00,frog_021,frog,slithy,0.589913,0.412239,accepted,interaction
exp_003a,3,agent_00,frog_022,frog,slithy,0.571826,0.331398,accepted,interaction
exp_003a,3,agent_00,frog_023,frog,slithy,0.575572,0.419958,accepted,interaction
exp_003a,3,agent_00,frog_024,frog,slithy,0.661497,0.499212,accepted,interaction
exp_003a,3,agent_00,frog_025,frog,slithy,0.627642,0.387457,accepted,interaction
exp_003a,3,agent_00,frog_026,frog,slithy,0.392269,0.29964,accepted,interaction
exp_003a,3,agent_00,frog_027,frog,slithy,0.631307,0.542354,accepted,interaction
exp_003a,3,agent_00,frog_028,frog,slithy,0.492929,0.306652,accepted,interaction
exp_003a,3,agent_00,frog_029,frog,slithy,0.550913,0.332405,accepted,interaction
exp_003a,3,agent_00,horse_015,horse,mimsy,0.628394,0.491654,accepted,interaction
exp_003a,3,agent_00,horse_016,horse,UNCERTAIN,0.264881,0.065256,accepted,interaction
exp_003a,3,agent_00,horse_017,horse,mimsy,0.741441,0.601536,accepted,interaction
exp_003a,3,agent_00,horse_018,horse,mimsy,0.701974,0.430757,accepted,interaction
exp_003a,3,agent_00,horse_019,horse,mimsy,0.629367,0.492638,accepted,interaction
exp_003a,3,agent_00,horse_020,horse,mimsy,0.619244,0.533015,accepted,interaction
exp_003a,3,agent_00,horse_021,horse,mimsy,0.683045,0.504274,accepted,interaction
exp_003a,3,agent_00,horse_022,horse,mimsy,0.722664,0.521782,accepted,interaction
exp_003a,3,agent_00,horse_023,horse,mimsy,0.736223,0.572917,accepted,interaction
exp_003a,3,agent_00,horse_024,horse,mimsy,0.655071,0.482312,accepted,interaction
exp_003a,3,agent_00,horse_025,horse,mimsy,0.696754,0.398249,accepted,interaction
exp_003a,3,agent_00,horse_026,horse,mimsy,0.685336,0.449394,accepted,interaction
exp_003a,3,agent_00,horse_027,horse,mimsy,0.572614,0.240018,accepted,interaction
exp_003a,3,agent_00,horse_028,horse,mimsy,0.676625,0.510606,accepted,interaction
exp_003a,3,agent_00,horse_029,horse,mimsy,0.607323,0.422679,accepted,interaction
exp_003a,3,agent_00,ship_015,ship,vorpal,0.740683,0.520202,accepted,interaction
exp_003a,3,agent_00,ship_016,ship,vorpal,0.566796,0.423628,accepted,interaction
exp_003a,3,agent_00,ship_017,ship,vorpal,0.651543,0.31483,accepted,interaction
exp_003a,3,agent_00,ship_018,ship,vorpal,0.771861,0.547147,accepted,interaction
exp_003a,3,agent_00,ship_019,ship,vorpal,0.533467,0.279696,accepted,interaction
exp_003a,3,agent_00,ship_020,ship,vorpal,0.771115,0.535178,accepted,interaction
exp_003a,3,agent_00,ship_021,ship,vorpal,0.611427,0.339411,accepted,interaction
exp_003a,3,agent_00,ship_022,ship,vorpal,0.651741,0.48068,accepted,interaction
exp_003a,3,agent_00,ship_023,ship,vorpal,0.542656,0.410219,accepted,interaction
exp_003a,3,agent_00,ship_024,ship,UNCERTAIN,0.297415,0.150257,accepted,interaction
exp_003a,3,agent_00,ship_025,ship,vorpal,0.645197,0.419263,accepted,interaction
exp_003a,3,agent_00,ship_026,ship,vorpal,0.516714,0.364415,accepted,interaction
exp_003a,3,agent_00,ship_027,ship,vorpal,0.690638,0.524873,accepted,interaction
exp_003a,3,agent_00,ship_028,ship,vorpal,0.509807,0.371077,accepted,interaction
exp_003a,3,agent_00,ship_029,ship,vorpal,0.529997,0.275848,accepted,interaction
exp_003a,3,agent_01,frog_015,frog,slithy,0.477298,0.317792,accepted,interaction
exp_003a,3,agent_01,frog_016,frog,slithy,0.606897,0.39159,accepted,interaction
exp_003a,3,agent_01,frog_017,frog,slithy,0.717762,0.555765,accepted,interaction
exp_003a,3,agent_01,frog_018,frog,slithy,0.534321,0.36772,accepted,interaction
exp_003a,3,agent_01,frog_019,frog,slithy,0.427206,0.230132,accepted,interaction
exp_003a,3,agent_01,frog_020,frog,slithy,0.600698,0.382279,accepted,interaction
exp_003a,3,agent_01,frog_021,frog,slithy,0.609179,0.435376,accepted,interaction
exp_003a,3,agent_01,frog_022,frog,slithy,0.566696,0.331122,accepted,interaction
exp_003a,3,agent_01,frog_023,frog,slithy,0.571236,0.418082,accepted,interaction
exp_003a,3,agent_01,frog_024,frog,slithy,0.655378,0.498315,accepted,interaction
exp_003a,3,agent_01,frog_025,frog,slithy,0.61737,0.377608,accepted,interaction
exp_003a,3,agent_01,frog_026,frog,slithy,0.405044,0.311108,accepted,interaction
exp_003a,3,agent_01,frog_027,frog,slithy,0.637793,0.543229,accepted,interaction
exp_003a,3,agent_01,frog_028,frog,slithy,0.496926,0.320525,accepted,interaction
exp_003a,3,agent_01,frog_029,frog,slithy,0.559422,0.352025,accepted,interaction
exp_003a,3,agent_01,horse_015,horse,mimsy,0.620004,0.483628,accepted,interaction
exp_003a,3,agent_01,horse_016,horse,UNCERTAIN,0.243358,0.062926,accepted,interaction
exp_003a,3,agent_01,horse_017,horse,mimsy,0.744564,0.605287,accepted,interaction
exp_003a,3,agent_01,horse_018,horse,mimsy,0.682965,0.417442,accepted,interaction
exp_003a,3,agent_01,horse_019,horse,mimsy,0.639477,0.508424,accepted,interaction
exp_003a,3,agent_01,horse_020,horse,mimsy,0.627216,0.542425,accepted,interaction
exp_003a,3,agent_01,horse_021,horse,mimsy,0.687734,0.517362,accepted,interaction
exp_003a,3,agent_01,horse_022,horse,mimsy,0.730253,0.540649,accepted,interaction
exp_003a,3,agent_01,horse_023,horse,mimsy,0.732003,0.570533,accepted,interaction
exp_003a,3,agent_01,horse_024,horse,mimsy,0.634808,0.463816,accepted,interaction
exp_003a,3,agent_01,horse_025,horse,mimsy,0.692141,0.405231,accepted,interaction
exp_003a,3,agent_01,horse_026,horse,mimsy,0.699155,0.465363,accepted,interaction
exp_003a,3,agent_01,horse_027,horse,mimsy,0.574376,0.250155,accepted,interaction
exp_003a,3,agent_01,horse_028,horse,mimsy,0.68182,0.527917,accepted,interaction
exp_003a,3,agent_01,horse_029,horse,mimsy,0.602981,0.424025,accepted,interaction
exp_003a,3,agent_01,ship_015,ship,vorpal,0.724485,0.50391,accepted,interaction
exp_003a,3,agent_01,ship_016,ship,vorpal,0.565805,0.421201,accepted,interaction
exp_003a,3,agent_01,ship_017,ship,vorpal,0.64625,0.305475,accepted,interaction
exp_003a,3,agent_01,ship_018,ship,vorpal,0.766393,0.542795,accepted,interaction
exp_003a,3,agent_01,ship_019,ship,vorpal,0.542164,0.297294,accepted,interaction
exp_003a,3,agent_01,ship_020,ship,vorpal,0.76106,0.521229,accepted,interaction
exp_003a,3,agent_01,ship_021,ship,vorpal,0.608425,0.351535,accepted,interaction
exp_003a,3,agent_01,ship_022,ship,vorpal,0.647298,0.48274,accepted,interaction
exp_003a,3,agent_01,ship_023,ship,vorpal,0.538072,0.404828,accepted,interaction
exp_003a,3,agent_01,ship_024,ship,UNCERTAIN,0.29828,0.13905,accepted,interaction
exp_003a,3,agent_01,ship_025,ship,vorpal,0.65359,0.428116,accepted,interaction
exp_003a,3,agent_01,ship_026,ship,vorpal,0.524791,0.383341,accepted,interaction
exp_003a,3,agent_01,ship_027,ship,vorpal,0.702099,0.538577,accepted,interaction
exp_003a,3,agent_01,ship_028,ship,vorpal,0.512935,0.372496,accepted,interaction
exp_003a,3,agent_01,ship_029,ship,vorpal,0.539089,0.292717,accepted,interaction
exp_003a,3,agent_02,frog_015,frog,slithy,0.44613,0.288362,accepted,interaction
exp_003a,3,agent_02,frog_016,frog,slithy,0.635605,0.422592,accepted,interaction
exp_003a,3,agent_02,frog_017,frog,slithy,0.715356,0.550892,accepted,interaction
exp_003a,3,agent_02,frog_018,frog,slithy,0.48993,0.316416,accepted,interaction
exp_003a,3,agent_02,frog_019,frog,slithy,0.487066,0.293733,accepted,interaction
exp_003a,3,agent_02,frog_020,frog,slithy,0.635209,0.414304,accepted,interaction
exp_003a,3,agent_02,frog_021,frog,slithy,0.603986,0.430863,accepted,interaction
exp_003a,3,agent_02,frog_022,frog,slithy,0.552203,0.317157,accepted,interaction
exp_003a,3,agent_02,frog_023,frog,slithy,0.58947,0.436317,accepted,interaction
exp_003a,3,agent_02,frog_024,frog,slithy,0.657452,0.496088,accepted,interaction
exp_003a,3,agent_02,frog_025,frog,slithy,0.63621,0.39762,accepted,interaction
exp_003a,3,agent_02,frog_026,frog,UNCERTAIN,0.285376,0.193991,rejected,interaction
exp_003a,3,agent_02,frog_027,frog,slithy,0.637237,0.547221,accepted,interaction
exp_003a,3,agent_02,frog_028,frog,slithy,0.517385,0.333972,accepted,interaction
exp_003a,3,agent_02,frog_029,frog,slithy,0.556046,0.344941,accepted,interaction
exp_003a,3,agent_02,horse_015,horse,mimsy,0.663949,0.517533,accepted,interaction
exp_003a,3,agent_02,horse_016,horse,UNCERTAIN,0.217376,0.054611,accepted,interaction
exp_003a,3,agent_02,horse_017,horse,mimsy,0.734586,0.588832,accepted,interaction
exp_003a,3,agent_02,horse_018,horse,mimsy,0.706469,0.434149,accepted,interaction
exp_003a,3,agent_02,horse_019,horse,mimsy,0.635704,0.495521,accepted,interaction
exp_003a,3,agent_02,horse_020,horse,mimsy,0.64269,0.553144,accepted,interaction
exp_003a,3,agent_02,horse_021,horse,mimsy,0.691835,0.508262,accepted,interaction
exp_003a,3,agent_02,horse_022,horse,mimsy,0.714892,0.520599,accepted,interaction
exp_003a,3,agent_02,horse_023,horse,mimsy,0.718422,0.551058,accepted,interaction
exp_003a,3,agent_02,horse_024,horse,mimsy,0.633987,0.457053,accepted,interaction
exp_003a,3,agent_02,horse_025,horse,mimsy,0.695464,0.39413,accepted,interaction
exp_003a,3,agent_02,horse_026,horse,mimsy,0.681632,0.441881,accepted,interaction
exp_003a,3,agent_02,horse_027,horse,mimsy,0.568304,0.245158,accepted,interaction
exp_003a,3,agent_02,horse_028,horse,mimsy,0.656061,0.490467,accepted,interaction
exp_003a,3,agent_02,horse_029,horse,mimsy,0.602578,0.419697,accepted,interaction
exp_003a,3,agent_02,ship_015,ship,vorpal,0.733155,0.500471,accepted,interaction
exp_003a,3,agent_02,ship_016,ship,vorpal,0.570047,0.426648,accepted,interaction
exp_003a,3,agent_02,ship_017,ship,vorpal,0.635681,0.29497,accepted,interaction
exp_003a,3,agent_02,ship_018,ship,vorpal,0.767965,0.540051,accepted,interaction
exp_003a,3,agent_02,ship_019,ship,vorpal,0.537427,0.29218,accepted,interaction
exp_003a,3,agent_02,ship_020,ship,vorpal,0.761768,0.521436,accepted,interaction
exp_003a,3,agent_02,ship_021,ship,vorpal,0.617343,0.355943,accepted,interaction
exp_003a,3,agent_02,ship_022,ship,vorpal,0.641589,0.462494,accepted,interaction
exp_003a,3,agent_02,ship_023,ship,vorpal,0.545876,0.405049,accepted,interaction
exp_003a,3,agent_02,ship_024,ship,UNCERTAIN,0.295802,0.136252,accepted,interaction
exp_003a,3,agent_02,ship_025,ship,vorpal,0.654756,0.422524,accepted,interaction
exp_003a,3,agent_02,ship_026,ship,vorpal,0.521929,0.374145,accepted,interaction
exp_003a,3,agent_02,ship_027,ship,vorpal,0.703094,0.539494,accepted,interaction
exp_003a,3,agent_02,ship_028,ship,vorpal,0.505581,0.366781,accepted,interaction
exp_003a,3,agent_02,ship_029,ship,vorpal,0.534086,0.274837,accepted,interaction
exp_003a,3,agent_00,frog_030,frog,slithy,0.448943,0.283199,accepted,held_out
exp_003a,3,agent_00,frog_031,frog,slithy,0.53901,0.361003,accepted,held_out
exp_003a,3,agent_00,frog_032,frog,slithy,0.386304,0.21919,accepted,held_out
exp_003a,3,agent_00,frog_033,frog,slithy,0.551602,0.349782,accepted,held_out
exp_003a,3,agent_00,frog_034,frog,slithy,0.588443,0.397679,accepted,held_out
exp_003a,3,agent_00,frog_035,frog,slithy,0.601675,0.409059,accepted,held_out
exp_003a,3,agent_00,frog_036,frog,slithy,0.430978,0.228049,accepted,held_out
exp_003a,3,agent_00,frog_037,frog,slithy,0.498424,0.349239,accepted,held_out
exp_003a,3,agent_00,frog_038,frog,slithy,0.525718,0.288968,accepted,held_out
exp_003a,3,agent_00,frog_039,frog,slithy,0.415776,0.210428,accepted,held_out
exp_003a,3,agent_00,frog_040,frog,slithy,0.500321,0.354215,accepted,held_out
exp_003a,3,agent_00,frog_041,frog,slithy,0.507231,0.334383,accepted,held_out
exp_003a,3,agent_00,frog_042,frog,slithy,0.59333,0.387941,accepted,held_out
exp_003a,3,agent_00,frog_043,frog,slithy,0.622641,0.3421,accepted,held_out
exp_003a,3,agent_00,frog_044,frog,slithy,0.602373,0.403423,accepted,held_out
exp_003a,3,agent_00,frog_045,frog,slithy,0.608899,0.394735,accepted,held_out
exp_003a,3,agent_00,frog_046,frog,slithy,0.549481,0.377414,accepted,held_out
exp_003a,3,agent_00,frog_047,frog,slithy,0.507733,0.30675,accepted,held_out
exp_003a,3,agent_00,frog_048,frog,slithy,0.636317,0.506615,accepted,held_out
exp_003a,3,agent_00,frog_049,frog,slithy,0.402416,0.131291,accepted,held_out
exp_003a,3,agent_00,horse_030,horse,mimsy,0.661497,0.52812,accepted,held_out
exp_003a,3,agent_00,horse_031,horse,mimsy,0.516063,0.355469,accepted,held_out
exp_003a,3,agent_00,horse_032,horse,mimsy,0.647825,0.470855,accepted,held_out
exp_003a,3,agent_00,horse_033,horse,mimsy,0.693761,0.529108,accepted,held_out
exp_003a,3,agent_00,horse_034,horse,mimsy,0.716518,0.624004,accepted,held_out
exp_003a,3,agent_00,horse_035,horse,mimsy,0.600339,0.361884,accepted,held_out
exp_003a,3,agent_00,horse_036,horse,mimsy,0.584313,0.450484,accepted,held_out
exp_003a,3,agent_00,horse_037,horse,mimsy,0.680747,0.497542,accepted,held_out
exp_003a,3,agent_00,horse_038,horse,mimsy,0.64848,0.452127,accepted,held_out
exp_003a,3,agent_00,horse_039,horse,mimsy,0.683579,0.491082,accepted,held_out
exp_003a,3,agent_00,horse_040,horse,mimsy,0.707821,0.507209,accepted,held_out
exp_003a,3,agent_00,horse_041,horse,mimsy,0.557935,0.413995,accepted,held_out
exp_003a,3,agent_00,horse_042,horse,mimsy,0.715784,0.540395,accepted,held_out
exp_003a,3,agent_00,horse_043,horse,mimsy,0.584222,0.372478,accepted,held_out
exp_003a,3,agent_00,horse_044,horse,mimsy,0.713611,0.502457,accepted,held_out
exp_003a,3,agent_00,horse_045,horse,mimsy,0.750995,0.585322,accepted,held_out
exp_003a,3,agent_00,horse_046,horse,mimsy,0.656621,0.47129,accepted,held_out
exp_003a,3,agent_00,horse_047,horse,mimsy,0.75083,0.573894,accepted,held_out
exp_003a,3,agent_00,horse_048,horse,mimsy,0.727822,0.559706,accepted,held_out
exp_003a,3,agent_00,horse_049,horse,mimsy,0.651006,0.502594,accepted,held_out
exp_003a,3,agent_00,ship_030,ship,vorpal,0.644451,0.429932,accepted,held_out
exp_003a,3,agent_00,ship_031,ship,vorpal,0.622301,0.406117,accepted,held_out
exp_003a,3,agent_00,ship_032,ship,vorpal,0.619497,0.421562,accepted,held_out
exp_003a,3,agent_00,ship_033,ship,vorpal,0.453248,0.364505,accepted,held_out
exp_003a,3,agent_00,ship_034,ship,vorpal,0.503749,0.32705,accepted,held_out
exp_003a,3,agent_00,ship_035,ship,vorpal,0.598982,0.427671,accepted,held_out
exp_003a,3,agent_00,ship_036,ship,vorpal,0.603982,0.39506,accepted,held_out
exp_003a,3,agent_00,ship_037,ship,vorpal,0.482466,0.243303,accepted,held_out
exp_003a,3,agent_00,ship_038,ship,vorpal,0.338999,0.211814,accepted,held_out
exp_003a,3,agent_00,ship_039,ship,vorpal,0.626286,0.41977,accepted,held_out
exp_003a,3,agent_00,ship_040,ship,vorpal,0.644292,0.458271,accepted,held_out
exp_003a,3,agent_00,ship_041,ship,vorpal,0.68591,0.488047,accepted,held_out
exp_003a,3,agent_00,ship_042,ship,vorpal,0.626156,0.423711,accepted,held_out
exp_003a,3,agent_00,ship_043,ship,vorpal,0.521316,0.359804,accepted,held_out
exp_003a,3,agent_00,ship_044,ship,vorpal,0.619615,0.341388,accepted,held_out
exp_003a,3,agent_00,ship_045,ship,vorpal,0.653695,0.431846,accepted,held_out
exp_003a,3,agent_00,ship_046,ship,vorpal,0.71637,0.478404,accepted,held_out
exp_003a,3,agent_00,ship_047,ship,vorpal,0.64586,0.429577,accepted,held_out
exp_003a,3,agent_00,ship_048,ship,vorpal,0.611165,0.462128,accepted,held_out
exp_003a,3,agent_00,ship_049,ship,vorpal,0.567652,0.350937,accepted,held_out
exp_003a,3,agent_01,frog_030,frog,slithy,0.439355,0.279223,accepted,held_out
exp_003a,3,agent_01,frog_031,frog,slithy,0.534555,0.353926,accepted,held_out
exp_003a,3,agent_01,frog_032,frog,slithy,0.390299,0.22528,accepted,held_out
exp_003a,3,agent_01,frog_033,frog,slithy,0.558371,0.359952,accepted,held_out
exp_003a,3,agent_01,frog_034,frog,slithy,0.606315,0.415372,accepted,held_out
exp_003a,3,agent_01,frog_035,frog,slithy,0.598689,0.403862,accepted,held_out
exp_003a,3,agent_01,frog_036,frog,slithy,0.417928,0.214734,accepted,held_out
exp_003a,3,agent_01,frog_037,frog,slithy,0.516535,0.362703,accepted,held_out
exp_003a,3,agent_01,frog_038,frog,slithy,0.535781,0.293147,accepted,held_out
exp_003a,3,agent_01,frog_039,frog,slithy,0.411468,0.21286,accepted,held_out
exp_003a,3,agent_01,frog_040,frog,slithy,0.503709,0.351816,accepted,held_out
exp_003a,3,agent_01,frog_041,frog,slithy,0.520719,0.342067,accepted,held_out
exp_003a,3,agent_01,frog_042,frog,slithy,0.592208,0.391379,accepted,held_out
exp_003a,3,agent_01,frog_043,frog,slithy,0.607886,0.328984,accepted,held_out
exp_003a,3,agent_01,frog_044,frog,slithy,0.603844,0.408859,accepted,held_out
exp_003a,3,agent_01,frog_045,frog,slithy,0.594952,0.379505,accepted,held_out
exp_003a,3,agent_01,frog_046,frog,slithy,0.553438,0.386625,accepted,held_out
exp_003a,3,agent_01,frog_047,frog,slithy,0.523535,0.317444,accepted,held_out
exp_003a,3,agent_01,frog_048,frog,slithy,0.634343,0.505434,accepted,held_out
exp_003a,3,agent_01,frog_049,frog,slithy,0.411304,0.15141,accepted,held_out
exp_003a,3,agent_01,horse_030,horse,mimsy,0.661428,0.528988,accepted,held_out
exp_003a,3,agent_01,horse_031,horse,mimsy,0.517031,0.363141,accepted,held_out
exp_003a,3,agent_01,horse_032,horse,mimsy,0.660822,0.482125,accepted,held_out
exp_003a,3,agent_01,horse_033,horse,mimsy,0.699317,0.534696,accepted,held_out
exp_003a,3,agent_01,horse_034,horse,mimsy,0.723966,0.635097,accepted,held_out
exp_003a,3,agent_01,horse_035,horse,mimsy,0.60036,0.366106,accepted,held_out
exp_003a,3,agent_01,horse_036,horse,mimsy,0.592596,0.46472,accepted,held_out
exp_003a,3,agent_01,horse_037,horse,mimsy,0.666534,0.483542,accepted,held_out
exp_003a,3,agent_01,horse_038,horse,mimsy,0.653529,0.454868,accepted,held_out
exp_003a,3,agent_01,horse_039,horse,mimsy,0.680279,0.497036,accepted,held_out
exp_003a,3,agent_01,horse_040,horse,mimsy,0.704368,0.509172,accepted,held_out
exp_003a,3,agent_01,horse_041,horse,mimsy,0.55527,0.41353,accepted,held_out
exp_003a,3,agent_01,horse_042,horse,mimsy,0.712483,0.535349,accepted,held_out
exp_003a,3,agent_01,horse_043,horse,mimsy,0.574421,0.366071,accepted,held_out
exp_003a,3,agent_01,horse_044,horse,mimsy,0.722072,0.516567,accepted,held_out
exp_003a,3,agent_01,horse_045,horse,mimsy,0.755284,0.590955,accepted,held_out
exp_003a,3,agent_01,horse_046,horse,mimsy,0.638869,0.458966,accepted,held_out
exp_003a,3,agent_01,horse_047,horse,mimsy,0.745423,0.576403,accepted,held_out
exp_003a,3,agent_01,horse_048,horse,mimsy,0.729402,0.559237,accepted,held_out
exp_003a,3,agent_01,horse_049,horse,mimsy,0.661425,0.516703,accepted,held_out
exp_003a,3,agent_01,ship_030,ship,vorpal,0.647682,0.436705,accepted,held_out
exp_003a,3,agent_01,ship_031,ship,vorpal,0.616783,0.402416,accepted,held_out
exp_003a,3,agent_01,ship_032,ship,vorpal,0.621967,0.423933,accepted,held_out
exp_003a,3,agent_01,ship_033,ship,vorpal,0.460282,0.373197,accepted,held_out
exp_003a,3,agent_01,ship_034,ship,vorpal,0.500311,0.315465,accepted,held_out
exp_003a,3,agent_01,ship_035,ship,vorpal,0.604842,0.436551,accepted,held_out
exp_003a,3,agent_01,ship_036,ship,vorpal,0.601905,0.399288,accepted,held_out
exp_003a,3,agent_01,ship_037,ship,vorpal,0.475173,0.238152,accepted,held_out
exp_003a,3,agent_01,ship_038,ship,vorpal,0.338506,0.211184,accepted,held_out
exp_003a,3,agent_01,ship_039,ship,vorpal,0.626309,0.42126,accepted,held_out
exp_003a,3,agent_01,ship_040,ship,vorpal,0.645958,0.456628,accepted,held_out
exp_003a,3,agent_01,ship_041,ship,vorpal,0.692505,0.497875,accepted,held_out
exp_003a,3,agent_01,ship_042,ship,vorpal,0.637566,0.435672,accepted,held_out
exp_003a,3,agent_01,ship_043,ship,vorpal,0.523218,0.366013,accepted,held_out
exp_003a,3,agent_01,ship_044,ship,vorpal,0.626248,0.346921,accepted,held_out
exp_003a,3,agent_01,ship_045,ship,vorpal,0.649149,0.428811,accepted,held_out
exp_003a,3,agent_01,ship_046,ship,vorpal,0.719055,0.486945,accepted,held_out
exp_003a,3,agent_01,ship_047,ship,vorpal,0.646188,0.422814,accepted,held_out
exp_003a,3,agent_01,ship_048,ship,vorpal,0.601425,0.450533,accepted,held_out
exp_003a,3,agent_01,ship_049,ship,vorpal,0.566835,0.352358,accepted,held_out
exp_003a,3,agent_02,frog_030,frog,slithy,0.444552,0.281596,accepted,held_out
exp_003a,3,agent_02,frog_031,frog,slithy,0.536177,0.35629,accepted,held_out
exp_003a,3,agent_02,frog_032,frog,slithy,0.377943,0.207976,accepted,held_out
exp_003a,3,agent_02,frog_033,frog,slithy,0.556392,0.356355,accepted,held_out
exp_003a,3,agent_02,frog_034,frog,slithy,0.622918,0.434014,accepted,held_out
exp_003a,3,agent_02,frog_035,frog,slithy,0.605197,0.411446,accepted,held_out
exp_003a,3,agent_02,frog_036,frog,slithy,0.417767,0.215188,accepted,held_out
exp_003a,3,agent_02,frog_037,frog,slithy,0.513606,0.364355,accepted,held_out
exp_003a,3,agent_02,frog_038,frog,slithy,0.525602,0.296112,accepted,held_out
exp_003a,3,agent_02,frog_039,frog,slithy,0.399967,0.198672,accepted,held_out
exp_003a,3,agent_02,frog_040,frog,slithy,0.51311,0.369907,accepted,held_out
exp_003a,3,agent_02,frog_041,frog,slithy,0.489645,0.320524,accepted,held_out
exp_003a,3,agent_02,frog_042,frog,slithy,0.596283,0.393834,accepted,held_out
exp_003a,3,agent_02,frog_043,frog,slithy,0.620523,0.344283,accepted,held_out
exp_003a,3,agent_02,frog_044,frog,slithy,0.611699,0.411074,accepted,held_out
exp_003a,3,agent_02,frog_045,frog,slithy,0.607289,0.397146,accepted,held_out
exp_003a,3,agent_02,frog_046,frog,slithy,0.534689,0.366652,accepted,held_out
exp_003a,3,agent_02,frog_047,frog,slithy,0.512738,0.307641,accepted,held_out
exp_003a,3,agent_02,frog_048,frog,slithy,0.644501,0.512753,accepted,held_out
exp_003a,3,agent_02,frog_049,frog,slithy,0.412035,0.148684,accepted,held_out
exp_003a,3,agent_02,horse_030,horse,mimsy,0.656589,0.516471,accepted,held_out
exp_003a,3,agent_02,horse_031,horse,mimsy,0.514315,0.348566,accepted,held_out
exp_003a,3,agent_02,horse_032,horse,mimsy,0.660939,0.486332,accepted,held_out
exp_003a,3,agent_02,horse_033,horse,mimsy,0.684923,0.515707,accepted,held_out
exp_003a,3,agent_02,horse_034,horse,mimsy,0.714343,0.615572,accepted,held_out
exp_003a,3,agent_02,horse_035,horse,mimsy,0.592516,0.358843,accepted,held_out
exp_003a,3,agent_02,horse_036,horse,mimsy,0.588926,0.455302,accepted,held_out
exp_003a,3,agent_02,horse_037,horse,mimsy,0.690998,0.500131,accepted,held_out
exp_003a,3,agent_02,horse_038,horse,mimsy,0.677241,0.478194,accepted,held_out
exp_003a,3,agent_02,horse_039,horse,mimsy,0.662795,0.474722,accepted,held_out
exp_003a,3,agent_02,horse_040,horse,mimsy,0.697289,0.49544,accepted,held_out
exp_003a,3,agent_02,horse_041,horse,mimsy,0.559078,0.410887,accepted,held_out
exp_003a,3,agent_02,horse_042,horse,mimsy,0.705675,0.523474,accepted,held_out
exp_003a,3,agent_02,horse_043,horse,mimsy,0.604181,0.387321,accepted,held_out
exp_003a,3,agent_02,horse_044,horse,mimsy,0.709576,0.498531,accepted,held_out
exp_003a,3,agent_02,horse_045,horse,mimsy,0.748472,0.578545,accepted,held_out
exp_003a,3,agent_02,horse_046,horse,mimsy,0.634841,0.447953,accepted,held_out
exp_003a,3,agent_02,horse_047,horse,mimsy,0.74196,0.559916,accepted,held_out
exp_003a,3,agent_02,horse_048,horse,mimsy,0.72216,0.552028,accepted,held_out
exp_003a,3,agent_02,horse_049,horse,mimsy,0.654112,0.504461,accepted,held_out
exp_003a,3,agent_02,ship_030,ship,vorpal,0.653082,0.442983,accepted,held_out
exp_003a,3,agent_02,ship_031,ship,vorpal,0.618107,0.398714,accepted,held_out
exp_003a,3,agent_02,ship_032,ship,vorpal,0.623917,0.416445,accepted,held_out
exp_003a,3,agent_02,ship_033,ship,vorpal,0.453779,0.361881,accepted,held_out
exp_003a,3,agent_02,ship_034,ship,vorpal,0.5008,0.319185,accepted,held_out
exp_003a,3,agent_02,ship_035,ship,vorpal,0.602977,0.4184,accepted,held_out
exp_003a,3,agent_02,ship_036,ship,vorpal,0.607134,0.398531,accepted,held_out
exp_003a,3,agent_02,ship_037,ship,vorpal,0.466446,0.228935,accepted,held_out
exp_003a,3,agent_02,ship_038,ship,vorpal,0.340129,0.214352,accepted,held_out
exp_003a,3,agent_02,ship_039,ship,vorpal,0.619255,0.409302,accepted,held_out
exp_003a,3,agent_02,ship_040,ship,vorpal,0.635433,0.451458,accepted,held_out
exp_003a,3,agent_02,ship_041,ship,vorpal,0.689471,0.491942,accepted,held_out
exp_003a,3,agent_02,ship_042,ship,vorpal,0.628821,0.420793,accepted,held_out
exp_003a,3,agent_02,ship_043,ship,vorpal,0.526587,0.360167,accepted,held_out
exp_003a,3,agent_02,ship_044,ship,vorpal,0.62275,0.34329,accepted,held_out
exp_003a,3,agent_02,ship_045,ship,vorpal,0.653348,0.431984,accepted,held_out
exp_003a,3,agent_02,ship_046,ship,vorpal,0.722229,0.488748,accepted,held_out
exp_003a,3,agent_02,ship_047,ship,vorpal,0.638622,0.424803,accepted,held_out
exp_003a,3,agent_02,ship_048,ship,vorpal,0.608705,0.456604,accepted,held_out
exp_003a,3,agent_02,ship_049,ship,vorpal,0.573878,0.353273,accepted,held_out
exp_003a,4,agent_00,frog_015,frog,slithy,0.475964,0.31248,accepted,interaction
exp_003a,4,agent_00,frog_016,frog,slithy,0.607652,0.388634,accepted,interaction
exp_003a,4,agent_00,frog_017,frog,slithy,0.714336,0.546571,accepted,interaction
exp_003a,4,agent_00,frog_018,frog,slithy,0.523325,0.356293,accepted,interaction
exp_003a,4,agent_00,frog_019,frog,slithy,0.476674,0.280985,accepted,interaction
exp_003a,4,agent_00,frog_020,frog,slithy,0.618448,0.398987,accepted,interaction
exp_003a,4,agent_00,frog_021,frog,slithy,0.587808,0.409577,accepted,interaction
exp_003a,4,agent_00,frog_022,frog,slithy,0.575131,0.33707,accepted,interaction
exp_003a,4,agent_00,frog_023,frog,slithy,0.580269,0.426621,accepted,interaction
exp_003a,4,agent_00,frog_024,frog,slithy,0.663202,0.500872,accepted,interaction
exp_003a,4,agent_00,frog_025,frog,slithy,0.62743,0.387559,accepted,interaction
exp_003a,4,agent_00,frog_026,frog,slithy,0.392497,0.298724,accepted,interaction
exp_003a,4,agent_00,frog_027,frog,slithy,0.632824,0.541602,accepted,interaction
exp_003a,4,agent_00,frog_028,frog,slithy,0.495654,0.309512,accepted,interaction
exp_003a,4,agent_00,frog_029,frog,slithy,0.553145,0.33575,accepted,interaction
exp_003a,4,agent_00,horse_015,horse,mimsy,0.630484,0.492925,accepted,interaction
exp_003a,4,agent_00,horse_016,horse,UNCERTAIN,0.253986,0.062845,accepted,interaction
exp_003a,4,agent_00,horse_017,horse,mimsy,0.740965,0.600043,accepted,interaction
exp_003a,4,agent_00,horse_018,horse,mimsy,0.702959,0.432727,accepted,interaction
exp_003a,4,agent_00,horse_019,horse,mimsy,0.631752,0.494708,accepted,interaction
exp_003a,4,agent_00,horse_020,horse,mimsy,0.625275,0.54013,accepted,interaction
exp_003a,4,agent_00,horse_021,horse,mimsy,0.685093,0.508377,accepted,interaction
exp_003a,4,agent_00,horse_022,horse,mimsy,0.721712,0.52241,accepted,interaction
exp_003a,4,agent_00,horse_023,horse,mimsy,0.733641,0.569792,accepted,interaction
exp_003a,4,agent_00,horse_024,horse,mimsy,0.65365,0.482498,accepted,interaction
exp_003a,4,agent_00,horse_025,horse,mimsy,0.697484,0.401453,accepted,interaction
exp_003a,4,agent_00,horse_026,horse,mimsy,0.686443,0.452278,accepted,interaction
exp_003a,4,agent_00,horse_027,horse,mimsy,0.57566,0.246189,accepted,interaction
exp_003a,4,agent_00,horse_028,horse,mimsy,0.676116,0.510956,accepted,interaction
exp_003a,4,agent_00,horse_029,horse,mimsy,0.609756,0.425552,accepted,interaction
exp_003a,4,agent_00,ship_015,ship,vorpal,0.739291,0.518898,accepted,interaction
exp_003a,4,agent_00,ship_016,ship,vorpal,0.57256,0.429692,accepted,interaction
exp_003a,4,agent_00,ship_017,ship,vorpal,0.655009,0.318207,accepted,interaction
exp_003a,4,agent_00,ship_018,ship,vorpal,0.76975,0.544986,accepted,interaction
exp_003a,4,agent_00,ship_019,ship,vorpal,0.540617,0.288733,accepted,interaction
exp_003a,4,agent_00,ship_020,ship,vorpal,0.769544,0.531266,accepted,interaction
exp_003a,4,agent_00,ship_021,ship,vorpal,0.614846,0.345069,accepted,interaction
exp_003a,4,agent_00,ship_022,ship,vorpal,0.652188,0.482424,accepted,interaction
exp_003a,4,agent_00,ship_023,ship,vorpal,0.541567,0.40868,accepted,interaction
exp_003a,4,agent_00,ship_024,ship,vorpal,0.301149,0.151927,accepted,interaction
exp_003a,4,agent_00,ship_025,ship,vorpal,0.645786,0.418397,accepted,interaction
exp_003a,4,agent_00,ship_026,ship,vorpal,0.517175,0.367004,accepted,interaction
exp_003a,4,agent_00,ship_027,ship,vorpal,0.690613,0.524539,accepted,interaction
exp_003a,4,agent_00,ship_028,ship,vorpal,0.508601,0.370047,accepted,interaction
exp_003a,4,agent_00,ship_029,ship,vorpal,0.534848,0.281867,accepted,interaction
exp_003a,4,agent_01,frog_015,frog,slithy,0.477306,0.317144,accepted,interaction
exp_003a,4,agent_01,frog_016,frog,slithy,0.607121,0.392068,accepted,interaction
exp_003a,4,agent_01,frog_017,frog,slithy,0.714936,0.554565,accepted,interaction
exp_003a,4,agent_01,frog_018,frog,slithy,0.534795,0.366823,accepted,interaction
exp_003a,4,agent_01,frog_019,frog,slithy,0.445025,0.24991,accepted,interaction
exp_003a,4,agent_01,frog_020,frog,slithy,0.609383,0.39123,accepted,interaction
exp_003a,4,agent_01,frog_021,frog,slithy,0.601353,0.42584,accepted,interaction
exp_003a,4,agent_01,frog_022,frog,slithy,0.571895,0.337236,accepted,interaction
exp_003a,4,agent_01,frog_023,frog,slithy,0.577615,0.425689,accepted,interaction
exp_003a,4,agent_01,frog_024,frog,slithy,0.659283,0.500623,accepted,interaction
exp_003a,4,agent_01,frog_025,frog,slithy,0.620579,0.380998,accepted,interaction
exp_003a,4,agent_01,frog_026,frog,slithy,0.401515,0.308062,accepted,interaction
exp_003a,4,agent_01,frog_027,frog,slithy,0.637617,0.542451,accepted,interaction
exp_003a,4,agent_01,frog_028,frog,slithy,0.498691,0.31949,accepted,interaction
exp_003a,4,agent_01,frog_029,frog,slithy,0.55932,0.349732,accepted,interaction
exp_003a,4,agent_01,horse_015,horse,mimsy,0.624683,0.487378,accepted,interaction
exp_003a,4,agent_01,horse_016,horse,UNCERTAIN,0.238165,0.060952,accepted,interaction
exp_003a,4,agent_01,horse_017,horse,mimsy,0.743267,0.602785,accepted,interaction
exp_003a,4,agent_01,horse_018,horse,mimsy,0.689715,0.423479,accepted,interaction
exp_003a,4,agent_01,horse_019,horse,mimsy,0.638939,0.505883,accepted,interaction
exp_003a,4,agent_01,horse_020,horse,mimsy,0.630953,0.546791,accepted,interaction
exp_003a,4,agent_01,horse_021,horse,mimsy,0.688482,0.517552,accepted,interaction
exp_003a,4,agent_01,horse_022,horse,mimsy,0.727147,0.535769,accepted,interaction
exp_003a,4,agent_01,horse_023,horse,mimsy,0.730791,0.56823,accepted,interaction
exp_003a,4,agent_01,horse_024,horse,mimsy,0.639523,0.469607,accepted,interaction
exp_003a,4,agent_01,horse_025,horse,mimsy,0.694347,0.406272,accepted,interaction
exp_003a,4,agent_01,horse_026,horse,mimsy,0.696244,0.463507,accepted,interaction
exp_003a,4,agent_01,horse_027,horse,mimsy,0.576977,0.253232,accepted,interaction
exp_003a,4,agent_01,horse_028,horse,mimsy,0.679863,0.523219,accepted,interaction
exp_003a,4,agent_01,horse_029,horse,mimsy,0.606793,0.426584,accepted,interaction
exp_003a,4,agent_01,ship_015,ship,vorpal,0.727924,0.507373,accepted,interaction
exp_003a,4,agent_01,ship_016,ship,vorpal,0.571868,0.427951,accepted,interaction
exp_003a,4,agent_01,ship_017,ship,vorpal,0.651299,0.311539,accepted,interaction
exp_003a,4,agent_01,ship_018,ship,vorpal,0.765931,0.541843,accepted,interaction
exp_003a,4,agent_01,ship_019,ship,vorpal,0.546734,0.30106,accepted,interaction
exp_003a,4,agent_01,ship_020,ship,vorpal,0.762498,0.521371,accepted,interaction
exp_003a,4,agent_01,ship_021,ship,vorpal,0.612746,0.353544,accepted,interaction
exp_003a,4,agent_01,ship_022,ship,vorpal,0.649081,0.483855,accepted,interaction
exp_003a,4,agent_01,ship_023,ship,vorpal,0.538361,0.404889,accepted,interaction
exp_003a,4,agent_01,ship_024,ship,vorpal,0.301758,0.144069,accepted,interaction
exp_003a,4,agent_01,ship_025,ship,vorpal,0.651706,0.424508,accepted,interaction
exp_003a,4,agent_01,ship_026,ship,vorpal,0.52287,0.380289,accepted,interaction
exp_003a,4,agent_01,ship_027,ship,vorpal,0.698694,0.534096,accepted,interaction
exp_003a,4,agent_01,ship_028,ship,vorpal,0.510819,0.371043,accepted,interaction
exp_003a,4,agent_01,ship_029,ship,vorpal,0.541248,0.293571,accepted,interaction
exp_003a,4,agent_02,frog_015,frog,slithy,0.449637,0.290688,accepted,interaction
exp_003a,4,agent_02,frog_016,frog,slithy,0.632944,0.419487,accepted,interaction
exp_003a,4,agent_02,frog_017,frog,slithy,0.715399,0.551048,accepted,interaction
exp_003a,4,agent_02,frog_018,frog,slithy,0.494963,0.322122,accepted,interaction
exp_003a,4,agent_02,frog_019,frog,slithy,0.492861,0.300369,accepted,interaction
exp_003a,4,agent_02,frog_020,frog,slithy,0.636867,0.416959,accepted,interaction
exp_003a,4,agent_02,frog_021,frog,slithy,0.59841,0.423363,accepted,interaction
exp_003a,4,agent_02,frog_022,frog,slithy,0.560763,0.326464,accepted,interaction
exp_003a,4,agent_02,frog_023,frog,slithy,0.59372,0.441789,accepted,interaction
exp_003a,4,agent_02,frog_024,frog,slithy,0.662414,0.500719,accepted,interaction
exp_003a,4,agent_02,frog_025,frog,slithy,0.634508,0.395738,accepted,interaction
exp_003a,4,agent_02,frog_026,frog,UNCERTAIN,0.285883,0.192978,rejected,interaction
exp_003a,4,agent_02,frog_027,frog,slithy,0.636226,0.544251,accepted,interaction
exp_003a,4,agent_02,frog_028,frog,slithy,0.515397,0.331254,accepted,interaction
exp_003a,4,agent_02,frog_029,frog,slithy,0.559451,0.347242,accepted,interaction
exp_003a,4,agent_02,horse_015,horse,mimsy,0.65554,0.51117,accepted,interaction
exp_003a,4,agent_02,horse_016,horse,UNCERTAIN,0.217844,0.054637,accepted,interaction
exp_003a,4,agent_02,horse_017,horse,mimsy,0.736317,0.591273,accepted,interaction
exp_003a,4,agent_02,horse_018,horse,mimsy,0.70626,0.435232,accepted,interaction
exp_003a,4,agent_02,horse_019,horse,mimsy,0.636333,0.49685,accepted,interaction
exp_003a,4,agent_02,horse_020,horse,mimsy,0.641854,0.555916,accepted,interaction
exp_003a,4,agent_02,horse_021,horse,mimsy,0.691404,0.511179,accepted,interaction
exp_003a,4,agent_02,horse_022,horse,mimsy,0.716416,0.521729,accepted,interaction
exp_003a,4,agent_02,horse_023,horse,mimsy,0.721316,0.554602,accepted,interaction
exp_003a,4,agent_02,horse_024,horse,mimsy,0.63901,0.465467,accepted,interaction
exp_003a,4,agent_02,horse_025,horse,mimsy,0.696729,0.398279,accepted,interaction
exp_003a,4,agent_02,horse_026,horse,mimsy,0.683995,0.446892,accepted,interaction
exp_003a,4,agent_02,horse_027,horse,mimsy,0.57277,0.25119,accepted,interaction
exp_003a,4,agent_02,horse_028,horse,mimsy,0.661846,0.496973,accepted,interaction
exp_003a,4,agent_02,horse_029,horse,mimsy,0.606566,0.423587,accepted,interaction
exp_003a,4,agent_02,ship_015,ship,vorpal,0.73406,0.502642,accepted,interaction
exp_003a,4,agent_02,ship_016,ship,vorpal,0.574889,0.432238,accepted,interaction
exp_003a,4,agent_02,ship_017,ship,vorpal,0.643913,0.303289,accepted,interaction
exp_003a,4,agent_02,ship_018,ship,vorpal,0.767074,0.538519,accepted,interaction
exp_003a,4,agent_02,ship_019,ship,vorpal,0.543442,0.297483,accepted,interaction
exp_003a,4,agent_02,ship_020,ship,vorpal,0.763037,0.521383,accepted,interaction
exp_003a,4,agent_02,ship_021,ship,vorpal,0.619053,0.356663,accepted,interaction
exp_003a,4,agent_02,ship_022,ship,vorpal,0.645104,0.469678,accepted,interaction
exp_003a,4,agent_02,ship_023,ship,vorpal,0.543874,0.405077,accepted,interaction
exp_003a,4,agent_02,ship_024,ship,vorpal,0.300038,0.140645,accepted,interaction
exp_003a,4,agent_02,ship_025,ship,vorpal,0.652556,0.420941,accepted,interaction
exp_003a,4,agent_02,ship_026,ship,vorpal,0.520881,0.373847,accepted,interaction
exp_003a,4,agent_02,ship_027,ship,vorpal,0.699423,0.535984,accepted,interaction
exp_003a,4,agent_02,ship_028,ship,vorpal,0.505673,0.367039,accepted,interaction
exp_003a,4,agent_02,ship_029,ship,vorpal,0.537763,0.28019,accepted,interaction
exp_003a,4,agent_00,frog_030,frog,slithy,0.447624,0.281083,accepted,held_out
exp_003a,4,agent_00,frog_031,frog,slithy,0.538291,0.360316,accepted,held_out
exp_003a,4,agent_00,frog_032,frog,slithy,0.382697,0.21529,accepted,held_out
exp_003a,4,agent_00,frog_033,frog,slithy,0.551553,0.349223,accepted,held_out
exp_003a,4,agent_00,frog_034,frog,slithy,0.589682,0.398169,accepted,held_out
exp_003a,4,agent_00,frog_035,frog,slithy,0.598854,0.405892,accepted,held_out
exp_003a,4,agent_00,frog_036,frog,slithy,0.425986,0.223419,accepted,held_out
exp_003a,4,agent_00,frog_037,frog,slithy,0.498469,0.34563,accepted,held_out
exp_003a,4,agent_00,frog_038,frog,slithy,0.523079,0.286886,accepted,held_out
exp_003a,4,agent_00,frog_039,frog,slithy,0.415007,0.206772,accepted,held_out
exp_003a,4,agent_00,frog_040,frog,slithy,0.498454,0.352315,accepted,held_out
exp_003a,4,agent_00,frog_041,frog,slithy,0.505901,0.33054,accepted,held_out
exp_003a,4,agent_00,frog_042,frog,slithy,0.590608,0.384929,accepted,held_out
exp_003a,4,agent_00,frog_043,frog,slithy,0.619917,0.340446,accepted,held_out
exp_003a,4,agent_00,frog_044,frog,slithy,0.603335,0.402984,accepted,held_out
exp_003a,4,agent_00,frog_045,frog,slithy,0.607097,0.393896,accepted,held_out
exp_003a,4,agent_00,frog_046,frog,slithy,0.5475,0.375826,accepted,held_out
exp_003a,4,agent_00,frog_047,frog,slithy,0.506826,0.304867,accepted,held_out
exp_003a,4,agent_00,frog_048,frog,slithy,0.636109,0.505765,accepted,held_out
exp_003a,4,agent_00,frog_049,frog,slithy,0.403528,0.136925,accepted,held_out
exp_003a,4,agent_00,horse_030,horse,mimsy,0.660542,0.528173,accepted,held_out
exp_003a,4,agent_00,horse_031,horse,mimsy,0.516529,0.355991,accepted,held_out
exp_003a,4,agent_00,horse_032,horse,mimsy,0.64928,0.471036,accepted,held_out
exp_003a,4,agent_00,horse_033,horse,mimsy,0.692734,0.528765,accepted,held_out
exp_003a,4,agent_00,horse_034,horse,mimsy,0.715417,0.624175,accepted,held_out
exp_003a,4,agent_00,horse_035,horse,mimsy,0.598751,0.360586,accepted,held_out
exp_003a,4,agent_00,horse_036,horse,mimsy,0.585473,0.449798,accepted,held_out
exp_003a,4,agent_00,horse_037,horse,mimsy,0.679661,0.495276,accepted,held_out
exp_003a,4,agent_00,horse_038,horse,mimsy,0.6511,0.452858,accepted,held_out
exp_003a,4,agent_00,horse_039,horse,mimsy,0.680952,0.489333,accepted,held_out
exp_003a,4,agent_00,horse_040,horse,mimsy,0.706342,0.507294,accepted,held_out
exp_003a,4,agent_00,horse_041,horse,mimsy,0.558133,0.414124,accepted,held_out
exp_003a,4,agent_00,horse_042,horse,mimsy,0.714414,0.539631,accepted,held_out
exp_003a,4,agent_00,horse_043,horse,mimsy,0.584743,0.373056,accepted,held_out
exp_003a,4,agent_00,horse_044,horse,mimsy,0.713227,0.501531,accepted,held_out
exp_003a,4,agent_00,horse_045,horse,mimsy,0.750001,0.584557,accepted,held_out
exp_003a,4,agent_00,horse_046,horse,mimsy,0.653702,0.469006,accepted,held_out
exp_003a,4,agent_00,horse_047,horse,mimsy,0.748694,0.572637,accepted,held_out
exp_003a,4,agent_00,horse_048,horse,mimsy,0.726596,0.558889,accepted,held_out
exp_003a,4,agent_00,horse_049,horse,mimsy,0.652351,0.501616,accepted,held_out
exp_003a,4,agent_00,ship_030,ship,vorpal,0.641308,0.427874,accepted,held_out
exp_003a,4,agent_00,ship_031,ship,vorpal,0.618941,0.402336,accepted,held_out
exp_003a,4,agent_00,ship_032,ship,vorpal,0.61637,0.417273,accepted,held_out
exp_003a,4,agent_00,ship_033,ship,vorpal,0.448007,0.359542,accepted,held_out
exp_003a,4,agent_00,ship_034,ship,vorpal,0.508272,0.330794,accepted,held_out
exp_003a,4,agent_00,ship_035,ship,vorpal,0.59832,0.427075,accepted,held_out
exp_003a,4,agent_00,ship_036,ship,vorpal,0.602055,0.394246,accepted,held_out
exp_003a,4,agent_00,ship_037,ship,vorpal,0.485631,0.248293,accepted,held_out
exp_003a,4,agent_00,ship_038,ship,vorpal,0.341003,0.214955,accepted,held_out
exp_003a,4,agent_00,ship_039,ship,vorpal,0.626736,0.421021,accepted,held_out
exp_003a,4,agent_00,ship_040,ship,vorpal,0.642452,0.456865,accepted,held_out
exp_003a,4,agent_00,ship_041,ship,vorpal,0.684416,0.487177,accepted,held_out
exp_003a,4,agent_00,ship_042,ship,vorpal,0.621715,0.419096,accepted,held_out
exp_003a,4,agent_00,ship_043,ship,vorpal,0.517852,0.356175,accepted,held_out
exp_003a,4,agent_00,ship_044,ship,vorpal,0.619552,0.340444,accepted,held_out
exp_003a,4,agent_00,ship_045,ship,vorpal,0.653173,0.430287,accepted,held_out
exp_003a,4,agent_00,ship_046,ship,vorpal,0.711536,0.474938,accepted,held_out
exp_003a,4,agent_00,ship_047,ship,vorpal,0.645826,0.428788,accepted,held_out
exp_003a,4,agent_00,ship_048,ship,vorpal,0.607035,0.457816,accepted,held_out
exp_003a,4,agent_00,ship_049,ship,vorpal,0.564967,0.347616,accepted,held_out
exp_003a,4,agent_01,frog_030,frog,slithy,0.440347,0.278098,accepted,held_out
exp_003a,4,agent_01,frog_031,frog,slithy,0.534963,0.354983,accepted,held_out
exp_003a,4,agent_01,frog_032,frog,slithy,0.385752,0.21995,accepted,held_out
exp_003a,4,agent_01,frog_033,frog,slithy,0.556817,0.357088,accepted,held_out
exp_003a,4,agent_01,frog_034,frog,slithy,0.603461,0.411811,accepted,held_out
exp_003a,4,agent_01,frog_035,frog,slithy,0.596623,0.40197,accepted,held_out
exp_003a,4,agent_01,frog_036,frog,slithy,0.415997,0.213227,accepted,held_out
exp_003a,4,agent_01,frog_037,frog,slithy,0.512394,0.356008,accepted,held_out
exp_003a,4,agent_01,frog_038,frog,slithy,0.530812,0.290072,accepted,held_out
exp_003a,4,agent_01,frog_039,frog,slithy,0.41177,0.208692,accepted,held_out
exp_003a,4,agent_01,frog_040,frog,slithy,0.501094,0.350489,accepted,held_out
exp_003a,4,agent_01,frog_041,frog,slithy,0.516272,0.336476,accepted,held_out
exp_003a,4,agent_01,frog_042,frog,slithy,0.589802,0.387609,accepted,held_out
exp_003a,4,agent_01,frog_043,frog,slithy,0.608696,0.330477,accepted,held_out
exp_003a,4,agent_01,frog_044,frog,slithy,0.604575,0.407258,accepted,held_out
exp_003a,4,agent_01,frog_045,frog,slithy,0.596506,0.382323,accepted,held_out
exp_003a,4,agent_01,frog_046,frog,slithy,0.550581,0.382924,accepted,held_out
exp_003a,4,agent_01,frog_047,frog,slithy,0.518973,0.313109,accepted,held_out
exp_003a,4,agent_01,frog_048,frog,slithy,0.634702,0.504964,accepted,held_out
exp_003a,4,agent_01,frog_049,frog,slithy,0.410408,0.152385,accepted,held_out
exp_003a,4,agent_01,horse_030,horse,mimsy,0.660531,0.528872,accepted,held_out
exp_003a,4,agent_01,horse_031,horse,mimsy,0.517306,0.361866,accepted,held_out
exp_003a,4,agent_01,horse_032,horse,mimsy,0.659329,0.479766,accepted,held_out
exp_003a,4,agent_01,horse_033,horse,mimsy,0.697057,0.533098,accepted,held_out
exp_003a,4,agent_01,horse_034,horse,mimsy,0.721199,0.63275,accepted,held_out
exp_003a,4,agent_01,horse_035,horse,mimsy,0.598807,0.363818,accepted,held_out
exp_003a,4,agent_01,horse_036,horse,mimsy,0.591887,0.460767,accepted,held_out
exp_003a,4,agent_01,horse_037,horse,mimsy,0.668757,0.484536,accepted,held_out
exp_003a,4,agent_01,horse_038,horse,mimsy,0.655026,0.455022,accepted,held_out
exp_003a,4,agent_01,horse_039,horse,mimsy,0.678456,0.493911,accepted,held_out
exp_003a,4,agent_01,horse_040,horse,mimsy,0.703728,0.508813,accepted,held_out
exp_003a,4,agent_01,horse_041,horse,mimsy,0.556115,0.413762,accepted,held_out
exp_003a,4,agent_01,horse_042,horse,mimsy,0.711917,0.535799,accepted,held_out
exp_003a,4,agent_01,horse_043,horse,mimsy,0.577229,0.368138,accepted,held_out
exp_003a,4,agent_01,horse_044,horse,mimsy,0.719788,0.512412,accepted,held_out
exp_003a,4,agent_01,horse_045,horse,mimsy,0.753352,0.588936,accepted,held_out
exp_003a,4,agent_01,horse_046,horse,mimsy,0.640072,0.459506,accepted,held_out
exp_003a,4,agent_01,horse_047,horse,mimsy,0.744578,0.574557,accepted,held_out
exp_003a,4,agent_01,horse_048,horse,mimsy,0.72786,0.558584,accepted,held_out
exp_003a,4,agent_01,horse_049,horse,mimsy,0.660414,0.512504,accepted,held_out
exp_003a,4,agent_01,ship_030,ship,vorpal,0.643783,0.433063,accepted,held_out
exp_003a,4,agent_01,ship_031,ship,vorpal,0.614728,0.399468,accepted,held_out
exp_003a,4,agent_01,ship_032,ship,vorpal,0.618264,0.419038,accepted,held_out
exp_003a,4,agent_01,ship_033,ship,vorpal,0.453395,0.3662,accepted,held_out
exp_003a,4,agent_01,ship_034,ship,vorpal,0.505636,0.321888,accepted,held_out
exp_003a,4,agent_01,ship_035,ship,vorpal,0.602803,0.433839,accepted,held_out
exp_003a,4,agent_01,ship_036,ship,vorpal,0.60047,0.397503,accepted,held_out
exp_003a,4,agent_01,ship_037,ship,vorpal,0.480051,0.244341,accepted,held_out
exp_003a,4,agent_01,ship_038,ship,vorpal,0.340623,0.214461,accepted,held_out
exp_003a,4,agent_01,ship_039,ship,vorpal,0.626753,0.422139,accepted,held_out
exp_003a,4,agent_01,ship_040,ship,vorpal,0.643729,0.455589,accepted,held_out
exp_003a,4,agent_01,ship_041,ship,vorpal,0.689462,0.494699,accepted,held_out
exp_003a,4,agent_01,ship_042,ship,vorpal,0.630447,0.42824,accepted,held_out
exp_003a,4,agent_01,ship_043,ship,vorpal,0.519312,0.360898,accepted,held_out
exp_003a,4,agent_01,ship_044,ship,vorpal,0.624624,0.344614,accepted,held_out
exp_003a,4,agent_01,ship_045,ship,vorpal,0.649699,0.427913,accepted,held_out
exp_003a,4,agent_01,ship_046,ship,vorpal,0.713597,0.481494,accepted,held_out
exp_003a,4,agent_01,ship_047,ship,vorpal,0.646078,0.423571,accepted,held_out
exp_003a,4,agent_01,ship_048,ship,vorpal,0.599595,0.44893,accepted,held_out
exp_003a,4,agent_01,ship_049,ship,vorpal,0.564347,0.348706,accepted,held_out
exp_003a,4,agent_02,frog_030,frog,slithy,0.445729,0.281309,accepted,held_out
exp_003a,4,agent_02,frog_031,frog,slithy,0.535158,0.355736,accepted,held_out
exp_003a,4,agent_02,frog_032,frog,slithy,0.37601,0.206394,accepted,held_out
exp_003a,4,agent_02,frog_033,frog,slithy,0.553436,0.352458,accepted,held_out
exp_003a,4,agent_02,frog_034,frog,slithy,0.61855,0.428447,accepted,held_out
exp_003a,4,agent_02,frog_035,frog,slithy,0.602878,0.409037,accepted,held_out
exp_003a,4,agent_02,frog_036,frog,slithy,0.416084,0.213774,accepted,held_out
exp_003a,4,agent_02,frog_037,frog,slithy,0.510187,0.35729,accepted,held_out
exp_003a,4,agent_02,frog_038,frog,slithy,0.520996,0.29037,accepted,held_out
exp_003a,4,agent_02,frog_039,frog,slithy,0.400942,0.195793,accepted,held_out
exp_003a,4,agent_02,frog_040,frog,slithy,0.510068,0.366149,accepted,held_out
exp_003a,4,agent_02,frog_041,frog,slithy,0.487617,0.315095,accepted,held_out
exp_003a,4,agent_02,frog_042,frog,slithy,0.593283,0.38984,accepted,held_out
exp_003a,4,agent_02,frog_043,frog,slithy,0.619797,0.343599,accepted,held_out
exp_003a,4,agent_02,frog_044,frog,slithy,0.613454,0.411812,accepted,held_out
exp_003a,4,agent_02,frog_045,frog,slithy,0.604809,0.394669,accepted,held_out
exp_003a,4,agent_02,frog_046,frog,slithy,0.533743,0.36514,accepted,held_out
exp_003a,4,agent_02,frog_047,frog,slithy,0.509073,0.303958,accepted,held_out
exp_003a,4,agent_02,frog_048,frog,slithy,0.642791,0.510876,accepted,held_out
exp_003a,4,agent_02,frog_049,frog,slithy,0.41252,0.151844,accepted,held_out
exp_003a,4,agent_02,horse_030,horse,mimsy,0.656821,0.519115,accepted,held_out
exp_003a,4,agent_02,horse_031,horse,mimsy,0.515231,0.349865,accepted,held_out
exp_003a,4,agent_02,horse_032,horse,mimsy,0.65943,0.482983,accepted,held_out
exp_003a,4,agent_02,horse_033,horse,mimsy,0.685992,0.518419,accepted,held_out
exp_003a,4,agent_02,horse_034,horse,mimsy,0.713803,0.617213,accepted,held_out
exp_003a,4,agent_02,horse_035,horse,mimsy,0.592781,0.361245,accepted,held_out
exp_003a,4,agent_02,horse_036,horse,mimsy,0.589076,0.45355,accepted,held_out
exp_003a,4,agent_02,horse_037,horse,mimsy,0.687606,0.497354,accepted,held_out
exp_003a,4,agent_02,horse_038,horse,mimsy,0.673293,0.472982,accepted,held_out
exp_003a,4,agent_02,horse_039,horse,mimsy,0.665014,0.476766,accepted,held_out
exp_003a,4,agent_02,horse_040,horse,mimsy,0.698297,0.49873,accepted,held_out
exp_003a,4,agent_02,horse_041,horse,mimsy,0.559062,0.411537,accepted,held_out
exp_003a,4,agent_02,horse_042,horse,mimsy,0.706696,0.526696,accepted,held_out
exp_003a,4,agent_02,horse_043,horse,mimsy,0.600153,0.384544,accepted,held_out
exp_003a,4,agent_02,horse_044,horse,mimsy,0.710183,0.498559,accepted,held_out
exp_003a,4,agent_02,horse_045,horse,mimsy,0.748123,0.579419,accepted,held_out
exp_003a,4,agent_02,horse_046,horse,mimsy,0.636994,0.450799,accepted,held_out
exp_003a,4,agent_02,horse_047,horse,mimsy,0.74193,0.562752,accepted,held_out
exp_003a,4,agent_02,horse_048,horse,mimsy,0.7223,0.553043,accepted,held_out
exp_003a,4,agent_02,horse_049,horse,mimsy,0.654801,0.503111,accepted,held_out
exp_003a,4,agent_02,ship_030,ship,vorpal,0.64794,0.437891,accepted,held_out
exp_003a,4,agent_02,ship_031,ship,vorpal,0.61577,0.397457,accepted,held_out
exp_003a,4,agent_02,ship_032,ship,vorpal,0.619783,0.41166,accepted,held_out
exp_003a,4,agent_02,ship_033,ship,vorpal,0.448439,0.357538,accepted,held_out
exp_003a,4,agent_02,ship_034,ship,vorpal,0.506045,0.324207,accepted,held_out
exp_003a,4,agent_02,ship_035,ship,vorpal,0.601407,0.417747,accepted,held_out
exp_003a,4,agent_02,ship_036,ship,vorpal,0.604497,0.397248,accepted,held_out
exp_003a,4,agent_02,ship_037,ship,vorpal,0.473413,0.237183,accepted,held_out
exp_003a,4,agent_02,ship_038,ship,vorpal,0.341885,0.216913,accepted,held_out
exp_003a,4,agent_02,ship_039,ship,vorpal,0.621396,0.41174,accepted,held_out
exp_003a,4,agent_02,ship_040,ship,vorpal,0.635717,0.452336,accepted,held_out
exp_003a,4,agent_02,ship_041,ship,vorpal,0.687176,0.490177,accepted,held_out
exp_003a,4,agent_02,ship_042,ship,vorpal,0.623787,0.416853,accepted,held_out
exp_003a,4,agent_02,ship_043,ship,vorpal,0.521909,0.355713,accepted,held_out
exp_003a,4,agent_02,ship_044,ship,vorpal,0.621982,0.340131,accepted,held_out
exp_003a,4,agent_02,ship_045,ship,vorpal,0.652944,0.430553,accepted,held_out
exp_003a,4,agent_02,ship_046,ship,vorpal,0.716055,0.48289,accepted,held_out
exp_003a,4,agent_02,ship_047,ship,vorpal,0.640329,0.426397,accepted,held_out
exp_003a,4,agent_02,ship_048,ship,vorpal,0.605189,0.453601,accepted,held_out
exp_003a,4,agent_02,ship_049,ship,vorpal,0.569758,0.349392,accepted,held_out
exp_003a,5,agent_00,frog_015,frog,slithy,0.475932,0.31107,accepted,interaction
exp_003a,5,agent_00,frog_016,frog,slithy,0.607203,0.38931,accepted,interaction
exp_003a,5,agent_00,frog_017,frog,slithy,0.712484,0.545651,accepted,interaction
exp_003a,5,agent_00,frog_018,frog,slithy,0.525842,0.356061,accepted,interaction
exp_003a,5,agent_00,frog_019,frog,slithy,0.478285,0.282933,accepted,interaction
exp_003a,5,agent_00,frog_020,frog,slithy,0.620422,0.401482,accepted,interaction
exp_003a,5,agent_00,frog_021,frog,slithy,0.586439,0.405935,accepted,interaction
exp_003a,5,agent_00,frog_022,frog,slithy,0.57667,0.338336,accepted,interaction
exp_003a,5,agent_00,frog_023,frog,slithy,0.582553,0.430039,accepted,interaction
exp_003a,5,agent_00,frog_024,frog,slithy,0.663846,0.501395,accepted,interaction
exp_003a,5,agent_00,frog_025,frog,slithy,0.627061,0.387043,accepted,interaction
exp_003a,5,agent_00,frog_026,frog,slithy,0.39246,0.29857,accepted,interaction
exp_003a,5,agent_00,frog_027,frog,slithy,0.63338,0.540977,accepted,interaction
exp_003a,5,agent_00,frog_028,frog,slithy,0.496914,0.310705,accepted,interaction
exp_003a,5,agent_00,frog_029,frog,slithy,0.554117,0.336559,accepted,interaction
exp_003a,5,agent_00,horse_015,horse,mimsy,0.631466,0.49297,accepted,interaction
exp_003a,5,agent_00,horse_016,horse,UNCERTAIN,0.248271,0.061591,accepted,interaction
exp_003a,5,agent_00,horse_017,horse,mimsy,0.740535,0.598726,accepted,interaction
exp_003a,5,agent_00,horse_018,horse,mimsy,0.703327,0.433237,accepted,interaction
exp_003a,5,agent_00,horse_019,horse,mimsy,0.632893,0.493766,accepted,interaction
exp_003a,5,agent_00,horse_020,horse,mimsy,0.628386,0.543858,accepted,interaction
exp_003a,5,agent_00,horse_021,horse,mimsy,0.68604,0.510499,accepted,interaction
exp_003a,5,agent_00,horse_022,horse,mimsy,0.72103,0.523132,accepted,interaction
exp_003a,5,agent_00,horse_023,horse,mimsy,0.732076,0.568969,accepted,interaction
exp_003a,5,agent_00,horse_024,horse,mimsy,0.65273,0.481486,accepted,interaction
exp_003a,5,agent_00,horse_025,horse,mimsy,0.697716,0.403133,accepted,interaction
exp_003a,5,agent_00,horse_026,horse,mimsy,0.686881,0.453766,accepted,interaction
exp_003a,5,agent_00,horse_027,horse,mimsy,0.577171,0.249511,accepted,interaction
exp_003a,5,agent_00,horse_028,horse,mimsy,0.675683,0.509518,accepted,interaction
exp_003a,5,agent_00,horse_029,horse,mimsy,0.610928,0.427445,accepted,interaction
exp_003a,5,agent_00,ship_015,ship,vorpal,0.73818,0.517924,accepted,interaction
exp_003a,5,agent_00,ship_016,ship,vorpal,0.577994,0.435345,accepted,interaction
exp_003a,5,agent_00,ship_017,ship,vorpal,0.660204,0.323491,accepted,interaction
exp_003a,5,agent_00,ship_018,ship,vorpal,0.765609,0.540909,accepted,interaction
exp_003a,5,agent_00,ship_019,ship,vorpal,0.546267,0.295461,accepted,interaction
exp_003a,5,agent_00,ship_020,ship,vorpal,0.766875,0.527437,accepted,interaction
exp_003a,5,agent_00,ship_021,ship,vorpal,0.614668,0.346162,accepted,interaction
exp_003a,5,agent_00,ship_022,ship,vorpal,0.652585,0.48356,accepted,interaction
exp_003a,5,agent_00,ship_023,ship,vorpal,0.538095,0.404996,accepted,interaction
exp_003a,5,agent_00,ship_024,ship,vorpal,0.326582,0.176313,accepted,interaction
exp_003a,5,agent_00,ship_025,ship,vorpal,0.644766,0.416689,accepted,interaction
exp_003a,5,agent_00,ship_026,ship,vorpal,0.515292,0.366304,accepted,interaction
exp_003a,5,agent_00,ship_027,ship,vorpal,0.691468,0.525295,accepted,interaction
exp_003a,5,agent_00,ship_028,ship,vorpal,0.507408,0.36898,accepted,interaction
exp_003a,5,agent_00,ship_029,ship,vorpal,0.539166,0.286916,accepted,interaction
exp_003a,5,agent_01,frog_015,frog,slithy,0.477036,0.314716,accepted,interaction
exp_003a,5,agent_01,frog_016,frog,slithy,0.60689,0.392036,accepted,interaction
exp_003a,5,agent_01,frog_017,frog,slithy,0.713029,0.551848,accepted,interaction
exp_003a,5,agent_01,frog_018,frog,slithy,0.534738,0.364243,accepted,interaction
exp_003a,5,agent_01,frog_019,frog,slithy,0.4542,0.258558,accepted,interaction
exp_003a,5,agent_01,frog_020,frog,slithy,0.61363,0.395682,accepted,interaction
exp_003a,5,agent_01,frog_021,frog,slithy,0.596866,0.418443,accepted,interaction
exp_003a,5,agent_01,frog_022,frog,slithy,0.574319,0.338585,accepted,interaction
exp_003a,5,agent_01,frog_023,frog,slithy,0.58066,0.42946,accepted,interaction
exp_003a,5,agent_01,frog_024,frog,slithy,0.660972,0.501326,accepted,interaction
exp_003a,5,agent_01,frog_025,frog,slithy,0.621922,0.382126,accepted,interaction
exp_003a,5,agent_01,frog_026,frog,slithy,0.399417,0.306251,accepted,interaction
exp_003a,5,agent_01,frog_027,frog,slithy,0.637157,0.54174,accepted,interaction
exp_003a,5,agent_01,frog_028,frog,slithy,0.499339,0.318436,accepted,interaction
exp_003a,5,agent_01,frog_029,frog,slithy,0.558945,0.347356,accepted,interaction
exp_003a,5,agent_01,horse_015,horse,mimsy,0.627036,0.488735,accepted,interaction
exp_003a,5,agent_01,horse_016,horse,UNCERTAIN,0.235803,0.060031,accepted,interaction
exp_003a,5,agent_01,horse_017,horse,mimsy,0.742355,0.600884,accepted,interaction
exp_003a,5,agent_01,horse_018,horse,mimsy,0.693169,0.426135,accepted,interaction
exp_003a,5,agent_01,horse_019,horse,mimsy,0.638466,0.502392,accepted,interaction
exp_003a,5,agent_01,horse_020,horse,mimsy,0.632794,0.549014,accepted,interaction
exp_003a,5,agent_01,horse_021,horse,mimsy,0.688692,0.517564,accepted,interaction
exp_003a,5,agent_01,horse_022,horse,mimsy,0.725262,0.53342,accepted,interaction
exp_003a,5,agent_01,horse_023,horse,mimsy,0.729929,0.567804,accepted,interaction
exp_003a,5,agent_01,horse_024,horse,mimsy,0.641891,0.471591,accepted,interaction
exp_003a,5,agent_01,horse_025,horse,mimsy,0.695342,0.406817,accepted,interaction
exp_003a,5,agent_01,horse_026,horse,mimsy,0.694471,0.462427,accepted,interaction
exp_003a,5,agent_01,horse_027,horse,mimsy,0.578219,0.254912,accepted,interaction
exp_003a,5,agent_01,horse_028,horse,mimsy,0.678612,0.518959,accepted,interaction
exp_003a,5,agent_01,horse_029,horse,mimsy,0.608682,0.428252,accepted,interaction
exp_003a,5,agent_01,ship_015,ship,vorpal,0.72949,0.50908,accepted,interaction
exp_003a,5,agent_01,ship_016,ship,vorpal,0.577457,0.433987,accepted,interaction
exp_003a,5,agent_01,ship_017,ship,vorpal,0.657359,0.318332,accepted,interaction
exp_003a,5,agent_01,ship_018,ship,vorpal,0.762695,0.538477,accepted,interaction
exp_003a,5,agent_01,ship_019,ship,vorpal,0.550936,0.304896,accepted,interaction
exp_003a,5,agent_01,ship_020,ship,vorpal,0.761492,0.519818,accepted,interaction
exp_003a,5,agent_01,ship_021,ship,vorpal,0.613063,0.352684,accepted,interaction
exp_003a,5,agent_01,ship_022,ship,vorpal,0.650209,0.484668,accepted,interaction
exp_003a,5,agent_01,ship_023,ship,vorpal,0.53565,0.402092,accepted,interaction
exp_003a,5,agent_01,ship_024,ship,vorpal,0.327009,0.170226,accepted,interaction
exp_003a,5,agent_01,ship_025,ship,vorpal,0.649295,0.421314,accepted,interaction
exp_003a,5,agent_01,ship_026,ship,vorpal,0.51965,0.376498,accepted,interaction
exp_003a,5,agent_01,ship_027,ship,vorpal,0.697646,0.532572,accepted,interaction
exp_003a,5,agent_01,ship_028,ship,vorpal,0.509106,0.369729,accepted,interaction
exp_003a,5,agent_01,ship_029,ship,vorpal,0.544054,0.295828,accepted,interaction
exp_003a,5,agent_02,frog_015,frog,slithy,0.45134,0.289934,accepted,interaction
exp_003a,5,agent_02,frog_016,frog,slithy,0.63123,0.417599,accepted,interaction
exp_003a,5,agent_02,frog_017,frog,slithy,0.715112,0.550879,accepted,interaction
exp_003a,5,agent_02,frog_018,frog,slithy,0.497471,0.323241,accepted,interaction
exp_003a,5,agent_02,frog_019,frog,slithy,0.495782,0.302133,accepted,interaction
exp_003a,5,agent_02,frog_020,frog,slithy,0.637488,0.418185,accepted,interaction
exp_003a,5,agent_02,frog_021,frog,slithy,0.595135,0.417055,accepted,interaction
exp_003a,5,agent_02,frog_022,frog,slithy,0.56515,0.329678,accepted,interaction
exp_003a,5,agent_02,frog_023,frog,slithy,0.595762,0.444551,accepted,interaction
exp_003a,5,agent_02,frog_024,frog,slithy,0.664811,0.502836,accepted,interaction
exp_003a,5,agent_02,frog_025,frog,slithy,0.633313,0.394124,accepted,interaction
exp_003a,5,agent_02,frog_026,frog,UNCERTAIN,0.286034,0.192802,rejected,interaction
exp_003a,5,agent_02,frog_027,frog,slithy,0.635404,0.542421,accepted,interaction
exp_003a,5,agent_02,frog_028,frog,slithy,0.514098,0.329406,accepted,interaction
exp_003a,5,agent_02,frog_029,frog,slithy,0.561051,0.347444,accepted,interaction
exp_003a,5,agent_02,horse_015,horse,mimsy,0.650803,0.507093,accepted,interaction
exp_003a,5,agent_02,horse_016,horse,UNCERTAIN,0.218128,0.054676,accepted,interaction
exp_003a,5,agent_02,horse_017,horse,mimsy,0.737023,0.592056,accepted,interaction
exp_003a,5,agent_02,horse_018,horse,mimsy,0.70593,0.435216,accepted,interaction
exp_003a,5,agent_02,horse_019,horse,mimsy,0.636476,0.495478,accepted,interaction
exp_003a,5,agent_02,horse_020,horse,mimsy,0.641204,0.557199,accepted,interaction
exp_003a,5,agent_02,horse_021,horse,mimsy,0.690958,0.512622,accepted,interaction
exp_003a,5,agent_02,horse_022,horse,mimsy,0.717017,0.522635,accepted,interaction
exp_003a,5,agent_02,horse_023,horse,mimsy,0.722653,0.557346,accepted,interaction
exp_003a,5,agent_02,horse_024,horse,mimsy,0.641521,0.469888,accepted,interaction
exp_003a,5,agent_02,horse_025,horse,mimsy,0.697197,0.400436,accepted,interaction
exp_003a,5,agent_02,horse_026,horse,mimsy,0.685059,0.449491,accepted,interaction
exp_003a,5,agent_02,horse_027,horse,mimsy,0.575001,0.254407,accepted,interaction
exp_003a,5,agent_02,horse_028,horse,mimsy,0.664762,0.498806,accepted,interaction
exp_003a,5,agent_02,horse_029,horse,mimsy,0.608529,0.425972,accepted,interaction
exp_003a,5,agent_02,ship_015,ship,vorpal,0.734222,0.50359,accepted,interaction
exp_003a,5,agent_02,ship_016,ship,vorpal,0.579805,0.437621,accepted,interaction
exp_003a,5,agent_02,ship_017,ship,vorpal,0.651758,0.311329,accepted,interaction
exp_003a,5,agent_02,ship_018,ship,vorpal,0.763606,0.534803,accepted,interaction
exp_003a,5,agent_02,ship_019,ship,vorpal,0.548455,0.302189,accepted,interaction
exp_003a,5,agent_02,ship_020,ship,vorpal,0.761944,0.519679,accepted,interaction
exp_003a,5,agent_02,ship_021,ship,vorpal,0.617917,0.355075,accepted,interaction
exp_003a,5,agent_02,ship_022,ship,vorpal,0.647206,0.473812,accepted,interaction
exp_003a,5,agent_02,ship_023,ship,vorpal,0.539889,0.40223,accepted,interaction
exp_003a,5,agent_02,ship_024,ship,vorpal,0.325747,0.166508,accepted,interaction
exp_003a,5,agent_02,ship_025,ship,vorpal,0.649976,0.418796,accepted,interaction
exp_003a,5,agent_02,ship_026,ship,vorpal,0.518153,0.37157,accepted,interaction
exp_003a,5,agent_02,ship_027,ship,vorpal,0.69824,0.534958,accepted,interaction
exp_003a,5,agent_02,ship_028,ship,vorpal,0.505197,0.366697,accepted,interaction
exp_003a,5,agent_02,ship_029,ship,vorpal,0.541423,0.284868,accepted,interaction
exp_003a,5,agent_00,frog_030,frog,slithy,0.446737,0.279781,accepted,held_out
exp_003a,5,agent_00,frog_031,frog,slithy,0.537766,0.359893,accepted,held_out
exp_003a,5,agent_00,frog_032,frog,slithy,0.380392,0.212817,accepted,held_out
exp_003a,5,agent_00,frog_033,frog,slithy,0.551443,0.348892,accepted,held_out
exp_003a,5,agent_00,frog_034,frog,slithy,0.59037,0.398483,accepted,held_out
exp_003a,5,agent_00,frog_035,frog,slithy,0.597009,0.403922,accepted,held_out
exp_003a,5,agent_00,frog_036,frog,slithy,0.422812,0.220564,accepted,held_out
exp_003a,5,agent_00,frog_037,frog,slithy,0.498425,0.343399,accepted,held_out
exp_003a,5,agent_00,frog_038,frog,slithy,0.521358,0.285533,accepted,held_out
exp_003a,5,agent_00,frog_039,frog,slithy,0.414468,0.204545,accepted,held_out
exp_003a,5,agent_00,frog_040,frog,slithy,0.497218,0.35107,accepted,held_out
exp_003a,5,agent_00,frog_041,frog,slithy,0.505,0.328166,accepted,held_out
exp_003a,5,agent_00,frog_042,frog,slithy,0.588826,0.383063,accepted,held_out
exp_003a,5,agent_00,frog_043,frog,slithy,0.618129,0.339451,accepted,held_out
exp_003a,5,agent_00,frog_044,frog,slithy,0.603848,0.402724,accepted,held_out
exp_003a,5,agent_00,frog_045,frog,slithy,0.605886,0.393379,accepted,held_out
exp_003a,5,agent_00,frog_046,frog,slithy,0.546186,0.374835,accepted,held_out
exp_003a,5,agent_00,frog_047,frog,slithy,0.506188,0.303719,accepted,held_out
exp_003a,5,agent_00,frog_048,frog,slithy,0.635888,0.505207,accepted,held_out
exp_003a,5,agent_00,frog_049,frog,slithy,0.404164,0.14048,accepted,held_out
exp_003a,5,agent_00,horse_030,horse,mimsy,0.659889,0.528167,accepted,held_out
exp_003a,5,agent_00,horse_031,horse,mimsy,0.516778,0.356298,accepted,held_out
exp_003a,5,agent_00,horse_032,horse,mimsy,0.650136,0.471187,accepted,held_out
exp_003a,5,agent_00,horse_033,horse,mimsy,0.692034,0.528516,accepted,held_out
exp_003a,5,agent_00,horse_034,horse,mimsy,0.714668,0.624234,accepted,held_out
exp_003a,5,agent_00,horse_035,horse,mimsy,0.597708,0.359758,accepted,held_out
exp_003a,5,agent_00,horse_036,horse,mimsy,0.586151,0.449397,accepted,held_out
exp_003a,5,agent_00,horse_037,horse,mimsy,0.678925,0.493896,accepted,held_out
exp_003a,5,agent_00,horse_038,horse,mimsy,0.652686,0.453369,accepted,held_out
exp_003a,5,agent_00,horse_039,horse,mimsy,0.679252,0.488265,accepted,held_out
exp_003a,5,agent_00,horse_040,horse,mimsy,0.705357,0.507314,accepted,held_out
exp_003a,5,agent_00,horse_041,horse,mimsy,0.55821,0.414179,accepted,held_out
exp_003a,5,agent_00,horse_042,horse,mimsy,0.713498,0.539171,accepted,held_out
exp_003a,5,agent_00,horse_043,horse,mimsy,0.58502,0.373468,accepted,held_out
exp_003a,5,agent_00,horse_044,horse,mimsy,0.712927,0.500995,accepted,held_out
exp_003a,5,agent_00,horse_045,horse,mimsy,0.749317,0.584092,accepted,held_out
exp_003a,5,agent_00,horse_046,horse,mimsy,0.65182,0.467548,accepted,held_out
exp_003a,5,agent_00,horse_047,horse,mimsy,0.747295,0.571811,accepted,held_out
exp_003a,5,agent_00,horse_048,horse,mimsy,0.725769,0.558392,accepted,held_out
exp_003a,5,agent_00,horse_049,horse,mimsy,0.653139,0.501037,accepted,held_out
exp_003a,5,agent_00,ship_030,ship,vorpal,0.639065,0.426329,accepted,held_out
exp_003a,5,agent_00,ship_031,ship,vorpal,0.616576,0.39974,accepted,held_out
exp_003a,5,agent_00,ship_032,ship,vorpal,0.61415,0.414357,accepted,held_out
exp_003a,5,agent_00,ship_033,ship,vorpal,0.444559,0.356274,accepted,held_out
exp_003a,5,agent_00,ship_034,ship,vorpal,0.510831,0.332892,accepted,held_out
exp_003a,5,agent_00,ship_035,ship,vorpal,0.597633,0.426453,accepted,held_out
exp_003a,5,agent_00,ship_036,ship,vorpal,0.600582,0.393488,accepted,held_out
exp_003a,5,agent_00,ship_037,ship,vorpal,0.487362,0.251195,accepted,held_out
exp_003a,5,agent_00,ship_038,ship,vorpal,0.342082,0.216757,accepted,held_out
exp_003a,5,agent_00,ship_039,ship,vorpal,0.626722,0.421536,accepted,held_out
exp_003a,5,agent_00,ship_040,ship,vorpal,0.641016,0.455725,accepted,held_out
exp_003a,5,agent_00,ship_041,ship,vorpal,0.683174,0.486341,accepted,held_out
exp_003a,5,agent_00,ship_042,ship,vorpal,0.61868,0.415968,accepted,held_out
exp_003a,5,agent_00,ship_043,ship,vorpal,0.515469,0.353713,accepted,held_out
exp_003a,5,agent_00,ship_044,ship,vorpal,0.619224,0.339607,accepted,held_out
exp_003a,5,agent_00,ship_045,ship,vorpal,0.652547,0.429045,accepted,held_out
exp_003a,5,agent_00,ship_046,ship,vorpal,0.708217,0.472495,accepted,held_out
exp_003a,5,agent_00,ship_047,ship,vorpal,0.645504,0.428026,accepted,held_out
exp_003a,5,agent_00,ship_048,ship,vorpal,0.604199,0.454888,accepted,held_out
exp_003a,5,agent_00,ship_049,ship,vorpal,0.563044,0.345312,accepted,held_out
exp_003a,5,agent_01,frog_030,frog,slithy,0.440873,0.27739,accepted,held_out
exp_003a,5,agent_01,frog_031,frog,slithy,0.535109,0.355614,accepted,held_out
exp_003a,5,agent_01,frog_032,frog,slithy,0.382863,0.216587,accepted,held_out
exp_003a,5,agent_01,frog_033,frog,slithy,0.555745,0.355298,accepted,held_out
exp_003a,5,agent_01,frog_034,frog,slithy,0.601576,0.409578,accepted,held_out
exp_003a,5,agent_01,frog_035,frog,slithy,0.595226,0.400772,accepted,held_out
exp_003a,5,agent_01,frog_036,frog,slithy,0.41472,0.212307,accepted,held_out
exp_003a,5,agent_01,frog_037,frog,slithy,0.509732,0.351838,accepted,held_out
exp_003a,5,agent_01,frog_038,frog,slithy,0.527633,0.288103,accepted,held_out
exp_003a,5,agent_01,frog_039,frog,slithy,0.411875,0.206126,accepted,held_out
exp_003a,5,agent_01,frog_040,frog,slithy,0.499378,0.349594,accepted,held_out
exp_003a,5,agent_01,frog_041,frog,slithy,0.513419,0.332999,accepted,held_out
exp_003a,5,agent_01,frog_042,frog,slithy,0.588196,0.385254,accepted,held_out
exp_003a,5,agent_01,frog_043,frog,slithy,0.609075,0.331408,accepted,held_out
exp_003a,5,agent_01,frog_044,frog,slithy,0.604906,0.406239,accepted,held_out
exp_003a,5,agent_01,frog_045,frog,slithy,0.597349,0.384046,accepted,held_out
exp_003a,5,agent_01,frog_046,frog,slithy,0.548705,0.380603,accepted,held_out
exp_003a,5,agent_01,frog_047,frog,slithy,0.516048,0.31042,accepted,held_out
exp_003a,5,agent_01,frog_048,frog,slithy,0.634797,0.504607,accepted,held_out
exp_003a,5,agent_01,frog_049,frog,slithy,0.409771,0.153026,accepted,held_out
exp_003a,5,agent_01,horse_030,horse,mimsy,0.659901,0.528753,accepted,held_out
exp_003a,5,agent_01,horse_031,horse,mimsy,0.517426,0.361059,accepted,held_out
exp_003a,5,agent_01,horse_032,horse,mimsy,0.658327,0.478311,accepted,held_out
exp_003a,5,agent_01,horse_033,horse,mimsy,0.695572,0.532054,accepted,held_out
exp_003a,5,agent_01,horse_034,horse,mimsy,0.719392,0.631222,accepted,held_out
exp_003a,5,agent_01,horse_035,horse,mimsy,0.597773,0.362377,accepted,held_out
exp_003a,5,agent_01,horse_036,horse,mimsy,0.591384,0.458317,accepted,held_out
exp_003a,5,agent_01,horse_037,horse,mimsy,0.670081,0.485186,accepted,held_out
exp_003a,5,agent_01,horse_038,horse,mimsy,0.655897,0.455155,accepted,held_out
exp_003a,5,agent_01,horse_039,horse,mimsy,0.677246,0.491981,accepted,held_out
exp_003a,5,agent_01,horse_040,horse,mimsy,0.703256,0.508554,accepted,held_out
exp_003a,5,agent_01,horse_041,horse,mimsy,0.556587,0.413874,accepted,held_out
exp_003a,5,agent_01,horse_042,horse,mimsy,0.711491,0.536083,accepted,held_out
exp_003a,5,agent_01,horse_043,horse,mimsy,0.57893,0.369477,accepted,held_out
exp_003a,5,agent_01,horse_044,horse,mimsy,0.718285,0.509848,accepted,held_out
exp_003a,5,agent_01,horse_045,horse,mimsy,0.752065,0.587671,accepted,held_out
exp_003a,5,agent_01,horse_046,horse,mimsy,0.640761,0.459821,accepted,held_out
exp_003a,5,agent_01,horse_047,horse,mimsy,0.743974,0.573367,accepted,held_out
exp_003a,5,agent_01,horse_048,horse,mimsy,0.72682,0.558174,accepted,held_out
exp_003a,5,agent_01,horse_049,horse,mimsy,0.659715,0.5099,accepted,held_out
exp_003a,5,agent_01,ship_030,ship,vorpal,0.641071,0.430534,accepted,held_out
exp_003a,5,agent_01,ship_031,ship,vorpal,0.61317,0.397402,accepted,held_out
exp_003a,5,agent_01,ship_032,ship,vorpal,0.615686,0.415763,accepted,held_out
exp_003a,5,agent_01,ship_033,ship,vorpal,0.448923,0.361668,accepted,held_out
exp_003a,5,agent_01,ship_034,ship,vorpal,0.508696,0.325663,accepted,held_out
exp_003a,5,agent_01,ship_035,ship,vorpal,0.601261,0.431914,accepted,held_out
exp_003a,5,agent_01,ship_036,ship,vorpal,0.599302,0.396137,accepted,held_out
exp_003a,5,agent_01,ship_037,ship,vorpal,0.482845,0.247993,accepted,held_out
exp_003a,5,agent_01,ship_038,ship,vorpal,0.341774,0.216351,accepted,held_out
exp_003a,5,agent_01,ship_039,ship,vorpal,0.626737,0.422432,accepted,held_out
exp_003a,5,agent_01,ship_040,ship,vorpal,0.642051,0.454684,accepted,held_out
exp_003a,5,agent_01,ship_041,ship,vorpal,0.687259,0.492433,accepted,held_out
exp_003a,5,agent_01,ship_042,ship,vorpal,0.625749,0.423367,accepted,held_out
exp_003a,5,agent_01,ship_043,ship,vorpal,0.516654,0.357523,accepted,held_out
exp_003a,5,agent_01,ship_044,ship,vorpal,0.623329,0.342953,accepted,held_out
exp_003a,5,agent_01,ship_045,ship,vorpal,0.649737,0.4271,accepted,held_out
exp_003a,5,agent_01,ship_046,ship,vorpal,0.709889,0.477813,accepted,held_out
exp_003a,5,agent_01,ship_047,ship,vorpal,0.645709,0.423783,accepted,held_out
exp_003a,5,agent_01,ship_048,ship,vorpal,0.598183,0.447689,accepted,held_out
exp_003a,5,agent_01,ship_049,ship,vorpal,0.562545,0.346198,accepted,held_out
exp_003a,5,agent_02,frog_030,frog,slithy,0.446396,0.281151,accepted,held_out
exp_003a,5,agent_02,frog_031,frog,slithy,0.534437,0.355389,accepted,held_out
exp_003a,5,agent_02,frog_032,frog,slithy,0.374741,0.205362,accepted,held_out
exp_003a,5,agent_02,frog_033,frog,slithy,0.551499,0.350036,accepted,held_out
exp_003a,5,agent_02,frog_034,frog,slithy,0.615718,0.424967,accepted,held_out
exp_003a,5,agent_02,frog_035,frog,slithy,0.601332,0.40753,accepted,held_out
exp_003a,5,agent_02,frog_036,frog,slithy,0.414965,0.212919,accepted,held_out
exp_003a,5,agent_02,frog_037,frog,slithy,0.507967,0.35289,accepted,held_out
exp_003a,5,agent_02,frog_038,frog,slithy,0.518031,0.286719,accepted,held_out
exp_003a,5,agent_02,frog_039,frog,slithy,0.40149,0.194058,accepted,held_out
exp_003a,5,agent_02,frog_040,frog,slithy,0.508084,0.363734,accepted,held_out
exp_003a,5,agent_02,frog_041,frog,slithy,0.486271,0.311729,accepted,held_out
exp_003a,5,agent_02,frog_042,frog,slithy,0.591313,0.387353,accepted,held_out
exp_003a,5,agent_02,frog_043,frog,slithy,0.619247,0.343208,accepted,held_out
exp_003a,5,agent_02,frog_044,frog,slithy,0.614458,0.412285,accepted,held_out
exp_003a,5,agent_02,frog_045,frog,slithy,0.603161,0.393126,accepted,held_out
exp_003a,5,agent_02,frog_046,frog,slithy,0.533068,0.364196,accepted,held_out
exp_003a,5,agent_02,frog_047,frog,slithy,0.506699,0.301672,accepted,held_out
exp_003a,5,agent_02,frog_048,frog,slithy,0.641621,0.509665,accepted,held_out
exp_003a,5,agent_02,frog_049,frog,slithy,0.41276,0.153863,accepted,held_out
exp_003a,5,agent_02,horse_030,horse,mimsy,0.656893,0.520719,accepted,held_out
exp_003a,5,agent_02,horse_031,horse,mimsy,0.515746,0.350647,accepted,held_out
exp_003a,5,agent_02,horse_032,horse,mimsy,0.658415,0.480914,accepted,held_out
exp_003a,5,agent_02,horse_033,horse,mimsy,0.686585,0.520066,accepted,held_out
exp_003a,5,agent_02,horse_034,horse,mimsy,0.713387,0.618178,accepted,held_out
exp_003a,5,agent_02,horse_035,horse,mimsy,0.592881,0.362719,accepted,held_out
exp_003a,5,agent_02,horse_036,horse,mimsy,0.589106,0.452469,accepted,held_out
exp_003a,5,agent_02,horse_037,horse,mimsy,0.685409,0.49563,accepted,held_out
exp_003a,5,agent_02,horse_038,horse,mimsy,0.670751,0.469754,accepted,held_out
exp_003a,5,agent_02,horse_039,horse,mimsy,0.666329,0.478062,accepted,held_out
exp_003a,5,agent_02,horse_040,horse,mimsy,0.69885,0.500743,accepted,held_out
exp_003a,5,agent_02,horse_041,horse,mimsy,0.55899,0.411905,accepted,held_out
exp_003a,5,agent_02,horse_042,horse,mimsy,0.707256,0.528704,accepted,held_out
exp_003a,5,agent_02,horse_043,horse,mimsy,0.597569,0.382838,accepted,held_out
exp_003a,5,agent_02,horse_044,horse,mimsy,0.710485,0.498605,accepted,held_out
exp_003a,5,agent_02,horse_045,horse,mimsy,0.747823,0.579956,accepted,held_out
exp_003a,5,agent_02,horse_046,horse,mimsy,0.63827,0.452538,accepted,held_out
exp_003a,5,agent_02,horse_047,horse,mimsy,0.74183,0.564475,accepted,held_out
exp_003a,5,agent_02,horse_048,horse,mimsy,0.722309,0.553673,accepted,held_out
exp_003a,5,agent_02,horse_049,horse,mimsy,0.65516,0.502281,accepted,held_out
exp_003a,5,agent_02,ship_030,ship,vorpal,0.644448,0.434454,accepted,held_out
exp_003a,5,agent_02,ship_031,ship,vorpal,0.614028,0.396425,accepted,held_out
exp_003a,5,agent_02,ship_032,ship,vorpal,0.616928,0.408428,accepted,held_out
exp_003a,5,agent_02,ship_033,ship,vorpal,0.444921,0.354653,accepted,held_out
exp_003a,5,agent_02,ship_034,ship,vorpal,0.509043,0.327093,accepted,held_out
exp_003a,5,agent_02,ship_035,ship,vorpal,0.600146,0.417088,accepted,held_out
exp_003a,5,agent_02,ship_036,ship,vorpal,0.602575,0.396206,accepted,held_out
exp_003a,5,agent_02,ship_037,ship,vorpal,0.477491,0.242102,accepted,held_out
exp_003a,5,agent_02,ship_038,ship,vorpal,0.342805,0.21835,accepted,held_out
exp_003a,5,agent_02,ship_039,ship,vorpal,0.62242,0.412982,accepted,held_out
exp_003a,5,agent_02,ship_040,ship,vorpal,0.635585,0.452605,accepted,held_out
exp_003a,5,agent_02,ship_041,ship,vorpal,0.685426,0.48878,accepted,held_out
exp_003a,5,agent_02,ship_042,ship,vorpal,0.620373,0.414147,accepted,held_out
exp_003a,5,agent_02,ship_043,ship,vorpal,0.518766,0.352735,accepted,held_out
exp_003a,5,agent_02,ship_044,ship,vorpal,0.621207,0.337903,accepted,held_out
exp_003a,5,agent_02,ship_045,ship,vorpal,0.652379,0.429379,accepted,held_out
exp_003a,5,agent_02,ship_046,ship,vorpal,0.711892,0.47895,accepted,held_out
exp_003a,5,agent_02,ship_047,ship,vorpal,0.641076,0.427106,accepted,held_out
exp_003a,5,agent_02,ship_048,ship,vorpal,0.602723,0.45148,accepted,held_out
exp_003a,5,agent_02,ship_049,ship,vorpal,0.566935,0.346743,accepted,held_out
exp_003a,6,agent_00,frog_015,frog,slithy,0.475844,0.310206,accepted,interaction
exp_003a,6,agent_00,frog_016,frog,slithy,0.606837,0.389666,accepted,interaction
exp_003a,6,agent_00,frog_017,frog,slithy,0.711227,0.545048,accepted,interaction
exp_003a,6,agent_00,frog_018,frog,slithy,0.527336,0.355934,accepted,interaction
exp_003a,6,agent_00,frog_019,frog,slithy,0.47922,0.283577,accepted,interaction
exp_003a,6,agent_00,frog_020,frog,slithy,0.621564,0.402968,accepted,interaction
exp_003a,6,agent_00,frog_021,frog,slithy,0.585501,0.403677,accepted,interaction
exp_003a,6,agent_00,frog_022,frog,slithy,0.577547,0.339155,accepted,interaction
exp_003a,6,agent_00,frog_023,frog,slithy,0.583894,0.432151,accepted,interaction
exp_003a,6,agent_00,frog_024,frog,slithy,0.664153,0.501702,accepted,interaction
exp_003a,6,agent_00,frog_025,frog,slithy,0.62674,0.386744,accepted,interaction
exp_003a,6,agent_00,frog_026,frog,slithy,0.39238,0.298461,accepted,interaction
exp_003a,6,agent_00,frog_027,frog,slithy,0.633635,0.540546,accepted,interaction
exp_003a,6,agent_00,frog_028,frog,slithy,0.497628,0.311464,accepted,interaction
exp_003a,6,agent_00,frog_029,frog,slithy,0.554643,0.337085,accepted,interaction
exp_003a,6,agent_00,horse_015,horse,mimsy,0.632029,0.493017,accepted,interaction
exp_003a,6,agent_00,horse_016,horse,UNCERTAIN,0.244753,0.060822,accepted,interaction
exp_003a,6,agent_00,horse_017,horse,mimsy,0.740205,0.597914,accepted,interaction
exp_003a,6,agent_00,horse_018,horse,mimsy,0.703499,0.433623,accepted,interaction
exp_003a,6,agent_00,horse_019,horse,mimsy,0.633555,0.493205,accepted,interaction
exp_003a,6,agent_00,horse_020,horse,mimsy,0.630281,0.54615,accepted,interaction
exp_003a,6,agent_00,horse_021,horse,mimsy,0.686576,0.511793,accepted,interaction
exp_003a,6,agent_00,horse_022,horse,mimsy,0.720543,0.523605,accepted,interaction
exp_003a,6,agent_00,horse_023,horse,mimsy,0.731037,0.568463,accepted,interaction
exp_003a,6,agent_00,horse_024,horse,mimsy,0.652101,0.480879,accepted,interaction
exp_003a,6,agent_00,horse_025,horse,mimsy,0.697803,0.404165,accepted,interaction
exp_003a,6,agent_00,horse_026,horse,mimsy,0.687098,0.454671,accepted,interaction
exp_003a,6,agent_00,horse_027,horse,mimsy,0.578069,0.251585,accepted,interaction
exp_003a,6,agent_00,horse_028,horse,mimsy,0.675357,0.508647,accepted,interaction
exp_003a,6,agent_00,horse_029,horse,mimsy,0.611611,0.428659,accepted,interaction
exp_003a,6,agent_00,ship_015,ship,vorpal,0.73715,0.51701,accepted,interaction
exp_003a,6,agent_00,ship_016,ship,vorpal,0.581084,0.438593,accepted,interaction
exp_003a,6,agent_00,ship_017,ship,vorpal,0.663108,0.326499,accepted,interaction
exp_003a,6,agent_00,ship_018,ship,vorpal,0.762692,0.538065,accepted,interaction
exp_003a,6,agent_00,ship_019,ship,vorpal,0.549505,0.299395,accepted,interaction
exp_003a,6,agent_00,ship_020,ship,vorpal,0.764867,0.524741,accepted,interaction
exp_003a,6,agent_00,ship_021,ship,vorpal,0.614272,0.346584,accepted,interaction
exp_003a,6,agent_00,ship_022,ship,vorpal,0.652526,0.483978,accepted,interaction
exp_003a,6,agent_00,ship_023,ship,vorpal,0.535699,0.402478,accepted,interaction
exp_003a,6,agent_00,ship_024,ship,vorpal,0.342153,0.191253,accepted,interaction
exp_003a,6,agent_00,ship_025,ship,vorpal,0.643835,0.415362,accepted,interaction
exp_003a,6,agent_00,ship_026,ship,vorpal,0.513888,0.365653,accepted,interaction
exp_003a,6,agent_00,ship_027,ship,vorpal,0.691674,0.525463,accepted,interaction
exp_003a,6,agent_00,ship_028,ship,vorpal,0.506434,0.368097,accepted,interaction
exp_003a,6,agent_00,ship_029,ship,vorpal,0.541584,0.289826,accepted,interaction
exp_003a,6,agent_01,frog_015,frog,slithy,0.476775,0.313194,accepted,interaction
exp_003a,6,agent_01,frog_016,frog,slithy,0.606627,0.391919,accepted,interaction
exp_003a,6,agent_01,frog_017,frog,slithy,0.711708,0.550101,accepted,interaction
exp_003a,6,agent_01,frog_018,frog,slithy,0.534597,0.36262,accepted,interaction
exp_003a,6,agent_01,frog_019,frog,slithy,0.459784,0.263906,accepted,interaction
exp_003a,6,agent_01,frog_020,frog,slithy,0.616134,0.398337,accepted,interaction
exp_003a,6,agent_01,frog_021,frog,slithy,0.593971,0.413833,accepted,interaction
exp_003a,6,agent_01,frog_022,frog,slithy,0.575703,0.339415,accepted,interaction
exp_003a,6,agent_01,frog_023,frog,slithy,0.582427,0.431747,accepted,interaction
exp_003a,6,agent_01,frog_024,frog,slithy,0.661884,0.501703,accepted,interaction
exp_003a,6,agent_01,frog_025,frog,slithy,0.622628,0.382811,accepted,interaction
exp_003a,6,agent_01,frog_026,frog,slithy,0.39804,0.305033,accepted,interaction
exp_003a,6,agent_01,frog_027,frog,slithy,0.636746,0.541218,accepted,interaction
exp_003a,6,agent_01,frog_028,frog,slithy,0.49964,0.317769,accepted,interaction
exp_003a,6,agent_01,frog_029,frog,slithy,0.558602,0.345873,accepted,interaction
exp_003a,6,agent_01,horse_015,horse,mimsy,0.628446,0.489592,accepted,interaction
exp_003a,6,agent_01,horse_016,horse,UNCERTAIN,0.234476,0.059504,accepted,interaction
exp_003a,6,agent_01,horse_017,horse,mimsy,0.741708,0.599691,accepted,interaction
exp_003a,6,agent_01,horse_018,horse,mimsy,0.695262,0.427858,accepted,interaction
exp_003a,6,agent_01,horse_019,horse,mimsy,0.638105,0.500227,accepted,interaction
exp_003a,6,agent_01,horse_020,horse,mimsy,0.633883,0.550356,accepted,interaction
exp_003a,6,agent_01,horse_021,horse,mimsy,0.688753,0.517537,accepted,interaction
exp_003a,6,agent_01,horse_022,horse,mimsy,0.724007,0.531968,accepted,interaction
exp_003a,6,agent_01,horse_023,horse,mimsy,0.729314,0.567535,accepted,interaction
exp_003a,6,agent_01,horse_024,horse,mimsy,0.643309,0.472851,accepted,interaction
exp_003a,6,agent_01,horse_025,horse,mimsy,0.695895,0.407148,accepted,interaction
exp_003a,6,agent_01,horse_026,horse,mimsy,0.693291,0.461721,accepted,interaction
exp_003a,6,agent_01,horse_027,horse,mimsy,0.578938,0.255967,accepted,interaction
exp_003a,6,agent_01,horse_028,horse,mimsy,0.67776,0.516319,accepted,interaction
exp_003a,6,agent_01,horse_029,horse,mimsy,0.609804,0.429321,accepted,interaction
exp_003a,6,agent_01,ship_015,ship,vorpal,0.730121,0.50984,accepted,interaction
exp_003a,6,agent_01,ship_016,ship,vorpal,0.580647,0.437481,accepted,interaction
exp_003a,6,agent_01,ship_017,ship,vorpal,0.660803,0.322296,accepted,interaction
exp_003a,6,agent_01,ship_018,ship,vorpal,0.760339,0.536084,accepted,interaction
exp_003a,6,agent_01,ship_019,ship,vorpal,0.55328,0.307036,accepted,interaction
exp_003a,6,agent_01,ship_020,ship,vorpal,0.760515,0.518551,accepted,interaction
exp_003a,6,agent_01,ship_021,ship,vorpal,0.612974,0.351885,accepted,interaction
exp_003a,6,agent_01,ship_022,ship,vorpal,0.650604,0.484884,accepted,interaction
exp_003a,6,agent_01,ship_023,ship,vorpal,0.533723,0.400126,accepted,interaction
exp_003a,6,agent_01,ship_024,ship,vorpal,0.342479,0.186288,accepted,interaction
exp_003a,6,agent_01,ship_025,ship,vorpal,0.647501,0.419082,accepted,interaction
exp_003a,6,agent_01,ship_026,ship,vorpal,0.517416,0.373921,accepted,interaction
exp_003a,6,agent_01,ship_027,ship,vorpal,0.696673,0.531338,accepted,interaction
exp_003a,6,agent_01,ship_028,ship,vorpal,0.507809,0.368696,accepted,interaction
exp_003a,6,agent_01,ship_029,ship,vorpal,0.545537,0.297021,accepted,interaction
exp_003a,6,agent_02,frog_015,frog,slithy,0.452336,0.28949,accepted,interaction
exp_003a,6,agent_02,frog_016,frog,slithy,0.63006,0.416343,accepted,interaction
exp_003a,6,agent_02,frog_017,frog,slithy,0.714822,0.550741,accepted,interaction
exp_003a,6,agent_02,frog_018,frog,slithy,0.498965,0.32396,accepted,interaction
exp_003a,6,agent_02,frog_019,frog,slithy,0.497535,0.303264,accepted,interaction
exp_003a,6,agent_02,frog_020,frog,slithy,0.637778,0.418878,accepted,interaction
exp_003a,6,agent_02,frog_021,frog,slithy,0.592991,0.413123,accepted,interaction
exp_003a,6,agent_02,frog_022,frog,slithy,0.56781,0.331727,accepted,interaction
exp_003a,6,agent_02,frog_023,frog,slithy,0.596949,0.446256,accepted,interaction
exp_003a,6,agent_02,frog_024,frog,slithy,0.666209,0.504139,accepted,interaction
exp_003a,6,agent_02,frog_025,frog,slithy,0.632467,0.393134,accepted,interaction
exp_003a,6,agent_02,frog_026,frog,UNCERTAIN,0.286085,0.192695,rejected,interaction
exp_003a,6,agent_02,frog_027,frog,slithy,0.634791,0.54123,accepted,interaction
exp_003a,6,agent_02,frog_028,frog,slithy,0.513206,0.328263,accepted,interaction
exp_003a,6,agent_02,frog_029,frog,slithy,0.561966,0.347598,accepted,interaction
exp_003a,6,agent_02,horse_015,horse,mimsy,0.64777,0.504537,accepted,interaction
exp_003a,6,agent_02,horse_016,horse,UNCERTAIN,0.218319,0.054709,accepted,interaction
exp_003a,6,agent_02,horse_017,horse,mimsy,0.737383,0.592534,accepted,interaction
exp_003a,6,agent_02,horse_018,horse,mimsy,0.705646,0.435258,accepted,interaction
exp_003a,6,agent_02,horse_019,horse,mimsy,0.636495,0.494628,accepted,interaction
exp_003a,6,agent_02,horse_020,horse,mimsy,0.640728,0.556715,accepted,interaction
exp_003a,6,agent_02,horse_021,horse,mimsy,0.690603,0.513478,accepted,interaction
exp_003a,6,agent_02,horse_022,horse,mimsy,0.717313,0.523214,accepted,interaction
exp_003a,6,agent_02,horse_023,horse,mimsy,0.72341,0.559053,accepted,interaction
exp_003a,6,agent_02,horse_024,horse,mimsy,0.64302,0.47261,accepted,interaction
exp_003a,6,agent_02,horse_025,horse,mimsy,0.697412,0.401755,accepted,interaction
exp_003a,6,agent_02,horse_026,horse,mimsy,0.685648,0.451078,accepted,interaction
exp_003a,6,agent_02,horse_027,horse,mimsy,0.576333,0.256406,accepted,interaction
exp_003a,6,agent_02,horse_028,horse,mimsy,0.666512,0.499967,accepted,interaction
exp_003a,6,agent_02,horse_029,horse,mimsy,0.60969,0.427482,accepted,interaction
exp_003a,6,agent_02,ship_015,ship,vorpal,0.733968,0.503864,accepted,interaction
exp_003a,6,agent_02,ship_016,ship,vorpal,0.582565,0.440696,accepted,interaction
exp_003a,6,agent_02,ship_017,ship,vorpal,0.656294,0.31604,accepted,interaction
exp_003a,6,agent_02,ship_018,ship,vorpal,0.761093,0.53217,accepted,interaction
exp_003a,6,agent_02,ship_019,ship,vorpal,0.55129,0.304859,accepted,interaction
exp_003a,6,agent_02,ship_020,ship,vorpal,0.7609,0.51829,accepted,interaction
exp_003a,6,agent_02,ship_021,ship,vorpal,0.616917,0.353821,accepted,interaction
exp_003a,6,agent_02,ship_022,ship,vorpal,0.648193,0.476088,accepted,interaction
exp_003a,6,agent_02,ship_023,ship,vorpal,0.537165,0.400233,accepted,interaction
exp_003a,6,agent_02,ship_024,ship,vorpal,0.341485,0.182367,accepted,interaction
exp_003a,6,agent_02,ship_025,ship,vorpal,0.648067,0.417195,accepted,interaction
exp_003a,6,agent_02,ship_026,ship,vorpal,0.516217,0.36993,accepted,interaction
exp_003a,6,agent_02,ship_027,ship,vorpal,0.697171,0.534014,accepted,interaction
exp_003a,6,agent_02,ship_028,ship,vorpal,0.50466,0.366258,accepted,interaction
exp_003a,6,agent_02,ship_029,ship,vorpal,0.543425,0.287546,accepted,interaction
exp_003a,6,agent_00,frog_030,frog,slithy,0.446103,0.278899,accepted,held_out
exp_003a,6,agent_00,frog_031,frog,slithy,0.537373,0.359606,accepted,held_out
exp_003a,6,agent_00,frog_032,frog,slithy,0.378794,0.211109,accepted,held_out
exp_003a,6,agent_00,frog_033,frog,slithy,0.551333,0.348672,accepted,held_out
exp_003a,6,agent_00,frog_034,frog,slithy,0.590802,0.3987,accepted,held_out
exp_003a,6,agent_00,frog_035,frog,slithy,0.595711,0.402579,accepted,held_out
exp_003a,6,agent_00,frog_036,frog,slithy,0.420618,0.218627,accepted,held_out
exp_003a,6,agent_00,frog_037,frog,slithy,0.498363,0.341884,accepted,held_out
exp_003a,6,agent_00,frog_038,frog,slithy,0.52015,0.284586,accepted,held_out
exp_003a,6,agent_00,frog_039,frog,slithy,0.414073,0.203046,accepted,held_out
exp_003a,6,agent_00,frog_040,frog,slithy,0.496343,0.350194,accepted,held_out
exp_003a,6,agent_00,frog_041,frog,slithy,0.504352,0.326555,accepted,held_out
exp_003a,6,agent_00,frog_042,frog,slithy,0.587571,0.381793,accepted,held_out
exp_003a,6,agent_00,frog_043,frog,slithy,0.616869,0.338785,accepted,held_out
exp_003a,6,agent_00,frog_044,frog,slithy,0.604159,0.402553,accepted,held_out
exp_003a,6,agent_00,frog_045,frog,slithy,0.60502,0.393029,accepted,held_out
exp_003a,6,agent_00,frog_046,frog,slithy,0.545254,0.374156,accepted,held_out
exp_003a,6,agent_00,frog_047,frog,slithy,0.50572,0.302946,accepted,held_out
exp_003a,6,agent_00,frog_048,frog,slithy,0.635696,0.504813,accepted,held_out
exp_003a,6,agent_00,frog_049,frog,slithy,0.404572,0.142924,accepted,held_out
exp_003a,6,agent_00,horse_030,horse,mimsy,0.659418,0.528146,accepted,held_out
exp_003a,6,agent_00,horse_031,horse,mimsy,0.51693,0.356499,accepted,held_out
exp_003a,6,agent_00,horse_032,horse,mimsy,0.650699,0.471308,accepted,held_out
exp_003a,6,agent_00,horse_033,horse,mimsy,0.69153,0.528329,accepted,held_out
exp_003a,6,agent_00,horse_034,horse,mimsy,0.714129,0.624252,accepted,held_out
exp_003a,6,agent_00,horse_035,horse,mimsy,0.596972,0.359184,accepted,held_out
exp_003a,6,agent_00,horse_036,horse,mimsy,0.586593,0.449135,accepted,held_out
exp_003a,6,agent_00,horse_037,horse,mimsy,0.678396,0.492968,accepted,held_out
exp_003a,6,agent_00,horse_038,horse,mimsy,0.653747,0.453741,accepted,held_out
exp_003a,6,agent_00,horse_039,horse,mimsy,0.678063,0.487543,accepted,held_out
exp_003a,6,agent_00,horse_040,horse,mimsy,0.704658,0.507313,accepted,held_out
exp_003a,6,agent_00,horse_041,horse,mimsy,0.558243,0.414206,accepted,held_out
exp_003a,6,agent_00,horse_042,horse,mimsy,0.712844,0.538862,accepted,held_out
exp_003a,6,agent_00,horse_043,horse,mimsy,0.585189,0.373771,accepted,held_out
exp_003a,6,agent_00,horse_044,horse,mimsy,0.712696,0.500646,accepted,held_out
exp_003a,6,agent_00,horse_045,horse,mimsy,0.74882,0.583778,accepted,held_out
exp_003a,6,agent_00,horse_046,horse,mimsy,0.650508,0.466536,accepted,held_out
exp_003a,6,agent_00,horse_047,horse,mimsy,0.74631,0.571228,accepted,held_out
exp_003a,6,agent_00,horse_048,horse,mimsy,0.725175,0.558057,accepted,held_out
exp_003a,6,agent_00,horse_049,horse,mimsy,0.653654,0.500655,accepted,held_out
exp_003a,6,agent_00,ship_030,ship,vorpal,0.637413,0.425162,accepted,held_out
exp_003a,6,agent_00,ship_031,ship,vorpal,0.614845,0.397864,accepted,held_out
exp_003a,6,agent_00,ship_032,ship,vorpal,0.612519,0.412262,accepted,held_out
exp_003a,6,agent_00,ship_033,ship,vorpal,0.442128,0.35397,accepted,held_out
exp_003a,6,agent_00,ship_034,ship,vorpal,0.512464,0.334223,accepted,held_out
exp_003a,6,agent_00,ship_035,ship,vorpal,0.597045,0.425921,accepted,held_out
exp_003a,6,agent_00,ship_036,ship,vorpal,0.599461,0.392863,accepted,held_out
exp_003a,6,agent_00,ship_037,ship,vorpal,0.488438,0.253086,accepted,held_out
exp_003a,6,agent_00,ship_038,ship,vorpal,0.342746,0.21792,accepted,held_out
exp_003a,6,agent_00,ship_039,ship,vorpal,0.626586,0.421773,accepted,held_out
exp_003a,6,agent_00,ship_040,ship,vorpal,0.63991,0.454834,accepted,held_out
exp_003a,6,agent_00,ship_041,ship,vorpal,0.682192,0.485644,accepted,held_out
exp_003a,6,agent_00,ship_042,ship,vorpal,0.616494,0.413727,accepted,held_out
exp_003a,6,agent_00,ship_043,ship,vorpal,0.513747,0.351946,accepted,held_out
exp_003a,6,agent_00,ship_044,ship,vorpal,0.618876,0.338929,accepted,held_out
exp_003a,6,agent_00,ship_045,ship,vorpal,0.651989,0.428082,accepted,held_out
exp_003a,6,agent_00,ship_046,ship,vorpal,0.70582,0.470706,accepted,held_out
exp_003a,6,agent_00,ship_047,ship,vorpal,0.645155,0.42739,accepted,held_out
exp_003a,6,agent_00,ship_048,ship,vorpal,0.602152,0.452787,accepted,held_out
exp_003a,6,agent_00,ship_049,ship,vorpal,0.561625,0.34364,accepted,held_out
exp_003a,6,agent_01,frog_030,frog,slithy,0.441192,0.276904,accepted,held_out
exp_003a,6,agent_01,frog_031,frog,slithy,0.535161,0.356032,accepted,held_out
exp_003a,6,agent_01,frog_032,frog,slithy,0.380867,0.214274,accepted,held_out
exp_003a,6,agent_01,frog_033,frog,slithy,0.554969,0.354075,accepted,held_out
exp_003a,6,agent_01,frog_034,frog,slithy,0.600243,0.408048,accepted,held_out
exp_003a,6,agent_01,frog_035,frog,slithy,0.594226,0.399946,accepted,held_out
exp_003a,6,agent_01,frog_036,frog,slithy,0.413817,0.211687,accepted,held_out
exp_003a,6,agent_01,frog_037,frog,slithy,0.507879,0.348993,accepted,held_out
exp_003a,6,agent_01,frog_038,frog,slithy,0.525428,0.286738,accepted,held_out
exp_003a,6,agent_01,frog_039,frog,slithy,0.41191,0.204389,accepted,held_out
exp_003a,6,agent_01,frog_040,frog,slithy,0.498168,0.348954,accepted,held_out
exp_003a,6,agent_01,frog_041,frog,slithy,0.511437,0.330629,accepted,held_out
exp_003a,6,agent_01,frog_042,frog,slithy,0.587054,0.383645,accepted,held_out
exp_003a,6,agent_01,frog_043,frog,slithy,0.60928,0.332044,accepted,held_out
exp_003a,6,agent_01,frog_044,frog,slithy,0.605079,0.405535,accepted,held_out
exp_003a,6,agent_01,frog_045,frog,slithy,0.597869,0.385209,accepted,held_out
exp_003a,6,agent_01,frog_046,frog,slithy,0.547383,0.379013,accepted,held_out
exp_003a,6,agent_01,frog_047,frog,slithy,0.514016,0.308591,accepted,held_out
exp_003a,6,agent_01,frog_048,frog,slithy,0.634807,0.504336,accepted,held_out
exp_003a,6,agent_01,frog_049,frog,slithy,0.409304,0.153478,accepted,held_out
exp_003a,6,agent_01,horse_030,horse,mimsy,0.65944,0.52865,accepted,held_out
exp_003a,6,agent_01,horse_031,horse,mimsy,0.517485,0.360501,accepted,held_out
exp_003a,6,agent_01,horse_032,horse,mimsy,0.657611,0.477324,accepted,held_out
exp_003a,6,agent_01,horse_033,horse,mimsy,0.694523,0.531319,accepted,held_out
exp_003a,6,agent_01,horse_034,horse,mimsy,0.718123,0.630149,accepted,held_out
exp_003a,6,agent_01,horse_035,horse,mimsy,0.597038,0.361386,accepted,held_out
exp_003a,6,agent_01,horse_036,horse,mimsy,0.591012,0.45665,accepted,held_out
exp_003a,6,agent_01,horse_037,horse,mimsy,0.670958,0.485642,accepted,held_out
exp_003a,6,agent_01,horse_038,horse,mimsy,0.656464,0.455261,accepted,held_out
exp_003a,6,agent_01,horse_039,horse,mimsy,0.676386,0.49067,accepted,held_out
exp_003a,6,agent_01,horse_040,horse,mimsy,0.7029,0.50836,accepted,held_out
exp_003a,6,agent_01,horse_041,horse,mimsy,0.556885,0.413592,accepted,held_out
exp_003a,6,agent_01,horse_042,horse,mimsy,0.711167,0.536277,accepted,held_out
exp_003a,6,agent_01,horse_043,horse,mimsy,0.580068,0.370412,accepted,held_out
exp_003a,6,agent_01,horse_044,horse,mimsy,0.717223,0.508107,accepted,held_out
exp_003a,6,agent_01,horse_045,horse,mimsy,0.75115,0.586805,accepted,held_out
exp_003a,6,agent_01,horse_046,horse,mimsy,0.641204,0.460025,accepted,held_out
exp_003a,6,agent_01,horse_047,horse,mimsy,0.743526,0.572537,accepted,held_out
exp_003a,6,agent_01,horse_048,horse,mimsy,0.726075,0.55789,accepted,held_out
exp_003a,6,agent_01,horse_049,horse,mimsy,0.659205,0.508128,accepted,held_out
exp_003a,6,agent_01,ship_030,ship,vorpal,0.6391,0.428697,accepted,held_out
exp_003a,6,agent_01,ship_031,ship,vorpal,0.611988,0.395893,accepted,held_out
exp_003a,6,agent_01,ship_032,ship,vorpal,0.61381,0.41343,accepted,held_out
exp_003a,6,agent_01,ship_033,ship,vorpal,0.445794,0.358502,accepted,held_out
exp_003a,6,agent_01,ship_034,ship,vorpal,0.510671,0.328141,accepted,held_out
exp_003a,6,agent_01,ship_035,ship,vorpal,0.600092,0.4305,accepted,held_out
exp_003a,6,agent_01,ship_036,ship,vorpal,0.598388,0.395096,accepted,held_out
exp_003a,6,agent_01,ship_037,ship,vorpal,0.484645,0.250396,accepted,held_out
exp_003a,6,agent_01,ship_038,ship,vorpal,0.342486,0.217576,accepted,held_out
exp_003a,6,agent_01,ship_039,ship,vorpal,0.626599,0.422521,accepted,held_out
exp_003a,6,agent_01,ship_040,ship,vorpal,0.640782,0.453955,accepted,held_out
exp_003a,6,agent_01,ship_041,ship,vorpal,0.685624,0.490762,accepted,held_out
exp_003a,6,agent_01,ship_042,ship,vorpal,0.622431,0.419938,accepted,held_out
exp_003a,6,agent_01,ship_043,ship,vorpal,0.514744,0.35514,accepted,held_out
exp_003a,6,agent_01,ship_044,ship,vorpal,0.622323,0.341722,accepted,held_out
exp_003a,6,agent_01,ship_045,ship,vorpal,0.649631,0.426435,accepted,held_out
exp_003a,6,agent_01,ship_046,ship,vorpal,0.707227,0.47518,accepted,held_out
exp_003a,6,agent_01,ship_047,ship,vorpal,0.645328,0.423815,accepted,held_out
exp_003a,6,agent_01,ship_048,ship,vorpal,0.597103,0.446738,accepted,held_out
exp_003a,6,agent_01,ship_049,ship,vorpal,0.561208,0.344386,accepted,held_out
exp_003a,6,agent_02,frog_030,frog,slithy,0.446823,0.281052,accepted,held_out
exp_003a,6,agent_02,frog_031,frog,slithy,0.533906,0.35515,accepted,held_out
exp_003a,6,agent_02,frog_032,frog,slithy,0.373846,0.204638,accepted,held_out
exp_003a,6,agent_02,frog_033,frog,slithy,0.550135,0.348385,accepted,held_out
exp_003a,6,agent_02,frog_034,frog,slithy,0.613737,0.422585,accepted,held_out
exp_003a,6,agent_02,frog_035,frog,slithy,0.600232,0.406496,accepted,held_out
exp_003a,6,agent_02,frog_036,frog,slithy,0.414171,0.212346,accepted,held_out
exp_003a,6,agent_02,frog_037,frog,slithy,0.506411,0.349886,accepted,held_out
exp_003a,6,agent_02,frog_038,frog,slithy,0.515965,0.284195,accepted,held_out
exp_003a,6,agent_02,frog_039,frog,slithy,0.401838,0.192899,accepted,held_out
exp_003a,6,agent_02,frog_040,frog,slithy,0.50669,0.362051,accepted,held_out
exp_003a,6,agent_02,frog_041,frog,slithy,0.485316,0.30944,accepted,held_out
exp_003a,6,agent_02,frog_042,frog,slithy,0.589923,0.385654,accepted,held_out
exp_003a,6,agent_02,frog_043,frog,slithy,0.618827,0.342954,accepted,held_out
exp_003a,6,agent_02,frog_044,frog,slithy,0.615104,0.412613,accepted,held_out
exp_003a,6,agent_02,frog_045,frog,slithy,0.601992,0.392071,accepted,held_out
exp_003a,6,agent_02,frog_046,frog,slithy,0.532569,0.36355,accepted,held_out
exp_003a,6,agent_02,frog_047,frog,slithy,0.505038,0.300114,accepted,held_out
exp_003a,6,agent_02,frog_048,frog,slithy,0.640775,0.50882,accepted,held_out
exp_003a,6,agent_02,frog_049,frog,slithy,0.412896,0.155262,accepted,held_out
exp_003a,6,agent_02,horse_030,horse,mimsy,0.656911,0.521795,accepted,held_out
exp_003a,6,agent_02,horse_031,horse,mimsy,0.516074,0.351168,accepted,held_out
exp_003a,6,agent_02,horse_032,horse,mimsy,0.657688,0.479509,accepted,held_out
exp_003a,6,agent_02,horse_033,horse,mimsy,0.686958,0.521172,accepted,held_out
exp_003a,6,agent_02,horse_034,horse,mimsy,0.713068,0.61881,accepted,held_out
exp_003a,6,agent_02,horse_035,horse,mimsy,0.592921,0.363716,accepted,held_out
exp_003a,6,agent_02,horse_036,horse,mimsy,0.589097,0.451736,accepted,held_out
exp_003a,6,agent_02,horse_037,horse,mimsy,0.683873,0.494454,accepted,held_out
exp_003a,6,agent_02,horse_038,horse,mimsy,0.668979,0.467559,accepted,held_out
exp_003a,6,agent_02,horse_039,horse,mimsy,0.667196,0.478957,accepted,held_out
exp_003a,6,agent_02,horse_040,horse,mimsy,0.699194,0.502101,accepted,held_out
exp_003a,6,agent_02,horse_041,horse,mimsy,0.558914,0.412141,accepted,held_out
exp_003a,6,agent_02,horse_042,horse,mimsy,0.707605,0.530074,accepted,held_out
exp_003a,6,agent_02,horse_043,horse,mimsy,0.595771,0.381681,accepted,held_out
exp_003a,6,agent_02,horse_044,horse,mimsy,0.710657,0.498648,accepted,held_out
exp_003a,6,agent_02,horse_045,horse,mimsy,0.747581,0.580318,accepted,held_out
exp_003a,6,agent_02,horse_046,horse,mimsy,0.639112,0.45371,accepted,held_out
exp_003a,6,agent_02,horse_047,horse,mimsy,0.741725,0.565631,accepted,held_out
exp_003a,6,agent_02,horse_048,horse,mimsy,0.722279,0.554102,accepted,held_out
exp_003a,6,agent_02,horse_049,horse,mimsy,0.655373,0.501721,accepted,held_out
exp_003a,6,agent_02,ship_030,ship,vorpal,0.641942,0.431995,accepted,held_out
exp_003a,6,agent_02,ship_031,ship,vorpal,0.612716,0.395614,accepted,held_out
exp_003a,6,agent_02,ship_032,ship,vorpal,0.61486,0.406117,accepted,held_out
exp_003a,6,agent_02,ship_033,ship,vorpal,0.442439,0.352609,accepted,held_out
exp_003a,6,agent_02,ship_034,ship,vorpal,0.510972,0.328958,accepted,held_out
exp_003a,6,agent_02,ship_035,ship,vorpal,0.599164,0.416531,accepted,held_out
exp_003a,6,agent_02,ship_036,ship,vorpal,0.601143,0.395391,accepted,held_out
exp_003a,6,agent_02,ship_037,ship,vorpal,0.480161,0.245362,accepted,held_out
exp_003a,6,agent_02,ship_038,ship,vorpal,0.343358,0.219262,accepted,held_out
exp_003a,6,agent_02,ship_039,ship,vorpal,0.622984,0.413711,accepted,held_out
exp_003a,6,agent_02,ship_040,ship,vorpal,0.635362,0.452669,accepted,held_out
exp_003a,6,agent_02,ship_041,ship,vorpal,0.684093,0.487698,accepted,held_out
exp_003a,6,agent_02,ship_042,ship,vorpal,0.617924,0.412193,accepted,held_out
exp_003a,6,agent_02,ship_043,ship,vorpal,0.516522,0.350616,accepted,held_out
exp_003a,6,agent_02,ship_044,ship,vorpal,0.62055,0.33627,accepted,held_out
exp_003a,6,agent_02,ship_045,ship,vorpal,0.651859,0.428457,accepted,held_out
exp_003a,6,agent_02,ship_046,ship,vorpal,0.708915,0.476138,accepted,held_out
exp_003a,6,agent_02,ship_047,ship,vorpal,0.641448,0.427467,accepted,held_out
exp_003a,6,agent_02,ship_048,ship,vorpal,0.600922,0.449925,accepted,held_out
exp_003a,6,agent_02,ship_049,ship,vorpal,0.564899,0.344837,accepted,held_out
