,apple,aquarium_fish,baby,bear,beaver,bed,bee,beetle,bicycle,bottle,bowl,boy,bridge,bus,butterfly,camel,can,castle,caterpillar,cattle,chair,chimpanzee,clock,cloud,cockroach,couch,crab,crocodile,cup,dinosaur,dolphin,elephant,flatfish,forest,fox,girl,hamster,house,kangaroo,keyboard,lamp,lawn_mower,leopard,lion,lizard,lobster,man,maple_tree,motorcycle,mountain,mouse,mushroom,oak_tree,orange,orchid,otter,palm_tree,pear,pickup_truck,pine_tree,plain,plate,poppy,porcupine,possum,rabbit,raccoon,ray,road,rocket,rose,sea,seal,shark,shrew,skunk,skyscraper,snail,snake,spider,squirrel,streetcar,sunflower,sweet_pepper,table,tank,telephone,television,tiger,tractor,train,trout,tulip,turtle,wardrobe,whale,willow_tree,wolf,woman,worm
apple,0.0,0.785176902924645,0.7534647185121203,0.8339814570876223,0.7870124029601024,0.8838815419569138,0.8201221372218135,0.7405610054899574,0.7880267254898083,0.7679398544803847,0.6034047424457705,0.7454038685288009,0.8486927712737817,0.8219365625453601,0.8302949650792844,0.8203206507584327,0.7326454226016351,0.842033457970134,0.8180320319457787,0.7914139649967715,0.8067373608412499,0.7844469125654622,0.7282143418575553,0.7921998147204257,0.7936498540352399,0.8280576618810028,0.763971639940643,0.8212528514740192,0.71680657940229,0.8017640323183044,0.8446120707492364,0.8171170030001205,0.7420265264816694,0.8077597844392765,0.8475768691895499,0.7623570137303484,0.788910419399044,0.8238931977070376,0.828524971090768,0.7933686429070692,0.7263347075273502,0.7774386459930103,0.8942003260062739,0.8080851593848448,0.7688798069887662,0.6996939924203344,0.76877347339586,0.7653296891068928,0.7929540256279428,0.8019876156686129,0.7600113203107497,0.8011172031181274,0.7710624318239281,0.49307425162786755,0.8078415858682888,0.7539404528242696,0.8133527906609668,0.34205617764909146,0.7852609865615512,0.788662427574137,0.7464511461021008,0.7075507114396117,0.7654415827127174,0.8381934852324111,0.8208768547862637,0.768718702907887,0.8361313740424361,0.7663214044960943,0.8222580344156347,0.8604127040014724,0.7667432834801953,0.785493664689682,0.7569665703924715,0.799791541172394,0.7889273561279564,0.8397160793791485,0.865425442971969,0.6739511795003007,0.7574184673112225,0.8072979649400458,0.8191033992499395,0.8069610740505118,0.7535195593716641,0.39618722336299883,0.783537783821837,0.7981932780377994,0.7945305822996547,0.7590212811413656,0.8286740554315398,0.7993845518038663,0.7781876992915344,0.7787101511889498,0.718041654117419,0.8460413440014738,0.8090856129913387,0.8243126362071131,0.7556776776833449,0.8337670067967514,0.7705395006977966,0.7212708434337575
aquarium_fish,0.785176902924645,0.0,0.7430097400262421,0.7292849984741547,0.6249853987525408,0.8067017505960772,0.6539016029398377,0.6443010196676762,0.7931999280165306,0.7854626424539626,0.6980101519154258,0.7351963433403645,0.8037794803401365,0.8008916759653297,0.6630698667929777,0.7768275502876636,0.7685876106247811,0.8133509173002019,0.6691204016900594,0.757955742294765,0.8257202285745306,0.7689694888799441,0.7972666201097514,0.7951754139424808,0.7128458333096652,0.7923937812827957,0.635892065958123,0.6241459208770177,0.7899290194356327,0.6299953099065263,0.6596224630479244,0.7924976466694686,0.45665958385278094,0.7471639918352725,0.6764538416042742,0.7371773616627115,0.6330589558385169,0.7597388621266168,0.7251513624973159,0.8957921176091229,0.7585712612940106,0.833996998885454,0.7301444181591639,0.7427964164680467,0.5553085512958491,0.5308938262515432,0.7518985247477495,0.7893745259561098,0.7551608775455759,0.8519651823899943,0.5841791081044038,0.6886702121161934,0.8355066553211222,0.7598723265682941,0.760139101606692,0.6355562644198895,0.8219057360516385,0.7405509178942775,0.7598358824487912,0.7931805613247859,0.8145616840661104,0.752378937820313,0.6605056293274129,0.7036948094539388,0.6798695433465889,0.6387604300525964,0.7649206887525373,0.5032665768791535,0.8722988521999687,0.7885629357154726,0.721774204252774,0.8254279906723253,0.6287191374678738,0.496565019836553,0.5979996719872003,0.7077489351903345,0.8335085806919127,0.6309996406048323,0.7345069284565428,0.701632809585596,0.6028872776444962,0.829919201313194,0.7803173720792063,0.7849676408606368,0.7951448653661748,0.8117891765233908,0.8570257413283126,0.80665422108093,0.7044473391167494,0.8152750171254426,0.7608434485789137,0.27831214851351993,0.6818564664084266,0.5242730552748478,0.8456558944331374,0.6965960154809137,0.7713509001287854,0.7685711577080384,0.7776826056067253,0.731744602779831
baby,0.7534647185121203,0.7430097400262421,0.0,0.6508317617153574,0.6403020948665598,0.6773116767114791,0.7045853923859757,0.7480548258449737,0.7434284489495888,0.7688822039793758,0.6415541695478354,0.1614092577064017,0.7358386609330383,0.7092367815160248,0.757731382442571,0.7037661447194175,0.7390862456733776,0.7118123440108426,0.7580390379449582,0.7197545509465432,0.7809718365429037,0.6284697846856484,0.786520441683422,0.692714042356247,0.8224323071624933,0.6780768075116972,0.6762407290398595,0.6536969166329323,0.7726676950343053,0.6955454672502488,0.7732815618121814,0.7511953661098407,0.5629876101097928,0.6726867239433663,0.7425866956637287,0.1887688566781056,0.6464928072552436,0.660929071919501,0.7366917205081439,0.7592343847270034,0.6928159086966438,0.6806195433710283,0.726168874699832,0.7536422408477621,0.6198303137902809,0.6065616352354599,0.39336232459264253,0.6744162534709564,0.6835403276844536,0.7586640398535294,0.6411279565084581,0.7662183453096099,0.6836929134464427,0.8097102529411727,0.8093745942962364,0.5814564175272934,0.7369473871163654,0.6876484648611683,0.7072911502721971,0.653520484787343,0.730964497942522,0.6986529822146936,0.8388772759867146,0.6937840649458296,0.6573609376826639,0.5913329691866532,0.7265022999565431,0.6989447905673125,0.7747220028780576,0.7309805640729838,0.7772321573367614,0.7211716362765878,0.5916218401604757,0.7529228183527423,0.6629983695765018,0.685797566062514,0.7708743042232237,0.6697660808909978,0.7777822601637154,0.7271274341631015,0.6298645024826388,0.7397318188459427,0.8597114890596917,0.8100296697793419,0.6766846234642948,0.687992333211774,0.7961378538401109,0.6712610918854296,0.7476744412608629,0.7212363042638836,0.7269705209166506,0.7217619516380522,0.8157885473986126,0.7075735181107706,0.7522296323828509,0.7820287886467079,0.6635464224597124,0.7269838454810652,0.3815697017400601,0.7834722263820709
bear,0.8339814570876223,0.7292849984741547,0.6508317617153574,0.0,0.22354536517188817,0.7778921613037055,0.6594164464388494,0.6532508588068429,0.7493715472410953,0.7366964025698135,0.6526209591182472,0.5868749019504782,0.6395954786459066,0.6855792386592989,0.6373318461256623,0.4389148238242351,0.7668491868442272,0.6244603796388102,0.6783962078811868,0.38658001017711796,0.8278679235325345,0.37837287803801023,0.7892975719999067,0.6678458283224313,0.7619800283494321,0.7362644693971507,0.6597021659551018,0.44174442716833284,0.7820067977781691,0.47562151655023566,0.642609490446514,0.3689771125574818,0.5133895905125248,0.5265987277188755,0.4473849529860042,0.5837300410545252,0.5127073067062375,0.6023887868231238,0.45193373503089496,0.8285595422256458,0.7155587689250944,0.8233434083070148,0.4138257647389645,0.37837235140389147,0.5936592091986295,0.6261952181808802,0.5751860324142011,0.6063711786244381,0.7556171994418791,0.6301025214137619,0.45780003933879365,0.683311257729065,0.6254640947352704,0.8391657892199387,0.7697535895458455,0.25878733889396044,0.6989053599637414,0.7024039732597023,0.639612418975547,0.5702589246243202,0.6252109914956318,0.7300212241442874,0.7933106352880422,0.3891314149764752,0.35023751405284287,0.4283142871961252,0.36546734709737483,0.6337106981781079,0.6908859218446367,0.6992780472104085,0.7221966407210109,0.6694890276094372,0.24470205060451922,0.7102299875689014,0.3942370111823751,0.4291561157329563,0.6834762199196007,0.6343196649007771,0.7221627735714639,0.6811926431000473,0.3781368352949439,0.7375886204092663,0.8152330570853945,0.8330853836168627,0.7285139396310722,0.6023270733964489,0.7489226126465008,0.7274135587288819,0.49148951757944537,0.7023954843948855,0.6326584501628736,0.6943365603439438,0.7627766608535493,0.6011711215965587,0.7520813402995464,0.5912281778668891,0.5526812136304631,0.4325931901265594,0.5959207740360444,0.754056874191871
beaver,0.7870124029601024,0.6249853987525408,0.6403020948665598,0.22354536517188817,0.0,0.7992086288786134,0.5684003086386614,0.5391845685338049,0.7323223809659527,0.7478933792594271,0.6018289356591229,0.5843213931321979,0.6194609379433171,0.7068554404437895,0.5549512907624995,0.4469154475904277,0.7485513201221763,0.6354634058752302,0.5668771710673808,0.5050999128187446,0.8213950178398687,0.4703282054440655,0.7797449184552883,0.6202204631515407,0.6750237111237318,0.7494077477630424,0.5438714951723699,0.28382833949367914,0.7709708992047501,0.4158567722915718,0.5817098715655533,0.44629345693217937,0.3938895566768993,0.5091709279483967,0.4486488682241516,0.5766951424303869,0.4629647916206119,0.6030810089393527,0.3572543209434328,0.836353400163121,0.6939410120747844,0.7687861500942543,0.3911846275533537,0.4199288521576696,0.4490762975313296,0.4856282595810325,0.5654870880768704,0.6030102207548261,0.7094017452907186,0.6354828441420273,0.24253571407884533,0.5908796898474626,0.6145960312025245,0.8608875270706059,0.7913947879422697,0.09769227092624289,0.6890076543095247,0.6621622107385665,0.677149352604381,0.5617633697387903,0.6231200687347274,0.7082075166076479,0.7500935690292666,0.2213434257841106,0.34711572095592125,0.2909868439062121,0.345182486984395,0.515665577774527,0.7117851386534018,0.6855412739448546,0.7306817807024413,0.6389563067775167,0.18259640834951185,0.6390804920791127,0.1650468642781261,0.4288748218002384,0.7056559928347712,0.47477696729979457,0.5936744009115119,0.5953303115351134,0.23859839545571326,0.7220853857205722,0.7932033806220327,0.795322172664406,0.7287960100329336,0.5989879177245304,0.7666052571247564,0.7134505626944947,0.46709166096766064,0.6948619270921765,0.624414251592911,0.5641613287877352,0.7320879790055592,0.457125576640277,0.7109038672006494,0.5666278243946097,0.5238293060459485,0.4629658419770798,0.5781908875854779,0.6525102044234916
bed,0.8838815419569138,0.8067017505960772,0.6773116767114791,0.7778921613037055,0.7992086288786134,0.0,0.8152026143430049,0.8309083844117678,0.866211561336451,0.7214639205318819,0.7715012405713093,0.7464408675870832,0.6974209065308189,0.6809315310023274,0.8435669948666001,0.7824105909769979,0.8127085684959927,0.7359324784536037,0.8535317400331521,0.818752364935573,0.6143220052189913,0.8264792172111997,0.7993624370098847,0.8307556849228189,0.8761499212337994,0.37767292448737055,0.8116905603696793,0.7914692066814233,0.8250955074229759,0.7909091147463904,0.8506492478238608,0.8325997556375218,0.7593721313080565,0.7603556929413171,0.7798986075481783,0.7603545131363524,0.7938939428661993,0.6820232432058225,0.8243168520754227,0.7852399801566734,0.6848828957887207,0.7752656146624493,0.8243547717948605,0.8332706377197706,0.7827022878699991,0.8076456325330615,0.7485368589325743,0.7687132230269713,0.8473539761656121,0.8125831839418658,0.798746723806742,0.9245491034529101,0.7551757961123311,0.9099026178363093,0.8455095797909895,0.7774654217657756,0.823373093689608,0.8128466848143356,0.6778662675657356,0.7752981199394542,0.7756310095979156,0.8142697841537084,0.9430221757304841,0.8268575451703521,0.8211415209969903,0.7629272575100976,0.8039289343675875,0.8255786556627671,0.78298774868725,0.8358272471493626,0.9252252980604531,0.7754477907213114,0.7718467497065601,0.822434653804594,0.828303740009216,0.8199386499081809,0.8276766115618288,0.815155471272806,0.8863228035564276,0.8342644377232109,0.7874300578913985,0.7313101768811207,0.9232362378544678,0.9080909319374353,0.42779792997774024,0.7433160013725133,0.7164758730395787,0.6289962139656391,0.8261904083277253,0.7250186494522985,0.7382803171998009,0.7716602233849401,0.9054153802909294,0.7811546351455751,0.45860539483044904,0.8377600384795256,0.7914185412962524,0.8026791281679302,0.7481523045927938,0.9134494377460352
bee,0.8201221372218135,0.6539016029398377,0.7045853923859757,0.6594164464388494,0.5684003086386614,0.8152026143430049,0.0,0.39843054477112605,0.7889659569888727,0.7820474872722275,0.6604566172586516,0.6806890222296493,0.7258074232637212,0.7478442413670685,0.43347226309265563,0.6784491899746955,0.7368854703107333,0.6939255786838309,0.5015367098263216,0.6643504428813216,0.8347028475055116,0.7091136769711707,0.7576921465803265,0.7067132289477651,0.5283800164920116,0.8204434557205247,0.5076268883181181,0.6142781077000725,0.7723883884419733,0.621983284997652,0.7918179798208745,0.7270959449920242,0.619764787509878,0.7027526956370802,0.6607826894619048,0.6788547990494007,0.6894611867800873,0.6972737381910981,0.6367796365416044,0.7878540609372562,0.7395174552146317,0.7703292229044018,0.6592395518525735,0.6802699830629113,0.5625501332991223,0.488803595993615,0.6866463387924615,0.6831163383418828,0.7566069157963831,0.7032429578372998,0.5905525173156143,0.6934238264995356,0.7040928728817802,0.7702173475529749,0.6762834496990067,0.5643914894797727,0.7517428784454001,0.7423072211969188,0.7315281942522223,0.6865321122522487,0.7031021078967737,0.7375868465298103,0.6481757586359341,0.6174666599391457,0.6654142332133112,0.6148182906766172,0.6433210988760845,0.7064379158333716,0.7578582482952773,0.7236584348682236,0.6981446749369797,0.7483315717547865,0.6044971042576484,0.7383490615059511,0.5466042190127864,0.6649835177068654,0.7661897901020422,0.5767130709354731,0.7090598015353485,0.4339351327047526,0.5705786306895544,0.7347963662382863,0.6234935897190917,0.791481816306928,0.7387700963204886,0.6867872815134033,0.7969817323216757,0.7750541223151728,0.6322478900838094,0.7126532976077478,0.6529693904074714,0.6768355005767426,0.658287854059039,0.618804874980158,0.8150654948734829,0.7951307080013968,0.6703681931266585,0.729092829312035,0.7014565346591601,0.7366281670899884
beetle,0.7405610054899574,0.6443010196676762,0.7480548258449737,0.6532508588068429,0.5391845685338049,0.8309083844117678,0.39843054477112605,0.0,0.7455490191186686,0.7249612795621538,0.6379209317182635,0.6869674157077564,0.7529669826944335,0.7356859633417665,0.49568900718330733,0.6897015055550142,0.6883722075951177,0.7089569650470394,0.5116378280272667,0.6281830638273914,0.7695682754589555,0.6972123852068121,0.6973932038227375,0.7144117262737462,0.23572340623959442,0.7663213387346971,0.438102495736154,0.5537889565135112,0.7671048363287484,0.6177618423514958,0.7062470286318515,0.7032535055461975,0.536336321173089,0.6776267085030074,0.6664075455942942,0.7014788785631627,0.6810501926843873,0.6945037427000673,0.6020620515017092,0.7814984638669715,0.6963900318864276,0.7035330184012845,0.6982548738808982,0.729839207311834,0.4637071967848728,0.42366691674721235,0.6592514391238058,0.6943766333024871,0.6926545193198559,0.7466755116309911,0.4974232639895654,0.7007260038014741,0.6826003761475735,0.8217892412308181,0.8447530584747419,0.5156097606768922,0.7740888690279493,0.6674455314123982,0.7268254266441712,0.6665038170988973,0.6732865581090246,0.6816384547788601,0.7412238735086494,0.6000122287262544,0.6153426947659462,0.5658244083229309,0.6349255116922197,0.5875563540869446,0.7650349815233224,0.7476299892398195,0.7482466121842836,0.7375555351243364,0.5672707360725898,0.6861284594800041,0.4650688329407363,0.5776595967871666,0.749436788076662,0.4905371853052778,0.6294392423317533,0.34406620961220935,0.5986523544193745,0.7094592799336592,0.7846146166043209,0.6732260991109438,0.7279728668513095,0.6666950031059056,0.6937965196487479,0.7179028895400464,0.6690761374993037,0.6909722096680972,0.6321260194417389,0.568207298051598,0.7163269508168926,0.5397667541384408,0.7733163411259355,0.6994839413400273,0.672982789920831,0.6977984879457926,0.6848535256146209,0.6389172016911643
bicycle,0.7880267254898083,0.7931999280165306,0.7434284489495888,0.7493715472410953,0.7323223809659527,0.866211561336451,0.7889659569888727,0.7455490191186686,0.0,0.78993763785376,0.7226117527070366,0.6921630588643113,0.745160025270885,0.6940042795262512,0.7199280073096681,0.7173741554390041,0.7559954662038096,0.7406261398409971,0.8034782447750883,0.7517830838088997,0.7543808367208175,0.8245604514874633,0.6937636449573346,0.7836409562201615,0.8274924172362412,0.8041562401686118,0.6978642919865313,0.735007652913699,0.7701475174769319,0.6747332545201264,0.8269668589020066,0.7704018761066806,0.6867988531220945,0.7072991835670821,0.7400112072067473,0.7069518955865092,0.8526597568566632,0.6796028699668646,0.7110489298545495,0.8716237992428446,0.7234653155088742,0.643077075231808,0.7846977763445777,0.7885918170255857,0.6849537884047721,0.6610628230985248,0.7277643953517672,0.721548199467922,0.3911171624488242,0.8179092193358019,0.7920856357650876,0.7952224842308048,0.719250954805742,0.7319011222339574,0.8652668500772788,0.6867905124994333,0.7646764112284421,0.6970726207583527,0.6419614710928212,0.7004000001825823,0.7232471498462036,0.7471996578360078,0.8815545201731724,0.7965921375813331,0.7826394407870638,0.7316640300727453,0.7382019898116912,0.800356014490619,0.7506065503241703,0.8134594687143584,0.8618780885345613,0.8211175501677674,0.7600118762860966,0.8417740902044498,0.7578934605034859,0.7323225101819117,0.8220119799767058,0.7610843022305673,0.7149165229230281,0.6648814522615357,0.7172805934333684,0.7422966290823854,0.8697384435523461,0.8490001959335766,0.6661401459007301,0.7099622419486485,0.8120498279052056,0.7585287679468427,0.799433024731522,0.6822768628735041,0.7255224348489593,0.7199976614195993,0.8420818551504393,0.7771255286823091,0.7902676150720548,0.827983038706827,0.6991873747262362,0.7473136277074333,0.7532051500421786,0.6868280204440428
bottle,0.7679398544803847,0.7854626424539626,0.7688822039793758,0.7366964025698135,0.7478933792594271,0.7214639205318819,0.7820474872722275,0.7249612795621538,0.78993763785376,0.0,0.6263550045349066,0.7199342074192863,0.6944984807090993,0.7094955871883081,0.8266543950507403,0.7515524184186424,0.3556664435827097,0.6955138364690207,0.7337867706260786,0.8216268769650638,0.7105618421239088,0.8230970377076798,0.7296455640808198,0.7952288356526156,0.8046492262646232,0.705006037021509,0.77093928857396,0.7512789621656286,0.6030373596887413,0.7269575427963559,0.8660289755886899,0.8233048025626375,0.7092540494611215,0.7210642417147095,0.7088821376961834,0.7324440506751158,0.8181209202703184,0.7292912071587879,0.729848558633168,0.8218881346929727,0.5262182361120956,0.781028702998515,0.7722071290770706,0.7935048280724066,0.7405615941824222,0.6980975812890022,0.6867789706624765,0.7492244422667806,0.8108812126731011,0.7910808146814077,0.774721248511061,0.7815193682985193,0.779807743012272,0.7546511364281098,0.8693499442781599,0.6987791107416093,0.8259618885230382,0.5870802082330533,0.6993088912845278,0.7527905542965273,0.7767046017921269,0.7235804983222744,0.8834057153325654,0.7702232451437581,0.7726325054762556,0.7156338894570684,0.7403565672652038,0.8132327119554075,0.8009433849498558,0.5955362038257764,0.8865006800097486,0.7906923777270923,0.7294159629713455,0.8120415522631592,0.7640259908567373,0.7619626691367585,0.70533725751291,0.7392724022910163,0.8193086490063941,0.7406243283831184,0.7236103869135386,0.7360777282938484,0.8446402287341483,0.7468431452646305,0.642665565975028,0.7259295395311409,0.7573394715746178,0.6594040917258316,0.7580954678465324,0.7301877271563533,0.7468579072570093,0.7216717988389408,0.8701645077782092,0.8249477326872683,0.6690082140709726,0.8589978779276324,0.7353397496928772,0.7301945771890183,0.7164284633471962,0.7777446708263269
bowl,0.6034047424457705,0.6980101519154258,0.6415541695478354,0.6526209591182472,0.6018289356591229,0.7715012405713093,0.6604566172586516,0.6379209317182635,0.7226117527070366,0.6263550045349066,0.0,0.6046078000868003,0.7454449308861795,0.7249595127619864,0.6716694716495883,0.6876820962848164,0.5211216645595497,0.7453437307102638,0.6943407703428253,0.6851199558131498,0.6931447364698465,0.7024150574652628,0.5540880326337415,0.6854323621107723,0.7519841194498511,0.6405793277863434,0.5508888285279763,0.614051941199613,0.2826826138441053,0.5832382226822723,0.7947099645995502,0.7273394078038475,0.5346952715049378,0.6938058786298715,0.6961451273211902,0.6275812844297682,0.6674319078181898,0.7141804879716844,0.6833345562567171,0.7635623009776059,0.4666255122126318,0.7696420608236546,0.7159559315537337,0.7440712878414264,0.6266075599749819,0.49366893982693205,0.612603191354681,0.6948164913473809,0.6789887528196392,0.7306279096610894,0.5866875748933483,0.6682250432857696,0.7115582294361138,0.6246285182251547,0.7908846503422196,0.5638698890868885,0.7555357543807961,0.5410771036901976,0.7237716725834937,0.6594256987241429,0.7109794552504968,0.24137712954257806,0.6861053611383698,0.6153600029946551,0.633257271077545,0.5812822848230048,0.6585166798612712,0.5926453908616272,0.7878923481009841,0.713136681922317,0.6840242808273574,0.7258664356085003,0.6086449853225624,0.7345574483858972,0.5758399232926705,0.6484111933369359,0.7268810638740407,0.5641259890637962,0.6666536405106225,0.6779361803375705,0.6289644760761348,0.7369143454924137,0.7973098880612891,0.664544703569876,0.5533136130036113,0.6694662448637619,0.7422427158483759,0.6414222988699433,0.6951985592773662,0.7610820340888593,0.7129118336107285,0.6614512426669953,0.6692498764881281,0.634753514447203,0.6961487178799746,0.7596089951422592,0.6646538671356074,0.7081475205800213,0.6396056254782436,0.6296874811027156
boy,0.7454038685288009,0.7351963433403645,0.1614092577064017,0.5868749019504782,0.5843213931321979,0.7464408675870832,0.6806890222296493,0.6869674157077564,0.6921630588643113,0.7199342074192863,0.6046078000868003,0.0,0.6485148135378763,0.6625210678684508,0.7144492741131304,0.6345827067170908,0.6846771649101218,0.655899081545974,0.7360669700381682,0.6373025394206119,0.735733077935934,0.5680690021165513,0.7370193932159814,0.6194929968372642,0.7795674860468873,0.6748431774333523,0.6418584896662732,0.6042171035495391,0.7154682355282282,0.6063514149623672,0.7526731541659654,0.6617807160958995,0.47164059319717455,0.5768918227291807,0.6702895515795784,0.032469097373070466,0.6765967580385743,0.5666909881431366,0.6323049859269559,0.7422836418752111,0.6088289778101372,0.6779901879261545,0.6766372546185133,0.6899709122332858,0.6026628046111289,0.5801409121737857,0.18181768503351303,0.5640713614534578,0.6810134153816527,0.7021234396512755,0.6159227412270041,0.7513273799916355,0.5617620778102228,0.7865800162098328,0.8064424828379058,0.5254911089210482,0.6712337129074093,0.6884212548696694,0.6440120103526745,0.5503001788320216,0.6340284308064664,0.6762032308132646,0.8100295046093409,0.6335296227105177,0.6017752859554011,0.5656293508256617,0.6363113825765943,0.6797812602392133,0.7178727817349766,0.6851228366032478,0.7817727093148394,0.6680680820526977,0.5786820400477456,0.708492524991466,0.599826968001152,0.6153564480380003,0.6575279659599529,0.6718709951989128,0.7718899475078462,0.6637456323740138,0.588957440377305,0.6675650261867301,0.8248116900458285,0.7744791420144519,0.615043571463629,0.6275731591261826,0.7480739563466821,0.5836620604290936,0.6931470848860618,0.6751886818280739,0.6496835746125917,0.6675841564354262,0.7888586437300139,0.6767474471329473,0.7204175425627652,0.7404845925036851,0.5490747429510775,0.6580668218725427,0.19394354656777346,0.7566413523071978
bridge,0.8486927712737817,0.8037794803401365,0.7358386609330383,0.6395954786459066,0.6194609379433171,0.6974209065308189,0.7258074232637212,0.7529669826944335,0.745160025270885,0.6944984807090993,0.7454449308861795,0.6485148135378763,0.0,0.5441185933221031,0.7309114939337316,0.6407945057563296,0.7271759118402392,0.4090022926098237,0.6881429147801715,0.6922683891978341,0.7715124289473131,0.7372302228619914,0.773129557478472,0.48492331601710625,0.8333326632814743,0.6704620099981335,0.6774431373041603,0.5580036331050797,0.800163846551972,0.6445037005949901,0.6952852892351902,0.6545588614841016,0.5911031780900129,0.4573893276490336,0.7245051879765693,0.6438413628051003,0.7901911042293752,0.41780095110641235,0.6882179284150811,0.7312498872866904,0.6590573314417862,0.754548420563614,0.7126219145816002,0.7760580809334028,0.6430621559909394,0.6645326608858988,0.593869516011746,0.4906432862931621,0.7711347137402748,0.5558466947536547,0.7127625945588898,0.7831596386683289,0.47856879442759237,0.8698572183048017,0.8286732583226796,0.5561234598878773,0.5997347406481442,0.7914522861522664,0.589165349038021,0.464349400114378,0.4764654140922159,0.793545377523955,0.8486847622373892,0.7020892564660295,0.7202540227208586,0.6673666267604526,0.6900357675194511,0.745927040482885,0.5001462517393466,0.5233747554312878,0.8334820926640429,0.44846110898512526,0.5872945558490845,0.7109379047038109,0.6668764499325043,0.6950984127137603,0.4074474771551684,0.7383275386576529,0.7902263049778826,0.7190065651352072,0.6313335866012274,0.4898860148598507,0.8718157900558492,0.8781368104500046,0.6339843157354093,0.483684166094161,0.7465600088368192,0.6306094279868499,0.7239486254180711,0.5688783616100248,0.38822802393771483,0.7020352427490361,0.805354734061838,0.6698599274084995,0.7143527556431472,0.6440655624530562,0.42518027838383754,0.7092020841952689,0.6570203805809985,0.8011765031036124
bus,0.8219365625453601,0.8008916759653297,0.7092367815160248,0.6855792386592989,0.7068554404437895,0.6809315310023274,0.7478442413670685,0.7356859633417665,0.6940042795262512,0.7094955871883081,0.7249595127619864,0.6625210678684508,0.5441185933221031,0.0,0.735478689262913,0.6989734955457416,0.6859822466108587,0.5577329577617476,0.7524782930163862,0.6438532297615563,0.8056854604722037,0.7410802263248963,0.8107227121922198,0.6705374436435825,0.8344138420514913,0.6847010815467702,0.7351168325754727,0.6765841900676796,0.7698127602328814,0.676616509728701,0.8303975962176731,0.6523206175511909,0.6957164663347388,0.6316928460260584,0.7760365390224153,0.6791076318442948,0.760688597117723,0.5070276761582553,0.6984019842773399,0.6999171933314378,0.716571823985308,0.6261712955719831,0.7391896116969455,0.7785975897573472,0.7100535333825684,0.730388569121299,0.645467341066648,0.5719188029657558,0.6462866327477842,0.6832068059979346,0.7218269429569601,0.8093221016356237,0.5660662403639759,0.8520177719390163,0.8078407726670065,0.6926386133937685,0.6638970565318548,0.7625400961796706,0.3202082965273114,0.578079761310738,0.6493769145352226,0.7619712756430477,0.8218872843092169,0.7048902144949617,0.7279659787045942,0.6723537850412347,0.7208323417516861,0.8098613720367716,0.6022295850002704,0.7012217171056447,0.825664632466864,0.6988119179495059,0.6944876215981508,0.7945804930795667,0.7058871434271285,0.7028735322905246,0.5948094922777377,0.7753382483366166,0.8234724594460748,0.7568912509026098,0.7101273072230054,0.18329876789755473,0.8267130471999955,0.8132556554241008,0.7098959136026061,0.5355335152519184,0.7173375993658704,0.60601439060412,0.7754545232391619,0.47611009442868435,0.3497453191886307,0.7804494595399172,0.7769471714675563,0.7406641733986754,0.7025388751023238,0.7957022382375771,0.5678255000874644,0.7424786582742063,0.7221593374611646,0.8145680270657267
butterfly,0.8302949650792844,0.6630698667929777,0.757731382442571,0.6373318461256623,0.5549512907624995,0.8435669948666001,0.43347226309265563,0.49568900718330733,0.7199280073096681,0.8266543950507403,0.6716694716495883,0.7144492741131304,0.7309114939337316,0.735478689262913,0.0,0.6644784350654871,0.8076725674082035,0.7062918865935339,0.4372916965530117,0.6385720147773558,0.8756591696250401,0.7154618906620713,0.7637869400008125,0.6795411791092787,0.7116448611857051,0.8292316572452552,0.5966025919851268,0.5812095142458926,0.7856786448598124,0.6220806795602214,0.7661048492903546,0.6645798427468321,0.558055287033542,0.6221173843554684,0.6747344724829092,0.7151225459514181,0.7504168280456893,0.6696038523551133,0.6389030073921967,0.8435806194524034,0.7220504444316758,0.7724675966511592,0.6236868327685882,0.6903470129838908,0.5784292444550794,0.5219727625439945,0.694851729168416,0.6688128510503841,0.7193002575421488,0.7050684040618658,0.5967901056336662,0.6605028525015647,0.6910819718886463,0.8426128149913216,0.6798575422746416,0.5403766667363822,0.6688123617965498,0.7289015928000244,0.714504153215549,0.6297038455745214,0.6606212374067474,0.7277687239688058,0.6443959670577715,0.6066987095812255,0.6581979563051934,0.5895039109490567,0.6392660119179951,0.6125148224463335,0.7243520146771081,0.7108682309999017,0.6522656117352683,0.7353020747165144,0.6174855631571367,0.7484931909945849,0.5129457718242331,0.5345740139290112,0.7157194178602676,0.6142971231198886,0.6547113671814473,0.5343559633883659,0.549217223413266,0.7185804454951776,0.709631247104396,0.7649033907588652,0.7758198130892497,0.6938144138149835,0.8466283167044657,0.7419090909724687,0.6041754261572432,0.7370830306632761,0.6485599487648404,0.6321508440382941,0.6368737856460469,0.6374720622842235,0.7993554011747518,0.7234754675179695,0.6367180161657494,0.7225820113702233,0.7381940678384611,0.6898368543947265
camel,0.8203206507584327,0.7768275502876636,0.7037661447194175,0.4389148238242351,0.4469154475904277,0.7824105909769979,0.6784491899746955,0.6897015055550142,0.7173741554390041,0.7515524184186424,0.6876820962848164,0.6345827067170908,0.6407945057563296,0.6989734955457416,0.6644784350654871,0.0,0.8038011579272217,0.5371401832704262,0.7008042789854895,0.3697535374416905,0.7985333219630941,0.61664742537678,0.7937184394142568,0.6665413483467456,0.7841536368629207,0.7331000163737963,0.6031278666516121,0.5154489900372208,0.7443444034545901,0.39188956382845685,0.7481962136650386,0.4201672285978594,0.5401941889738047,0.5967580250409694,0.5883184342049637,0.63264490207758,0.6945077043927321,0.60673698402546,0.39877860036057544,0.8647471811330809,0.6864158488338419,0.8005484775143201,0.5511236265042805,0.47184336684084716,0.5670500207726125,0.5904167275468146,0.6079504289244919,0.5636465667697426,0.6751130634048612,0.6126050388216808,0.5878692481254499,0.7275279160512144,0.5340041868899141,0.8298801754346246,0.7960263674257837,0.41779740488476946,0.582310020881932,0.6676835989137786,0.61027285767282,0.5340261788891596,0.5492821550854696,0.7572683479993537,0.7830422732169453,0.593816423004795,0.5900176071156977,0.5239907778801138,0.5689546323457725,0.6879970479885515,0.6932763083706912,0.6951226592509929,0.7659968875250722,0.7041102333449574,0.4557215582576952,0.7695556295235697,0.5803136547624984,0.6131396984872817,0.6565183098465791,0.6599934357158509,0.7183219996851035,0.6675553975698989,0.5084259458189233,0.6890237047537089,0.8140306138362776,0.8374680111472856,0.7097523494560858,0.5534659681331813,0.7612562294935628,0.7177438491274504,0.5888228539384317,0.6032455905910685,0.609184663048645,0.7316220548904313,0.7595098340499288,0.6074628202181533,0.7459922800416963,0.7357188202739391,0.5257898504920276,0.5980073562052804,0.632008371408692,0.7282442704583512
can,0.7326454226016351,0.7685876106247811,0.7390862456733776,0.7668491868442272,0.7485513201221763,0.8127085684959927,0.7368854703107333,0.6883722075951177,0.7559954662038096,0.3556664435827097,0.5211216645595497,0.6846771649101218,0.7271759118402392,0.6859822466108587,0.8076725674082035,0.8038011579272217,0.0,0.718462164369039,0.7627466487254466,0.7502422769596345,0.7736966988620942,0.8142172839170839,0.6676395537023947,0.768175122116436,0.765082414975538,0.7418044376572572,0.7163487657504131,0.7387401223710914,0.614233427839395,0.7491120269532292,0.8456521235754225,0.7727219741308972,0.7025620292352835,0.7560751717032383,0.7647947924740972,0.7047453993257973,0.7586864103506055,0.7589747430134854,0.753399500764342,0.7480568055538939,0.6015125273350475,0.7704767228121225,0.7610733312897444,0.7968065295624496,0.7380667724344134,0.6564487590255994,0.6754287093391034,0.780189586272021,0.7472492799388029,0.7864412790068451,0.694470196887848,0.8091468480952045,0.8031384457839423,0.7699584404935405,0.8895729778281682,0.7099945375397289,0.8403258279314518,0.7028802995638861,0.7046943317789318,0.7841450812567393,0.7689294232733612,0.6223856862780097,0.8532430211301221,0.7249240936405519,0.7260179762496705,0.6916778310848339,0.7187033734837811,0.7861952204358076,0.8194915787711774,0.7150466616350868,0.8238213488056078,0.7795629117927446,0.7169216229923128,0.8125771757789084,0.7089523914161899,0.7568135159973396,0.7129720646921736,0.7365322318635628,0.7909458360403858,0.7401759599922125,0.7142639485523786,0.7079093911578977,0.8533839247566407,0.7445439483348553,0.6810075451471467,0.7852138465144456,0.7142090573589936,0.6484975313367177,0.7297906276129764,0.7583185640722947,0.7214535036958212,0.7135067742590555,0.8184905003586587,0.8195363938874555,0.7035509116058,0.8229135679250441,0.7696371162606717,0.7215059776330287,0.705215696610472,0.7603056469580745
castle,0.842033457970134,0.8133509173002019,0.7118123440108426,0.6244603796388102,0.6354634058752302,0.7359324784536037,0.6939255786838309,0.7089569650470394,0.7406261398409971,0.6955138364690207,0.7453437307102638,0.655899081545974,0.4090022926098237,0.5577329577617476,0.7062918865935339,0.5371401832704262,0.718462164369039,0.0,0.7152720632998494,0.5924597480752185,0.8508935220195144,0.7213838285153035,0.8025117216008374,0.5202163312822579,0.8042679565661897,0.6691220367832262,0.6965754920464178,0.5864360621489333,0.7868040199209412,0.6109108084424606,0.7589869812409971,0.615066451884298,0.6253293421432664,0.49244437439499067,0.725727653377111,0.660554213362498,0.7540379561022746,0.3391402982821742,0.6206266959364639,0.7741579284490185,0.7009640395977601,0.7426055844489154,0.6718349779488734,0.6920574341503791,0.6288277091865162,0.6898098879156129,0.6176032115372676,0.4263304122367768,0.709729226277356,0.5374130287846384,0.669892818554268,0.7320796095906482,0.4006592163580486,0.8257187936930006,0.7840093961067729,0.5821722295250915,0.5739167375769085,0.7528018740334047,0.5789049835072704,0.42903041853658774,0.47341487636900714,0.7873907069785431,0.7980853507094998,0.6526578187191512,0.6789564894165151,0.6379422907196299,0.6802523599320442,0.7081480936451373,0.5373690979298744,0.5858027596657474,0.7798007553588193,0.577629590143638,0.6094650127296299,0.7634995105257902,0.6318051887438937,0.6959400499628924,0.4484730120907713,0.7253742641868466,0.724687074207423,0.6965772699675854,0.6036791950039355,0.5311154732296574,0.7960276749239816,0.8304138427241627,0.6929026837890244,0.5440462850049768,0.7676441396067517,0.6920404335261849,0.7102477487483188,0.5979305579791425,0.4881129554212288,0.7347762386530448,0.7661416714926138,0.6829507590764271,0.6912621182979106,0.7640008598948987,0.4078696362239129,0.671377079111409,0.6829795403136585,0.7568432129419197
caterpillar,0.8180320319457787,0.6691204016900594,0.7580390379449582,0.6783962078811868,0.5668771710673808,0.8535317400331521,0.5015367098263216,0.5116378280272667,0.8034782447750883,0.7337867706260786,0.6943407703428253,0.7360669700381682,0.6881429147801715,0.7524782930163862,0.4372916965530117,0.7008042789854895,0.7627466487254466,0.7152720632998494,0.0,0.7400929991775549,0.871619036139101,0.6962770444873636,0.782948071227423,0.6683615286009912,0.7283534392769224,0.8385930224945347,0.6153084735460859,0.5048537708087066,0.8000724968703732,0.5626531169207472,0.763718905728589,0.7048980841363162,0.5976969771445653,0.5951508537566823,0.7162607839318837,0.7284436477426777,0.752126644460346,0.6966817758984873,0.6436964143200746,0.8398682352689439,0.7595540709804314,0.7636353787104286,0.645913538926503,0.7354447455684925,0.4232101842804784,0.4931218418352801,0.6972251563829552,0.6982154673302554,0.8234203929664898,0.7217117692493366,0.5887878183463975,0.6478019549733778,0.711493283962183,0.8541402300618709,0.7499625763756426,0.5369484712857107,0.6348809953776269,0.6916151886527726,0.7782083633618955,0.6330183128662522,0.6647008479415842,0.7279740162200987,0.7338885316626764,0.5741593651804588,0.6592596580308414,0.6219828279046564,0.6551543024957107,0.6661748030277098,0.7307303796586437,0.629022880233135,0.7462674077698073,0.715232046253985,0.6104360444308782,0.7351704221552955,0.503208608196591,0.5969958377183509,0.7075244916602177,0.524642145005168,0.49931189439571866,0.5301529174919217,0.521293547552662,0.7531193098453215,0.7265893174773714,0.7318164184948737,0.7703279513286101,0.6685590261998108,0.8415676144493756,0.7685944497278369,0.6615677376062927,0.7358000234945592,0.6726714812047864,0.6076864037153253,0.7153564079548238,0.634577773823252,0.8022341978005516,0.7423214264259803,0.6105901106327013,0.7110352928959918,0.7275504247304669,0.4822163203938069
cattle,0.7914139649967715,0.757955742294765,0.7197545509465432,0.38658001017711796,0.5050999128187446,0.818752364935573,0.6643504428813216,0.6281830638273914,0.7517830838088997,0.8216268769650638,0.6851199558131498,0.6373025394206119,0.6922683891978341,0.6438532297615563,0.6385720147773558,0.3697535374416905,0.7502422769596345,0.5924597480752185,0.7400929991775549,0.0,0.8307920918966665,0.5836539524311772,0.8116476410308936,0.6759286372916535,0.6987173512830724,0.7325684329160267,0.6282952127202023,0.5856047113734264,0.7440342527794703,0.5226957608361826,0.7937990257010196,0.4479842740994393,0.5814103177155616,0.5911302932885084,0.5464203249195947,0.6483925364576961,0.632609922424662,0.6070006868136802,0.4755125824949099,0.831788806532643,0.741000687140149,0.8087087574631766,0.5522947836423227,0.48510914112029513,0.6775331174327897,0.6412442198896033,0.6098580868065803,0.5609130756202323,0.7236233051381598,0.6650899542754869,0.5996439827389677,0.7555731122878311,0.5372739157595612,0.8503573540422775,0.7589076276448052,0.5225844451164781,0.7266141390977021,0.7540342496331809,0.6206420461819349,0.5844043974415283,0.5621555302337313,0.7636963651155059,0.7435705527985247,0.6272754093777413,0.579430204884589,0.49074504482304593,0.5970363204652895,0.7062915173227858,0.6709423973814957,0.7421856404377327,0.7284898996253286,0.7080693569933103,0.5587731852737492,0.7978687320169288,0.5842399312544606,0.5566422630207006,0.7063266473270654,0.6934873959581603,0.7882001449595044,0.65328318778062,0.5606004460348002,0.6825525341835761,0.7975775598279586,0.7917000123508386,0.734506184326222,0.6468321806014146,0.8131173719594715,0.7592641823136043,0.5323949625993334,0.6590204276637583,0.614839544162425,0.7564840521142281,0.7269881760354409,0.6818946343899601,0.758629540976952,0.7398558809229964,0.5482115338527592,0.5994268444098124,0.6624768852591237,0.7929559204226312
chair,0.8067373608412499,0.8257202285745306,0.7809718365429037,0.8278679235325345,0.8213950178398687,0.6143220052189913,0.8347028475055116,0.7695682754589555,0.7543808367208175,0.7105618421239088,0.6931447364698465,0.735733077935934,0.7715124289473131,0.8056854604722037,0.8756591696250401,0.7985333219630941,0.7736966988620942,0.8508935220195144,0.871619036139101,0.8307920918966665,0.0,0.8929844412739169,0.7311628473487233,0.900754522483477,0.7797886453105252,0.4608114936134591,0.7318554709112655,0.8349861541404597,0.6990294213753918,0.6933365874075874,0.8293602319204636,0.8514605750174356,0.791202284401865,0.8280609693057892,0.7818795183534122,0.7726075972026885,0.8396376465319578,0.8049546765419483,0.7644044673024726,0.8213853536928879,0.6486737685573185,0.6538608842963043,0.8017675035626879,0.8554975560648378,0.749909697456012,0.7727604146322038,0.7731077562375939,0.7734685253879688,0.7821171451610534,0.926133279955902,0.7965736413697131,0.7915355924980776,0.791679542796613,0.8481564788575768,0.8482807766013956,0.7689737314363597,0.8395751050530914,0.7749248818880952,0.7666544523546132,0.8245723418502657,0.87620386625576,0.7384784455513667,0.9040630199796207,0.8421820012630514,0.8306876829588263,0.7980404392103461,0.7873118805110435,0.8475952136876372,0.8982879532054027,0.8663311368245807,0.8900241385536867,0.8891508071399727,0.8067986924954155,0.8497072812345078,0.8172596200686023,0.8345488013008631,0.8358372889813183,0.8323822506267025,0.8866411797751661,0.8042159525873978,0.7948369687171651,0.8645334181305802,0.8959332536142879,0.8817625495764547,0.4467778883843122,0.8343667019463004,0.7211123273255078,0.6739495026044019,0.8092339273567499,0.7850797994181782,0.9100956533570502,0.775498472475926,0.8666223652615102,0.8110858065919879,0.6601198938588022,0.8236588625407847,0.8070570006671687,0.7989109120410933,0.7484642948841089,0.8375384401132574
chimpanzee,0.7844469125654622,0.7689694888799441,0.6284697846856484,0.37837287803801023,0.4703282054440655,0.8264792172111997,0.7091136769711707,0.6972123852068121,0.8245604514874633,0.8230970377076798,0.7024150574652628,0.5680690021165513,0.7372302228619914,0.7410802263248963,0.7154618906620713,0.61664742537678,0.8142172839170839,0.7213838285153035,0.6962770444873636,0.5836539524311772,0.8929844412739169,0.0,0.8077748929236102,0.7515725609554449,0.7910767672850332,0.7900534173470591,0.6451664499541426,0.5601656423466155,0.8225080294484672,0.6082388755363908,0.7881206434409664,0.4832898581814774,0.6296228121830336,0.6726447260357089,0.7046309034310445,0.5770735200907535,0.6697190394682723,0.6817656634930541,0.6542233247986755,0.8701493920782934,0.7615360209105898,0.8185830901422402,0.6425988255922078,0.5467841791958226,0.643104700880896,0.6201865860732225,0.5534676221420527,0.7112501318541855,0.7745005768638823,0.7475709955917527,0.5941876208069332,0.7519702134940103,0.6949200785958138,0.8071950846466106,0.8489013111407218,0.46453304926984484,0.7431363402119032,0.75484929893302,0.770575484773262,0.6768353230613396,0.7217618900564482,0.7808287542318566,0.8186802348094906,0.5823341655984278,0.519266483315334,0.6101306516234294,0.5400310629460348,0.7239360956085578,0.7851817474273739,0.7826376418320321,0.808615548904379,0.764348381680579,0.5113653209251372,0.7639487486936363,0.5349451526356592,0.5550647718362169,0.7621931490688696,0.6581642489807684,0.7006151349118993,0.7337920678075402,0.5350043539869003,0.7568314382554019,0.8872130224052971,0.7607376616511115,0.7948828385374216,0.6718413771226073,0.7738175610904565,0.7634722440881623,0.636212786469962,0.735130053702918,0.709604835678312,0.7597391551488896,0.8137979771437888,0.6923787857503103,0.8074759803315216,0.7463244964024137,0.6651667440699132,0.6455504481338858,0.5659858137624746,0.7820584496306964
clock,0.7282143418575553,0.7972666201097514,0.786520441683422,0.7892975719999067,0.7797449184552883,0.7993624370098847,0.7576921465803265,0.6973932038227375,0.6937636449573346,0.7296455640808198,0.5540880326337415,0.7370193932159814,0.773129557478472,0.8107227121922198,0.7637869400008125,0.7937184394142568,0.6676395537023947,0.8025117216008374,0.782948071227423,0.8116476410308936,0.7311628473487233,0.8077748929236102,0.0,0.818627799808763,0.7845138887318254,0.730967146629443,0.7083701497309579,0.774997033353295,0.7212345952306674,0.7146515641087987,0.865695423809675,0.8325015519245142,0.6770549474665872,0.8067269385382062,0.8008854590369221,0.7414532703818449,0.8010184850798227,0.7539684630688561,0.7833836666104674,0.7784355889212842,0.6006627541572189,0.7530872870964613,0.7889236252360988,0.8078975276861152,0.7012496888918325,0.6796378860662471,0.7008765399661752,0.8051327671313406,0.7102476869732071,0.841596440203962,0.7462790346734143,0.7936248640637589,0.7941288853473564,0.7027971385728774,0.8734406053200893,0.729080166465779,0.7806882691405714,0.7122556636453546,0.7778908333696037,0.7919531660884032,0.8033317976679802,0.4668438860073634,0.8486271246032056,0.8017247364682629,0.7556229742017343,0.7240275292424732,0.7621274214613115,0.7797718127005853,0.8486170132490756,0.7945373537970637,0.8118656765392013,0.8226363146063631,0.7709443117812744,0.8087657837993297,0.7690768500818422,0.7980594690843477,0.8170406180554151,0.7272234747185544,0.7152225492025399,0.7033850657989932,0.7240204998097202,0.8279138911045716,0.8629453208846662,0.7705826230891525,0.7068486884381009,0.7659935684487829,0.6286600452905092,0.5594042948665243,0.7558301018455226,0.8001375876720427,0.8327963943471381,0.71057506835944,0.8471183692575094,0.8015691442426445,0.6730909959176383,0.8476490925976132,0.8057512987938924,0.7586495533288815,0.695761380047971,0.7210612559101958
cloud,0.7921998147204257,0.7951754139424808,0.692714042356247,0.6678458283224313,0.6202204631515407,0.8307556849228189,0.7067132289477651,0.7144117262737462,0.7836409562201615,0.7952288356526156,0.6854323621107723,0.6194929968372642,0.48492331601710625,0.6705374436435825,0.6795411791092787,0.6665413483467456,0.768175122116436,0.5202163312822579,0.6683615286009912,0.6759286372916535,0.900754522483477,0.7515725609554449,0.818627799808763,0.0,0.8368136093815983,0.7448956032461614,0.7256941912320396,0.5596211930718281,0.7575805126234083,0.6742441693028425,0.6392021718868479,0.6405114330001659,0.562013986390371,0.3987286309020033,0.7679870510139015,0.6092860430641744,0.8179119935720316,0.4894650114204544,0.683914097091939,0.7240843856065085,0.6598247212219444,0.8270939716190413,0.7383987540637977,0.7625400650384111,0.6885256192961788,0.6609083286723412,0.5731961939273553,0.4422494030983737,0.7995989438648149,0.27484693133698723,0.6964917618970101,0.7589616505519021,0.41201595936929714,0.8124322679437372,0.8619253749795905,0.5460788984570718,0.48436332494543344,0.767727198576421,0.6630562331166188,0.3610978570028268,0.24887463504418794,0.7203993476214976,0.7662043173770317,0.6921084723065013,0.7538712894861627,0.655089859216829,0.7319723657070818,0.5581931424173758,0.5006529016485122,0.41420008076978665,0.7593346145812677,0.19760333867897528,0.5664903125311109,0.5863570304178642,0.608239927871418,0.6570274715784326,0.37754301336687823,0.7214845929739575,0.7805098783435557,0.6653115248218313,0.667872773181537,0.6714588964864425,0.7518152528403683,0.8440702748670071,0.7575942549489082,0.5932609238059032,0.8386166127541272,0.6806094476425975,0.7478757909705135,0.6901142646409288,0.557749338643816,0.7025614195735833,0.7744779864757714,0.6459699693718023,0.7663177254074802,0.5913961354289596,0.3869776809679564,0.7180012424959639,0.6198709387950073,0.6434527455647997
cockroach,0.7936498540352399,0.7128458333096652,0.8224323071624933,0.7619800283494321,0.6750237111237318,0.8761499212337994,0.5283800164920116,0.23572340623959442,0.8274924172362412,0.8046492262646232,0.7519841194498511,0.7795674860468873,0.8333326632814743,0.8344138420514913,0.7116448611857051,0.7841536368629207,0.765082414975538,0.8042679565661897,0.7283534392769224,0.6987173512830724,0.7797886453105252,0.7910767672850332,0.7845138887318254,0.8368136093815983,0.0,0.8095145992665507,0.4892344965621538,0.7444615451868222,0.8356974532338926,0.7220937679685626,0.7523762354078503,0.8288969616821127,0.6169706417226355,0.8189271907328698,0.7846635397591696,0.7897229971385844,0.7429575483049431,0.8119598343959926,0.7185099252968989,0.8063536213207458,0.7926037349590018,0.808926218255972,0.8220537170790311,0.7761886129591317,0.6169566048880328,0.4934452469333179,0.7713294673756018,0.803926216029053,0.8017522907236431,0.8565455889518057,0.6045715453599838,0.8361150539035395,0.8008837332128189,0.8437636825127857,0.8836445264221638,0.6756042416160923,0.8582343684180258,0.7369430004490938,0.8602721733065941,0.8042253559337733,0.8247679370517214,0.7502462929697444,0.8653284958022238,0.760488198706298,0.7321969099752464,0.6983543252533193,0.7446898665646531,0.6919211405914061,0.8372501060265471,0.8228905648525638,0.8695227916507962,0.8424789624703287,0.7000518535645233,0.7335613008985656,0.6402217206141692,0.7791175970375268,0.851864941034016,0.6456183627190031,0.7440854364105027,0.4460683230033372,0.7478457447804043,0.7976909704874171,0.7710541174773484,0.8005987479074289,0.7969158153274454,0.8303653220255227,0.6793665401591527,0.7749078105746204,0.7684414455413153,0.8086300755906937,0.7549706179303091,0.6191904614776403,0.8277390077009076,0.6295035165120393,0.7910910350106121,0.7268626928654045,0.7951539553366851,0.7762397493261016,0.7570678757182101,0.6775478610730831
couch,0.8280576618810028,0.7923937812827957,0.6780768075116972,0.7362644693971507,0.7494077477630424,0.37767292448737055,0.8204434557205247,0.7663213387346971,0.8041562401686118,0.705006037021509,0.6405793277863434,0.6748431774333523,0.6704620099981335,0.6847010815467702,0.8292316572452552,0.7331000163737963,0.7418044376572572,0.6691220367832262,0.8385930224945347,0.7325684329160267,0.4608114936134591,0.7900534173470591,0.730967146629443,0.7448956032461614,0.8095145992665507,0.0,0.7531418749346823,0.7317589722893236,0.6982743039537205,0.6988602884266941,0.8346317817650823,0.7457130008550501,0.7002435917854732,0.686627689766717,0.7769459213259577,0.6908172195864586,0.7950641143376034,0.6313094710867597,0.7587324554847413,0.7262228719570423,0.5714461679346421,0.7440065296354397,0.7768534974488519,0.7674496427376678,0.7211751115595535,0.7300306183990835,0.6416356330300567,0.670881120985267,0.7404608262746615,0.7881858266155013,0.7623263962214233,0.8093872107567476,0.6658727052958958,0.8112379626539553,0.8464440603298888,0.6981208662213423,0.7260439678783654,0.7542066879837757,0.626078851069432,0.6809647944455591,0.6788029413013843,0.7359560902728097,0.8543889826384468,0.7832656442440397,0.7987088511694587,0.7052066097456773,0.7601556550792952,0.7972544098981098,0.7583782931217676,0.7803606474263701,0.8303793603712359,0.7130488173333427,0.7080650784820965,0.8124452084420879,0.7676887314522709,0.7626547098416038,0.7312658090426359,0.8146621219762897,0.8077605393366145,0.801643928227146,0.7416380082851948,0.757832691122578,0.9021005698536493,0.8295093076087494,0.4481878395029987,0.6737661189976709,0.7690653765546883,0.5463473299568543,0.7575214545884129,0.6839455777170169,0.7209443894199027,0.7522353954385765,0.8158544577270815,0.7766877379054022,0.5345266773122137,0.7904957470890412,0.6804557535694833,0.7464150366747055,0.6653828617584003,0.8339423973945912
crab,0.763971639940643,0.635892065958123,0.6762407290398595,0.6597021659551018,0.5438714951723699,0.8116905603696793,0.5076268883181181,0.438102495736154,0.6978642919865313,0.77093928857396,0.5508888285279763,0.6418584896662732,0.6774431373041603,0.7351168325754727,0.5966025919851268,0.6031278666516121,0.7163487657504131,0.6965754920464178,0.6153084735460859,0.6282952127202023,0.7318554709112655,0.6451664499541426,0.7083701497309579,0.7256941912320396,0.4892344965621538,0.7531418749346823,0.0,0.46960103283049404,0.7176449444787505,0.44999601437464776,0.7179942291640189,0.6325979951388352,0.4746995565364157,0.6800415473140355,0.6186649025518819,0.6430517444710935,0.6461308777719725,0.7051628471917237,0.5963420663357253,0.8592830138075425,0.6677895210275027,0.7607368220398056,0.6298011456670496,0.6418308609701062,0.4536967105927331,0.1630599008432254,0.6422112675135849,0.7216490200900465,0.6609961948699491,0.7477255951492032,0.5315360242794326,0.674653703411237,0.7422480814346486,0.7738087391396554,0.7423950698249845,0.4966047604882162,0.700427073572917,0.6862085679554235,0.7450846097935568,0.6912059977057984,0.7372924989657355,0.6025697152514838,0.7827890445307877,0.6053610532864007,0.6051879679018317,0.5651727868813075,0.5894773378158564,0.5506383525520122,0.7900676876949964,0.760961011260209,0.7296935695043585,0.7216008241963049,0.546573231094559,0.6355597323093323,0.4943527879060253,0.6340118255444246,0.7772265501844716,0.5400635260985676,0.5548237329823454,0.3239700776525207,0.5412908972502238,0.7338238554603791,0.7952656933707836,0.7238117059872875,0.6563526102837679,0.6385782625530678,0.7307784025826741,0.6915184745620528,0.5485968468247815,0.6806819689801547,0.6833207095909943,0.5811048706232628,0.7414034076650416,0.3887807711557283,0.785675374941317,0.7214856883734775,0.6969749786399368,0.6480914440187113,0.6466069192643451,0.5355160702033913
crocodile,0.8212528514740192,0.6241459208770177,0.6536969166329323,0.44174442716833284,0.28382833949367914,0.7914692066814233,0.6142781077000725,0.5537889565135112,0.735007652913699,0.7512789621656286,0.614051941199613,0.6042171035495391,0.5580036331050797,0.6765841900676796,0.5812095142458926,0.5154489900372208,0.7387401223710914,0.5864360621489333,0.5048537708087066,0.5856047113734264,0.8349861541404597,0.5601656423466155,0.774997033353295,0.5596211930718281,0.7444615451868222,0.7317589722893236,0.46960103283049404,0.0,0.7472245752120446,0.3417501481190087,0.5565887539293155,0.4927714389373259,0.38999290804843756,0.45416129203698075,0.5554443324906498,0.6057339002948938,0.6225348219326574,0.5731712609320857,0.4339034192864104,0.8083925716389683,0.7030300622503971,0.770529063265381,0.41619835832047214,0.5501137318626144,0.2615779266287581,0.3968434109559029,0.5846960160857333,0.5857307534688547,0.7055813733724576,0.6094129825600401,0.40823504631326757,0.6421260452786269,0.5784101781917547,0.8512418210420876,0.7868749326524682,0.22283991645223988,0.6331815300401586,0.6899730092523488,0.6703131109672408,0.5073296226691804,0.5601950275514788,0.7028166559010504,0.7922569719012948,0.3611041387969569,0.40559453293766623,0.43933879409652676,0.44291198620627137,0.4324010629631285,0.6524088307218621,0.6329761606502795,0.7255206446872786,0.5840298120839305,0.27571821338452773,0.5129512347367312,0.25866357090374925,0.44682374307300343,0.661042740228312,0.5233573274833485,0.5455044310094006,0.5873129784210496,0.35023050600113426,0.7048468682528038,0.8108268764078068,0.8288023892598858,0.6915831907004866,0.4902263635552778,0.7725664447173268,0.6846681081968652,0.4992196260499141,0.6836484607631382,0.6119099206720249,0.4896419938472689,0.7601954186826367,0.37602750920958317,0.7591542294670477,0.5472698647056542,0.4792020538056726,0.47100950200676295,0.6309561199351361,0.6258037610962933
cup,0.71680657940229,0.7899290194356327,0.7726676950343053,0.7820067977781691,0.7709708992047501,0.8250955074229759,0.7723883884419733,0.7671048363287484,0.7701475174769319,0.6030373596887413,0.2826826138441053,0.7154682355282282,0.800163846551972,0.7698127602328814,0.7856786448598124,0.7443444034545901,0.614233427839395,0.7868040199209412,0.8000724968703732,0.7440342527794703,0.6990294213753918,0.8225080294484672,0.7212345952306674,0.7575805126234083,0.8356974532338926,0.6982743039537205,0.7176449444787505,0.7472245752120446,0.0,0.689132504007273,0.8164647713324713,0.8409648536483202,0.68352155424664,0.7804989337827728,0.7966583627944506,0.7378175604038795,0.7915408512709992,0.7801276349585751,0.7470512859091496,0.8335345412895314,0.3257463719995678,0.8167053211221341,0.7813100718881063,0.8172911647780894,0.7326101284557741,0.681516185425407,0.684467852530769,0.7551622133043937,0.7616745862953779,0.7908616026160588,0.7398212045355053,0.722642257012673,0.7697617922128054,0.7756121329713608,0.8441467510246704,0.7241006178134615,0.8039686311946669,0.6786193864415422,0.7514298081258839,0.731073313742578,0.7891876918213865,0.5445348974956679,0.7801160965848485,0.7850112150995591,0.7582136854233488,0.738969382605531,0.7955459135240516,0.7255629872468241,0.8371044800486367,0.6897783105597778,0.7652638809906838,0.7859770642508402,0.7550099043374862,0.7693843331039742,0.7502083263611683,0.7707686682495873,0.776036178120761,0.717457522405268,0.7799727536537572,0.7466437975612359,0.7764732860480523,0.7849022551406782,0.90325173572417,0.8027860679167838,0.5663339936851047,0.7815585270544114,0.7844691377495228,0.6758800835744367,0.8084897505724691,0.8500577143407386,0.7986077885000791,0.7561966053944479,0.7165714045203986,0.7457456563516083,0.7575480811906166,0.785328966535515,0.7339882649366898,0.8065751445221325,0.7169506341616327,0.7378603044144916
dinosaur,0.8017640323183044,0.6299953099065263,0.6955454672502488,0.47562151655023566,0.4158567722915718,0.7909091147463904,0.621983284997652,0.6177618423514958,0.6747332545201264,0.7269575427963559,0.5832382226822723,0.6063514149623672,0.6445037005949901,0.676616509728701,0.6220806795602214,0.39188956382845685,0.7491120269532292,0.6109108084424606,0.5626531169207472,0.5226957608361826,0.6933365874075874,0.6082388755363908,0.7146515641087987,0.6742441693028425,0.7220937679685626,0.6988602884266941,0.44999601437464776,0.3417501481190087,0.689132504007273,0.0,0.6641761937888475,0.40389179429220445,0.4892430270987743,0.6000994695334763,0.5451308643529091,0.6149137250942561,0.6457661733954758,0.6174363653812245,0.42346637462879033,0.8152217049845061,0.5987616534028245,0.7904931384147365,0.4960268960566443,0.5639637912022385,0.3160473601615801,0.4043892218341578,0.6298423317755837,0.6319951774922535,0.6883568822745474,0.6885382730865046,0.4696612545962703,0.6922952433787894,0.6453899173016178,0.8229794878844942,0.753805884365223,0.38558522075616575,0.6315661044755768,0.6151237122375612,0.6671143394976882,0.6058263735995506,0.6686353659374233,0.6495667021135827,0.8376017959304252,0.5198075489997283,0.4831601747790635,0.5155809680677825,0.5030483096825515,0.5965903165054289,0.75415124483131,0.7142045614395567,0.7737809108466696,0.7287521355489563,0.47333923794427335,0.6304721633886377,0.437732509652486,0.5719126060941552,0.6767490091704949,0.5961040766092134,0.6020254597951036,0.6136937136019465,0.4336604544497523,0.7100142639198557,0.7966311392804795,0.7624382018472914,0.640147663978299,0.5647760060394659,0.7443942610197147,0.6747752592536156,0.5306836964917343,0.6742738945133093,0.6661676821779263,0.536547208520628,0.7681936778920325,0.46281241575383203,0.7557269026634007,0.6703294360185399,0.6005609369323641,0.581317966004143,0.6141460995189576,0.5780774505704328
dolphin,0.8446120707492364,0.6596224630479244,0.7732815618121814,0.642609490446514,0.5817098715655533,0.8506492478238608,0.7918179798208745,0.7062470286318515,0.8269668589020066,0.8660289755886899,0.7947099645995502,0.7526731541659654,0.6952852892351902,0.8303975962176731,0.7661048492903546,0.7481962136650386,0.8456521235754225,0.7589869812409971,0.763718905728589,0.7937990257010196,0.8293602319204636,0.7881206434409664,0.865695423809675,0.6392021718868479,0.7523762354078503,0.8346317817650823,0.7179942291640189,0.5565887539293155,0.8164647713324713,0.6641761937888475,0.0,0.7205851429991196,0.5202648040520794,0.7678230759479471,0.7671235702132307,0.7658428117633922,0.7731135714951938,0.7437469513660101,0.623107672219525,0.8169997417539097,0.7833468820905475,0.8433007045667846,0.7550236842348439,0.7985170233305373,0.6563568694918234,0.6747321403412911,0.7583234138963495,0.8177436218188581,0.7950469208074629,0.6598195948494849,0.6426140836843666,0.8344638818397385,0.8073755577565356,0.8990306036964005,0.8366332354830851,0.4324327779686863,0.7826300207464923,0.7857055929617753,0.8018196962300903,0.7717544115138434,0.7428560263079445,0.8313351023388434,0.8942524291748225,0.7008266818116734,0.6741199402073579,0.6456150378065477,0.6791156302731686,0.4722403107630597,0.799839333598972,0.6628715658460977,0.8410307029472963,0.5555641739517023,0.4230683297783301,0.2291441230319825,0.6118895840812941,0.6869090843721509,0.7173280987945725,0.766033438091011,0.7664724210082332,0.7020018501563223,0.6655250400292705,0.8398826554483521,0.9003941425220505,0.9060133782691142,0.8310546820557416,0.7977276366765667,0.7767607223324,0.7980698392429445,0.799973860885894,0.8580849972282958,0.8077123156988415,0.487455116472318,0.8418877734673463,0.49318268459936054,0.8612181427035792,0.07580019112529113,0.7688332955914955,0.6994461301741044,0.7784596120321999,0.7332027282584919
elephant,0.8171170030001205,0.7924976466694686,0.7511953661098407,0.3689771125574818,0.44629345693217937,0.8325997556375218,0.7270959449920242,0.7032535055461975,0.7704018761066806,0.8233048025626375,0.7273394078038475,0.6617807160958995,0.6545588614841016,0.6523206175511909,0.6645798427468321,0.4201672285978594,0.7727219741308972,0.615066451884298,0.7048980841363162,0.4479842740994393,0.8514605750174356,0.4832898581814774,0.8325015519245142,0.6405114330001659,0.8288969616821127,0.7457130008550501,0.6325979951388352,0.4927714389373259,0.8409648536483202,0.40389179429220445,0.7205851429991196,0.0,0.5972084641165871,0.5570550260802537,0.7043496799308837,0.6631710576198656,0.7500169566317159,0.601056644247308,0.5408235913505881,0.8317206897451613,0.7666979913547691,0.8712008484159269,0.57527575364187,0.5743688120744088,0.6129582090691978,0.650646298136786,0.662946277958633,0.6144546327293592,0.7699267274020538,0.655426028261751,0.608702032846546,0.707896340599093,0.5687351944929598,0.8855190235635985,0.7834537856754566,0.46538603166083425,0.6144489309786133,0.7819769257433443,0.6512554177263307,0.578846206168597,0.5717530715882171,0.7546779935615666,0.8267391457424178,0.5447040811216582,0.5786735727096988,0.5924693676033046,0.5610020073172475,0.6868086855272827,0.69481421820344,0.7535248820614702,0.8179856802941041,0.6841418957507432,0.5057193280126702,0.7456245102471302,0.5281934408664208,0.5956689825299655,0.6689724428430486,0.6607793783973064,0.7140722393282644,0.6958453247607195,0.5671258129006906,0.6756984956274696,0.8264338149193942,0.773623539507024,0.7306844965476706,0.6053656231467364,0.8004169292517057,0.7456685002528289,0.6457589997082549,0.6697692620959431,0.5983502401935084,0.7386648912147122,0.7731853133916236,0.6239520257712978,0.7814159114366601,0.7006153676730337,0.5398857056126625,0.6435212704219084,0.6887816509945557,0.7431819895846452
flatfish,0.7420265264816694,0.45665958385278094,0.5629876101097928,0.5133895905125248,0.3938895566768993,0.7593721313080565,0.619764787509878,0.536336321173089,0.6867988531220945,0.7092540494611215,0.5346952715049378,0.47164059319717455,0.5911031780900129,0.6957164663347388,0.558055287033542,0.5401941889738047,0.7025620292352835,0.6253293421432664,0.5976969771445653,0.5814103177155616,0.791202284401865,0.6296228121830336,0.6770549474665872,0.562013986390371,0.6169706417226355,0.7002435917854732,0.4746995565364157,0.38999290804843756,0.68352155424664,0.4892430270987743,0.5202648040520794,0.5972084641165871,0.0,0.556546939146071,0.6680049072205952,0.4931004851000359,0.644484230509528,0.6032776992274648,0.5369919101048017,0.7729810761862898,0.6109385252814767,0.7405008469445943,0.5818969353963266,0.6343816686794213,0.46547366771096,0.4035402783351729,0.4272837975270456,0.6208291877478491,0.669880213586804,0.6429628565166411,0.43739226874637804,0.6236786071893918,0.6248871363858368,0.811841073999406,0.7514550328914718,0.35826329587905237,0.6604228215221791,0.5618307487526968,0.6598261636437617,0.5417148622427421,0.589119500383817,0.5753058404902301,0.7014099163205745,0.4505730151173043,0.5465173200122617,0.45482060654100587,0.5765894310631933,0.30078257195156743,0.707587934964006,0.5939200652042501,0.7226799925016403,0.5752728543888632,0.35754405705612924,0.4834519366279494,0.3800925951986749,0.5394243936609044,0.6189332762889708,0.5048392470654487,0.6428102899421158,0.5703338738754531,0.4473875366917258,0.7163283962921799,0.8016975313278185,0.7636475609235893,0.6569809071755154,0.5543356763691341,0.7376119070586129,0.6426729026390978,0.6326205012561101,0.6740715290811226,0.6359164321300588,0.29548321820498824,0.7184330011215843,0.364172100882166,0.7113519843174714,0.5077795686212307,0.5446883181921979,0.6097646755407744,0.523034515595264,0.6104846787161188
forest,0.8077597844392765,0.7471639918352725,0.6726867239433663,0.5265987277188755,0.5091709279483967,0.7603556929413171,0.7027526956370802,0.6776267085030074,0.7072991835670821,0.7210642417147095,0.6938058786298715,0.5768918227291807,0.4573893276490336,0.6316928460260584,0.6221173843554684,0.5967580250409694,0.7560751717032383,0.49244437439499067,0.5951508537566823,0.5911302932885084,0.8280609693057892,0.6726447260357089,0.8067269385382062,0.3987286309020033,0.8189271907328698,0.686627689766717,0.6800415473140355,0.45416129203698075,0.7804989337827728,0.6000994695334763,0.7678230759479471,0.5570550260802537,0.556546939146071,0.0,0.629895692733627,0.5681517653039012,0.783450663227133,0.34477438781780534,0.589624772476768,0.779791093380277,0.6478675096616344,0.7690278686381604,0.6179418728903616,0.6926653229385662,0.6001863745520032,0.6068054406914307,0.5275429713096624,0.25300899346565475,0.753928598644586,0.41859319326348887,0.6468551490150227,0.5924608509828606,0.2649293373631,0.8359335643281841,0.7925134298717478,0.49766167589275,0.4441007349005631,0.7308726816147986,0.58105138712736,0.18727266457486347,0.32378911521795006,0.7501987302727684,0.7763776263270548,0.578815589736236,0.6685521813479444,0.594949696174931,0.6131551305953187,0.6323986781249041,0.4060237444477043,0.5637984188520577,0.7554441256214534,0.4664486500474495,0.569205710421754,0.7072246469647332,0.51280279346894,0.5525347218974054,0.5477302618418094,0.674058480272159,0.7415637631933074,0.6211318526264595,0.5522792370722286,0.5866541482612723,0.7725938590837649,0.8478687126624231,0.6370130864831112,0.5149941280696114,0.8353547592737776,0.6595625650815375,0.6450358114356706,0.5999106951799664,0.4795827602637224,0.669463063390124,0.7441525415242113,0.6563105085208181,0.6931508812783542,0.7205035737536188,0.19010036610461212,0.6194444748606777,0.6041474126750669,0.6928521157340307
fox,0.8475768691895499,0.6764538416042742,0.7425866956637287,0.4473849529860042,0.4486488682241516,0.7798986075481783,0.6607826894619048,0.6664075455942942,0.7400112072067473,0.7088821376961834,0.6961451273211902,0.6702895515795784,0.7245051879765693,0.7760365390224153,0.6747344724829092,0.5883184342049637,0.7647947924740972,0.725727653377111,0.7162607839318837,0.5464203249195947,0.7818795183534122,0.7046309034310445,0.8008854590369221,0.7679870510139015,0.7846635397591696,0.7769459213259577,0.6186649025518819,0.5554443324906498,0.7966583627944506,0.5451308643529091,0.7671235702132307,0.7043496799308837,0.6680049072205952,0.629895692733627,0.0,0.6618165797749433,0.4851688563276332,0.7006240491353799,0.3351248468767344,0.8375285662901886,0.7379752574585268,0.817403865669375,0.3347589855927522,0.34513130107028644,0.5953754702525311,0.6002290453251559,0.6591424620188167,0.6889415203064393,0.7696062192471655,0.7411616409277333,0.4852891564616413,0.6761558461259957,0.7296382487275155,0.7778887863126374,0.8355702371706132,0.47454182687660573,0.7911930508796666,0.7354042499348323,0.7105482062164998,0.6718789365410173,0.7275545950986435,0.7681468975843375,0.7572968315662498,0.5293859409880051,0.4700182279487748,0.4566204364228289,0.393726932355574,0.7127256007218099,0.7712906656451006,0.7134795967710941,0.7574926203130674,0.7834839610085718,0.5379902550885164,0.7339562988927996,0.5046115180309996,0.632880381722059,0.7831406026815549,0.6580301290994178,0.7114621564166886,0.6603961127533807,0.3478276016001627,0.8105588203058337,0.810817571004133,0.7945535790668053,0.7140799208569957,0.746635028768811,0.7929875529801054,0.7707510035200897,0.26894211649951927,0.7764443926270055,0.7459791053465087,0.6951722540133596,0.7654957394521872,0.6665121585977583,0.7970404644646489,0.7720767213298232,0.6850824171824886,0.2958645969308471,0.6457652426033346,0.7720027524869443
girl,0.7623570137303484,0.7371773616627115,0.1887688566781056,0.5837300410545252,0.5766951424303869,0.7603545131363524,0.6788547990494007,0.7014788785631627,0.7069518955865092,0.7324440506751158,0.6275812844297682,0.032469097373070466,0.6438413628051003,0.6791076318442948,0.7151225459514181,0.63264490207758,0.7047453993257973,0.660554213362498,0.7284436477426777,0.6483925364576961,0.7726075972026885,0.5770735200907535,0.7414532703818449,0.6092860430641744,0.7897229971385844,0.6908172195864586,0.6430517444710935,0.6057339002948938,0.7378175604038795,0.6149137250942561,0.7658428117633922,0.6631710576198656,0.4931004851000359,0.5681517653039012,0.6618165797749433,0.0,0.6685045497112807,0.5609617896896815,0.635658480910318,0.7563246799395387,0.6104858696163264,0.7137911626129418,0.6816433128572956,0.671648599909584,0.6104326291354826,0.5760878731116019,0.2047281362854252,0.5584010911174657,0.6942084213277299,0.6867484842096151,0.6183715437604567,0.7542460503161876,0.5584207177982661,0.8033924290805737,0.791766635272368,0.5244492438611825,0.6507520780039568,0.6911952647103443,0.666641046777579,0.5391167690025169,0.6270208093960852,0.693718083311297,0.8016882157671452,0.6360608137434092,0.6077401571837279,0.5623903662276428,0.643155506837713,0.6887215777514917,0.7067496451183835,0.6768790497683772,0.7589068319260249,0.660177386347882,0.5726945423493273,0.7267031878479043,0.5982400509397912,0.622378213867126,0.6520734137160973,0.6649415067106947,0.7759951059361981,0.6642500785093851,0.5761712076649839,0.6655752284083916,0.8109779648518323,0.7675254346385209,0.6291019987350811,0.6235812027163594,0.7508388001808987,0.5924310185431161,0.6856219737464796,0.6913623318962454,0.6438514831617814,0.6893007140693481,0.7742466534250375,0.6713502177633159,0.7296073741571517,0.7521457016287632,0.5310373437921011,0.6455737149353724,0.13233559575431608,0.7623368792238355
hamster,0.788910419399044,0.6330589558385169,0.6464928072552436,0.5127073067062375,0.4629647916206119,0.7938939428661993,0.6894611867800873,0.6810501926843873,0.8526597568566632,0.8181209202703184,0.6674319078181898,0.6765967580385743,0.7901911042293752,0.760688597117723,0.7504168280456893,0.6945077043927321,0.7586864103506055,0.7540379561022746,0.752126644460346,0.632609922424662,0.8396376465319578,0.6697190394682723,0.8010184850798227,0.8179119935720316,0.7429575483049431,0.7950641143376034,0.6461308777719725,0.6225348219326574,0.7915408512709992,0.6457661733954758,0.7731135714951938,0.7500169566317159,0.644484230509528,0.783450663227133,0.4851688563276332,0.6685045497112807,0.0,0.7622307427135434,0.5287444723271604,0.8650532179294721,0.7587127713309306,0.8340236134050554,0.5314690280813306,0.5491943485740909,0.5579905258566085,0.6452262496268091,0.6937584299270363,0.7653381692797315,0.8134662193224214,0.8471023851688364,0.17873755113396395,0.7242394240179166,0.7843183464920332,0.7697884041196241,0.7676947921656532,0.5583240079873166,0.859911311122593,0.6883986409464243,0.7647823458546419,0.7659368905302011,0.7929440060862382,0.7821530853285137,0.7753451076011345,0.49712365447382423,0.28775379003928414,0.2629208433131369,0.560845749973255,0.6891878401378018,0.8508724847112134,0.8078706555974312,0.7080453815359429,0.8123635915801584,0.5602566410681733,0.7444869922753866,0.4446855965294303,0.6626137459916974,0.8748119356964168,0.7254131552309533,0.6904609459967713,0.7106441840493474,0.3422077823317897,0.8048303508333878,0.8427306749030186,0.753362221010658,0.8152234642629508,0.7457991890443523,0.7930754662930974,0.8275445788538842,0.5108297082316967,0.7767225536414801,0.7513076110734798,0.7186315166084903,0.7462570274173955,0.7052626151064318,0.8040846067903928,0.7906155483614894,0.7676878049821388,0.5514017747932954,0.6901647122548977,0.7948239528304504
house,0.8238931977070376,0.7597388621266168,0.660929071919501,0.6023887868231238,0.6030810089393527,0.6820232432058225,0.6972737381910981,0.6945037427000673,0.6796028699668646,0.7292912071587879,0.7141804879716844,0.5666909881431366,0.41780095110641235,0.5070276761582553,0.6696038523551133,0.60673698402546,0.7589747430134854,0.3391402982821742,0.6966817758984873,0.6070006868136802,0.8049546765419483,0.6817656634930541,0.7539684630688561,0.4894650114204544,0.8119598343959926,0.6313094710867597,0.7051628471917237,0.5731712609320857,0.7801276349585751,0.6174363653812245,0.7437469513660101,0.601056644247308,0.6032776992274648,0.34477438781780534,0.7006240491353799,0.5609617896896815,0.7622307427135434,0.0,0.5967890846276833,0.7551487439624706,0.627682978182442,0.7273406491600065,0.7159327483139677,0.7250151405964136,0.6346440776226328,0.6684531714056097,0.5481368653702798,0.2677607769003598,0.6979954146551284,0.4898262100930193,0.6713941272064232,0.6702571105334685,0.25554672862034533,0.845812604605999,0.7800918945311293,0.5702204303556853,0.440671142049722,0.7407727380202402,0.46369888334070286,0.25743864829506424,0.4331012280761818,0.7518701200359468,0.7997030163407935,0.6388000666347713,0.6775177526556986,0.5772587947402888,0.6383609898119708,0.7106222657703273,0.4550072531258694,0.6171622679126185,0.7451142487332185,0.5327165172358106,0.6155374113466252,0.7383807398242862,0.6094304711436946,0.6068231122141621,0.4936217949401368,0.6795339313985043,0.768630260265063,0.6830299218477058,0.589435144510311,0.45897117163754486,0.8023286475126677,0.8353138301505749,0.5868240108587628,0.5112224448258375,0.7889500450681446,0.6259278606879679,0.7179357932642816,0.5683699168963194,0.4409739758324217,0.684697536722306,0.7619675066041927,0.6750282099736526,0.6355526444622237,0.734737574070452,0.26494758266708995,0.6697191405966443,0.6105664787420347,0.7672111315567582
kangaroo,0.828524971090768,0.7251513624973159,0.7366917205081439,0.45193373503089496,0.3572543209434328,0.8243168520754227,0.6367796365416044,0.6020620515017092,0.7110489298545495,0.729848558633168,0.6833345562567171,0.6323049859269559,0.6882179284150811,0.6984019842773399,0.6389030073921967,0.39877860036057544,0.753399500764342,0.6206266959364639,0.6436964143200746,0.4755125824949099,0.7644044673024726,0.6542233247986755,0.7833836666104674,0.683914097091939,0.7185099252968989,0.7587324554847413,0.5963420663357253,0.4339034192864104,0.7470512859091496,0.42346637462879033,0.623107672219525,0.5408235913505881,0.5369919101048017,0.589624772476768,0.3351248468767344,0.635658480910318,0.5287444723271604,0.5967890846276833,0.0,0.8288460814977558,0.6856543653798803,0.7487813119161005,0.3689563948054091,0.4692658709728338,0.4844997872218668,0.5955421422577707,0.5970471216983126,0.6301727725481229,0.7075803791916222,0.6774242431431041,0.3408753613382135,0.659026744929156,0.6006229377651835,0.8433837624877344,0.7639477024447585,0.3595725963987537,0.6955999698172614,0.7125623025919992,0.6516629215701356,0.5862602655364619,0.6033585150752679,0.7724187260458032,0.7941232411554316,0.39032889110136126,0.3985870789275644,0.2663190472043493,0.3236420662790537,0.6300850509639826,0.7110369278633324,0.7160019453952617,0.7858394439761573,0.7141786611146742,0.4395706777823053,0.6651004908894096,0.3292757748824161,0.5533795069984653,0.7261421119062489,0.6065318328799909,0.6481872939519617,0.5622217699968142,0.27023196768688684,0.710891819848138,0.8291552947059232,0.8307952555951246,0.7300753384480332,0.661934909607957,0.7551277957985432,0.7252052567632439,0.398405157901636,0.6926463287897562,0.6805395126692892,0.6268467385569637,0.7611857947925863,0.5417292192848464,0.7648605572855562,0.653628732038462,0.588520937256382,0.36011833937515003,0.6301779306668223,0.687795588144353
keyboard,0.7933686429070692,0.8957921176091229,0.7592343847270034,0.8285595422256458,0.836353400163121,0.7852399801566734,0.7878540609372562,0.7814984638669715,0.8716237992428446,0.8218881346929727,0.7635623009776059,0.7422836418752111,0.7312498872866904,0.6999171933314378,0.8435806194524034,0.8647471811330809,0.7480568055538939,0.7741579284490185,0.8398682352689439,0.831788806532643,0.8213853536928879,0.8701493920782934,0.7784355889212842,0.7240843856065085,0.8063536213207458,0.7262228719570423,0.8592830138075425,0.8083925716389683,0.8335345412895314,0.8152217049845061,0.8169997417539097,0.8317206897451613,0.7729810761862898,0.779791093380277,0.8375285662901886,0.7563246799395387,0.8650532179294721,0.7551487439624706,0.8288460814977558,0.0,0.7419739552809673,0.8247049407763003,0.820789772221852,0.876307247213983,0.8220934768106427,0.8454645793375379,0.6984222391439372,0.7994594256601781,0.8500550138622408,0.7564140656224253,0.8212911045350519,0.8532491877097698,0.7719985540198506,0.8520647878222816,0.9300818894652876,0.7716620676231382,0.8275646839266398,0.7540863182663489,0.7925906670603554,0.7805008078051098,0.7274071566232221,0.7462976075816246,0.9428986261656594,0.8389116391246829,0.8411427083384597,0.7959662357669701,0.8369080779841614,0.8094951627717792,0.771340667385583,0.8127339437964645,0.8677911677611206,0.7405529489326415,0.7567297698588002,0.7943727508374803,0.8168259453390672,0.8797114483735742,0.6739929006702718,0.8353034688180437,0.8737351070453501,0.8299720806145773,0.8478602731218658,0.753226276964527,0.9151217651351518,0.8397319216019729,0.7941209843705271,0.7359304445208454,0.5362905138977154,0.6159540598034859,0.8398023717227614,0.7954586268426859,0.7119290490172613,0.8270121111555861,0.8922539211896864,0.8210370016879691,0.7689134228102591,0.7966397495650351,0.7771103309389022,0.7858889818822635,0.7409818194689426,0.8147757966243236
lamp,0.7263347075273502,0.7585712612940106,0.6928159086966438,0.7155587689250944,0.6939410120747844,0.6848828957887207,0.7395174552146317,0.6963900318864276,0.7234653155088742,0.5262182361120956,0.4666255122126318,0.6088289778101372,0.6590573314417862,0.716571823985308,0.7220504444316758,0.6864158488338419,0.6015125273350475,0.7009640395977601,0.7595540709804314,0.741000687140149,0.6486737685573185,0.7615360209105898,0.6006627541572189,0.6598247212219444,0.7926037349590018,0.5714461679346421,0.6677895210275027,0.7030300622503971,0.3257463719995678,0.5987616534028245,0.7833468820905475,0.7666979913547691,0.6109385252814767,0.6478675096616344,0.7379752574585268,0.6104858696163264,0.7587127713309306,0.627682978182442,0.6856543653798803,0.7419739552809673,0.0,0.6770914873415912,0.754763903803984,0.7851984272162793,0.6806500372817967,0.6191957218927941,0.5710804200996942,0.6345920035928356,0.6992443995581206,0.7078230449407642,0.6931480639079974,0.6086435597155783,0.6573373977853146,0.812369788155838,0.7869014160076984,0.6440464982375054,0.6973609684043031,0.598152491842832,0.6755583512594022,0.610104210288201,0.6828342368909279,0.6157053094618996,0.8044468768567116,0.7400600899789262,0.7328296463937636,0.6540511651083938,0.7155396475272612,0.6641147222113455,0.7584661039401477,0.5123416942264487,0.7702364812574239,0.6942924204972548,0.6948199720903967,0.7116965700987129,0.701457933567206,0.7002881089756761,0.6299724250950416,0.686317546256852,0.7654200013114334,0.6837690539020604,0.6929923363173495,0.729232798699488,0.8722453886940702,0.7776920003888357,0.4625847929348671,0.6380285438225889,0.6032981694906585,0.5044926985729927,0.7652098488328246,0.7096803087289294,0.7243948729903189,0.6888289495185815,0.7570926650846777,0.6917996465549998,0.6278488237720259,0.7361051482326915,0.6402041005291313,0.7607425156236941,0.5849848075249483,0.695960383285499
lawn_mower,0.7774386459930103,0.833996998885454,0.6806195433710283,0.8233434083070148,0.7687861500942543,0.7752656146624493,0.7703292229044018,0.7035330184012845,0.643077075231808,0.781028702998515,0.7696420608236546,0.6779901879261545,0.754548420563614,0.6261712955719831,0.7724675966511592,0.8005484775143201,0.7704767228121225,0.7426055844489154,0.7636353787104286,0.8087087574631766,0.6538608842963043,0.8185830901422402,0.7530872870964613,0.8270939716190413,0.808926218255972,0.7440065296354397,0.7607368220398056,0.770529063265381,0.8167053211221341,0.7904931384147365,0.8433007045667846,0.8712008484159269,0.7405008469445943,0.7690278686381604,0.817403865669375,0.7137911626129418,0.8340236134050554,0.7273406491600065,0.7487813119161005,0.8247049407763003,0.6770914873415912,0.0,0.8439070097505404,0.8687593277505481,0.7581322181161438,0.7159298504251406,0.7486477423985485,0.7174992618028461,0.415412435574408,0.8531459089409104,0.7627949937573105,0.829131911115377,0.7236865833662282,0.859640859075111,0.8735033744716961,0.734895088120793,0.8137931614385152,0.7632374853034607,0.6234219771969098,0.7533032925743137,0.7732115121600455,0.8100823627297644,0.8087551397678865,0.8131416595638311,0.8115584825324166,0.7051591102602601,0.810086574347307,0.7907678112214929,0.8328999608648344,0.7853728619708109,0.8385431198461133,0.8728464682513422,0.7943584395373079,0.8495762893712036,0.7703712244541828,0.7500541367311997,0.8297505937806653,0.8055373568236367,0.8375335164380955,0.7588721635101943,0.7580202173446318,0.7178656333831486,0.9015718631477467,0.7713217253656465,0.7511262543705586,0.6301237247933231,0.6248133853881691,0.7206739391469051,0.8300598869000402,0.4315939142323444,0.6568825638559252,0.7689719728263622,0.7963044785912404,0.7822316061954678,0.8462629340230232,0.8229715706157982,0.724257404774192,0.7963404695016969,0.789616417222892,0.8337306749552946
leopard,0.8942003260062739,0.7301444181591639,0.726168874699832,0.4138257647389645,0.3911846275533537,0.8243547717948605,0.6592395518525735,0.6982548738808982,0.7846977763445777,0.7722071290770706,0.7159559315537337,0.6766372546185133,0.7126219145816002,0.7391896116969455,0.6236868327685882,0.5511236265042805,0.7610733312897444,0.6718349779488734,0.645913538926503,0.5522947836423227,0.8017675035626879,0.6425988255922078,0.7889236252360988,0.7383987540637977,0.8220537170790311,0.7768534974488519,0.6298011456670496,0.41619835832047214,0.7813100718881063,0.4960268960566443,0.7550236842348439,0.57527575364187,0.5818969353963266,0.6179418728903616,0.3347589855927522,0.6816433128572956,0.5314690280813306,0.7159327483139677,0.3689563948054091,0.820789772221852,0.754763903803984,0.8439070097505404,0.0,0.25349003123318126,0.5190603797723754,0.6041518344283475,0.6332593657813372,0.6994353411560477,0.7392875874971299,0.7619840841906168,0.43606550353336737,0.6921261607827771,0.7415357207491097,0.8749118393780047,0.8154525129559692,0.4501531614937688,0.7454543650609687,0.7995594586120133,0.716511556388013,0.6705741439368683,0.7114749508350133,0.7660069539703962,0.8148918685119027,0.41844484814429483,0.475060342310043,0.4657238363015288,0.42637698069328467,0.637938689712183,0.7696166500039242,0.7364455501092511,0.7912901663804099,0.7762698211903843,0.5076318871979912,0.7262401827532383,0.45918946738430744,0.6413317168984336,0.7571267187245803,0.6970911259073612,0.6645889054964094,0.6671565226112992,0.33762520826342546,0.7845487219482308,0.859909825539684,0.8160812196589555,0.7664367011302732,0.6678145661966144,0.7836651718820399,0.7671265542975501,0.17919550016174046,0.7387576490257133,0.7377984570316305,0.6855870739149729,0.7966118800204672,0.6173015265998116,0.7975797740842526,0.7554308612764102,0.6642846765122665,0.35197120988052855,0.6681292580878261,0.7568276157341289
lion,0.8080851593848448,0.7427964164680467,0.7536422408477621,0.37837235140389147,0.4199288521576696,0.8332706377197706,0.6802699830629113,0.729839207311834,0.7885918170255857,0.7935048280724066,0.7440712878414264,0.6899709122332858,0.7760580809334028,0.7785975897573472,0.6903470129838908,0.47184336684084716,0.7968065295624496,0.6920574341503791,0.7354447455684925,0.48510914112029513,0.8554975560648378,0.5467841791958226,0.8078975276861152,0.7625400650384111,0.7761886129591317,0.7674496427376678,0.6418308609701062,0.5501137318626144,0.8172911647780894,0.5639637912022385,0.7985170233305373,0.5743688120744088,0.6343816686794213,0.6926653229385662,0.34513130107028644,0.671648599909584,0.5491943485740909,0.7250151405964136,0.4692658709728338,0.876307247213983,0.7851984272162793,0.8687593277505481,0.25349003123318126,0.0,0.6586096531579864,0.6262062007211551,0.6614556282572764,0.6989796557656812,0.7843086436229666,0.746110898105711,0.5558169053912729,0.726392311014928,0.7233225180383693,0.8195377074855122,0.8462338448454867,0.5062977138431906,0.7281215420408675,0.7619867719435132,0.756872096178466,0.6807705679304884,0.7264911130160899,0.7800514140001192,0.787730335137771,0.5886198766586401,0.5501488308063239,0.5531067944319057,0.5044885556438491,0.7158473126705547,0.802254676054992,0.7872195305388963,0.7604331587011646,0.7836164866595473,0.5496951044988126,0.7774231824492588,0.5950045235306477,0.6679378076563827,0.8040556854428507,0.7541050835913232,0.7108100200954466,0.7403328268836574,0.45663771626146255,0.8055050380482192,0.8034159626240317,0.776597213863266,0.7773691117065507,0.7084105432202135,0.7664025202081086,0.739605592540665,0.24155928772514756,0.7662050028058174,0.7532786493592316,0.735078968048324,0.7811348129511053,0.7167419590633699,0.7663138994964521,0.7906944723222346,0.6837311065289768,0.36990609074495884,0.6391476157574444,0.7977559107339987
lizard,0.7688798069887662,0.5553085512958491,0.6198303137902809,0.5936592091986295,0.4490762975313296,0.7827022878699991,0.5625501332991223,0.4637071967848728,0.6849537884047721,0.7405615941824222,0.6266075599749819,0.6026628046111289,0.6430621559909394,0.7100535333825684,0.5784292444550794,0.5670500207726125,0.7380667724344134,0.6288277091865162,0.4232101842804784,0.6775331174327897,0.749909697456012,0.643104700880896,0.7012496888918325,0.6885256192961788,0.6169566048880328,0.7211751115595535,0.4536967105927331,0.2615779266287581,0.7326101284557741,0.3160473601615801,0.6563568694918234,0.6129582090691978,0.46547366771096,0.6001863745520032,0.5953754702525311,0.6104326291354826,0.5579905258566085,0.6346440776226328,0.4844997872218668,0.8220934768106427,0.6806500372817967,0.7581322181161438,0.5190603797723754,0.6586096531579864,0.0,0.3708656081741226,0.6205890414928271,0.658539875909274,0.6980237068487121,0.7440464637757152,0.3649300094763255,0.6101382474489598,0.6653337482263209,0.8335186079636197,0.7389086294487845,0.37848724079550866,0.6515790035332207,0.6695893437644949,0.6961054003819381,0.6052704413576464,0.6588004446922773,0.6881768620638012,0.7988685152934232,0.5047044676783106,0.4739497841831235,0.4935622686417108,0.5529684505237835,0.5285397321951162,0.7145367753373634,0.6914571393949634,0.7360698889571384,0.6959678591545485,0.4657193899026101,0.5881450091201219,0.3395000030120847,0.5699370532700829,0.7255478954881966,0.515371595539503,0.40824639712565214,0.4907808793883356,0.3887243456437245,0.7342938487449386,0.8091684716739218,0.7709025320101519,0.6682545872536747,0.6137318159964522,0.7458096271343169,0.7002764452173638,0.5608395843161227,0.6984498899194282,0.6833382286661387,0.46843031591567086,0.766990297066123,0.4669278026449408,0.7439827874463865,0.6867450779516193,0.5995416154549033,0.6049271624067494,0.6351099365602888,0.4774415118003811
lobster,0.6996939924203344,0.5308938262515432,0.6065616352354599,0.6261952181808802,0.4856282595810325,0.8076456325330615,0.488803595993615,0.42366691674721235,0.6610628230985248,0.6980975812890022,0.49366893982693205,0.5801409121737857,0.6645326608858988,0.730388569121299,0.5219727625439945,0.5904167275468146,0.6564487590255994,0.6898098879156129,0.4931218418352801,0.6412442198896033,0.7727604146322038,0.6201865860732225,0.6796378860662471,0.6609083286723412,0.4934452469333179,0.7300306183990835,0.1630599008432254,0.3968434109559029,0.681516185425407,0.4043892218341578,0.6747321403412911,0.650646298136786,0.4035402783351729,0.6068054406914307,0.6002290453251559,0.5760878731116019,0.6452262496268091,0.6684531714056097,0.5955421422577707,0.8454645793375379,0.6191957218927941,0.7159298504251406,0.6041518344283475,0.6262062007211551,0.3708656081741226,0.0,0.5709462283851803,0.6677962547851584,0.6063023438964519,0.7219822848782634,0.49264014194905825,0.6588788092438483,0.7105864726563426,0.7337173362954611,0.7343660711835815,0.42597388288725635,0.6662994640276839,0.5911407804444254,0.7185048798841946,0.6293489367513555,0.6979010809040003,0.5558818800428778,0.7400412896294126,0.5772574564501366,0.5725317055790876,0.5323181610978451,0.604121795172017,0.4406099651281753,0.7657161841830511,0.6615531174272002,0.6893866908658262,0.6944450459152902,0.4956242203307588,0.5628437171040495,0.4398895972232434,0.5864041532930162,0.6962538955947588,0.5092826657694164,0.5112786977674596,0.4059154143216621,0.5051349683293752,0.7247147767783859,0.782007174030523,0.5792049438994968,0.6057148211097223,0.6009212352816651,0.7400587593524308,0.6504714954178092,0.5306702735953568,0.6528190389379884,0.6464293819305278,0.49443618274144774,0.7078426910669111,0.44734542427138757,0.7403387702438116,0.6675382262433605,0.636596317064465,0.6478803675968595,0.5793651549021107,0.4806540484308427
man,0.76877347339586,0.7518985247477495,0.39336232459264253,0.5751860324142011,0.5654870880768704,0.7485368589325743,0.6866463387924615,0.6592514391238058,0.7277643953517672,0.6867789706624765,0.612603191354681,0.18181768503351303,0.593869516011746,0.645467341066648,0.694851729168416,0.6079504289244919,0.6754287093391034,0.6176032115372676,0.6972251563829552,0.6098580868065803,0.7731077562375939,0.5534676221420527,0.7008765399661752,0.5731961939273553,0.7713294673756018,0.6416356330300567,0.6422112675135849,0.5846960160857333,0.684467852530769,0.6298423317755837,0.7583234138963495,0.662946277958633,0.4272837975270456,0.5275429713096624,0.6591424620188167,0.2047281362854252,0.6937584299270363,0.5481368653702798,0.5970471216983126,0.6984222391439372,0.5710804200996942,0.7486477423985485,0.6332593657813372,0.6614556282572764,0.6205890414928271,0.5709462283851803,0.0,0.5274667127737536,0.7325793976570272,0.6302251748074417,0.6114087063976626,0.729660259583838,0.5227261587222846,0.7962715734004171,0.7888787385211529,0.516922928572438,0.6452843624815096,0.7060152726472966,0.6241130472762841,0.4979437318352603,0.5686568392519551,0.6817160641003916,0.7955147659685735,0.5998795309155186,0.5987669977553745,0.5722545068432658,0.610944754734132,0.663795304724656,0.6747839517654026,0.6169229437299335,0.7560364426036962,0.6119787079191819,0.5748597242182203,0.6976695287859721,0.5814663244451672,0.6348165052487167,0.5804497778906375,0.699387760999493,0.7611165488725273,0.6397593657500756,0.5826708282305626,0.6557062796884494,0.8528947525591366,0.7926189362459394,0.6117356214141303,0.597605504505359,0.7459124886545132,0.5390919091726655,0.662644487427603,0.6886680628355129,0.61186766930387,0.6744670814889165,0.7644786462235568,0.6902164349914499,0.6761114678453896,0.7276692854344335,0.49904335133404554,0.6194364165733974,0.16086177685113223,0.7284786641459187
maple_tree,0.7653296891068928,0.7893745259561098,0.6744162534709564,0.6063711786244381,0.6030102207548261,0.7687132230269713,0.6831163383418828,0.6943766333024871,0.721548199467922,0.7492244422667806,0.6948164913473809,0.5640713614534578,0.4906432862931621,0.5719188029657558,0.6688128510503841,0.5636465667697426,0.780189586272021,0.4263304122367768,0.6982154673302554,0.5609130756202323,0.7734685253879688,0.7112501318541855,0.8051327671313406,0.4422494030983737,0.803926216029053,0.670881120985267,0.7216490200900465,0.5857307534688547,0.7551622133043937,0.6319951774922535,0.8177436218188581,0.6144546327293592,0.6208291877478491,0.25300899346565475,0.6889415203064393,0.5584010911174657,0.7653381692797315,0.2677607769003598,0.6301727725481229,0.7994594256601781,0.6345920035928356,0.7174992618028461,0.6994353411560477,0.6989796557656812,0.658539875909274,0.6677962547851584,0.5274667127737536,0.0,0.7396052915688316,0.5217313571200293,0.7027498548726684,0.7277641287533583,0.079588358865606,0.7947437052135017,0.8549489275302253,0.5967589614631572,0.43854723676784735,0.7234074091405958,0.5183882224264624,0.14110278800318832,0.35102711967740086,0.747589400267767,0.7831975905078021,0.6453531586690824,0.7106497327835173,0.641089287274427,0.6963310599249934,0.7286464149018097,0.45799426650849984,0.5800232357726339,0.7250936087716044,0.5293132285083435,0.667015017106999,0.8025921431355336,0.6349913924307682,0.6442003851928588,0.49544454310009023,0.7463268286545168,0.7996578627336506,0.6971586238784651,0.638168154108401,0.5463535562343136,0.7723303490257581,0.8027607554024878,0.6451061865027293,0.5495951970580049,0.8230636055012996,0.6897262451201356,0.7114914739909555,0.6054955193957816,0.5113921098741019,0.7673279023020952,0.7520934660316999,0.7354252191666206,0.6889980672888347,0.7716387740917088,0.09997350082171796,0.7235240371804267,0.5944046309805584,0.7580805154346069
motorcycle,0.7929540256279428,0.7551608775455759,0.6835403276844536,0.7556171994418791,0.7094017452907186,0.8473539761656121,0.7566069157963831,0.6926545193198559,0.3911171624488242,0.8108812126731011,0.6789887528196392,0.6810134153816527,0.7711347137402748,0.6462866327477842,0.7193002575421488,0.6751130634048612,0.7472492799388029,0.709729226277356,0.8234203929664898,0.7236233051381598,0.7821171451610534,0.7745005768638823,0.7102476869732071,0.7995989438648149,0.8017522907236431,0.7404608262746615,0.6609961948699491,0.7055813733724576,0.7616745862953779,0.6883568822745474,0.7950469208074629,0.7699267274020538,0.669880213586804,0.753928598644586,0.7696062192471655,0.6942084213277299,0.8134662193224214,0.6979954146551284,0.7075803791916222,0.8500550138622408,0.6992443995581206,0.415412435574408,0.7392875874971299,0.7843086436229666,0.6980237068487121,0.6063023438964519,0.7325793976570272,0.7396052915688316,0.0,0.8034157055718889,0.7477576766392549,0.806272926952773,0.7411859967182852,0.8003795943832768,0.8594945719360134,0.6713708894681518,0.7286154011935186,0.713192791830243,0.5509799668530533,0.7338733814656111,0.766163985672061,0.7552516417757367,0.8566638245602265,0.779156647162851,0.7851787427881449,0.6761956790784456,0.734406280254789,0.7656238672070523,0.7688241883384463,0.767922022980815,0.8459235564595997,0.8340807897170279,0.7364579707182695,0.8102963735727755,0.7243086840750645,0.6659276349819085,0.8239768634683974,0.7024234108774602,0.7406168928751896,0.7197438024398166,0.689081020611002,0.7477561683074627,0.8722562903227967,0.7776914172460122,0.7358547176988404,0.6111385639230706,0.7532750910240853,0.7598317832777891,0.7158896721973215,0.506818912784793,0.6757486505565149,0.7163624550163012,0.7986961890020113,0.7152391357799427,0.8487492526817002,0.7889206655543994,0.7236448863646938,0.7835235047477143,0.7490195849640076,0.803572109199002
mountain,0.8019876156686129,0.8519651823899943,0.7586640398535294,0.6301025214137619,0.6354828441420273,0.8125831839418658,0.7032429578372998,0.7466755116309911,0.8179092193358019,0.7910808146814077,0.7306279096610894,0.7021234396512755,0.5558466947536547,0.6832068059979346,0.7050684040618658,0.6126050388216808,0.7864412790068451,0.5374130287846384,0.7217117692493366,0.6650899542754869,0.926133279955902,0.7475709955917527,0.841596440203962,0.27484693133698723,0.8565455889518057,0.7881858266155013,0.7477255951492032,0.6094129825600401,0.7908616026160588,0.6885382730865046,0.6598195948494849,0.655426028261751,0.6429628565166411,0.41859319326348887,0.7411616409277333,0.6867484842096151,0.8471023851688364,0.4898262100930193,0.6774242431431041,0.7564140656224253,0.7078230449407642,0.8531459089409104,0.7619840841906168,0.746110898105711,0.7440464637757152,0.7219822848782634,0.6302251748074417,0.5217313571200293,0.8034157055718889,0.0,0.7530107804367054,0.747911453766708,0.48838892317167315,0.824754582384249,0.844472517219088,0.5792933024858631,0.5461692406122258,0.7410965375285308,0.6971263341538845,0.3825807982372752,0.3489529879708251,0.7845567090721692,0.7793663636657294,0.688775360818159,0.7559368948584813,0.6799419064523311,0.7045230870768957,0.6788094457846243,0.4631677462804188,0.5646176362750952,0.790835113631027,0.3506314433709793,0.5648662213167244,0.6866199757013391,0.6471837766442936,0.657359990615319,0.5094020446618339,0.7348219759877991,0.800326170391701,0.685698793787648,0.7076207759861534,0.6783037480242193,0.7758441762439657,0.8858003968489196,0.7779231597852831,0.6425991363255741,0.8452467248123681,0.7343593778928014,0.7782010907586925,0.702669668212355,0.5315095606883422,0.77719694672599,0.7594305560554273,0.7040460375107129,0.7719074975798287,0.6110641359751232,0.45068190239837747,0.6822668666940639,0.6912232981919088,0.7372808057736637
mouse,0.7600113203107497,0.5841791081044038,0.6411279565084581,0.45780003933879365,0.24253571407884533,0.798746723806742,0.5905525173156143,0.4974232639895654,0.7920856357650876,0.774721248511061,0.5866875748933483,0.6159227412270041,0.7127625945588898,0.7218269429569601,0.5967901056336662,0.5878692481254499,0.694470196887848,0.669892818554268,0.5887878183463975,0.5996439827389677,0.7965736413697131,0.5941876208069332,0.7462790346734143,0.6964917618970101,0.6045715453599838,0.7623263962214233,0.5315360242794326,0.40823504631326757,0.7398212045355053,0.4696612545962703,0.6426140836843666,0.608702032846546,0.43739226874637804,0.6468551490150227,0.4852891564616413,0.6183715437604567,0.17873755113396395,0.6713941272064232,0.3408753613382135,0.8212911045350519,0.6931480639079974,0.7627949937573105,0.43606550353336737,0.5558169053912729,0.3649300094763255,0.49264014194905825,0.6114087063976626,0.7027498548726684,0.7477576766392549,0.7530107804367054,0.0,0.6289994030470704,0.6963669971085735,0.8413448102151102,0.7280730936360729,0.3304073300498176,0.7745146659443651,0.6584553332790701,0.6964970065177709,0.6624167517699777,0.6837796930002744,0.7027111198788021,0.7320196482572822,0.2835127316324565,0.2146808267684236,0.18890997231462547,0.3876785978719096,0.5118353557838442,0.7723774216203483,0.7417963109796013,0.7163371296990156,0.7351918714364021,0.3876659945423121,0.630984887821823,0.14142595395180124,0.5233978918049662,0.7893721426265282,0.5360195885977306,0.5528484866035146,0.5713390001296049,0.21527346309664264,0.7458425687626868,0.8331551320759243,0.7323408874535584,0.7648105897113295,0.6625913014303694,0.7235196227507749,0.7437542161899223,0.4892020587830135,0.7285333254573322,0.682984325463096,0.52912415729802,0.7333956879334272,0.5166021513236263,0.7382913714806807,0.6627673373008938,0.6493163792712932,0.4781744755999253,0.6245026335257307,0.6071432018632723
mushroom,0.8011172031181274,0.6886702121161934,0.7662183453096099,0.683311257729065,0.5908796898474626,0.9245491034529101,0.6934238264995356,0.7007260038014741,0.7952224842308048,0.7815193682985193,0.6682250432857696,0.7513273799916355,0.7831596386683289,0.8093221016356237,0.6605028525015647,0.7275279160512144,0.8091468480952045,0.7320796095906482,0.6478019549733778,0.7555731122878311,0.7915355924980776,0.7519702134940103,0.7936248640637589,0.7589616505519021,0.8361150539035395,0.8093872107567476,0.674653703411237,0.6421260452786269,0.722642257012673,0.6922952433787894,0.8344638818397385,0.707896340599093,0.6236786071893918,0.5924608509828606,0.6761558461259957,0.7542460503161876,0.7242394240179166,0.6702571105334685,0.659026744929156,0.8532491877097698,0.6086435597155783,0.829131911115377,0.6921261607827771,0.726392311014928,0.6101382474489598,0.6588788092438483,0.729660259583838,0.7277641287533583,0.806272926952773,0.747911453766708,0.6289994030470704,0.0,0.7462300523375958,0.7853786967377129,0.7253172380534187,0.5978050120122198,0.6915687255039333,0.6906988180084109,0.7649867610847145,0.6723920419555633,0.7182643513299957,0.7353104993105266,0.6804839886260181,0.5776561734954344,0.6885347046656968,0.6454107745701343,0.668790210429124,0.6911246911025344,0.7977886510785576,0.7408869170086301,0.6912208930704452,0.7668158390847402,0.666084621787627,0.7757231526490116,0.4982408739676175,0.6216958560592636,0.7953544657417544,0.4887714639673799,0.6786276589536291,0.7364320733833751,0.5912718022608716,0.8062676743430697,0.8020489912518793,0.7840585473880852,0.7278054655776125,0.749850909164151,0.8950615115876113,0.7949663028609624,0.717272024409759,0.7942835597360451,0.7706728467152575,0.6883679763878813,0.6140427161623848,0.6312692347269159,0.849116993179706,0.8376895343816344,0.687070546770643,0.7016380386628308,0.7669504541347587,0.7058671798244638
oak_tree,0.7710624318239281,0.8355066553211222,0.6836929134464427,0.6254640947352704,0.6145960312025245,0.7551757961123311,0.7040928728817802,0.6826003761475735,0.719250954805742,0.779807743012272,0.7115582294361138,0.5617620778102228,0.47856879442759237,0.5660662403639759,0.6910819718886463,0.5340041868899141,0.8031384457839423,0.4006592163580486,0.711493283962183,0.5372739157595612,0.791679542796613,0.6949200785958138,0.7941288853473564,0.41201595936929714,0.8008837332128189,0.6658727052958958,0.7422480814346486,0.5784101781917547,0.7697617922128054,0.6453899173016178,0.8073755577565356,0.5687351944929598,0.6248871363858368,0.2649293373631,0.7296382487275155,0.5584207177982661,0.7843183464920332,0.25554672862034533,0.6006229377651835,0.7719985540198506,0.6573373977853146,0.7236865833662282,0.7415357207491097,0.7233225180383693,0.6653337482263209,0.7105864726563426,0.5227261587222846,0.079588358865606,0.7411859967182852,0.48838892317167315,0.6963669971085735,0.7462300523375958,0.0,0.8218732457296501,0.8569419089638781,0.5944591418423255,0.4211794453626586,0.7386630570717893,0.5044659685842197,0.1194663095008861,0.26177273625057185,0.7429084897696321,0.809701002054456,0.6664957034739258,0.7188910027498472,0.6280094777090078,0.6986647982309528,0.7237635604088175,0.40638809380947016,0.5878539160342164,0.7745175860529443,0.4862970099707222,0.6621300331884152,0.795429776709711,0.6284251879401699,0.6379939869753627,0.5194306833677298,0.7410346136257506,0.7859061556132424,0.6944620587861257,0.6397322205274019,0.5370053490702451,0.8020421849348298,0.8364053719990808,0.6439926719439385,0.515243628665428,0.7902721309250119,0.6800790371085973,0.749436055070624,0.5765500749498798,0.49682540212059234,0.7748908716167608,0.7788067575425979,0.7255179684352455,0.6871403693509254,0.7580945360755676,0.08771867091505658,0.7404181745837114,0.5940262162682515,0.7512721377802443
orange,0.49307425162786755,0.7598723265682941,0.8097102529411727,0.8391657892199387,0.8608875270706059,0.9099026178363093,0.7702173475529749,0.8217892412308181,0.7319011222339574,0.7546511364281098,0.6246285182251547,0.7865800162098328,0.8698572183048017,0.8520177719390163,0.8426128149913216,0.8298801754346246,0.7699584404935405,0.8257187936930006,0.8541402300618709,0.8503573540422775,0.8481564788575768,0.8071950846466106,0.7027971385728774,0.8124322679437372,0.8437636825127857,0.8112379626539553,0.7738087391396554,0.8512418210420876,0.7756121329713608,0.8229794878844942,0.8990306036964005,0.8855190235635985,0.811841073999406,0.8359335643281841,0.7778887863126374,0.8033924290805737,0.7697884041196241,0.845812604605999,0.8433837624877344,0.8520647878222816,0.812369788155838,0.859640859075111,0.8749118393780047,0.8195377074855122,0.8335186079636197,0.7337173362954611,0.7962715734004171,0.7947437052135017,0.8003795943832768,0.824754582384249,0.8413448102151102,0.7853786967377129,0.8218732457296501,0.0,0.8830575870627723,0.8506994618625643,0.8463227234564235,0.46560479736065274,0.8196410147137236,0.8239741592504168,0.8004636580535986,0.6608168793118248,0.7287068762959126,0.8853306967124562,0.8340406471803337,0.8098722326095273,0.8719892313030537,0.8550530737971551,0.8744054913483029,0.8634264908429903,0.7784620105682691,0.8292857347385019,0.8466242579026031,0.8739431020852391,0.8550367330906277,0.8849436714868277,0.8625596117816501,0.8090883874380977,0.8223025416068487,0.837701538869755,0.8163923704224796,0.8800172947412535,0.7365444848094721,0.5859875104866084,0.8254475307217911,0.8737948783634519,0.8316330231693062,0.8195090950183713,0.8259366351709303,0.8625372698460114,0.8200352854241004,0.835716855314313,0.7336908851456281,0.8743239434944057,0.8011701202679191,0.855935948067376,0.826133266307206,0.8373004909204486,0.782383169538277,0.8175582861945829
orchid,0.8078415858682888,0.760139101606692,0.8093745942962364,0.7697535895458455,0.7913947879422697,0.8455095797909895,0.6762834496990067,0.8447530584747419,0.8652668500772788,0.8693499442781599,0.7908846503422196,0.8064424828379058,0.8286732583226796,0.8078407726670065,0.6798575422746416,0.7960263674257837,0.8895729778281682,0.7840093961067729,0.7499625763756426,0.7589076276448052,0.8482807766013956,0.8489013111407218,0.8734406053200893,0.8619253749795905,0.8836445264221638,0.8464440603298888,0.7423950698249845,0.7868749326524682,0.8441467510246704,0.753805884365223,0.8366332354830851,0.7834537856754566,0.7514550328914718,0.7925134298717478,0.8355702371706132,0.791766635272368,0.7676947921656532,0.7800918945311293,0.7639477024447585,0.9300818894652876,0.7869014160076984,0.8735033744716961,0.8154525129559692,0.8462338448454867,0.7389086294487845,0.7343660711835815,0.7888787385211529,0.8549489275302253,0.8594945719360134,0.844472517219088,0.7280730936360729,0.7253172380534187,0.8569419089638781,0.8830575870627723,0.0,0.774488999107235,0.810733810683003,0.8014395895782556,0.8001813708686596,0.8283224212179736,0.8377804620983138,0.7838508810927791,0.6450931212569617,0.7697346241377443,0.752129971869855,0.7036374671422183,0.7755399915230852,0.7788458488534354,0.8253401717325262,0.826805310713598,0.5980270670031207,0.8617316036432398,0.7676748426976131,0.8039776190497913,0.7251281982742094,0.8020410583575384,0.9060713113608599,0.8076027409778478,0.8568500105664939,0.7352652703475167,0.7472270311089335,0.8091341917191436,0.8765451946927274,0.8216460072400954,0.8159489357130221,0.8351592937590926,0.9219618061262749,0.8641511137084361,0.863550667768281,0.8908507588902761,0.8162742565756269,0.7725225552254973,0.5418534341249085,0.7750916424619056,0.9378396843205311,0.8360872106793849,0.7981361692911806,0.8110266121525735,0.8023715211551574,0.8254854906652815
otter,0.7539404528242696,0.6355562644198895,0.5814564175272934,0.25878733889396044,0.09769227092624289,0.7774654217657756,0.5643914894797727,0.5156097606768922,0.6867905124994333,0.6987791107416093,0.5638698890868885,0.5254911089210482,0.5561234598878773,0.6926386133937685,0.5403766667363822,0.41779740488476946,0.7099945375397289,0.5821722295250915,0.5369484712857107,0.5225844451164781,0.7689737314363597,0.46453304926984484,0.729080166465779,0.5460788984570718,0.6756042416160923,0.6981208662213423,0.4966047604882162,0.22283991645223988,0.7241006178134615,0.38558522075616575,0.4324327779686863,0.46538603166083425,0.35826329587905237,0.49766167589275,0.47454182687660573,0.5244492438611825,0.5583240079873166,0.5702204303556853,0.3595725963987537,0.7716620676231382,0.6440464982375054,0.734895088120793,0.4501531614937688,0.5062977138431906,0.37848724079550866,0.42597388288725635,0.516922928572438,0.5967589614631572,0.6713708894681518,0.5792933024858631,0.3304073300498176,0.5978050120122198,0.5944591418423255,0.8506994618625643,0.774488999107235,0.0,0.6377483025799691,0.6032693587974753,0.6322110674193351,0.5275536174374805,0.5710953238471024,0.6679516267191752,0.7933709798122268,0.31903084934241743,0.350227392827976,0.33153806752595094,0.3504298696391396,0.4419659473090892,0.6881438948422722,0.611722718436635,0.7303187742866765,0.5441300374667346,0.08821269856099345,0.5268760052582075,0.2088651532242345,0.38248539779174306,0.626835393197885,0.4414382987186716,0.552588299792346,0.5306957192399495,0.2824453433968558,0.7049448437154898,0.8071295026610463,0.7935967199893482,0.6893803439557791,0.5559279301756713,0.7357749354804535,0.6664745597528183,0.5002785352057841,0.6864353551702603,0.6132879671355123,0.5170656038623551,0.7365257884067966,0.4020844023331601,0.7158597615040763,0.42105692110927895,0.5058280244096565,0.45029098333035966,0.5233078758372363,0.5776184163775224
palm_tree,0.8133527906609668,0.8219057360516385,0.7369473871163654,0.6989053599637414,0.6890076543095247,0.823373093689608,0.7517428784454001,0.7740888690279493,0.7646764112284421,0.8259618885230382,0.7555357543807961,0.6712337129074093,0.5997347406481442,0.6638970565318548,0.6688123617965498,0.582310020881932,0.8403258279314518,0.5739167375769085,0.6348809953776269,0.7266141390977021,0.8395751050530914,0.7431363402119032,0.7806882691405714,0.48436332494543344,0.8582343684180258,0.7260439678783654,0.700427073572917,0.6331815300401586,0.8039686311946669,0.6315661044755768,0.7826300207464923,0.6144489309786133,0.6604228215221791,0.4441007349005631,0.7911930508796666,0.6507520780039568,0.859911311122593,0.440671142049722,0.6955999698172614,0.8275646839266398,0.6973609684043031,0.8137931614385152,0.7454543650609687,0.7281215420408675,0.6515790035332207,0.6662994640276839,0.6452843624815096,0.43854723676784735,0.7286154011935186,0.5461692406122258,0.7745146659443651,0.6915687255039333,0.4211794453626586,0.8463227234564235,0.810733810683003,0.6377483025799691,0.0,0.7328202779792894,0.6485797333640646,0.3535625559548934,0.4998203712229785,0.7691012881107716,0.7934401727318231,0.6984395505420224,0.7680660616256879,0.7488016864852408,0.7248480480889969,0.7075055094168786,0.6305053925599152,0.6159880718384529,0.7648618810490864,0.5155637126908756,0.6729643521078306,0.7656585836582517,0.6868819439948729,0.6737638246919635,0.5545371333586784,0.7447865377135293,0.7752334189773351,0.6543681059943566,0.7151496088171886,0.6675081338209663,0.7367088533542849,0.823741610188674,0.7290812162797622,0.6016090462120116,0.8309628359214323,0.7170604144276442,0.7612819782168503,0.6547937891743895,0.6416810333108094,0.7553211882118402,0.7647070922090191,0.7164208423346486,0.7885903545521143,0.7642443500679106,0.3874982711317796,0.7683201926201777,0.6555098047166714,0.7572682431154876
pear,0.34205617764909146,0.7405509178942775,0.6876484648611683,0.7024039732597023,0.6621622107385665,0.8128466848143356,0.7423072211969188,0.6674455314123982,0.6970726207583527,0.5870802082330533,0.5410771036901976,0.6884212548696694,0.7914522861522664,0.7625400961796706,0.7289015928000244,0.6676835989137786,0.7028802995638861,0.7528018740334047,0.6916151886527726,0.7540342496331809,0.7749248818880952,0.75484929893302,0.7122556636453546,0.767727198576421,0.7369430004490938,0.7542066879837757,0.6862085679554235,0.6899730092523488,0.6786193864415422,0.6151237122375612,0.7857055929617753,0.7819769257433443,0.5618307487526968,0.7308726816147986,0.7354042499348323,0.6911952647103443,0.6883986409464243,0.7407727380202402,0.7125623025919992,0.7540863182663489,0.598152491842832,0.7632374853034607,0.7995594586120133,0.7619867719435132,0.6695893437644949,0.5911407804444254,0.7060152726472966,0.7234074091405958,0.713192791830243,0.7410965375285308,0.6584553332790701,0.6906988180084109,0.7386630570717893,0.46560479736065274,0.8014395895782556,0.6032693587974753,0.7328202779792894,0.0,0.7510347535780282,0.6966050880902599,0.7349587004757252,0.6733675560535635,0.7852021872659317,0.7246479241566047,0.6863803053179263,0.6431984595428513,0.7778991934402375,0.632669595203333,0.7904979777236011,0.7169402764202699,0.7414126551788897,0.7724267577563404,0.5921526262894612,0.7676839561405864,0.6728550436789165,0.7650695855868089,0.7546527676461158,0.5293745855534683,0.722792980251311,0.7268354206781158,0.683813449321438,0.7721467899609868,0.7693757926890974,0.46771223659120353,0.712314056265664,0.7037701155602089,0.7410186461630901,0.7533113471403683,0.767676831891825,0.7689733362480621,0.745402540211796,0.6855694776296999,0.7102163228494478,0.7192676781721322,0.7607222425295032,0.753414319656428,0.6952597926176047,0.8071610583086497,0.6820497537420237,0.6663158798482027
pickup_truck,0.7852609865615512,0.7598358824487912,0.7072911502721971,0.639612418975547,0.677149352604381,0.6778662675657356,0.7315281942522223,0.7268254266441712,0.6419614710928212,0.6993088912845278,0.7237716725834937,0.6440120103526745,0.589165349038021,0.3202082965273114,0.714504153215549,0.61027285767282,0.7046943317789318,0.5789049835072704,0.7782083633618955,0.6206420461819349,0.7666544523546132,0.770575484773262,0.7778908333696037,0.6630562331166188,0.8602721733065941,0.626078851069432,0.7450846097935568,0.6703131109672408,0.7514298081258839,0.6671143394976882,0.8018196962300903,0.6512554177263307,0.6598261636437617,0.58105138712736,0.7105482062164998,0.666641046777579,0.7647823458546419,0.46369888334070286,0.6516629215701356,0.7925906670603554,0.6755583512594022,0.6234219771969098,0.716511556388013,0.756872096178466,0.6961054003819381,0.7185048798841946,0.6241130472762841,0.5183882224264624,0.5509799668530533,0.6971263341538845,0.6964970065177709,0.7649867610847145,0.5044659685842197,0.8196410147137236,0.8001813708686596,0.6322110674193351,0.6485797333640646,0.7510347535780282,0.0,0.5200979850240526,0.575252072538968,0.7759552901299243,0.8382278030791602,0.7261921643657049,0.701539145652448,0.6680074467363275,0.6845551342277622,0.8012914827574519,0.6117201415254649,0.6779005101303588,0.8050154165654317,0.7051204988450537,0.6643393171753427,0.7819785604852106,0.6714724669651887,0.6482582690404761,0.645775292293588,0.7698068746829627,0.7887874445669844,0.7520106034193362,0.6737494653822732,0.47897546794685597,0.8418319645473256,0.8079853802928638,0.6575036481965582,0.482516954337455,0.8000019225421087,0.6604929402632109,0.7595031988946886,0.45749548597513623,0.48883123869201917,0.7136996824887702,0.8037380420861017,0.7375307849998876,0.7443485629389114,0.7879492869743038,0.5297024535495203,0.6942044873128941,0.7089000273143061,0.7961461669019922
pine_tree,0.788662427574137,0.7931805613247859,0.653520484787343,0.5702589246243202,0.5617633697387903,0.7752981199394542,0.6865321122522487,0.6665038170988973,0.7004000001825823,0.7527905542965273,0.6594256987241429,0.5503001788320216,0.464349400114378,0.578079761310738,0.6297038455745214,0.5340261788891596,0.7841450812567393,0.42903041853658774,0.6330183128662522,0.5844043974415283,0.8245723418502657,0.6768353230613396,0.7919531660884032,0.3610978570028268,0.8042253559337733,0.6809647944455591,0.6912059977057984,0.5073296226691804,0.731073313742578,0.6058263735995506,0.7717544115138434,0.578846206168597,0.5417148622427421,0.18727266457486347,0.6718789365410173,0.5391167690025169,0.7659368905302011,0.25743864829506424,0.5862602655364619,0.7805008078051098,0.610104210288201,0.7533032925743137,0.6705741439368683,0.6807705679304884,0.6052704413576464,0.6293489367513555,0.4979437318352603,0.14110278800318832,0.7338733814656111,0.3825807982372752,0.6624167517699777,0.6723920419555633,0.1194663095008861,0.8239741592504168,0.8283224212179736,0.5275536174374805,0.3535625559548934,0.6966050880902599,0.5200979850240526,0.0,0.28247925543787944,0.7134228774691453,0.7875858001766655,0.6173467042475487,0.6762540610320202,0.6004632600799462,0.6369958457517051,0.6616965851665566,0.4242418917773547,0.5141941381433224,0.728011801109989,0.442210667877334,0.5769678677222071,0.7530814783868331,0.5691595055044525,0.5818083018073714,0.4721160056298278,0.7006192940434423,0.7472758334893321,0.6562165640763964,0.5850628323564153,0.5541798330539816,0.7829125873155667,0.8293604991528314,0.6333637485701751,0.48661235366749567,0.805731580470784,0.6588957010357661,0.6831914795647389,0.5694112591126662,0.488260987858951,0.7090103648390242,0.7516953386058909,0.6812300625353194,0.6864536527036365,0.7290952629257277,0.13043859978344707,0.638278797549968,0.5717238880032132,0.7166956049564818
plain,0.7464511461021008,0.8145616840661104,0.730964497942522,0.6252109914956318,0.6231200687347274,0.7756310095979156,0.7031021078967737,0.6732865581090246,0.7232471498462036,0.7767046017921269,0.7109794552504968,0.6340284308064664,0.4764654140922159,0.6493769145352226,0.6606212374067474,0.5492821550854696,0.7689294232733612,0.47341487636900714,0.6647008479415842,0.5621555302337313,0.87620386625576,0.7217618900564482,0.8033317976679802,0.24887463504418794,0.8247679370517214,0.6788029413013843,0.7372924989657355,0.5601950275514788,0.7891876918213865,0.6686353659374233,0.7428560263079445,0.5717530715882171,0.589119500383817,0.32378911521795006,0.7275545950986435,0.6270208093960852,0.7929440060862382,0.4331012280761818,0.6033585150752679,0.7274071566232221,0.6828342368909279,0.7732115121600455,0.7114749508350133,0.7264911130160899,0.6588004446922773,0.6979010809040003,0.5686568392519551,0.35102711967740086,0.766163985672061,0.3489529879708251,0.6837796930002744,0.7182643513299957,0.26177273625057185,0.8004636580535986,0.8377804620983138,0.5710953238471024,0.4998203712229785,0.7349587004757252,0.575252072538968,0.28247925543787944,0.0,0.7476777944269007,0.7508564074714514,0.6696832930554488,0.7315091376142389,0.6164062120795846,0.7072930258908072,0.6701303925870272,0.32303112482331464,0.500002663427346,0.760287793277336,0.259924759699386,0.6074579089447679,0.7298456665343327,0.6093056291565907,0.6262772891550445,0.520934793433383,0.707135446300799,0.7618648901382548,0.66071578443418,0.6524089924053086,0.6411028543585922,0.7289577076572131,0.8334604505373313,0.6879474412549375,0.5383364308279892,0.8211398377982322,0.6739713869331329,0.7241265087390627,0.5870991165481323,0.46800219257634834,0.7374767003986804,0.7524861936606124,0.699955454585379,0.734225536860452,0.6892210571798569,0.2741176309553254,0.725801156761794,0.6419654528262232,0.7062217239295451
plate,0.7075507114396117,0.752378937820313,0.6986529822146936,0.7300212241442874,0.7082075166076479,0.8142697841537084,0.7375868465298103,0.6816384547788601,0.7471996578360078,0.7235804983222744,0.24137712954257806,0.6762032308132646,0.793545377523955,0.7619712756430477,0.7277687239688058,0.7572683479993537,0.6223856862780097,0.7873907069785431,0.7279740162200987,0.7636963651155059,0.7384784455513667,0.7808287542318566,0.4668438860073634,0.7203993476214976,0.7502462929697444,0.7359560902728097,0.6025697152514838,0.7028166559010504,0.5445348974956679,0.6495667021135827,0.8313351023388434,0.7546779935615666,0.5753058404902301,0.7501987302727684,0.7681468975843375,0.693718083311297,0.7821530853285137,0.7518701200359468,0.7724187260458032,0.7462976075816246,0.6157053094618996,0.8100823627297644,0.7660069539703962,0.7800514140001192,0.6881768620638012,0.5558818800428778,0.6817160641003916,0.747589400267767,0.7552516417757367,0.7845567090721692,0.7027111198788021,0.7353104993105266,0.7429084897696321,0.6608168793118248,0.7838508810927791,0.6679516267191752,0.7691012881107716,0.6733675560535635,0.7759552901299243,0.7134228774691453,0.7476777944269007,0.0,0.7187776584550603,0.7103837332332668,0.7197432497671554,0.6820696912673055,0.7335113413165235,0.6831883648321513,0.8242320133756198,0.7568250103277376,0.6950926709776137,0.7631705297243648,0.7037091231001593,0.7923882077716189,0.6785488942919482,0.725929068745041,0.8123613225338762,0.6661067242648224,0.7190830181410665,0.723885543602278,0.7155027588749194,0.7996240195941773,0.8169625148386788,0.7494926274537892,0.6414859152774863,0.7533112336635687,0.7535694005915714,0.687703228134722,0.7348001818769105,0.8051945753392568,0.7756398083273952,0.6760528627342829,0.7676402219337761,0.7093414537141717,0.7449015363513616,0.8204215427153221,0.7335113603340513,0.7385878633441469,0.7182198315141335,0.6407168509158088
poppy,0.7654415827127174,0.6605056293274129,0.8388772759867146,0.7933106352880422,0.7500935690292666,0.9430221757304841,0.6481757586359341,0.7412238735086494,0.8815545201731724,0.8834057153325654,0.6861053611383698,0.8100295046093409,0.8486847622373892,0.8218872843092169,0.6443959670577715,0.7830422732169453,0.8532430211301221,0.7980853507094998,0.7338885316626764,0.7435705527985247,0.9040630199796207,0.8186802348094906,0.8486271246032056,0.7662043173770317,0.8653284958022238,0.8543889826384468,0.7827890445307877,0.7922569719012948,0.7801160965848485,0.8376017959304252,0.8942524291748225,0.8267391457424178,0.7014099163205745,0.7763776263270548,0.7572968315662498,0.8016882157671452,0.7753451076011345,0.7997030163407935,0.7941232411554316,0.9428986261656594,0.8044468768567116,0.8087551397678865,0.8148918685119027,0.787730335137771,0.7988685152934232,0.7400412896294126,0.7955147659685735,0.7831975905078021,0.8566638245602265,0.7793663636657294,0.7320196482572822,0.6804839886260181,0.809701002054456,0.7287068762959126,0.6450931212569617,0.7933709798122268,0.7934401727318231,0.7852021872659317,0.8382278030791602,0.7875858001766655,0.7508564074714514,0.7187776584550603,0.0,0.7321175848205738,0.8013977415175226,0.7351431065067995,0.8204719642867622,0.7524261861861761,0.8521028292996216,0.868946618026246,0.36339955547626857,0.8118686364857777,0.7967811376572007,0.8689159661831835,0.7184467592852916,0.7867113463746731,0.868337064289253,0.7696359955083081,0.8304092398333762,0.8231496566455789,0.7630572158548111,0.7943625560608507,0.5307352626391568,0.6472427312294329,0.8266704669803149,0.824730648491071,0.8941380243937931,0.8477982487324284,0.7686973282342098,0.8053177653981867,0.7759854135900227,0.7960398068898331,0.2814159773848691,0.8157159752519577,0.9074594328407206,0.8776043068790557,0.7629811749568634,0.8400231360642779,0.8124810302059788,0.8246873697807722
porcupine,0.8381934852324111,0.7036948094539388,0.6937840649458296,0.3891314149764752,0.2213434257841106,0.8268575451703521,0.6174666599391457,0.6000122287262544,0.7965921375813331,0.7702232451437581,0.6153600029946551,0.6335296227105177,0.7020892564660295,0.7048902144949617,0.6066987095812255,0.593816423004795,0.7249240936405519,0.6526578187191512,0.5741593651804588,0.6272754093777413,0.8421820012630514,0.5823341655984278,0.8017247364682629,0.6921084723065013,0.760488198706298,0.7832656442440397,0.6053610532864007,0.3611041387969569,0.7850112150995591,0.5198075489997283,0.7008266818116734,0.5447040811216582,0.4505730151173043,0.578815589736236,0.5293859409880051,0.6360608137434092,0.49712365447382423,0.6388000666347713,0.39032889110136126,0.8389116391246829,0.7400600899789262,0.8131416595638311,0.41844484814429483,0.5886198766586401,0.5047044676783106,0.5772574564501366,0.5998795309155186,0.6453531586690824,0.779156647162851,0.688775360818159,0.2835127316324565,0.5776561734954344,0.6664957034739258,0.8853306967124562,0.7697346241377443,0.31903084934241743,0.6984395505420224,0.7246479241566047,0.7261921643657049,0.6173467042475487,0.6696832930554488,0.7103837332332668,0.7321175848205738,0.0,0.3019813129950111,0.3242799193649929,0.2870819553713462,0.5677269622839486,0.7348548472638252,0.7286474619762646,0.7679659963306982,0.7277702544518287,0.35062347426752605,0.714368450972811,0.17652833352893693,0.4023338301603717,0.7326396720418757,0.5407663927194533,0.6461857677989633,0.6487183939253744,0.3014681938892868,0.7116695075459438,0.7992086770536566,0.8125071189842902,0.7557937189763602,0.6342277798833067,0.8184638116081879,0.7477135334759735,0.5570225706997041,0.7261554859726969,0.6517854070886898,0.6418718332188649,0.7788766433766132,0.5002339025620047,0.7913923896174753,0.704605112245065,0.5767031066116792,0.4950627704434112,0.6550217131584347,0.7134937681719614
possum,0.8208768547862637,0.6798695433465889,0.6573609376826639,0.35023751405284287,0.34711572095592125,0.8211415209969903,0.6654142332133112,0.6153426947659462,0.7826394407870638,0.7726325054762556,0.633257271077545,0.6017752859554011,0.7202540227208586,0.7279659787045942,0.6581979563051934,0.5900176071156977,0.7260179762496705,0.6789564894165151,0.6592596580308414,0.579430204884589,0.8306876829588263,0.519266483315334,0.7556229742017343,0.7538712894861627,0.7321969099752464,0.7987088511694587,0.6051879679018317,0.40559453293766623,0.7582136854233488,0.4831601747790635,0.6741199402073579,0.5786735727096988,0.5465173200122617,0.6685521813479444,0.4700182279487748,0.6077401571837279,0.28775379003928414,0.6775177526556986,0.3985870789275644,0.8411427083384597,0.7328296463937636,0.8115584825324166,0.475060342310043,0.5501488308063239,0.4739497841831235,0.5725317055790876,0.5987669977553745,0.7106497327835173,0.7851787427881449,0.7559368948584813,0.2146808267684236,0.6885347046656968,0.7188910027498472,0.8340406471803337,0.752129971869855,0.350227392827976,0.7680660616256879,0.6863803053179263,0.701539145652448,0.6762540610320202,0.7315091376142389,0.7197432497671554,0.8013977415175226,0.3019813129950111,0.0,0.3063766157397504,0.2711870126192202,0.610009036320077,0.790425535065342,0.74773108460603,0.7476622468669287,0.7750977525265199,0.3821321317648293,0.6709878049544782,0.2856979414287759,0.4545729881307149,0.7652079410971372,0.6299874228055384,0.6156581290556263,0.6482154269493545,0.31760342945234177,0.7398117413515086,0.8809960922856308,0.7951957076380899,0.7608170321065105,0.6800925386755823,0.7725403954648697,0.7736206119702546,0.5260370871273511,0.756035302096142,0.6778879220365688,0.6124358331050372,0.767184034687217,0.5897226826516474,0.8201381458716454,0.7064031636980486,0.6721020037261587,0.3771779184159485,0.6142256703619049,0.7247399459146918
rabbit,0.768718702907887,0.6387604300525964,0.5913329691866532,0.4283142871961252,0.2909868439062121,0.7629272575100976,0.6148182906766172,0.5658244083229309,0.7316640300727453,0.7156338894570684,0.5812822848230048,0.5656293508256617,0.6673666267604526,0.6723537850412347,0.5895039109490567,0.5239907778801138,0.6916778310848339,0.6379422907196299,0.6219828279046564,0.49074504482304593,0.7980404392103461,0.6101306516234294,0.7240275292424732,0.655089859216829,0.6983543252533193,0.7052066097456773,0.5651727868813075,0.43933879409652676,0.738969382605531,0.5155809680677825,0.6456150378065477,0.5924693676033046,0.45482060654100587,0.594949696174931,0.4566204364228289,0.5623903662276428,0.2629208433131369,0.5772587947402888,0.2663190472043493,0.7959662357669701,0.6540511651083938,0.7051591102602601,0.4657238363015288,0.5531067944319057,0.4935622686417108,0.5323181610978451,0.5722545068432658,0.641089287274427,0.6761956790784456,0.6799419064523311,0.18890997231462547,0.6454107745701343,0.6280094777090078,0.8098722326095273,0.7036374671422183,0.33153806752595094,0.7488016864852408,0.6431984595428513,0.6680074467363275,0.6004632600799462,0.6164062120795846,0.6820696912673055,0.7351431065067995,0.3242799193649929,0.3063766157397504,0.0,0.4031655028790978,0.5683587554357898,0.7275375119028629,0.6970589307843269,0.7058663249397101,0.6978135461390371,0.3721861702508137,0.6515258739549908,0.27524173198268,0.4453267898631379,0.7552039801755572,0.558846711368737,0.6396973603376458,0.5442301284490483,0.20961971476846364,0.6855882162071276,0.8169298887487113,0.7455759226085332,0.7204481853012332,0.6304975495032599,0.7585619387907213,0.6831479066059138,0.48154563087621394,0.6760952391887622,0.6313506360382906,0.5814203620178726,0.7047589243128842,0.5218018648791033,0.6930484180055725,0.6569720804564575,0.5844951042764255,0.4699785821452386,0.6095850972008353,0.7010257278879526
raccoon,0.8361313740424361,0.7649206887525373,0.7265022999565431,0.36546734709737483,0.345182486984395,0.8039289343675875,0.6433210988760845,0.6349255116922197,0.7382019898116912,0.7403565672652038,0.6585166798612712,0.6363113825765943,0.6900357675194511,0.7208323417516861,0.6392660119179951,0.5689546323457725,0.7187033734837811,0.6802523599320442,0.6551543024957107,0.5970363204652895,0.7873118805110435,0.5400310629460348,0.7621274214613115,0.7319723657070818,0.7446898665646531,0.7601556550792952,0.5894773378158564,0.44291198620627137,0.7955459135240516,0.5030483096825515,0.6791156302731686,0.5610020073172475,0.5765894310631933,0.6131551305953187,0.393726932355574,0.643155506837713,0.560845749973255,0.6383609898119708,0.3236420662790537,0.8369080779841614,0.7155396475272612,0.810086574347307,0.42637698069328467,0.5044885556438491,0.5529684505237835,0.604121795172017,0.610944754734132,0.6963310599249934,0.734406280254789,0.7045230870768957,0.3876785978719096,0.668790210429124,0.6986647982309528,0.8719892313030537,0.7755399915230852,0.3504298696391396,0.7248480480889969,0.7778991934402375,0.6845551342277622,0.6369958457517051,0.7072930258908072,0.7335113413165235,0.8204719642867622,0.2870819553713462,0.2711870126192202,0.4031655028790978,0.0,0.6474613282843434,0.7512200546229757,0.7581761416499505,0.8274532834419533,0.7612468519307118,0.39954718995920757,0.6673122509740035,0.324766775157721,0.36662163133031944,0.7445520901996534,0.6215654990229598,0.6441715718813836,0.6619114356371751,0.34973434715985974,0.7341609769053338,0.8283614828787567,0.8086168276155707,0.7289292600009191,0.6678778763926236,0.778665778106931,0.7402721614152654,0.41222477359525445,0.7467609506660198,0.6724387627901152,0.6346737370481199,0.8310339511748205,0.5775529351466151,0.7943712123002133,0.685623612299817,0.6468532785325845,0.3180350367916047,0.6362419369169043,0.7354371978438139
ray,0.7663214044960943,0.5032665768791535,0.6989447905673125,0.6337106981781079,0.515665577774527,0.8255786556627671,0.7064379158333716,0.5875563540869446,0.800356014490619,0.8132327119554075,0.5926453908616272,0.6797812602392133,0.745927040482885,0.8098613720367716,0.6125148224463335,0.6879970479885515,0.7861952204358076,0.7081480936451373,0.6661748030277098,0.7062915173227858,0.8475952136876372,0.7239360956085578,0.7797718127005853,0.5581931424173758,0.6919211405914061,0.7972544098981098,0.5506383525520122,0.4324010629631285,0.7255629872468241,0.5965903165054289,0.4722403107630597,0.6868086855272827,0.30078257195156743,0.6323986781249041,0.7127256007218099,0.6887215777514917,0.6891878401378018,0.7106222657703273,0.6300850509639826,0.8094951627717792,0.6641147222113455,0.7907678112214929,0.637938689712183,0.7158473126705547,0.5285397321951162,0.4406099651281753,0.663795304724656,0.7286464149018097,0.7656238672070523,0.6788094457846243,0.5118353557838442,0.6911246911025344,0.7237635604088175,0.8550530737971551,0.7788458488534354,0.4419659473090892,0.7075055094168786,0.632669595203333,0.8012914827574519,0.6616965851665566,0.6701303925870272,0.6831883648321513,0.7524261861861761,0.5677269622839486,0.610009036320077,0.5683587554357898,0.6474613282843434,0.0,0.7674876117974354,0.6308755247434976,0.74145406797624,0.6062376120941025,0.42616529677175774,0.2761758972273731,0.4555935952227529,0.6036564346962042,0.6526424726025539,0.6115778977090839,0.6561499051063623,0.6198917552465024,0.5795278693198538,0.7910047738230643,0.8630083817686633,0.7644753246435345,0.7224527974603653,0.6485232684032738,0.7785767491609021,0.740831348332218,0.6781077057323285,0.7829330688564132,0.7316666493148262,0.5005604229154121,0.7713622595847687,0.3005657967141193,0.8039712197451914,0.5076601773936342,0.6569117717771046,0.6731442932746805,0.6873218925608118,0.5674182621671873
road,0.8222580344156347,0.8722988521999687,0.7747220028780576,0.6908859218446367,0.7117851386534018,0.78298774868725,0.7578582482952773,0.7650349815233224,0.7506065503241703,0.8009433849498558,0.7878923481009841,0.7178727817349766,0.5001462517393466,0.6022295850002704,0.7243520146771081,0.6932763083706912,0.8194915787711774,0.5373690979298744,0.7307303796586437,0.6709423973814957,0.8982879532054027,0.7851817474273739,0.8486170132490756,0.5006529016485122,0.8372501060265471,0.7583782931217676,0.7900676876949964,0.6524088307218621,0.8371044800486367,0.75415124483131,0.799839333598972,0.69481421820344,0.707587934964006,0.4060237444477043,0.7712906656451006,0.7067496451183835,0.8508724847112134,0.4550072531258694,0.7110369278633324,0.771340667385583,0.7584661039401477,0.8328999608648344,0.7696166500039242,0.802254676054992,0.7145367753373634,0.7657161841830511,0.6747839517654026,0.45799426650849984,0.7688241883384463,0.4631677462804188,0.7723774216203483,0.7977886510785576,0.40638809380947016,0.8744054913483029,0.8253401717325262,0.6881438948422722,0.6305053925599152,0.7904979777236011,0.6117201415254649,0.4242418917773547,0.32303112482331464,0.8242320133756198,0.8521028292996216,0.7348548472638252,0.790425535065342,0.7275375119028629,0.7512200546229757,0.7674876117974354,0.0,0.6540531371332727,0.8342968312391505,0.4904293556521542,0.701341304297987,0.7854664533744217,0.7084094230037521,0.707070544060007,0.6034671974416934,0.7710480230458207,0.8230883295516405,0.7136704448710711,0.7191493307118602,0.5409824063839916,0.8237724074174522,0.8747767493201977,0.7452467718668514,0.631368918261916,0.8866173469151953,0.7506563196638724,0.7796922411646213,0.6850962281592524,0.3892694146800898,0.8275359502969424,0.8335300128420612,0.767770873377823,0.7765884326440791,0.7738122831222214,0.40735709710018586,0.7886524880115438,0.7245835925174076,0.7962141943794078
rocket,0.8604127040014724,0.7885629357154726,0.7309805640729838,0.6992780472104085,0.6855412739448546,0.8358272471493626,0.7236584348682236,0.7476299892398195,0.8134594687143584,0.5955362038257764,0.713136681922317,0.6851228366032478,0.5233747554312878,0.7012217171056447,0.7108682309999017,0.6951226592509929,0.7150466616350868,0.5858027596657474,0.629022880233135,0.7421856404377327,0.8663311368245807,0.7826376418320321,0.7945373537970637,0.41420008076978665,0.8228905648525638,0.7803606474263701,0.760961011260209,0.6329761606502795,0.6897783105597778,0.7142045614395567,0.6628715658460977,0.7535248820614702,0.5939200652042501,0.5637984188520577,0.7134795967710941,0.6768790497683772,0.8078706555974312,0.6171622679126185,0.7160019453952617,0.8127339437964645,0.5123416942264487,0.7853728619708109,0.7364455501092511,0.7872195305388963,0.6914571393949634,0.6615531174272002,0.6169229437299335,0.5800232357726339,0.767922022980815,0.5646176362750952,0.7417963109796013,0.7408869170086301,0.5878539160342164,0.8634264908429903,0.826805310713598,0.611722718436635,0.6159880718384529,0.7169402764202699,0.6779005101303588,0.5141941381433224,0.500002663427346,0.7568250103277376,0.868946618026246,0.7286474619762646,0.74773108460603,0.6970589307843269,0.7581761416499505,0.6308755247434976,0.6540531371332727,0.0,0.8420459193760506,0.4852406052993825,0.6263093513848801,0.6360040726988259,0.6835697692535923,0.6684198529644487,0.4339669050270577,0.6932354808129497,0.8053029183459037,0.7049427628295488,0.679623580022723,0.7149526182580548,0.8544094628057667,0.8880536798191315,0.7507641026384447,0.45764779660337707,0.8277971969962318,0.7055415804103161,0.7645379146723636,0.6286236250805795,0.5985877637490127,0.7185051278757424,0.8292834316701951,0.6807662196038292,0.8151410502002873,0.5997166710335471,0.5492122549126309,0.7341183365273638,0.656119171792515,0.6872978274155506
rose,0.7667432834801953,0.721774204252774,0.7772321573367614,0.7221966407210109,0.7306817807024413,0.9252252980604531,0.6981446749369797,0.7482466121842836,0.8618780885345613,0.8865006800097486,0.6840242808273574,0.7817727093148394,0.8334820926640429,0.825664632466864,0.6522656117352683,0.7659968875250722,0.8238213488056078,0.7798007553588193,0.7462674077698073,0.7284898996253286,0.8900241385536867,0.808615548904379,0.8118656765392013,0.7593346145812677,0.8695227916507962,0.8303793603712359,0.7296935695043585,0.7255206446872786,0.7652638809906838,0.7737809108466696,0.8410307029472963,0.8179856802941041,0.7226799925016403,0.7554441256214534,0.7574926203130674,0.7589068319260249,0.7080453815359429,0.7451142487332185,0.7858394439761573,0.8677911677611206,0.7702364812574239,0.8385431198461133,0.7912901663804099,0.7604331587011646,0.7360698889571384,0.6893866908658262,0.7560364426036962,0.7250936087716044,0.8459235564595997,0.790835113631027,0.7163371296990156,0.6912208930704452,0.7745175860529443,0.7784620105682691,0.5980270670031207,0.7303187742866765,0.7648618810490864,0.7414126551788897,0.8050154165654317,0.728011801109989,0.760287793277336,0.6950926709776137,0.36339955547626857,0.7679659963306982,0.7476622468669287,0.7058663249397101,0.8274532834419533,0.74145406797624,0.8342968312391505,0.8420459193760506,0.0,0.7953595059190235,0.7226319647422907,0.7919392488288229,0.7095771277945989,0.7865284135981996,0.8360655925410501,0.7433597888164315,0.820435123054601,0.8014005695404933,0.7119305288146445,0.8164497682010544,0.7358196895396528,0.6752871330302082,0.7838695563310449,0.7663594474377982,0.8566805596818388,0.8371050851926254,0.7436239535501356,0.838863520988127,0.7884578118704471,0.7797926489825686,0.30622851874995793,0.7850300345429002,0.9252299988759628,0.8318120601261144,0.7290521622706223,0.7954969435386472,0.7619001004864346,0.7986562012073444
sea,0.785493664689682,0.8254279906723253,0.7211716362765878,0.6694890276094372,0.6389563067775167,0.7754477907213114,0.7483315717547865,0.7375555351243364,0.8211175501677674,0.7906923777270923,0.7258664356085003,0.6680680820526977,0.44846110898512526,0.6988119179495059,0.7353020747165144,0.7041102333449574,0.7795629117927446,0.577629590143638,0.715232046253985,0.7080693569933103,0.8891508071399727,0.764348381680579,0.8226363146063631,0.19760333867897528,0.8424789624703287,0.7130488173333427,0.7216008241963049,0.5840298120839305,0.7859770642508402,0.7287521355489563,0.5555641739517023,0.6841418957507432,0.5752728543888632,0.4664486500474495,0.7834839610085718,0.660177386347882,0.8123635915801584,0.5327165172358106,0.7141786611146742,0.7405529489326415,0.6942924204972548,0.8728464682513422,0.7762698211903843,0.7836164866595473,0.6959678591545485,0.6944450459152902,0.6119787079191819,0.5293132285083435,0.8340807897170279,0.3506314433709793,0.7351918714364021,0.7668158390847402,0.4862970099707222,0.8292857347385019,0.8617316036432398,0.5441300374667346,0.5155637126908756,0.7724267577563404,0.7051204988450537,0.442210667877334,0.259924759699386,0.7631705297243648,0.8118686364857777,0.7277702544518287,0.7750977525265199,0.6978135461390371,0.7612468519307118,0.6062376120941025,0.4904293556521542,0.4852406052993825,0.7953595059190235,0.0,0.5438173450415354,0.5960885494034749,0.657809140895913,0.7134470895982905,0.5019384139562233,0.7288716729991126,0.806115198885077,0.695210256276765,0.6922712083486708,0.6899962479625155,0.790304456288552,0.8489156286689964,0.6996502344152526,0.6538633511121725,0.8423458263820661,0.6807122634180909,0.7806978524550201,0.7449099147440446,0.5851903657453683,0.7257162267365999,0.7891416321103519,0.6628633030133935,0.7544773049183581,0.512649401902315,0.4566408248001448,0.7557129910648868,0.6530911496349221,0.723966708539773
seal,0.7569665703924715,0.6287191374678738,0.5916218401604757,0.24470205060451922,0.18259640834951185,0.7718467497065601,0.6044971042576484,0.5672707360725898,0.7600118762860966,0.7294159629713455,0.6086449853225624,0.5786820400477456,0.5872945558490845,0.6944876215981508,0.6174855631571367,0.4557215582576952,0.7169216229923128,0.6094650127296299,0.6104360444308782,0.5587731852737492,0.8067986924954155,0.5113653209251372,0.7709443117812744,0.5664903125311109,0.7000518535645233,0.7080650784820965,0.546573231094559,0.27571821338452773,0.7550099043374862,0.47333923794427335,0.4230683297783301,0.5057193280126702,0.35754405705612924,0.569205710421754,0.5379902550885164,0.5726945423493273,0.5602566410681733,0.6155374113466252,0.4395706777823053,0.7567297698588002,0.6948199720903967,0.7943584395373079,0.5076318871979912,0.5496951044988126,0.4657193899026101,0.4956242203307588,0.5748597242182203,0.667015017106999,0.7364579707182695,0.5648662213167244,0.3876659945423121,0.666084621787627,0.6621300331884152,0.8466242579026031,0.7676748426976131,0.08821269856099345,0.6729643521078306,0.5921526262894612,0.6643393171753427,0.5769678677222071,0.6074579089447679,0.7037091231001593,0.7967811376572007,0.35062347426752605,0.3821321317648293,0.3721861702508137,0.39954718995920757,0.42616529677175774,0.701341304297987,0.6263093513848801,0.7226319647422907,0.5438173450415354,0.0,0.5051014199930972,0.2900932474201373,0.4499390419382632,0.6249073067774191,0.47760245470858964,0.6405393001925862,0.6059751792899386,0.3544783416262063,0.7263525106122029,0.811725176518955,0.8268006588044388,0.7301865865857191,0.5715925131969952,0.7433431436269828,0.6824713989762564,0.5722366675475641,0.7251634152703831,0.6228038271641134,0.5496473520773926,0.7372929870030452,0.38756617051174636,0.751346551861416,0.3880578151860177,0.5803746181031204,0.4814383289078008,0.5760806163916133,0.6621516985352217
shark,0.799791541172394,0.496565019836553,0.7529228183527423,0.7102299875689014,0.6390804920791127,0.822434653804594,0.7383490615059511,0.6861284594800041,0.8417740902044498,0.8120415522631592,0.7345574483858972,0.708492524991466,0.7109379047038109,0.7945804930795667,0.7484931909945849,0.7695556295235697,0.8125771757789084,0.7634995105257902,0.7351704221552955,0.7978687320169288,0.8497072812345078,0.7639487486936363,0.8087657837993297,0.5863570304178642,0.7335613008985656,0.8124452084420879,0.6355597323093323,0.5129512347367312,0.7693843331039742,0.6304721633886377,0.2291441230319825,0.7456245102471302,0.4834519366279494,0.7072246469647332,0.7339562988927996,0.7267031878479043,0.7444869922753866,0.7383807398242862,0.6651004908894096,0.7943727508374803,0.7116965700987129,0.8495762893712036,0.7262401827532383,0.7774231824492588,0.5881450091201219,0.5628437171040495,0.6976695287859721,0.8025921431355336,0.8102963735727755,0.6866199757013391,0.630984887821823,0.7757231526490116,0.795429776709711,0.8739431020852391,0.8039776190497913,0.5268760052582075,0.7656585836582517,0.7676839561405864,0.7819785604852106,0.7530814783868331,0.7298456665343327,0.7923882077716189,0.8689159661831835,0.714368450972811,0.6709878049544782,0.6515258739549908,0.6673122509740035,0.2761758972273731,0.7854664533744217,0.6360040726988259,0.7919392488288229,0.5960885494034749,0.5051014199930972,0.0,0.6154153318062803,0.7282701656631428,0.6863936962300579,0.7494448261830049,0.7381439802998986,0.6768110129377444,0.6761955444123573,0.8037945693139849,0.8652756255118204,0.8371038800505647,0.7913574188375888,0.7374117418514818,0.7750307546176854,0.7744340412069304,0.74025184841552,0.8518126474092451,0.7739593741995975,0.40994870722088406,0.8184895784074435,0.36603325478595294,0.8575301422311584,0.299701815270365,0.7427813280519231,0.6727735017796872,0.7322027009755083,0.6829286765462818
shrew,0.7889273561279564,0.5979996719872003,0.6629983695765018,0.3942370111823751,0.1650468642781261,0.828303740009216,0.5466042190127864,0.4650688329407363,0.7578934605034859,0.7640259908567373,0.5758399232926705,0.599826968001152,0.6668764499325043,0.7058871434271285,0.5129457718242331,0.5803136547624984,0.7089523914161899,0.6318051887438937,0.503208608196591,0.5842399312544606,0.8172596200686023,0.5349451526356592,0.7690768500818422,0.608239927871418,0.6402217206141692,0.7676887314522709,0.4943527879060253,0.25866357090374925,0.7502083263611683,0.437732509652486,0.6118895840812941,0.5281934408664208,0.3800925951986749,0.51280279346894,0.5046115180309996,0.5982400509397912,0.4446855965294303,0.6094304711436946,0.3292757748824161,0.8168259453390672,0.701457933567206,0.7703712244541828,0.45918946738430744,0.5950045235306477,0.3395000030120847,0.4398895972232434,0.5814663244451672,0.6349913924307682,0.7243086840750645,0.6471837766442936,0.14142595395180124,0.4982408739676175,0.6284251879401699,0.8550367330906277,0.7251281982742094,0.2088651532242345,0.6868819439948729,0.6728550436789165,0.6714724669651887,0.5691595055044525,0.6093056291565907,0.6785488942919482,0.7184467592852916,0.17652833352893693,0.2856979414287759,0.27524173198268,0.324766775157721,0.4555935952227529,0.7084094230037521,0.6835697692535923,0.7095771277945989,0.657809140895913,0.2900932474201373,0.6154153318062803,0.0,0.3748444243850749,0.7102515549178046,0.4413923250184477,0.5295029409236716,0.5474111094057279,0.23810323841490055,0.7163258621731008,0.8040771908483547,0.7760136502513086,0.746405072812323,0.6196904386656132,0.7764516357812022,0.7199360646044853,0.527685640811149,0.7211269774372568,0.6341488692317221,0.4926226571010579,0.7215463216898079,0.4428481708830855,0.7575415346064951,0.6166558521758538,0.541389887059672,0.4637905500198616,0.606541143694671,0.5612283281640935
skunk,0.8397160793791485,0.7077489351903345,0.685797566062514,0.4291561157329563,0.4288748218002384,0.8199386499081809,0.6649835177068654,0.5776595967871666,0.7323225101819117,0.7619626691367585,0.6484111933369359,0.6153564480380003,0.6950984127137603,0.7028735322905246,0.5345740139290112,0.6131396984872817,0.7568135159973396,0.6959400499628924,0.5969958377183509,0.5566422630207006,0.8345488013008631,0.5550647718362169,0.7980594690843477,0.6570274715784326,0.7791175970375268,0.7626547098416038,0.6340118255444246,0.44682374307300343,0.7707686682495873,0.5719126060941552,0.6869090843721509,0.5956689825299655,0.5394243936609044,0.5525347218974054,0.632880381722059,0.622378213867126,0.6626137459916974,0.6068231122141621,0.5533795069984653,0.8797114483735742,0.7002881089756761,0.7500541367311997,0.6413317168984336,0.6679378076563827,0.5699370532700829,0.5864041532930162,0.6348165052487167,0.6442003851928588,0.6659276349819085,0.657359990615319,0.5233978918049662,0.6216958560592636,0.6379939869753627,0.8849436714868277,0.8020410583575384,0.38248539779174306,0.6737638246919635,0.7650695855868089,0.6482582690404761,0.5818083018073714,0.6262772891550445,0.725929068745041,0.7867113463746731,0.4023338301603717,0.4545729881307149,0.4453267898631379,0.36662163133031944,0.6036564346962042,0.707070544060007,0.6684198529644487,0.7865284135981996,0.7134470895982905,0.4499390419382632,0.7282701656631428,0.3748444243850749,0.0,0.6904082390925138,0.6401493591449499,0.6500773605765892,0.64770531517197,0.46731494112414307,0.7119393223979396,0.8265361799415649,0.8086500425710188,0.7526207466310483,0.614552598414044,0.8457916224485373,0.7614655132428927,0.6342071083070537,0.7197423691613016,0.6163113110782176,0.6491315986608632,0.7450946466733133,0.5968579920956176,0.8114771552961136,0.6273449788097534,0.5752090162809855,0.6038268543610882,0.6632052424034317,0.6698203419415973
skyscraper,0.865425442971969,0.8335085806919127,0.7708743042232237,0.6834762199196007,0.7056559928347712,0.8276766115618288,0.7661897901020422,0.749436788076662,0.8220119799767058,0.70533725751291,0.7268810638740407,0.6575279659599529,0.4074474771551684,0.5948094922777377,0.7157194178602676,0.6565183098465791,0.7129720646921736,0.4484730120907713,0.7075244916602177,0.7063266473270654,0.8358372889813183,0.7621931490688696,0.8170406180554151,0.37754301336687823,0.851864941034016,0.7312658090426359,0.7772265501844716,0.661042740228312,0.776036178120761,0.6767490091704949,0.7173280987945725,0.6689724428430486,0.6189332762889708,0.5477302618418094,0.7831406026815549,0.6520734137160973,0.8748119356964168,0.4936217949401368,0.7261421119062489,0.6739929006702718,0.6299724250950416,0.8297505937806653,0.7571267187245803,0.8040556854428507,0.7255478954881966,0.6962538955947588,0.5804497778906375,0.49544454310009023,0.8239768634683974,0.5094020446618339,0.7893721426265282,0.7953544657417544,0.5194306833677298,0.8625596117816501,0.9060713113608599,0.626835393197885,0.5545371333586784,0.7546527676461158,0.645775292293588,0.4721160056298278,0.520934793433383,0.8123613225338762,0.868337064289253,0.7326396720418757,0.7652079410971372,0.7552039801755572,0.7445520901996534,0.6526424726025539,0.6034671974416934,0.4339669050270577,0.8360655925410501,0.5019384139562233,0.6249073067774191,0.6863936962300579,0.7102515549178046,0.6904082390925138,0.0,0.7880358414405677,0.8458408615838799,0.7529235885475349,0.7100579771766291,0.5851747943848336,0.8496738511815581,0.8655166599833374,0.7293510356026444,0.5627238429309689,0.7809855774326537,0.6485001116133258,0.7878494512801747,0.6806528279340709,0.5188804393602916,0.8003604442881319,0.8137508143784148,0.7292023901495284,0.7284036590271423,0.6665353781008305,0.5092677531709291,0.7623965341106489,0.639583790408341,0.7551002600118678
snail,0.6739511795003007,0.6309996406048323,0.6697660808909978,0.6343196649007771,0.47477696729979457,0.815155471272806,0.5767130709354731,0.4905371853052778,0.7610843022305673,0.7392724022910163,0.5641259890637962,0.6718709951989128,0.7383275386576529,0.7753382483366166,0.6142971231198886,0.6599934357158509,0.7365322318635628,0.7253742641868466,0.524642145005168,0.6934873959581603,0.8323822506267025,0.6581642489807684,0.7272234747185544,0.7214845929739575,0.6456183627190031,0.8146621219762897,0.5400635260985676,0.5233573274833485,0.717457522405268,0.5961040766092134,0.766033438091011,0.6607793783973064,0.5048392470654487,0.674058480272159,0.6580301290994178,0.6649415067106947,0.7254131552309533,0.6795339313985043,0.6065318328799909,0.8353034688180437,0.686317546256852,0.8055373568236367,0.6970911259073612,0.7541050835913232,0.515371595539503,0.5092826657694164,0.699387760999493,0.7463268286545168,0.7024234108774602,0.7348219759877991,0.5360195885977306,0.4887714639673799,0.7410346136257506,0.8090883874380977,0.8076027409778478,0.4414382987186716,0.7447865377135293,0.5293745855534683,0.7698068746829627,0.7006192940434423,0.707135446300799,0.6661067242648224,0.7696359955083081,0.5407663927194533,0.6299874228055384,0.558846711368737,0.6215654990229598,0.6115778977090839,0.7710480230458207,0.6932354808129497,0.7433597888164315,0.7288716729991126,0.47760245470858964,0.7494448261830049,0.4413923250184477,0.6401493591449499,0.7880358414405677,0.0,0.6010225825461948,0.5481392025116163,0.5053613979359428,0.7607900963230294,0.8300472763552106,0.7312266135800931,0.7312635843199775,0.6540067410561088,0.7685514512985997,0.7344909188632046,0.6468499245117831,0.7556099126318462,0.6998315884337216,0.6076812044071631,0.698910971352741,0.49592055145015856,0.7514121264958358,0.7778865335979006,0.6720942583567321,0.7240237983044192,0.676567994597454,0.6235352205761473
snake,0.7574184673112225,0.7345069284565428,0.7777822601637154,0.7221627735714639,0.5936744009115119,0.8863228035564276,0.7090598015353485,0.6294392423317533,0.7149165229230281,0.8193086490063941,0.6666536405106225,0.7718899475078462,0.7902263049778826,0.8234724594460748,0.6547113671814473,0.7183219996851035,0.7909458360403858,0.724687074207423,0.49931189439571866,0.7882001449595044,0.8866411797751661,0.7006151349118993,0.7152225492025399,0.7805098783435557,0.7440854364105027,0.8077605393366145,0.5548237329823454,0.5455044310094006,0.7799727536537572,0.6020254597951036,0.7664724210082332,0.7140722393282644,0.6428102899421158,0.7415637631933074,0.7114621564166886,0.7759951059361981,0.6904609459967713,0.768630260265063,0.6481872939519617,0.8737351070453501,0.7654200013114334,0.8375335164380955,0.6645889054964094,0.7108100200954466,0.40824639712565214,0.5112786977674596,0.7611165488725273,0.7996578627336506,0.7406168928751896,0.800326170391701,0.5528484866035146,0.6786276589536291,0.7859061556132424,0.8223025416068487,0.8568500105664939,0.552588299792346,0.7752334189773351,0.722792980251311,0.7887874445669844,0.7472758334893321,0.7618648901382548,0.7190830181410665,0.8304092398333762,0.6461857677989633,0.6156581290556263,0.6396973603376458,0.6441715718813836,0.6561499051063623,0.8230883295516405,0.8053029183459037,0.820435123054601,0.806115198885077,0.6405393001925862,0.7381439802998986,0.5295029409236716,0.6500773605765892,0.8458408615838799,0.6010225825461948,0.0,0.6606718172298063,0.5707198858192206,0.8330600362897804,0.8510983646245214,0.7243503633026713,0.8270337904250205,0.7609865133718194,0.7438935347154292,0.7856141224236799,0.6672446926805984,0.8182968616806101,0.8023791283067722,0.6384383509959698,0.812167072111257,0.6163268131643567,0.8261758731586262,0.7876524003203967,0.7481519835159209,0.7042055883206224,0.7536166372968416,0.2756971899962475
spider,0.8072979649400458,0.701632809585596,0.7271274341631015,0.6811926431000473,0.5953303115351134,0.8342644377232109,0.4339351327047526,0.34406620961220935,0.6648814522615357,0.7406243283831184,0.6779361803375705,0.6637456323740138,0.7190065651352072,0.7568912509026098,0.5343559633883659,0.6675553975698989,0.7401759599922125,0.6965772699675854,0.5301529174919217,0.65328318778062,0.8042159525873978,0.7337920678075402,0.7033850657989932,0.6653115248218313,0.4460683230033372,0.801643928227146,0.3239700776525207,0.5873129784210496,0.7466437975612359,0.6136937136019465,0.7020018501563223,0.6958453247607195,0.5703338738754531,0.6211318526264595,0.6603961127533807,0.6642500785093851,0.7106441840493474,0.6830299218477058,0.5622217699968142,0.8299720806145773,0.6837690539020604,0.7588721635101943,0.6671565226112992,0.7403328268836574,0.4907808793883356,0.4059154143216621,0.6397593657500756,0.6971586238784651,0.7197438024398166,0.685698793787648,0.5713390001296049,0.7364320733833751,0.6944620587861257,0.837701538869755,0.7352652703475167,0.5306957192399495,0.6543681059943566,0.7268354206781158,0.7520106034193362,0.6562165640763964,0.66071578443418,0.723885543602278,0.8231496566455789,0.6487183939253744,0.6482154269493545,0.5442301284490483,0.6619114356371751,0.6198917552465024,0.7136704448710711,0.7049427628295488,0.8014005695404933,0.695210256276765,0.6059751792899386,0.6768110129377444,0.5474111094057279,0.64770531517197,0.7529235885475349,0.5481392025116163,0.6606718172298063,0.0,0.5542311913077727,0.7391000466728799,0.8163525962906608,0.8655919547534227,0.7259338081884472,0.6979640589631328,0.7760342740475111,0.7055971254980916,0.6509403261337768,0.715412559530558,0.6778265038181135,0.6603914735686967,0.7670242061642297,0.5561198390980602,0.7608888750160951,0.7134936632096167,0.6372422506312121,0.6760358359181011,0.6759951041513487,0.5664006681700317
squirrel,0.8191033992499395,0.6028872776444962,0.6298645024826388,0.3781368352949439,0.23859839545571326,0.7874300578913985,0.5705786306895544,0.5986523544193745,0.7172805934333684,0.7236103869135386,0.6289644760761348,0.588957440377305,0.6313335866012274,0.7101273072230054,0.549217223413266,0.5084259458189233,0.7142639485523786,0.6036791950039355,0.521293547552662,0.5606004460348002,0.7948369687171651,0.5350043539869003,0.7240204998097202,0.667872773181537,0.7478457447804043,0.7416380082851948,0.5412908972502238,0.35023050600113426,0.7764732860480523,0.4336604544497523,0.6655250400292705,0.5671258129006906,0.4473875366917258,0.5522792370722286,0.3478276016001627,0.5761712076649839,0.3422077823317897,0.589435144510311,0.27023196768688684,0.8478602731218658,0.6929923363173495,0.7580202173446318,0.33762520826342546,0.45663771626146255,0.3887243456437245,0.5051349683293752,0.5826708282305626,0.638168154108401,0.689081020611002,0.7076207759861534,0.21527346309664264,0.5912718022608716,0.6397322205274019,0.8163923704224796,0.7472270311089335,0.2824453433968558,0.7151496088171886,0.683813449321438,0.6737494653822732,0.5850628323564153,0.6524089924053086,0.7155027588749194,0.7630572158548111,0.3014681938892868,0.31760342945234177,0.20961971476846364,0.34973434715985974,0.5795278693198538,0.7191493307118602,0.679623580022723,0.7119305288146445,0.6922712083486708,0.3544783416262063,0.6761955444123573,0.23810323841490055,0.46731494112414307,0.7100579771766291,0.5053613979359428,0.5707198858192206,0.5542311913077727,0.0,0.7269632220225086,0.8243549318097826,0.8053060035810401,0.7343234809204715,0.6337085932247334,0.7641192867261163,0.7056367430896875,0.37245165461867147,0.6781366644057636,0.6654980720494967,0.5387976514753725,0.7347851951820572,0.5331387658260403,0.7526146834642586,0.6959158585726356,0.5698239644965363,0.3838261451224957,0.5984856328146857,0.6497851319177572
streetcar,0.8069610740505118,0.829919201313194,0.7397318188459427,0.7375886204092663,0.7220853857205722,0.7313101768811207,0.7347963662382863,0.7094592799336592,0.7422966290823854,0.7360777282938484,0.7369143454924137,0.6675650261867301,0.4898860148598507,0.18329876789755473,0.7185804454951776,0.6890237047537089,0.7079093911578977,0.5311154732296574,0.7531193098453215,0.6825525341835761,0.8645334181305802,0.7568314382554019,0.8279138911045716,0.6714588964864425,0.7976909704874171,0.757832691122578,0.7338238554603791,0.7048468682528038,0.7849022551406782,0.7100142639198557,0.8398826554483521,0.6756984956274696,0.7163283962921799,0.5866541482612723,0.8105588203058337,0.6655752284083916,0.8048303508333878,0.45897117163754486,0.710891819848138,0.753226276964527,0.729232798699488,0.7178656333831486,0.7845487219482308,0.8055050380482192,0.7342938487449386,0.7247147767783859,0.6557062796884494,0.5463535562343136,0.7477561683074627,0.6783037480242193,0.7458425687626868,0.8062676743430697,0.5370053490702451,0.8800172947412535,0.8091341917191436,0.7049448437154898,0.6675081338209663,0.7721467899609868,0.47897546794685597,0.5541798330539816,0.6411028543585922,0.7996240195941773,0.7943625560608507,0.7116695075459438,0.7398117413515086,0.6855882162071276,0.7341609769053338,0.7910047738230643,0.5409824063839916,0.7149526182580548,0.8164497682010544,0.6899962479625155,0.7263525106122029,0.8037945693139849,0.7163258621731008,0.7119393223979396,0.5851747943848336,0.7607900963230294,0.8330600362897804,0.7391000466728799,0.7269632220225086,0.0,0.8247222645928668,0.7852869955033055,0.7204207613575299,0.5393885065089403,0.7571406034975046,0.6362425595614425,0.7846533570802124,0.5126511300377073,0.19608666917290352,0.8045714266182158,0.7460595365285546,0.7559595147173809,0.721333780422734,0.8184543592181547,0.5268347031829439,0.7759532561031566,0.7201287016245077,0.8372291204083848
sunflower,0.7535195593716641,0.7803173720792063,0.8597114890596917,0.8152330570853945,0.7932033806220327,0.9232362378544678,0.6234935897190917,0.7846146166043209,0.8697384435523461,0.8446402287341483,0.7973098880612891,0.8248116900458285,0.8718157900558492,0.8267130471999955,0.709631247104396,0.8140306138362776,0.8533839247566407,0.7960276749239816,0.7265893174773714,0.7975775598279586,0.8959332536142879,0.8872130224052971,0.8629453208846662,0.7518152528403683,0.7710541174773484,0.9021005698536493,0.7952656933707836,0.8108268764078068,0.90325173572417,0.7966311392804795,0.9003941425220505,0.8264338149193942,0.8016975313278185,0.7725938590837649,0.810817571004133,0.8109779648518323,0.8427306749030186,0.8023286475126677,0.8291552947059232,0.9151217651351518,0.8722453886940702,0.9015718631477467,0.859909825539684,0.8034159626240317,0.8091684716739218,0.782007174030523,0.8528947525591366,0.7723303490257581,0.8722562903227967,0.7758441762439657,0.8331551320759243,0.8020489912518793,0.8020421849348298,0.7365444848094721,0.8765451946927274,0.8071295026610463,0.7367088533542849,0.7693757926890974,0.8418319645473256,0.7829125873155667,0.7289577076572131,0.8169625148386788,0.5307352626391568,0.7992086770536566,0.8809960922856308,0.8169298887487113,0.8283614828787567,0.8630083817686633,0.8237724074174522,0.8544094628057667,0.7358196895396528,0.790304456288552,0.811725176518955,0.8652756255118204,0.8040771908483547,0.8265361799415649,0.8496738511815581,0.8300472763552106,0.8510983646245214,0.8163525962906608,0.8243549318097826,0.8247222645928668,0.0,0.6778463880554915,0.8678158905943991,0.8506616301133502,0.8850053803945055,0.8328024577113595,0.8230362339580328,0.7923556599336752,0.7948201374602542,0.8347253834475152,0.6860096275289356,0.8383473577812428,0.8719605751252343,0.8716343763449697,0.7645415851437262,0.88406094112014,0.8213166829796572,0.8609693366059127
sweet_pepper,0.39618722336299883,0.7849676408606368,0.8100296697793419,0.8330853836168627,0.795322172664406,0.9080909319374353,0.791481816306928,0.6732260991109438,0.8490001959335766,0.7468431452646305,0.664544703569876,0.7744791420144519,0.8781368104500046,0.8132556554241008,0.7649033907588652,0.8374680111472856,0.7445439483348553,0.8304138427241627,0.7318164184948737,0.7917000123508386,0.8817625495764547,0.7607376616511115,0.7705826230891525,0.8440702748670071,0.8005987479074289,0.8295093076087494,0.7238117059872875,0.8288023892598858,0.8027860679167838,0.7624382018472914,0.9060133782691142,0.773623539507024,0.7636475609235893,0.8478687126624231,0.7945535790668053,0.7675254346385209,0.753362221010658,0.8353138301505749,0.8307952555951246,0.8397319216019729,0.7776920003888357,0.7713217253656465,0.8160812196589555,0.776597213863266,0.7709025320101519,0.5792049438994968,0.7926189362459394,0.8027607554024878,0.7776914172460122,0.8858003968489196,0.7323408874535584,0.7840585473880852,0.8364053719990808,0.5859875104866084,0.8216460072400954,0.7935967199893482,0.823741610188674,0.46771223659120353,0.8079853802928638,0.8293604991528314,0.8334604505373313,0.7494926274537892,0.6472427312294329,0.8125071189842902,0.7951957076380899,0.7455759226085332,0.8086168276155707,0.7644753246435345,0.8747767493201977,0.8880536798191315,0.6752871330302082,0.8489156286689964,0.8268006588044388,0.8371038800505647,0.7760136502513086,0.8086500425710188,0.8655166599833374,0.7312266135800931,0.7243503633026713,0.8655919547534227,0.8053060035810401,0.7852869955033055,0.6778463880554915,0.0,0.7904861409680577,0.8261370578989511,0.8346553251572507,0.8243986530090986,0.7511190236696521,0.7897556842221607,0.774782881390201,0.8031968215042133,0.6096139756274721,0.8467692379910094,0.8753706119158984,0.876231297111395,0.804786651937625,0.8487530776867183,0.7545462763754089,0.7367823691582807
table,0.783537783821837,0.7951448653661748,0.6766846234642948,0.7285139396310722,0.7287960100329336,0.42779792997774024,0.7387700963204886,0.7279728668513095,0.6661401459007301,0.642665565975028,0.5533136130036113,0.615043571463629,0.6339843157354093,0.7098959136026061,0.7758198130892497,0.7097523494560858,0.6810075451471467,0.6929026837890244,0.7703279513286101,0.734506184326222,0.4467778883843122,0.7948828385374216,0.7068486884381009,0.7575942549489082,0.7969158153274454,0.4481878395029987,0.6563526102837679,0.6915831907004866,0.5663339936851047,0.640147663978299,0.8310546820557416,0.7306844965476706,0.6569809071755154,0.6370130864831112,0.7140799208569957,0.6291019987350811,0.8152234642629508,0.5868240108587628,0.7300753384480332,0.7941209843705271,0.4625847929348671,0.7511262543705586,0.7664367011302732,0.7773691117065507,0.6682545872536747,0.6057148211097223,0.6117356214141303,0.6451061865027293,0.7358547176988404,0.7779231597852831,0.7648105897113295,0.7278054655776125,0.6439926719439385,0.8254475307217911,0.8159489357130221,0.6893803439557791,0.7290812162797622,0.712314056265664,0.6575036481965582,0.6333637485701751,0.6879474412549375,0.6414859152774863,0.8266704669803149,0.7557937189763602,0.7608170321065105,0.7204481853012332,0.7289292600009191,0.7224527974603653,0.7452467718668514,0.7507641026384447,0.7838695563310449,0.6996502344152526,0.7301865865857191,0.7913574188375888,0.746405072812323,0.7526207466310483,0.7293510356026444,0.7312635843199775,0.8270337904250205,0.7259338081884472,0.7343234809204715,0.7204207613575299,0.8678158905943991,0.7904861409680577,0.0,0.6818554106258454,0.7324771464628281,0.535736391832392,0.7424177439477919,0.7099697087707851,0.7280759725918742,0.7325569990371711,0.791084425361344,0.7144140525941853,0.44010926117272275,0.8120165376899109,0.6352276809645756,0.7498921261585761,0.6363929765593751,0.8047941575838047
tank,0.7981932780377994,0.8117891765233908,0.687992333211774,0.6023270733964489,0.5989879177245304,0.7433160013725133,0.6867872815134033,0.6666950031059056,0.7099622419486485,0.7259295395311409,0.6694662448637619,0.6275731591261826,0.483684166094161,0.5355335152519184,0.6938144138149835,0.5534659681331813,0.7852138465144456,0.5440462850049768,0.6685590261998108,0.6468321806014146,0.8343667019463004,0.6718413771226073,0.7659935684487829,0.5932609238059032,0.8303653220255227,0.6737661189976709,0.6385782625530678,0.4902263635552778,0.7815585270544114,0.5647760060394659,0.7977276366765667,0.6053656231467364,0.5543356763691341,0.5149941280696114,0.746635028768811,0.6235812027163594,0.7457991890443523,0.5112224448258375,0.661934909607957,0.7359304445208454,0.6380285438225889,0.6301237247933231,0.6678145661966144,0.7084105432202135,0.6137318159964522,0.6009212352816651,0.597605504505359,0.5495951970580049,0.6111385639230706,0.6425991363255741,0.6625913014303694,0.749850909164151,0.515243628665428,0.8737948783634519,0.8351592937590926,0.5559279301756713,0.6016090462120116,0.7037701155602089,0.482516954337455,0.48661235366749567,0.5383364308279892,0.7533112336635687,0.824730648491071,0.6342277798833067,0.6800925386755823,0.6304975495032599,0.6678778763926236,0.6485232684032738,0.631368918261916,0.45764779660337707,0.7663594474377982,0.6538633511121725,0.5715925131969952,0.7374117418514818,0.6196904386656132,0.614552598414044,0.5627238429309689,0.6540067410561088,0.7609865133718194,0.6979640589631328,0.6337085932247334,0.5393885065089403,0.8506616301133502,0.8261370578989511,0.6818554106258454,0.0,0.7281539155704975,0.6513694240518901,0.7348709689567056,0.41713503264249296,0.4329149834013244,0.7223010498250402,0.8160280520433125,0.5987180394103719,0.7876392055542275,0.7633648219577287,0.4791043850470027,0.6842075432204546,0.6475683060331261,0.766641743400805
telephone,0.7945305822996547,0.8570257413283126,0.7961378538401109,0.7489226126465008,0.7666052571247564,0.7164758730395787,0.7969817323216757,0.6937965196487479,0.8120498279052056,0.7573394715746178,0.7422427158483759,0.7480739563466821,0.7465600088368192,0.7173375993658704,0.8466283167044657,0.7612562294935628,0.7142090573589936,0.7676441396067517,0.8415676144493756,0.8131173719594715,0.7211123273255078,0.7738175610904565,0.6286600452905092,0.8386166127541272,0.6793665401591527,0.7690653765546883,0.7307784025826741,0.7725664447173268,0.7844691377495228,0.7443942610197147,0.7767607223324,0.8004169292517057,0.7376119070586129,0.8353547592737776,0.7929875529801054,0.7508388001808987,0.7930754662930974,0.7889500450681446,0.7551277957985432,0.5362905138977154,0.6032981694906585,0.6248133853881691,0.7836651718820399,0.7664025202081086,0.7458096271343169,0.7400587593524308,0.7459124886545132,0.8230636055012996,0.7532750910240853,0.8452467248123681,0.7235196227507749,0.8950615115876113,0.7902721309250119,0.8316330231693062,0.9219618061262749,0.7357749354804535,0.8309628359214323,0.7410186461630901,0.8000019225421087,0.805731580470784,0.8211398377982322,0.7535694005915714,0.8941380243937931,0.8184638116081879,0.7725403954648697,0.7585619387907213,0.778665778106931,0.7785767491609021,0.8866173469151953,0.8277971969962318,0.8566805596818388,0.8423458263820661,0.7433431436269828,0.7750307546176854,0.7764516357812022,0.8457916224485373,0.7809855774326537,0.7685514512985997,0.7438935347154292,0.7760342740475111,0.7641192867261163,0.7571406034975046,0.8850053803945055,0.8346553251572507,0.7324771464628281,0.7281539155704975,0.0,0.5008681595670122,0.7826964042070333,0.754236153798412,0.7734210587406086,0.7693091830785566,0.8501732409260354,0.6875461910002336,0.7067041081425078,0.7360290919521699,0.8022090849471941,0.7560942742471626,0.7059372976594025,0.7609786118587776
television,0.7590212811413656,0.80665422108093,0.6712610918854296,0.7274135587288819,0.7134505626944947,0.6289962139656391,0.7750541223151728,0.7179028895400464,0.7585287679468427,0.6594040917258316,0.6414222988699433,0.5836620604290936,0.6306094279868499,0.60601439060412,0.7419090909724687,0.7177438491274504,0.6484975313367177,0.6920404335261849,0.7685944497278369,0.7592641823136043,0.6739495026044019,0.7634722440881623,0.5594042948665243,0.6806094476425975,0.7749078105746204,0.5463473299568543,0.6915184745620528,0.6846681081968652,0.6758800835744367,0.6747752592536156,0.7980698392429445,0.7456685002528289,0.6426729026390978,0.6595625650815375,0.7707510035200897,0.5924310185431161,0.8275445788538842,0.6259278606879679,0.7252052567632439,0.6159540598034859,0.5044926985729927,0.7206739391469051,0.7671265542975501,0.739605592540665,0.7002764452173638,0.6504714954178092,0.5390919091726655,0.6897262451201356,0.7598317832777891,0.7343593778928014,0.7437542161899223,0.7949663028609624,0.6800790371085973,0.8195090950183713,0.8641511137084361,0.6664745597528183,0.7170604144276442,0.7533113471403683,0.6604929402632109,0.6588957010357661,0.6739713869331329,0.687703228134722,0.8477982487324284,0.7477135334759735,0.7736206119702546,0.6831479066059138,0.7402721614152654,0.740831348332218,0.7506563196638724,0.7055415804103161,0.8371050851926254,0.6807122634180909,0.6824713989762564,0.7744340412069304,0.7199360646044853,0.7614655132428927,0.6485001116133258,0.7344909188632046,0.7856141224236799,0.7055971254980916,0.7056367430896875,0.6362425595614425,0.8328024577113595,0.8243986530090986,0.535736391832392,0.6513694240518901,0.5008681595670122,0.0,0.7684035327580963,0.7004716314336303,0.6848816356733808,0.71701126499298,0.8067917518015114,0.7171928806026915,0.44212955415292243,0.7575239655460824,0.6592019248561296,0.7317495899455185,0.5737401399997848,0.7636307496306368
tiger,0.8286740554315398,0.7044473391167494,0.7476744412608629,0.49148951757944537,0.46709166096766064,0.8261904083277253,0.6322478900838094,0.6690761374993037,0.799433024731522,0.7580954678465324,0.6951985592773662,0.6931470848860618,0.7239486254180711,0.7754545232391619,0.6041754261572432,0.5888228539384317,0.7297906276129764,0.7102477487483188,0.6615677376062927,0.5323949625993334,0.8092339273567499,0.636212786469962,0.7558301018455226,0.7478757909705135,0.7684414455413153,0.7575214545884129,0.5485968468247815,0.4992196260499141,0.8084897505724691,0.5306836964917343,0.799973860885894,0.6457589997082549,0.6326205012561101,0.6450358114356706,0.26894211649951927,0.6856219737464796,0.5108297082316967,0.7179357932642816,0.398405157901636,0.8398023717227614,0.7652098488328246,0.8300598869000402,0.17919550016174046,0.24155928772514756,0.5608395843161227,0.5306702735953568,0.662644487427603,0.7114914739909555,0.7158896721973215,0.7782010907586925,0.4892020587830135,0.717272024409759,0.749436055070624,0.8259366351709303,0.863550667768281,0.5002785352057841,0.7612819782168503,0.767676831891825,0.7595031988946886,0.6831914795647389,0.7241265087390627,0.7348001818769105,0.7686973282342098,0.5570225706997041,0.5260370871273511,0.48154563087621394,0.41222477359525445,0.6781077057323285,0.7796922411646213,0.7645379146723636,0.7436239535501356,0.7806978524550201,0.5722366675475641,0.74025184841552,0.527685640811149,0.6342071083070537,0.7878494512801747,0.6468499245117831,0.6672446926805984,0.6509403261337768,0.37245165461867147,0.7846533570802124,0.8230362339580328,0.7511190236696521,0.7424177439477919,0.7348709689567056,0.7826964042070333,0.7684035327580963,0.0,0.7212855670536249,0.7176429824025649,0.7031592252964097,0.7694044032480454,0.6488108346230763,0.7788369004505777,0.7881170777545806,0.6932451636968149,0.3742990953044959,0.6552599333552318,0.7630384025753808
tractor,0.7993845518038663,0.8152750171254426,0.7212363042638836,0.7023954843948855,0.6948619270921765,0.7250186494522985,0.7126532976077478,0.6909722096680972,0.6822768628735041,0.7301877271563533,0.7610820340888593,0.6751886818280739,0.5688783616100248,0.47611009442868435,0.7370830306632761,0.6032455905910685,0.7583185640722947,0.5979305579791425,0.7358000234945592,0.6590204276637583,0.7850797994181782,0.735130053702918,0.8001375876720427,0.6901142646409288,0.8086300755906937,0.6839455777170169,0.6806819689801547,0.6836484607631382,0.8500577143407386,0.6742738945133093,0.8580849972282958,0.6697692620959431,0.6740715290811226,0.5999106951799664,0.7764443926270055,0.6913623318962454,0.7767225536414801,0.5683699168963194,0.6926463287897562,0.7954586268426859,0.7096803087289294,0.4315939142323444,0.7387576490257133,0.7662050028058174,0.6984498899194282,0.6528190389379884,0.6886680628355129,0.6054955193957816,0.506818912784793,0.702669668212355,0.7285333254573322,0.7942835597360451,0.5765500749498798,0.8625372698460114,0.8908507588902761,0.6864353551702603,0.6547937891743895,0.7689733362480621,0.45749548597513623,0.5694112591126662,0.5870991165481323,0.8051945753392568,0.8053177653981867,0.7261554859726969,0.756035302096142,0.6760952391887622,0.7467609506660198,0.7829330688564132,0.6850962281592524,0.6286236250805795,0.838863520988127,0.7449099147440446,0.7251634152703831,0.8518126474092451,0.7211269774372568,0.7197423691613016,0.6806528279340709,0.7556099126318462,0.8182968616806101,0.715412559530558,0.6781366644057636,0.5126511300377073,0.7923556599336752,0.7897556842221607,0.7099697087707851,0.41713503264249296,0.754236153798412,0.7004716314336303,0.7212855670536249,0.0,0.4243741414253892,0.7936633430658433,0.7943107294925835,0.7552682520467632,0.7371604331514958,0.850277863456264,0.5825698917716495,0.7576471059472587,0.7739100160499519,0.8330020618823002
train,0.7781876992915344,0.7608434485789137,0.7269705209166506,0.6326584501628736,0.624414251592911,0.7382803171998009,0.6529693904074714,0.6321260194417389,0.7255224348489593,0.7468579072570093,0.7129118336107285,0.6496835746125917,0.38822802393771483,0.3497453191886307,0.6485599487648404,0.609184663048645,0.7214535036958212,0.4881129554212288,0.6726714812047864,0.614839544162425,0.9100956533570502,0.709604835678312,0.8327963943471381,0.557749338643816,0.7549706179303091,0.7209443894199027,0.6833207095909943,0.6119099206720249,0.7986077885000791,0.6661676821779263,0.8077123156988415,0.5983502401935084,0.6359164321300588,0.4795827602637224,0.7459791053465087,0.6438514831617814,0.7513076110734798,0.4409739758324217,0.6805395126692892,0.7119290490172613,0.7243948729903189,0.6568825638559252,0.7377984570316305,0.7532786493592316,0.6833382286661387,0.6464293819305278,0.61186766930387,0.5113921098741019,0.6757486505565149,0.5315095606883422,0.682984325463096,0.7706728467152575,0.49682540212059234,0.8200352854241004,0.8162742565756269,0.6132879671355123,0.6416810333108094,0.745402540211796,0.48883123869201917,0.488260987858951,0.46800219257634834,0.7756398083273952,0.7759854135900227,0.6517854070886898,0.6778879220365688,0.6313506360382906,0.6724387627901152,0.7316666493148262,0.3892694146800898,0.5985877637490127,0.7884578118704471,0.5851903657453683,0.6228038271641134,0.7739593741995975,0.6341488692317221,0.6163113110782176,0.5188804393602916,0.6998315884337216,0.8023791283067722,0.6778265038181135,0.6654980720494967,0.19608666917290352,0.7948201374602542,0.774782881390201,0.7280759725918742,0.4329149834013244,0.7734210587406086,0.6848816356733808,0.7176429824025649,0.4243741414253892,0.0,0.7458853220876225,0.7504602577671734,0.7055403672399674,0.7452550871635237,0.7606226255970004,0.45890341171840043,0.7198550108231383,0.6911340327045843,0.8002920786854761
trout,0.7787101511889498,0.27831214851351993,0.7217619516380522,0.6943365603439438,0.5641613287877352,0.7716602233849401,0.6768355005767426,0.568207298051598,0.7199976614195993,0.7216717988389408,0.6614512426669953,0.6675841564354262,0.7020352427490361,0.7804494595399172,0.6321508440382941,0.7316220548904313,0.7135067742590555,0.7347762386530448,0.6076864037153253,0.7564840521142281,0.775498472475926,0.7597391551488896,0.71057506835944,0.7025614195735833,0.6191904614776403,0.7522353954385765,0.5811048706232628,0.4896419938472689,0.7561966053944479,0.536547208520628,0.487455116472318,0.7386648912147122,0.29548321820498824,0.669463063390124,0.6951722540133596,0.6893007140693481,0.7186315166084903,0.684697536722306,0.6268467385569637,0.8270121111555861,0.6888289495185815,0.7689719728263622,0.6855870739149729,0.735078968048324,0.46843031591567086,0.49443618274144774,0.6744670814889165,0.7673279023020952,0.7163624550163012,0.77719694672599,0.52912415729802,0.6883679763878813,0.7748908716167608,0.835716855314313,0.7725225552254973,0.5170656038623551,0.7553211882118402,0.6855694776296999,0.7136996824887702,0.7090103648390242,0.7374767003986804,0.6760528627342829,0.7960398068898331,0.6418718332188649,0.6124358331050372,0.5814203620178726,0.6346737370481199,0.5005604229154121,0.8275359502969424,0.7185051278757424,0.7797926489825686,0.7257162267365999,0.5496473520773926,0.40994870722088406,0.4926226571010579,0.6491315986608632,0.8003604442881319,0.6076812044071631,0.6384383509959698,0.6603914735686967,0.5387976514753725,0.8045714266182158,0.8347253834475152,0.8031968215042133,0.7325569990371711,0.7223010498250402,0.7693091830785566,0.71701126499298,0.7031592252964097,0.7936633430658433,0.7458853220876225,0.0,0.7772393796768922,0.5007004157509993,0.8058514293211925,0.548418364307852,0.7002500153012612,0.6394919478695456,0.719189573810094,0.6307490098157678
tulip,0.718041654117419,0.6818564664084266,0.8157885473986126,0.7627766608535493,0.7320879790055592,0.9054153802909294,0.658287854059039,0.7163269508168926,0.8420818551504393,0.8701645077782092,0.6692498764881281,0.7888586437300139,0.805354734061838,0.7769471714675563,0.6368737856460469,0.7595098340499288,0.8184905003586587,0.7661416714926138,0.7153564079548238,0.7269881760354409,0.8666223652615102,0.8137979771437888,0.8471183692575094,0.7744779864757714,0.8277390077009076,0.8158544577270815,0.7414034076650416,0.7601954186826367,0.7165714045203986,0.7681936778920325,0.8418877734673463,0.7731853133916236,0.7184330011215843,0.7441525415242113,0.7654957394521872,0.7742466534250375,0.7462570274173955,0.7619675066041927,0.7611857947925863,0.8922539211896864,0.7570926650846777,0.7963044785912404,0.7966118800204672,0.7811348129511053,0.766990297066123,0.7078426910669111,0.7644786462235568,0.7520934660316999,0.7986961890020113,0.7594305560554273,0.7333956879334272,0.6140427161623848,0.7788067575425979,0.7336908851456281,0.5418534341249085,0.7365257884067966,0.7647070922090191,0.7102163228494478,0.8037380420861017,0.7516953386058909,0.7524861936606124,0.7676402219337761,0.2814159773848691,0.7788766433766132,0.767184034687217,0.7047589243128842,0.8310339511748205,0.7713622595847687,0.8335300128420612,0.8292834316701951,0.30622851874995793,0.7891416321103519,0.7372929870030452,0.8184895784074435,0.7215463216898079,0.7450946466733133,0.8137508143784148,0.698910971352741,0.812167072111257,0.7670242061642297,0.7347851951820572,0.7460595365285546,0.6860096275289356,0.6096139756274721,0.791084425361344,0.8160280520433125,0.8501732409260354,0.8067917518015114,0.7694044032480454,0.7943107294925835,0.7504602577671734,0.7772393796768922,0.0,0.7793549558095368,0.8766839737855587,0.8094006886905195,0.740554931576769,0.8114987144337777,0.7689904023222713,0.8012804742787931
turtle,0.8460413440014738,0.5242730552748478,0.7075735181107706,0.6011711215965587,0.457125576640277,0.7811546351455751,0.618804874980158,0.5397667541384408,0.7771255286823091,0.8249477326872683,0.634753514447203,0.6767474471329473,0.6698599274084995,0.7406641733986754,0.6374720622842235,0.6074628202181533,0.8195363938874555,0.6829507590764271,0.634577773823252,0.6818946343899601,0.8110858065919879,0.6923787857503103,0.8015691442426445,0.6459699693718023,0.6295035165120393,0.7766877379054022,0.3887807711557283,0.37602750920958317,0.7457456563516083,0.46281241575383203,0.49318268459936054,0.6239520257712978,0.364172100882166,0.6563105085208181,0.6665121585977583,0.6713502177633159,0.7052626151064318,0.6750282099736526,0.5417292192848464,0.8210370016879691,0.6917996465549998,0.7822316061954678,0.6173015265998116,0.7167419590633699,0.4669278026449408,0.44734542427138757,0.6902164349914499,0.7354252191666206,0.7152391357799427,0.7040460375107129,0.5166021513236263,0.6312692347269159,0.7255179684352455,0.8743239434944057,0.7750916424619056,0.4020844023331601,0.7164208423346486,0.7192676781721322,0.7375307849998876,0.6812300625353194,0.699955454585379,0.7093414537141717,0.8157159752519577,0.5002339025620047,0.5897226826516474,0.5218018648791033,0.5775529351466151,0.3005657967141193,0.767770873377823,0.6807662196038292,0.7850300345429002,0.6628633030133935,0.38756617051174636,0.36603325478595294,0.4428481708830855,0.5968579920956176,0.7292023901495284,0.49592055145015856,0.6163268131643567,0.5561198390980602,0.5331387658260403,0.7559595147173809,0.8383473577812428,0.8467692379910094,0.7144140525941853,0.5987180394103719,0.6875461910002336,0.7171928806026915,0.6488108346230763,0.7552682520467632,0.7055403672399674,0.5007004157509993,0.7793549558095368,0.0,0.792508465725768,0.5258774212223992,0.6614587026287044,0.6529661653194132,0.6887474450276438,0.6409076333309631
wardrobe,0.8090856129913387,0.8456558944331374,0.7522296323828509,0.7520813402995464,0.7109038672006494,0.45860539483044904,0.8150654948734829,0.7733163411259355,0.7902676150720548,0.6690082140709726,0.6961487178799746,0.7204175425627652,0.7143527556431472,0.7025388751023238,0.7993554011747518,0.7459922800416963,0.7035509116058,0.6912621182979106,0.8022341978005516,0.758629540976952,0.6601198938588022,0.8074759803315216,0.6730909959176383,0.7663177254074802,0.7910910350106121,0.5345266773122137,0.785675374941317,0.7591542294670477,0.7575480811906166,0.7557269026634007,0.8612181427035792,0.7814159114366601,0.7113519843174714,0.6931508812783542,0.7970404644646489,0.7296073741571517,0.8040846067903928,0.6355526444622237,0.7648605572855562,0.7689134228102591,0.6278488237720259,0.8462629340230232,0.7975797740842526,0.7663138994964521,0.7439827874463865,0.7403387702438116,0.6761114678453896,0.6889980672888347,0.8487492526817002,0.7719074975798287,0.7382913714806807,0.849116993179706,0.6871403693509254,0.8011701202679191,0.9378396843205311,0.7158597615040763,0.7885903545521143,0.7607222425295032,0.7443485629389114,0.6864536527036365,0.734225536860452,0.7449015363513616,0.9074594328407206,0.7913923896174753,0.8201381458716454,0.6930484180055725,0.7943712123002133,0.8039712197451914,0.7765884326440791,0.8151410502002873,0.9252299988759628,0.7544773049183581,0.751346551861416,0.8575301422311584,0.7575415346064951,0.8114771552961136,0.7284036590271423,0.7514121264958358,0.8261758731586262,0.7608888750160951,0.7526146834642586,0.721333780422734,0.8719605751252343,0.8753706119158984,0.44010926117272275,0.7876392055542275,0.7067041081425078,0.44212955415292243,0.7788369004505777,0.7371604331514958,0.7452550871635237,0.8058514293211925,0.8766839737855587,0.792508465725768,0.0,0.8409598109561591,0.6645033479289528,0.7897073494635911,0.7068580849421399,0.7842151337248344
whale,0.8243126362071131,0.6965960154809137,0.7820287886467079,0.5912281778668891,0.5666278243946097,0.8377600384795256,0.7951307080013968,0.6994839413400273,0.827983038706827,0.8589978779276324,0.7596089951422592,0.7404845925036851,0.6440655624530562,0.7957022382375771,0.7234754675179695,0.7357188202739391,0.8229135679250441,0.7640008598948987,0.7423214264259803,0.7398558809229964,0.8236588625407847,0.7463244964024137,0.8476490925976132,0.5913961354289596,0.7268626928654045,0.7904957470890412,0.7214856883734775,0.5472698647056542,0.785328966535515,0.6703294360185399,0.07580019112529113,0.7006153676730337,0.5077795686212307,0.7205035737536188,0.7720767213298232,0.7521457016287632,0.7906155483614894,0.734737574070452,0.653628732038462,0.7966397495650351,0.7361051482326915,0.8229715706157982,0.7554308612764102,0.7906944723222346,0.6867450779516193,0.6675382262433605,0.7276692854344335,0.7716387740917088,0.7889206655543994,0.6110641359751232,0.6627673373008938,0.8376895343816344,0.7580945360755676,0.855935948067376,0.8360872106793849,0.42105692110927895,0.7642443500679106,0.753414319656428,0.7879492869743038,0.7290952629257277,0.6892210571798569,0.8204215427153221,0.8776043068790557,0.704605112245065,0.7064031636980486,0.6569720804564575,0.685623612299817,0.5076601773936342,0.7738122831222214,0.5997166710335471,0.8318120601261144,0.512649401902315,0.3880578151860177,0.299701815270365,0.6166558521758538,0.6273449788097534,0.6665353781008305,0.7778865335979006,0.7876524003203967,0.7134936632096167,0.6959158585726356,0.8184543592181547,0.8716343763449697,0.876231297111395,0.8120165376899109,0.7633648219577287,0.7360290919521699,0.7575239655460824,0.7881170777545806,0.850277863456264,0.7606226255970004,0.548418364307852,0.8094006886905195,0.5258774212223992,0.8409598109561591,0.0,0.7106394088264791,0.7223702101713662,0.7423236326890085,0.7257269710008214
willow_tree,0.7556776776833449,0.7713509001287854,0.6635464224597124,0.5526812136304631,0.5238293060459485,0.7914185412962524,0.6703681931266585,0.672982789920831,0.6991873747262362,0.7353397496928772,0.6646538671356074,0.5490747429510775,0.42518027838383754,0.5678255000874644,0.6367180161657494,0.5257898504920276,0.7696371162606717,0.4078696362239129,0.6105901106327013,0.5482115338527592,0.8070570006671687,0.6651667440699132,0.8057512987938924,0.3869776809679564,0.7951539553366851,0.6804557535694833,0.6969749786399368,0.4792020538056726,0.7339882649366898,0.6005609369323641,0.7688332955914955,0.5398857056126625,0.5446883181921979,0.19010036610461212,0.6850824171824886,0.5310373437921011,0.7676878049821388,0.26494758266708995,0.588520937256382,0.7771103309389022,0.6402041005291313,0.724257404774192,0.6642846765122665,0.6837311065289768,0.5995416154549033,0.636596317064465,0.49904335133404554,0.09997350082171796,0.7236448863646938,0.45068190239837747,0.6493163792712932,0.687070546770643,0.08771867091505658,0.826133266307206,0.7981361692911806,0.5058280244096565,0.3874982711317796,0.6952597926176047,0.5297024535495203,0.13043859978344707,0.2741176309553254,0.7335113603340513,0.7629811749568634,0.5767031066116792,0.6721020037261587,0.5844951042764255,0.6468532785325845,0.6569117717771046,0.40735709710018586,0.5492122549126309,0.7290521622706223,0.4566408248001448,0.5803746181031204,0.7427813280519231,0.541389887059672,0.5752090162809855,0.5092677531709291,0.6720942583567321,0.7481519835159209,0.6372422506312121,0.5698239644965363,0.5268347031829439,0.7645415851437262,0.804786651937625,0.6352276809645756,0.4791043850470027,0.8022090849471941,0.6592019248561296,0.6932451636968149,0.5825698917716495,0.45890341171840043,0.7002500153012612,0.740554931576769,0.6614587026287044,0.6645033479289528,0.7106394088264791,0.0,0.6821728269412937,0.5685241234028968,0.6681323551123198
wolf,0.8337670067967514,0.7685711577080384,0.7269838454810652,0.4325931901265594,0.4629658419770798,0.8026791281679302,0.729092829312035,0.6977984879457926,0.7473136277074333,0.7301945771890183,0.7081475205800213,0.6580668218725427,0.7092020841952689,0.7424786582742063,0.7225820113702233,0.5980073562052804,0.7215059776330287,0.671377079111409,0.7110352928959918,0.5994268444098124,0.7989109120410933,0.6455504481338858,0.7586495533288815,0.7180012424959639,0.7762397493261016,0.7464150366747055,0.6480914440187113,0.47100950200676295,0.8065751445221325,0.581317966004143,0.6994461301741044,0.6435212704219084,0.6097646755407744,0.6194444748606777,0.2958645969308471,0.6455737149353724,0.5514017747932954,0.6697191405966443,0.36011833937515003,0.7858889818822635,0.7607425156236941,0.7963404695016969,0.35197120988052855,0.36990609074495884,0.6049271624067494,0.6478803675968595,0.6194364165733974,0.7235240371804267,0.7835235047477143,0.6822668666940639,0.4781744755999253,0.7016380386628308,0.7404181745837114,0.8373004909204486,0.8110266121525735,0.45029098333035966,0.7683201926201777,0.8071610583086497,0.6942044873128941,0.638278797549968,0.725801156761794,0.7385878633441469,0.8400231360642779,0.4950627704434112,0.3771779184159485,0.4699785821452386,0.3180350367916047,0.6731442932746805,0.7886524880115438,0.7341183365273638,0.7954969435386472,0.7557129910648868,0.4814383289078008,0.6727735017796872,0.4637905500198616,0.6038268543610882,0.7623965341106489,0.7240237983044192,0.7042055883206224,0.6760358359181011,0.3838261451224957,0.7759532561031566,0.88406094112014,0.8487530776867183,0.7498921261585761,0.6842075432204546,0.7560942742471626,0.7317495899455185,0.3742990953044959,0.7576471059472587,0.7198550108231383,0.6394919478695456,0.8114987144337777,0.6529661653194132,0.7897073494635911,0.7223702101713662,0.6821728269412937,0.0,0.6292793609562587,0.7587353394439501
woman,0.7705395006977966,0.7776826056067253,0.3815697017400601,0.5959207740360444,0.5781908875854779,0.7481523045927938,0.7014565346591601,0.6848535256146209,0.7532051500421786,0.7164284633471962,0.6396056254782436,0.19394354656777346,0.6570203805809985,0.7221593374611646,0.7381940678384611,0.632008371408692,0.705215696610472,0.6829795403136585,0.7275504247304669,0.6624768852591237,0.7484642948841089,0.5659858137624746,0.695761380047971,0.6198709387950073,0.7570678757182101,0.6653828617584003,0.6466069192643451,0.6309561199351361,0.7169506341616327,0.6141460995189576,0.7784596120321999,0.6887816509945557,0.523034515595264,0.6041474126750669,0.6457652426033346,0.13233559575431608,0.6901647122548977,0.6105664787420347,0.6301779306668223,0.7409818194689426,0.5849848075249483,0.789616417222892,0.6681292580878261,0.6391476157574444,0.6351099365602888,0.5793651549021107,0.16086177685113223,0.5944046309805584,0.7490195849640076,0.6912232981919088,0.6245026335257307,0.7669504541347587,0.5940262162682515,0.782383169538277,0.8023715211551574,0.5233078758372363,0.6555098047166714,0.6820497537420237,0.7089000273143061,0.5717238880032132,0.6419654528262232,0.7182198315141335,0.8124810302059788,0.6550217131584347,0.6142256703619049,0.6095850972008353,0.6362419369169043,0.6873218925608118,0.7245835925174076,0.656119171792515,0.7619001004864346,0.6530911496349221,0.5760806163916133,0.7322027009755083,0.606541143694671,0.6632052424034317,0.639583790408341,0.676567994597454,0.7536166372968416,0.6759951041513487,0.5984856328146857,0.7201287016245077,0.8213166829796572,0.7545462763754089,0.6363929765593751,0.6475683060331261,0.7059372976594025,0.5737401399997848,0.6552599333552318,0.7739100160499519,0.6911340327045843,0.719189573810094,0.7689904023222713,0.6887474450276438,0.7068580849421399,0.7423236326890085,0.5685241234028968,0.6292793609562587,0.0,0.7193489083596518
worm,0.7212708434337575,0.731744602779831,0.7834722263820709,0.754056874191871,0.6525102044234916,0.9134494377460352,0.7366281670899884,0.6389172016911643,0.6868280204440428,0.7777446708263269,0.6296874811027156,0.7566413523071978,0.8011765031036124,0.8145680270657267,0.6898368543947265,0.7282442704583512,0.7603056469580745,0.7568432129419197,0.4822163203938069,0.7929559204226312,0.8375384401132574,0.7820584496306964,0.7210612559101958,0.6434527455647997,0.6775478610730831,0.8339423973945912,0.5355160702033913,0.6258037610962933,0.7378603044144916,0.5780774505704328,0.7332027282584919,0.7431819895846452,0.6104846787161188,0.6928521157340307,0.7720027524869443,0.7623368792238355,0.7948239528304504,0.7672111315567582,0.687795588144353,0.8147757966243236,0.695960383285499,0.8337306749552946,0.7568276157341289,0.7977559107339987,0.4774415118003811,0.4806540484308427,0.7284786641459187,0.7580805154346069,0.803572109199002,0.7372808057736637,0.6071432018632723,0.7058671798244638,0.7512721377802443,0.8175582861945829,0.8254854906652815,0.5776184163775224,0.7572682431154876,0.6663158798482027,0.7961461669019922,0.7166956049564818,0.7062217239295451,0.6407168509158088,0.8246873697807722,0.7134937681719614,0.7247399459146918,0.7010257278879526,0.7354371978438139,0.5674182621671873,0.7962141943794078,0.6872978274155506,0.7986562012073444,0.723966708539773,0.6621516985352217,0.6829286765462818,0.5612283281640935,0.6698203419415973,0.7551002600118678,0.6235352205761473,0.2756971899962475,0.5664006681700317,0.6497851319177572,0.8372291204083848,0.8609693366059127,0.7367823691582807,0.8047941575838047,0.766641743400805,0.7609786118587776,0.7636307496306368,0.7630384025753808,0.8330020618823002,0.8002920786854761,0.6307490098157678,0.8012804742787931,0.6409076333309631,0.7842151337248344,0.7257269710008214,0.6681323551123198,0.7587353394439501,0.7193489083596518,0.0
