sample_id,class_u,class_v,contrast1,contrast2,quadrant,d_perc,d_sem,learner,episode_id,c1,margin
0,beaver,ray,cloud,possum,Q1,0.515666,0.578947,centroid,0,0.82,0.247
0,beaver,ray,cloud,possum,Q1,0.515666,0.578947,exemplar_knn_k3,0,0.8533,1.0898
0,beaver,ray,cloud,possum,Q1,0.515666,0.578947,logreg,0,0.84,0.5378
0,beaver,ray,cloud,possum,Q1,0.515666,0.578947,random,0,0.3467,1.1155
0,beaver,ray,cloud,possum,Q1,0.515666,0.578947,centroid,1,0.8133,0.3233
0,beaver,ray,cloud,possum,Q1,0.515666,0.578947,exemplar_knn_k3,1,0.8133,1.2686
0,beaver,ray,cloud,possum,Q1,0.515666,0.578947,logreg,1,0.8133,0.6698
0,beaver,ray,cloud,possum,Q1,0.515666,0.578947,random,1,0.36,1.2974
0,beaver,ray,cloud,possum,Q1,0.515666,0.578947,centroid,2,0.8933,0.2153
0,beaver,ray,cloud,possum,Q1,0.515666,0.578947,exemplar_knn_k3,2,0.86,0.9641
0,beaver,ray,cloud,possum,Q1,0.515666,0.578947,logreg,2,0.8667,0.4783
0,beaver,ray,cloud,possum,Q1,0.515666,0.578947,random,2,0.3,1.0545
0,beaver,ray,cloud,possum,Q1,0.515666,0.578947,centroid,3,0.84,0.3085
0,beaver,ray,cloud,possum,Q1,0.515666,0.578947,exemplar_knn_k3,3,0.8467,1.261
0,beaver,ray,cloud,possum,Q1,0.515666,0.578947,logreg,3,0.8333,0.6332
0,beaver,ray,cloud,possum,Q1,0.515666,0.578947,random,3,0.34,1.2152
0,beaver,ray,cloud,possum,Q1,0.515666,0.578947,centroid,4,0.7867,0.2108
0,beaver,ray,cloud,possum,Q1,0.515666,0.578947,exemplar_knn_k3,4,0.7533,0.8728
0,beaver,ray,cloud,possum,Q1,0.515666,0.578947,logreg,4,0.7933,0.4355
0,beaver,ray,cloud,possum,Q1,0.515666,0.578947,random,4,0.3667,1.2321
0,beaver,ray,cloud,possum,Q1,0.515666,0.578947,centroid,5,0.7667,0.2288
0,beaver,ray,cloud,possum,Q1,0.515666,0.578947,exemplar_knn_k3,5,0.7667,1.1123
0,beaver,ray,cloud,possum,Q1,0.515666,0.578947,logreg,5,0.7667,0.52
0,beaver,ray,cloud,possum,Q1,0.515666,0.578947,random,5,0.4067,1.2429
0,beaver,ray,cloud,possum,Q1,0.515666,0.578947,centroid,6,0.84,0.2652
0,beaver,ray,cloud,possum,Q1,0.515666,0.578947,exemplar_knn_k3,6,0.8467,1.1771
0,beaver,ray,cloud,possum,Q1,0.515666,0.578947,logreg,6,0.8267,0.5882
0,beaver,ray,cloud,possum,Q1,0.515666,0.578947,random,6,0.3267,1.4094
0,beaver,ray,cloud,possum,Q1,0.515666,0.578947,centroid,7,0.8067,0.2123
0,beaver,ray,cloud,possum,Q1,0.515666,0.578947,exemplar_knn_k3,7,0.7667,0.981
0,beaver,ray,cloud,possum,Q1,0.515666,0.578947,logreg,7,0.8067,0.4749
0,beaver,ray,cloud,possum,Q1,0.515666,0.578947,random,7,0.3133,1.2823
0,beaver,ray,cloud,possum,Q1,0.515666,0.578947,centroid,8,0.86,0.216
0,beaver,ray,cloud,possum,Q1,0.515666,0.578947,exemplar_knn_k3,8,0.8533,1.0882
0,beaver,ray,cloud,possum,Q1,0.515666,0.578947,logreg,8,0.86,0.4602
0,beaver,ray,cloud,possum,Q1,0.515666,0.578947,random,8,0.4067,1.3025
0,beaver,ray,cloud,possum,Q1,0.515666,0.578947,centroid,9,0.82,0.285
0,beaver,ray,cloud,possum,Q1,0.515666,0.578947,exemplar_knn_k3,9,0.8,1.1959
0,beaver,ray,cloud,possum,Q1,0.515666,0.578947,logreg,9,0.7867,0.571
0,beaver,ray,cloud,possum,Q1,0.515666,0.578947,random,9,0.34,1.0829
0,beaver,ray,cloud,possum,Q1,0.515666,0.578947,centroid,10,0.8467,0.281
0,beaver,ray,cloud,possum,Q1,0.515666,0.578947,exemplar_knn_k3,10,0.8267,1.1099
0,beaver,ray,cloud,possum,Q1,0.515666,0.578947,logreg,10,0.7933,0.627
0,beaver,ray,cloud,possum,Q1,0.515666,0.578947,random,10,0.2867,1.282
0,beaver,ray,cloud,possum,Q1,0.515666,0.578947,centroid,11,0.8267,0.217
0,beaver,ray,cloud,possum,Q1,0.515666,0.578947,exemplar_knn_k3,11,0.7867,1.075
0,beaver,ray,cloud,possum,Q1,0.515666,0.578947,logreg,11,0.8067,0.471
0,beaver,ray,cloud,possum,Q1,0.515666,0.578947,random,11,0.26,1.2665
0,beaver,ray,cloud,possum,Q1,0.515666,0.578947,centroid,12,0.8267,0.321
0,beaver,ray,cloud,possum,Q1,0.515666,0.578947,exemplar_knn_k3,12,0.82,1.254
0,beaver,ray,cloud,possum,Q1,0.515666,0.578947,logreg,12,0.8067,0.6697
0,beaver,ray,cloud,possum,Q1,0.515666,0.578947,random,12,0.3,1.2412
0,beaver,ray,cloud,possum,Q1,0.515666,0.578947,centroid,13,0.88,0.2657
0,beaver,ray,cloud,possum,Q1,0.515666,0.578947,exemplar_knn_k3,13,0.88,1.1676
0,beaver,ray,cloud,possum,Q1,0.515666,0.578947,logreg,13,0.92,0.5413
0,beaver,ray,cloud,possum,Q1,0.515666,0.578947,random,13,0.3267,1.1536
0,beaver,ray,cloud,possum,Q1,0.515666,0.578947,centroid,14,0.8,0.2692
0,beaver,ray,cloud,possum,Q1,0.515666,0.578947,exemplar_knn_k3,14,0.78,1.0441
0,beaver,ray,cloud,possum,Q1,0.515666,0.578947,logreg,14,0.7933,0.593
0,beaver,ray,cloud,possum,Q1,0.515666,0.578947,random,14,0.3667,1.1636
0,beaver,ray,cloud,possum,Q1,0.515666,0.578947,centroid,15,0.8533,0.2497
0,beaver,ray,cloud,possum,Q1,0.515666,0.578947,exemplar_knn_k3,15,0.8667,1.0202
0,beaver,ray,cloud,possum,Q1,0.515666,0.578947,logreg,15,0.8533,0.5079
0,beaver,ray,cloud,possum,Q1,0.515666,0.578947,random,15,0.34,1.4623
0,beaver,ray,cloud,possum,Q1,0.515666,0.578947,centroid,16,0.8533,0.2008
0,beaver,ray,cloud,possum,Q1,0.515666,0.578947,exemplar_knn_k3,16,0.8267,0.9652
0,beaver,ray,cloud,possum,Q1,0.515666,0.578947,logreg,16,0.86,0.4508
0,beaver,ray,cloud,possum,Q1,0.515666,0.578947,random,16,0.3667,1.273
0,beaver,ray,cloud,possum,Q1,0.515666,0.578947,centroid,17,0.8333,0.2289
0,beaver,ray,cloud,possum,Q1,0.515666,0.578947,exemplar_knn_k3,17,0.8,1.081
0,beaver,ray,cloud,possum,Q1,0.515666,0.578947,logreg,17,0.8267,0.4889
0,beaver,ray,cloud,possum,Q1,0.515666,0.578947,random,17,0.34,1.2768
0,beaver,ray,cloud,possum,Q1,0.515666,0.578947,centroid,18,0.8,0.2613
0,beaver,ray,cloud,possum,Q1,0.515666,0.578947,exemplar_knn_k3,18,0.7667,1.1532
0,beaver,ray,cloud,possum,Q1,0.515666,0.578947,logreg,18,0.82,0.5816
0,beaver,ray,cloud,possum,Q1,0.515666,0.578947,random,18,0.3733,1.3296
0,beaver,ray,cloud,possum,Q1,0.515666,0.578947,centroid,19,0.8,0.2776
0,beaver,ray,cloud,possum,Q1,0.515666,0.578947,exemplar_knn_k3,19,0.8133,1.2242
0,beaver,ray,cloud,possum,Q1,0.515666,0.578947,logreg,19,0.8067,0.6113
0,beaver,ray,cloud,possum,Q1,0.515666,0.578947,random,19,0.3267,1.1573
0,beaver,ray,cloud,possum,Q1,0.515666,0.578947,centroid,20,0.7933,0.2042
0,beaver,ray,cloud,possum,Q1,0.515666,0.578947,exemplar_knn_k3,20,0.7467,1.0354
0,beaver,ray,cloud,possum,Q1,0.515666,0.578947,logreg,20,0.7733,0.4591
0,beaver,ray,cloud,possum,Q1,0.515666,0.578947,random,20,0.2933,1.2677
0,beaver,ray,cloud,possum,Q1,0.515666,0.578947,centroid,21,0.8267,0.2537
0,beaver,ray,cloud,possum,Q1,0.515666,0.578947,exemplar_knn_k3,21,0.7867,1.1241
0,beaver,ray,cloud,possum,Q1,0.515666,0.578947,logreg,21,0.8133,0.5722
0,beaver,ray,cloud,possum,Q1,0.515666,0.578947,random,21,0.38,1.1236
0,beaver,ray,cloud,possum,Q1,0.515666,0.578947,centroid,22,0.8,0.1863
0,beaver,ray,cloud,possum,Q1,0.515666,0.578947,exemplar_knn_k3,22,0.7667,0.8525
0,beaver,ray,cloud,possum,Q1,0.515666,0.578947,logreg,22,0.7933,0.4426
0,beaver,ray,cloud,possum,Q1,0.515666,0.578947,random,22,0.3667,1.2167
0,beaver,ray,cloud,possum,Q1,0.515666,0.578947,centroid,23,0.8267,0.2487
0,beaver,ray,cloud,possum,Q1,0.515666,0.578947,exemplar_knn_k3,23,0.8333,1.1123
0,beaver,ray,cloud,possum,Q1,0.515666,0.578947,logreg,23,0.8467,0.5383
0,beaver,ray,cloud,possum,Q1,0.515666,0.578947,random,23,0.3867,1.2786
0,beaver,ray,cloud,possum,Q1,0.515666,0.578947,centroid,24,0.8667,0.2314
0,beaver,ray,cloud,possum,Q1,0.515666,0.578947,exemplar_knn_k3,24,0.8467,1.1679
0,beaver,ray,cloud,possum,Q1,0.515666,0.578947,logreg,24,0.88,0.5055
0,beaver,ray,cloud,possum,Q1,0.515666,0.578947,random,24,0.2867,1.1775
0,beaver,ray,cloud,possum,Q1,0.515666,0.578947,centroid,25,0.7533,0.2318
0,beaver,ray,cloud,possum,Q1,0.515666,0.578947,exemplar_knn_k3,25,0.7267,1.0134
0,beaver,ray,cloud,possum,Q1,0.515666,0.578947,logreg,25,0.7333,0.5166
0,beaver,ray,cloud,possum,Q1,0.515666,0.578947,random,25,0.38,1.3486
0,beaver,ray,cloud,possum,Q1,0.515666,0.578947,centroid,26,0.9,0.252
0,beaver,ray,cloud,possum,Q1,0.515666,0.578947,exemplar_knn_k3,26,0.9,1.1346
0,beaver,ray,cloud,possum,Q1,0.515666,0.578947,logreg,26,0.9067,0.5439
0,beaver,ray,cloud,possum,Q1,0.515666,0.578947,random,26,0.3,1.2076
0,beaver,ray,cloud,possum,Q1,0.515666,0.578947,centroid,27,0.82,0.2519
0,beaver,ray,cloud,possum,Q1,0.515666,0.578947,exemplar_knn_k3,27,0.8267,1.1506
0,beaver,ray,cloud,possum,Q1,0.515666,0.578947,logreg,27,0.8333,0.5264
0,beaver,ray,cloud,possum,Q1,0.515666,0.578947,random,27,0.3267,1.22
0,beaver,ray,cloud,possum,Q1,0.515666,0.578947,centroid,28,0.8667,0.2896
0,beaver,ray,cloud,possum,Q1,0.515666,0.578947,exemplar_knn_k3,28,0.8467,1.2655
0,beaver,ray,cloud,possum,Q1,0.515666,0.578947,logreg,28,0.8667,0.5952
0,beaver,ray,cloud,possum,Q1,0.515666,0.578947,random,28,0.3667,1.2487
0,beaver,ray,cloud,possum,Q1,0.515666,0.578947,centroid,29,0.8467,0.2322
0,beaver,ray,cloud,possum,Q1,0.515666,0.578947,exemplar_knn_k3,29,0.88,1.0006
0,beaver,ray,cloud,possum,Q1,0.515666,0.578947,logreg,29,0.8,0.5198
0,beaver,ray,cloud,possum,Q1,0.515666,0.578947,random,29,0.36,1.1815
1,bed,chair,cockroach,poppy,Q1,0.614322,0.2,centroid,0,0.92,0.4239
1,bed,chair,cockroach,poppy,Q1,0.614322,0.2,exemplar_knn_k3,0,0.9267,1.295
1,bed,chair,cockroach,poppy,Q1,0.614322,0.2,logreg,0,0.96,0.8027
1,bed,chair,cockroach,poppy,Q1,0.614322,0.2,random,0,0.4,1.1741
1,bed,chair,cockroach,poppy,Q1,0.614322,0.2,centroid,1,0.98,0.3989
1,bed,chair,cockroach,poppy,Q1,0.614322,0.2,exemplar_knn_k3,1,0.9867,1.3074
1,bed,chair,cockroach,poppy,Q1,0.614322,0.2,logreg,1,0.9733,0.775
1,bed,chair,cockroach,poppy,Q1,0.614322,0.2,random,1,0.3533,1.326
1,bed,chair,cockroach,poppy,Q1,0.614322,0.2,centroid,2,0.9667,0.4388
1,bed,chair,cockroach,poppy,Q1,0.614322,0.2,exemplar_knn_k3,2,0.98,1.3362
1,bed,chair,cockroach,poppy,Q1,0.614322,0.2,logreg,2,0.9667,0.8446
1,bed,chair,cockroach,poppy,Q1,0.614322,0.2,random,2,0.3133,1.0874
1,bed,chair,cockroach,poppy,Q1,0.614322,0.2,centroid,3,1.0,0.3948
1,bed,chair,cockroach,poppy,Q1,0.614322,0.2,exemplar_knn_k3,3,1.0,1.3192
1,bed,chair,cockroach,poppy,Q1,0.614322,0.2,logreg,3,0.9933,0.764
1,bed,chair,cockroach,poppy,Q1,0.614322,0.2,random,3,0.3333,1.363
1,bed,chair,cockroach,poppy,Q1,0.614322,0.2,centroid,4,0.96,0.4282
1,bed,chair,cockroach,poppy,Q1,0.614322,0.2,exemplar_knn_k3,4,0.9667,1.3614
1,bed,chair,cockroach,poppy,Q1,0.614322,0.2,logreg,4,0.9867,0.8373
1,bed,chair,cockroach,poppy,Q1,0.614322,0.2,random,4,0.38,1.2485
1,bed,chair,cockroach,poppy,Q1,0.614322,0.2,centroid,5,0.98,0.4282
1,bed,chair,cockroach,poppy,Q1,0.614322,0.2,exemplar_knn_k3,5,0.98,1.3474
1,bed,chair,cockroach,poppy,Q1,0.614322,0.2,logreg,5,0.98,0.8307
1,bed,chair,cockroach,poppy,Q1,0.614322,0.2,random,5,0.34,1.0607
1,bed,chair,cockroach,poppy,Q1,0.614322,0.2,centroid,6,0.9733,0.3749
1,bed,chair,cockroach,poppy,Q1,0.614322,0.2,exemplar_knn_k3,6,0.9667,1.2357
1,bed,chair,cockroach,poppy,Q1,0.614322,0.2,logreg,6,0.8733,0.7765
1,bed,chair,cockroach,poppy,Q1,0.614322,0.2,random,6,0.42,1.2049
1,bed,chair,cockroach,poppy,Q1,0.614322,0.2,centroid,7,0.9667,0.4293
1,bed,chair,cockroach,poppy,Q1,0.614322,0.2,exemplar_knn_k3,7,0.98,1.3479
1,bed,chair,cockroach,poppy,Q1,0.614322,0.2,logreg,7,0.9667,0.8384
1,bed,chair,cockroach,poppy,Q1,0.614322,0.2,random,7,0.32,1.1132
1,bed,chair,cockroach,poppy,Q1,0.614322,0.2,centroid,8,0.9867,0.3841
1,bed,chair,cockroach,poppy,Q1,0.614322,0.2,exemplar_knn_k3,8,0.98,1.1769
1,bed,chair,cockroach,poppy,Q1,0.614322,0.2,logreg,8,0.98,0.7153
1,bed,chair,cockroach,poppy,Q1,0.614322,0.2,random,8,0.3133,1.3679
1,bed,chair,cockroach,poppy,Q1,0.614322,0.2,centroid,9,0.9867,0.4195
1,bed,chair,cockroach,poppy,Q1,0.614322,0.2,exemplar_knn_k3,9,0.9867,1.3611
1,bed,chair,cockroach,poppy,Q1,0.614322,0.2,logreg,9,0.94,0.8241
1,bed,chair,cockroach,poppy,Q1,0.614322,0.2,random,9,0.34,1.2313
1,bed,chair,cockroach,poppy,Q1,0.614322,0.2,centroid,10,0.9467,0.4174
1,bed,chair,cockroach,poppy,Q1,0.614322,0.2,exemplar_knn_k3,10,0.9467,1.4468
1,bed,chair,cockroach,poppy,Q1,0.614322,0.2,logreg,10,0.8933,0.807
1,bed,chair,cockroach,poppy,Q1,0.614322,0.2,random,10,0.3067,1.1505
1,bed,chair,cockroach,poppy,Q1,0.614322,0.2,centroid,11,0.9733,0.4223
1,bed,chair,cockroach,poppy,Q1,0.614322,0.2,exemplar_knn_k3,11,0.9667,1.2916
1,bed,chair,cockroach,poppy,Q1,0.614322,0.2,logreg,11,0.9667,0.8097
1,bed,chair,cockroach,poppy,Q1,0.614322,0.2,random,11,0.38,1.316
1,bed,chair,cockroach,poppy,Q1,0.614322,0.2,centroid,12,0.9933,0.4167
1,bed,chair,cockroach,poppy,Q1,0.614322,0.2,exemplar_knn_k3,12,0.9933,1.3962
1,bed,chair,cockroach,poppy,Q1,0.614322,0.2,logreg,12,0.9533,0.8215
1,bed,chair,cockroach,poppy,Q1,0.614322,0.2,random,12,0.34,1.3575
1,bed,chair,cockroach,poppy,Q1,0.614322,0.2,centroid,13,0.9867,0.4016
1,bed,chair,cockroach,poppy,Q1,0.614322,0.2,exemplar_knn_k3,13,0.9933,1.322
1,bed,chair,cockroach,poppy,Q1,0.614322,0.2,logreg,13,0.98,0.7777
1,bed,chair,cockroach,poppy,Q1,0.614322,0.2,random,13,0.3533,1.3935
1,bed,chair,cockroach,poppy,Q1,0.614322,0.2,centroid,14,0.9933,0.4274
1,bed,chair,cockroach,poppy,Q1,0.614322,0.2,exemplar_knn_k3,14,0.9933,1.3617
1,bed,chair,cockroach,poppy,Q1,0.614322,0.2,logreg,14,0.9467,0.8228
1,bed,chair,cockroach,poppy,Q1,0.614322,0.2,random,14,0.34,1.0989
1,bed,chair,cockroach,poppy,Q1,0.614322,0.2,centroid,15,0.9667,0.4034
1,bed,chair,cockroach,poppy,Q1,0.614322,0.2,exemplar_knn_k3,15,0.9733,1.3481
1,bed,chair,cockroach,poppy,Q1,0.614322,0.2,logreg,15,0.9667,0.77
1,bed,chair,cockroach,poppy,Q1,0.614322,0.2,random,15,0.32,1.0892
1,bed,chair,cockroach,poppy,Q1,0.614322,0.2,centroid,16,0.9867,0.3826
1,bed,chair,cockroach,poppy,Q1,0.614322,0.2,exemplar_knn_k3,16,0.9933,1.2957
1,bed,chair,cockroach,poppy,Q1,0.614322,0.2,logreg,16,0.9933,0.7671
1,bed,chair,cockroach,poppy,Q1,0.614322,0.2,random,16,0.3333,1.2428
1,bed,chair,cockroach,poppy,Q1,0.614322,0.2,centroid,17,0.9533,0.4062
1,bed,chair,cockroach,poppy,Q1,0.614322,0.2,exemplar_knn_k3,17,0.9533,1.2762
1,bed,chair,cockroach,poppy,Q1,0.614322,0.2,logreg,17,0.98,0.7871
1,bed,chair,cockroach,poppy,Q1,0.614322,0.2,random,17,0.32,1.2764
1,bed,chair,cockroach,poppy,Q1,0.614322,0.2,centroid,18,0.98,0.4155
1,bed,chair,cockroach,poppy,Q1,0.614322,0.2,exemplar_knn_k3,18,0.9867,1.3384
1,bed,chair,cockroach,poppy,Q1,0.614322,0.2,logreg,18,0.9333,0.8295
1,bed,chair,cockroach,poppy,Q1,0.614322,0.2,random,18,0.3533,1.3233
1,bed,chair,cockroach,poppy,Q1,0.614322,0.2,centroid,19,0.98,0.4068
1,bed,chair,cockroach,poppy,Q1,0.614322,0.2,exemplar_knn_k3,19,0.9867,1.3267
1,bed,chair,cockroach,poppy,Q1,0.614322,0.2,logreg,19,0.96,0.8053
1,bed,chair,cockroach,poppy,Q1,0.614322,0.2,random,19,0.34,1.2461
1,bed,chair,cockroach,poppy,Q1,0.614322,0.2,centroid,20,0.9867,0.4027
1,bed,chair,cockroach,poppy,Q1,0.614322,0.2,exemplar_knn_k3,20,0.9867,1.2544
1,bed,chair,cockroach,poppy,Q1,0.614322,0.2,logreg,20,1.0,0.7806
1,bed,chair,cockroach,poppy,Q1,0.614322,0.2,random,20,0.3267,1.2828
1,bed,chair,cockroach,poppy,Q1,0.614322,0.2,centroid,21,0.9667,0.4468
1,bed,chair,cockroach,poppy,Q1,0.614322,0.2,exemplar_knn_k3,21,0.9733,1.4578
1,bed,chair,cockroach,poppy,Q1,0.614322,0.2,logreg,21,0.9533,0.8849
1,bed,chair,cockroach,poppy,Q1,0.614322,0.2,random,21,0.3333,1.1373
1,bed,chair,cockroach,poppy,Q1,0.614322,0.2,centroid,22,0.98,0.4081
1,bed,chair,cockroach,poppy,Q1,0.614322,0.2,exemplar_knn_k3,22,0.98,1.2946
1,bed,chair,cockroach,poppy,Q1,0.614322,0.2,logreg,22,0.9933,0.7858
1,bed,chair,cockroach,poppy,Q1,0.614322,0.2,random,22,0.3067,1.356
1,bed,chair,cockroach,poppy,Q1,0.614322,0.2,centroid,23,0.92,0.4325
1,bed,chair,cockroach,poppy,Q1,0.614322,0.2,exemplar_knn_k3,23,0.9,1.2898
1,bed,chair,cockroach,poppy,Q1,0.614322,0.2,logreg,23,0.9467,0.822
1,bed,chair,cockroach,poppy,Q1,0.614322,0.2,random,23,0.3533,1.2601
1,bed,chair,cockroach,poppy,Q1,0.614322,0.2,centroid,24,0.98,0.4208
1,bed,chair,cockroach,poppy,Q1,0.614322,0.2,exemplar_knn_k3,24,0.9867,1.2751
1,bed,chair,cockroach,poppy,Q1,0.614322,0.2,logreg,24,0.9933,0.8067
1,bed,chair,cockroach,poppy,Q1,0.614322,0.2,random,24,0.34,1.2964
1,bed,chair,cockroach,poppy,Q1,0.614322,0.2,centroid,25,0.9867,0.409
1,bed,chair,cockroach,poppy,Q1,0.614322,0.2,exemplar_knn_k3,25,0.9867,1.3441
1,bed,chair,cockroach,poppy,Q1,0.614322,0.2,logreg,25,0.98,0.7701
1,bed,chair,cockroach,poppy,Q1,0.614322,0.2,random,25,0.3733,1.1994
1,bed,chair,cockroach,poppy,Q1,0.614322,0.2,centroid,26,0.9733,0.3981
1,bed,chair,cockroach,poppy,Q1,0.614322,0.2,exemplar_knn_k3,26,0.9733,1.2186
1,bed,chair,cockroach,poppy,Q1,0.614322,0.2,logreg,26,0.9933,0.7923
1,bed,chair,cockroach,poppy,Q1,0.614322,0.2,random,26,0.3333,1.2944
1,bed,chair,cockroach,poppy,Q1,0.614322,0.2,centroid,27,0.88,0.4079
1,bed,chair,cockroach,poppy,Q1,0.614322,0.2,exemplar_knn_k3,27,0.8867,1.2541
1,bed,chair,cockroach,poppy,Q1,0.614322,0.2,logreg,27,0.88,0.7545
1,bed,chair,cockroach,poppy,Q1,0.614322,0.2,random,27,0.32,1.0274
1,bed,chair,cockroach,poppy,Q1,0.614322,0.2,centroid,28,0.9933,0.3814
1,bed,chair,cockroach,poppy,Q1,0.614322,0.2,exemplar_knn_k3,28,0.9867,1.2433
1,bed,chair,cockroach,poppy,Q1,0.614322,0.2,logreg,28,0.9867,0.7519
1,bed,chair,cockroach,poppy,Q1,0.614322,0.2,random,28,0.4133,1.28
1,bed,chair,cockroach,poppy,Q1,0.614322,0.2,centroid,29,0.98,0.416
1,bed,chair,cockroach,poppy,Q1,0.614322,0.2,exemplar_knn_k3,29,0.98,1.3141
1,bed,chair,cockroach,poppy,Q1,0.614322,0.2,logreg,29,0.9733,0.8142
1,bed,chair,cockroach,poppy,Q1,0.614322,0.2,random,29,0.2933,1.2002
2,bee,beetle,otter,tulip,Q1,0.398431,0.130435,centroid,0,0.9333,0.2404
2,bee,beetle,otter,tulip,Q1,0.398431,0.130435,exemplar_knn_k3,0,0.9,0.9034
2,bee,beetle,otter,tulip,Q1,0.398431,0.130435,logreg,0,0.94,0.4906
2,bee,beetle,otter,tulip,Q1,0.398431,0.130435,random,0,0.3267,1.2841
2,bee,beetle,otter,tulip,Q1,0.398431,0.130435,centroid,1,0.9,0.2401
2,bee,beetle,otter,tulip,Q1,0.398431,0.130435,exemplar_knn_k3,1,0.8533,0.9622
2,bee,beetle,otter,tulip,Q1,0.398431,0.130435,logreg,1,0.8933,0.4799
2,bee,beetle,otter,tulip,Q1,0.398431,0.130435,random,1,0.34,1.1375
2,bee,beetle,otter,tulip,Q1,0.398431,0.130435,centroid,2,0.9467,0.2164
2,bee,beetle,otter,tulip,Q1,0.398431,0.130435,exemplar_knn_k3,2,0.9333,0.735
2,bee,beetle,otter,tulip,Q1,0.398431,0.130435,logreg,2,0.9533,0.4276
2,bee,beetle,otter,tulip,Q1,0.398431,0.130435,random,2,0.3067,1.2487
2,bee,beetle,otter,tulip,Q1,0.398431,0.130435,centroid,3,0.8467,0.2255
2,bee,beetle,otter,tulip,Q1,0.398431,0.130435,exemplar_knn_k3,3,0.8733,0.8769
2,bee,beetle,otter,tulip,Q1,0.398431,0.130435,logreg,3,0.8333,0.5048
2,bee,beetle,otter,tulip,Q1,0.398431,0.130435,random,3,0.3533,1.1122
2,bee,beetle,otter,tulip,Q1,0.398431,0.130435,centroid,4,0.8533,0.2286
2,bee,beetle,otter,tulip,Q1,0.398431,0.130435,exemplar_knn_k3,4,0.8467,0.8409
2,bee,beetle,otter,tulip,Q1,0.398431,0.130435,logreg,4,0.86,0.4453
2,bee,beetle,otter,tulip,Q1,0.398431,0.130435,random,4,0.34,1.2059
2,bee,beetle,otter,tulip,Q1,0.398431,0.130435,centroid,5,0.8133,0.2479
2,bee,beetle,otter,tulip,Q1,0.398431,0.130435,exemplar_knn_k3,5,0.8067,0.8011
2,bee,beetle,otter,tulip,Q1,0.398431,0.130435,logreg,5,0.8133,0.4734
2,bee,beetle,otter,tulip,Q1,0.398431,0.130435,random,5,0.2933,1.1496
2,bee,beetle,otter,tulip,Q1,0.398431,0.130435,centroid,6,0.88,0.248
2,bee,beetle,otter,tulip,Q1,0.398431,0.130435,exemplar_knn_k3,6,0.8667,0.8876
2,bee,beetle,otter,tulip,Q1,0.398431,0.130435,logreg,6,0.8333,0.5148
2,bee,beetle,otter,tulip,Q1,0.398431,0.130435,random,6,0.2667,1.2542
2,bee,beetle,otter,tulip,Q1,0.398431,0.130435,centroid,7,0.84,0.2548
2,bee,beetle,otter,tulip,Q1,0.398431,0.130435,exemplar_knn_k3,7,0.8333,0.9437
2,bee,beetle,otter,tulip,Q1,0.398431,0.130435,logreg,7,0.8467,0.4979
2,bee,beetle,otter,tulip,Q1,0.398431,0.130435,random,7,0.2867,1.2489
2,bee,beetle,otter,tulip,Q1,0.398431,0.130435,centroid,8,0.9,0.2321
2,bee,beetle,otter,tulip,Q1,0.398431,0.130435,exemplar_knn_k3,8,0.9067,0.8597
2,bee,beetle,otter,tulip,Q1,0.398431,0.130435,logreg,8,0.8933,0.451
2,bee,beetle,otter,tulip,Q1,0.398431,0.130435,random,8,0.3467,1.2178
2,bee,beetle,otter,tulip,Q1,0.398431,0.130435,centroid,9,0.94,0.2273
2,bee,beetle,otter,tulip,Q1,0.398431,0.130435,exemplar_knn_k3,9,0.92,0.887
2,bee,beetle,otter,tulip,Q1,0.398431,0.130435,logreg,9,0.9133,0.4677
2,bee,beetle,otter,tulip,Q1,0.398431,0.130435,random,9,0.4,1.2684
2,bee,beetle,otter,tulip,Q1,0.398431,0.130435,centroid,10,0.94,0.2369
2,bee,beetle,otter,tulip,Q1,0.398431,0.130435,exemplar_knn_k3,10,0.9,0.9131
2,bee,beetle,otter,tulip,Q1,0.398431,0.130435,logreg,10,0.9467,0.4745
2,bee,beetle,otter,tulip,Q1,0.398431,0.130435,random,10,0.2733,1.1826
2,bee,beetle,otter,tulip,Q1,0.398431,0.130435,centroid,11,0.84,0.2614
2,bee,beetle,otter,tulip,Q1,0.398431,0.130435,exemplar_knn_k3,11,0.8533,0.9023
2,bee,beetle,otter,tulip,Q1,0.398431,0.130435,logreg,11,0.84,0.5262
2,bee,beetle,otter,tulip,Q1,0.398431,0.130435,random,11,0.3667,0.9472
2,bee,beetle,otter,tulip,Q1,0.398431,0.130435,centroid,12,0.9267,0.2329
2,bee,beetle,otter,tulip,Q1,0.398431,0.130435,exemplar_knn_k3,12,0.92,0.8336
2,bee,beetle,otter,tulip,Q1,0.398431,0.130435,logreg,12,0.92,0.4729
2,bee,beetle,otter,tulip,Q1,0.398431,0.130435,random,12,0.4,1.2446
2,bee,beetle,otter,tulip,Q1,0.398431,0.130435,centroid,13,0.8667,0.2171
2,bee,beetle,otter,tulip,Q1,0.398431,0.130435,exemplar_knn_k3,13,0.86,0.8675
2,bee,beetle,otter,tulip,Q1,0.398431,0.130435,logreg,13,0.8733,0.4479
2,bee,beetle,otter,tulip,Q1,0.398431,0.130435,random,13,0.3333,0.9909
2,bee,beetle,otter,tulip,Q1,0.398431,0.130435,centroid,14,0.9267,0.2246
2,bee,beetle,otter,tulip,Q1,0.398431,0.130435,exemplar_knn_k3,14,0.9133,0.8726
2,bee,beetle,otter,tulip,Q1,0.398431,0.130435,logreg,14,0.9333,0.4649
2,bee,beetle,otter,tulip,Q1,0.398431,0.130435,random,14,0.38,1.2978
2,bee,beetle,otter,tulip,Q1,0.398431,0.130435,centroid,15,0.9667,0.2326
2,bee,beetle,otter,tulip,Q1,0.398431,0.130435,exemplar_knn_k3,15,0.9267,0.9717
2,bee,beetle,otter,tulip,Q1,0.398431,0.130435,logreg,15,0.96,0.5149
2,bee,beetle,otter,tulip,Q1,0.398431,0.130435,random,15,0.3533,1.1646
2,bee,beetle,otter,tulip,Q1,0.398431,0.130435,centroid,16,0.9,0.2152
2,bee,beetle,otter,tulip,Q1,0.398431,0.130435,exemplar_knn_k3,16,0.9,0.8422
2,bee,beetle,otter,tulip,Q1,0.398431,0.130435,logreg,16,0.9133,0.4309
2,bee,beetle,otter,tulip,Q1,0.398431,0.130435,random,16,0.2733,1.2947
2,bee,beetle,otter,tulip,Q1,0.398431,0.130435,centroid,17,0.9067,0.2499
2,bee,beetle,otter,tulip,Q1,0.398431,0.130435,exemplar_knn_k3,17,0.9067,0.9445
2,bee,beetle,otter,tulip,Q1,0.398431,0.130435,logreg,17,0.88,0.5136
2,bee,beetle,otter,tulip,Q1,0.398431,0.130435,random,17,0.36,1.1807
2,bee,beetle,otter,tulip,Q1,0.398431,0.130435,centroid,18,0.8867,0.2406
2,bee,beetle,otter,tulip,Q1,0.398431,0.130435,exemplar_knn_k3,18,0.8867,0.8761
2,bee,beetle,otter,tulip,Q1,0.398431,0.130435,logreg,18,0.86,0.5089
2,bee,beetle,otter,tulip,Q1,0.398431,0.130435,random,18,0.36,1.242
2,bee,beetle,otter,tulip,Q1,0.398431,0.130435,centroid,19,0.8667,0.2457
2,bee,beetle,otter,tulip,Q1,0.398431,0.130435,exemplar_knn_k3,19,0.8467,0.9014
2,bee,beetle,otter,tulip,Q1,0.398431,0.130435,logreg,19,0.84,0.5117
2,bee,beetle,otter,tulip,Q1,0.398431,0.130435,random,19,0.2933,1.2482
2,bee,beetle,otter,tulip,Q1,0.398431,0.130435,centroid,20,0.88,0.2476
2,bee,beetle,otter,tulip,Q1,0.398431,0.130435,exemplar_knn_k3,20,0.8733,0.9327
2,bee,beetle,otter,tulip,Q1,0.398431,0.130435,logreg,20,0.8867,0.5003
2,bee,beetle,otter,tulip,Q1,0.398431,0.130435,random,20,0.3,1.2416
2,bee,beetle,otter,tulip,Q1,0.398431,0.130435,centroid,21,0.8733,0.2182
2,bee,beetle,otter,tulip,Q1,0.398431,0.130435,exemplar_knn_k3,21,0.88,0.8402
2,bee,beetle,otter,tulip,Q1,0.398431,0.130435,logreg,21,0.82,0.4761
2,bee,beetle,otter,tulip,Q1,0.398431,0.130435,random,21,0.3333,1.3684
2,bee,beetle,otter,tulip,Q1,0.398431,0.130435,centroid,22,0.9,0.2214
2,bee,beetle,otter,tulip,Q1,0.398431,0.130435,exemplar_knn_k3,22,0.9067,0.8303
2,bee,beetle,otter,tulip,Q1,0.398431,0.130435,logreg,22,0.8933,0.4448
2,bee,beetle,otter,tulip,Q1,0.398431,0.130435,random,22,0.32,1.0977
2,bee,beetle,otter,tulip,Q1,0.398431,0.130435,centroid,23,0.9267,0.2079
2,bee,beetle,otter,tulip,Q1,0.398431,0.130435,exemplar_knn_k3,23,0.9067,0.7953
2,bee,beetle,otter,tulip,Q1,0.398431,0.130435,logreg,23,0.9333,0.4255
2,bee,beetle,otter,tulip,Q1,0.398431,0.130435,random,23,0.32,1.2554
2,bee,beetle,otter,tulip,Q1,0.398431,0.130435,centroid,24,0.9133,0.2411
2,bee,beetle,otter,tulip,Q1,0.398431,0.130435,exemplar_knn_k3,24,0.8733,0.8772
2,bee,beetle,otter,tulip,Q1,0.398431,0.130435,logreg,24,0.9133,0.4782
2,bee,beetle,otter,tulip,Q1,0.398431,0.130435,random,24,0.3333,1.1365
2,bee,beetle,otter,tulip,Q1,0.398431,0.130435,centroid,25,0.88,0.2434
2,bee,beetle,otter,tulip,Q1,0.398431,0.130435,exemplar_knn_k3,25,0.8867,0.8661
2,bee,beetle,otter,tulip,Q1,0.398431,0.130435,logreg,25,0.88,0.4987
2,bee,beetle,otter,tulip,Q1,0.398431,0.130435,random,25,0.2933,1.3175
2,bee,beetle,otter,tulip,Q1,0.398431,0.130435,centroid,26,0.8533,0.2332
2,bee,beetle,otter,tulip,Q1,0.398431,0.130435,exemplar_knn_k3,26,0.8933,0.8535
2,bee,beetle,otter,tulip,Q1,0.398431,0.130435,logreg,26,0.8533,0.443
2,bee,beetle,otter,tulip,Q1,0.398431,0.130435,random,26,0.3533,1.1578
2,bee,beetle,otter,tulip,Q1,0.398431,0.130435,centroid,27,0.8733,0.2323
2,bee,beetle,otter,tulip,Q1,0.398431,0.130435,exemplar_knn_k3,27,0.8133,0.8658
2,bee,beetle,otter,tulip,Q1,0.398431,0.130435,logreg,27,0.86,0.4579
2,bee,beetle,otter,tulip,Q1,0.398431,0.130435,random,27,0.2867,1.1666
2,bee,beetle,otter,tulip,Q1,0.398431,0.130435,centroid,28,0.9133,0.2202
2,bee,beetle,otter,tulip,Q1,0.398431,0.130435,exemplar_knn_k3,28,0.92,0.8552
2,bee,beetle,otter,tulip,Q1,0.398431,0.130435,logreg,28,0.92,0.4546
2,bee,beetle,otter,tulip,Q1,0.398431,0.130435,random,28,0.28,1.3077
2,bee,beetle,otter,tulip,Q1,0.398431,0.130435,centroid,29,0.9067,0.2359
2,bee,beetle,otter,tulip,Q1,0.398431,0.130435,exemplar_knn_k3,29,0.9267,0.8494
2,bee,beetle,otter,tulip,Q1,0.398431,0.130435,logreg,29,0.94,0.4662
2,bee,beetle,otter,tulip,Q1,0.398431,0.130435,random,29,0.3267,1.3253
3,beetle,camel,willow_tree,tank,Q1,0.689702,0.44,centroid,0,0.8133,0.2534
3,beetle,camel,willow_tree,tank,Q1,0.689702,0.44,exemplar_knn_k3,0,0.8,1.1462
3,beetle,camel,willow_tree,tank,Q1,0.689702,0.44,logreg,0,0.8467,0.5553
3,beetle,camel,willow_tree,tank,Q1,0.689702,0.44,random,0,0.2933,1.25
3,beetle,camel,willow_tree,tank,Q1,0.689702,0.44,centroid,1,0.8733,0.2095
3,beetle,camel,willow_tree,tank,Q1,0.689702,0.44,exemplar_knn_k3,1,0.9067,1.0993
3,beetle,camel,willow_tree,tank,Q1,0.689702,0.44,logreg,1,0.92,0.4959
3,beetle,camel,willow_tree,tank,Q1,0.689702,0.44,random,1,0.3867,1.4682
3,beetle,camel,willow_tree,tank,Q1,0.689702,0.44,centroid,2,0.7667,0.2506
3,beetle,camel,willow_tree,tank,Q1,0.689702,0.44,exemplar_knn_k3,2,0.7667,1.1203
3,beetle,camel,willow_tree,tank,Q1,0.689702,0.44,logreg,2,0.8133,0.5184
3,beetle,camel,willow_tree,tank,Q1,0.689702,0.44,random,2,0.34,1.1558
3,beetle,camel,willow_tree,tank,Q1,0.689702,0.44,centroid,3,0.84,0.2099
3,beetle,camel,willow_tree,tank,Q1,0.689702,0.44,exemplar_knn_k3,3,0.86,1.018
3,beetle,camel,willow_tree,tank,Q1,0.689702,0.44,logreg,3,0.8333,0.4835
3,beetle,camel,willow_tree,tank,Q1,0.689702,0.44,random,3,0.3533,1.0682
3,beetle,camel,willow_tree,tank,Q1,0.689702,0.44,centroid,4,0.8133,0.2188
3,beetle,camel,willow_tree,tank,Q1,0.689702,0.44,exemplar_knn_k3,4,0.7933,1.0049
3,beetle,camel,willow_tree,tank,Q1,0.689702,0.44,logreg,4,0.8333,0.4529
3,beetle,camel,willow_tree,tank,Q1,0.689702,0.44,random,4,0.2733,1.2227
3,beetle,camel,willow_tree,tank,Q1,0.689702,0.44,centroid,5,0.7867,0.2348
3,beetle,camel,willow_tree,tank,Q1,0.689702,0.44,exemplar_knn_k3,5,0.7733,1.1306
3,beetle,camel,willow_tree,tank,Q1,0.689702,0.44,logreg,5,0.9,0.4859
3,beetle,camel,willow_tree,tank,Q1,0.689702,0.44,random,5,0.34,1.3161
3,beetle,camel,willow_tree,tank,Q1,0.689702,0.44,centroid,6,0.82,0.204
3,beetle,camel,willow_tree,tank,Q1,0.689702,0.44,exemplar_knn_k3,6,0.8467,1.1163
3,beetle,camel,willow_tree,tank,Q1,0.689702,0.44,logreg,6,0.8267,0.4462
3,beetle,camel,willow_tree,tank,Q1,0.689702,0.44,random,6,0.32,1.3539
3,beetle,camel,willow_tree,tank,Q1,0.689702,0.44,centroid,7,0.8067,0.2377
3,beetle,camel,willow_tree,tank,Q1,0.689702,0.44,exemplar_knn_k3,7,0.8133,1.2046
3,beetle,camel,willow_tree,tank,Q1,0.689702,0.44,logreg,7,0.8267,0.5462
3,beetle,camel,willow_tree,tank,Q1,0.689702,0.44,random,7,0.3333,1.212
3,beetle,camel,willow_tree,tank,Q1,0.689702,0.44,centroid,8,0.7933,0.2159
3,beetle,camel,willow_tree,tank,Q1,0.689702,0.44,exemplar_knn_k3,8,0.8,1.2135
3,beetle,camel,willow_tree,tank,Q1,0.689702,0.44,logreg,8,0.82,0.5207
3,beetle,camel,willow_tree,tank,Q1,0.689702,0.44,random,8,0.38,1.3549
3,beetle,camel,willow_tree,tank,Q1,0.689702,0.44,centroid,9,0.88,0.2289
3,beetle,camel,willow_tree,tank,Q1,0.689702,0.44,exemplar_knn_k3,9,0.8667,1.1956
3,beetle,camel,willow_tree,tank,Q1,0.689702,0.44,logreg,9,0.9067,0.5269
3,beetle,camel,willow_tree,tank,Q1,0.689702,0.44,random,9,0.3333,1.2734
3,beetle,camel,willow_tree,tank,Q1,0.689702,0.44,centroid,10,0.82,0.2647
3,beetle,camel,willow_tree,tank,Q1,0.689702,0.44,exemplar_knn_k3,10,0.8067,1.218
3,beetle,camel,willow_tree,tank,Q1,0.689702,0.44,logreg,10,0.82,0.5804
3,beetle,camel,willow_tree,tank,Q1,0.689702,0.44,random,10,0.3533,1.2893
3,beetle,camel,willow_tree,tank,Q1,0.689702,0.44,centroid,11,0.8,0.1849
3,beetle,camel,willow_tree,tank,Q1,0.689702,0.44,exemplar_knn_k3,11,0.78,1.0693
3,beetle,camel,willow_tree,tank,Q1,0.689702,0.44,logreg,11,0.8267,0.4431
3,beetle,camel,willow_tree,tank,Q1,0.689702,0.44,random,11,0.3533,1.1814
3,beetle,camel,willow_tree,tank,Q1,0.689702,0.44,centroid,12,0.8533,0.2098
3,beetle,camel,willow_tree,tank,Q1,0.689702,0.44,exemplar_knn_k3,12,0.88,0.9793
3,beetle,camel,willow_tree,tank,Q1,0.689702,0.44,logreg,12,0.8467,0.4624
3,beetle,camel,willow_tree,tank,Q1,0.689702,0.44,random,12,0.3333,1.2224
3,beetle,camel,willow_tree,tank,Q1,0.689702,0.44,centroid,13,0.8133,0.261
3,beetle,camel,willow_tree,tank,Q1,0.689702,0.44,exemplar_knn_k3,13,0.8267,1.2043
3,beetle,camel,willow_tree,tank,Q1,0.689702,0.44,logreg,13,0.8267,0.5606
3,beetle,camel,willow_tree,tank,Q1,0.689702,0.44,random,13,0.2667,1.176
3,beetle,camel,willow_tree,tank,Q1,0.689702,0.44,centroid,14,0.8933,0.2325
3,beetle,camel,willow_tree,tank,Q1,0.689702,0.44,exemplar_knn_k3,14,0.8667,1.1325
3,beetle,camel,willow_tree,tank,Q1,0.689702,0.44,logreg,14,0.9533,0.5269
3,beetle,camel,willow_tree,tank,Q1,0.689702,0.44,random,14,0.38,1.3411
3,beetle,camel,willow_tree,tank,Q1,0.689702,0.44,centroid,15,0.7667,0.1833
3,beetle,camel,willow_tree,tank,Q1,0.689702,0.44,exemplar_knn_k3,15,0.6467,0.8464
3,beetle,camel,willow_tree,tank,Q1,0.689702,0.44,logreg,15,0.7733,0.4123
3,beetle,camel,willow_tree,tank,Q1,0.689702,0.44,random,15,0.4133,1.3287
3,beetle,camel,willow_tree,tank,Q1,0.689702,0.44,centroid,16,0.7933,0.2272
3,beetle,camel,willow_tree,tank,Q1,0.689702,0.44,exemplar_knn_k3,16,0.7933,1.0787
3,beetle,camel,willow_tree,tank,Q1,0.689702,0.44,logreg,16,0.7867,0.4989
3,beetle,camel,willow_tree,tank,Q1,0.689702,0.44,random,16,0.3667,1.2357
3,beetle,camel,willow_tree,tank,Q1,0.689702,0.44,centroid,17,0.7933,0.226
3,beetle,camel,willow_tree,tank,Q1,0.689702,0.44,exemplar_knn_k3,17,0.7867,1.0935
3,beetle,camel,willow_tree,tank,Q1,0.689702,0.44,logreg,17,0.8133,0.5137
3,beetle,camel,willow_tree,tank,Q1,0.689702,0.44,random,17,0.3133,1.1704
3,beetle,camel,willow_tree,tank,Q1,0.689702,0.44,centroid,18,0.9133,0.2474
3,beetle,camel,willow_tree,tank,Q1,0.689702,0.44,exemplar_knn_k3,18,0.8933,1.1936
3,beetle,camel,willow_tree,tank,Q1,0.689702,0.44,logreg,18,0.9533,0.5358
3,beetle,camel,willow_tree,tank,Q1,0.689702,0.44,random,18,0.4133,1.2974
3,beetle,camel,willow_tree,tank,Q1,0.689702,0.44,centroid,19,0.8267,0.2533
3,beetle,camel,willow_tree,tank,Q1,0.689702,0.44,exemplar_knn_k3,19,0.8733,1.1658
3,beetle,camel,willow_tree,tank,Q1,0.689702,0.44,logreg,19,0.9333,0.5587
3,beetle,camel,willow_tree,tank,Q1,0.689702,0.44,random,19,0.3267,1.1786
3,beetle,camel,willow_tree,tank,Q1,0.689702,0.44,centroid,20,0.8133,0.1742
3,beetle,camel,willow_tree,tank,Q1,0.689702,0.44,exemplar_knn_k3,20,0.7467,0.8976
3,beetle,camel,willow_tree,tank,Q1,0.689702,0.44,logreg,20,0.9067,0.3903
3,beetle,camel,willow_tree,tank,Q1,0.689702,0.44,random,20,0.3333,1.1871
3,beetle,camel,willow_tree,tank,Q1,0.689702,0.44,centroid,21,0.8867,0.2313
3,beetle,camel,willow_tree,tank,Q1,0.689702,0.44,exemplar_knn_k3,21,0.8267,1.0851
3,beetle,camel,willow_tree,tank,Q1,0.689702,0.44,logreg,21,0.88,0.5126
3,beetle,camel,willow_tree,tank,Q1,0.689702,0.44,random,21,0.3933,1.319
3,beetle,camel,willow_tree,tank,Q1,0.689702,0.44,centroid,22,0.74,0.2669
3,beetle,camel,willow_tree,tank,Q1,0.689702,0.44,exemplar_knn_k3,22,0.7533,1.2117
3,beetle,camel,willow_tree,tank,Q1,0.689702,0.44,logreg,22,0.76,0.5942
3,beetle,camel,willow_tree,tank,Q1,0.689702,0.44,random,22,0.36,1.3194
3,beetle,camel,willow_tree,tank,Q1,0.689702,0.44,centroid,23,0.7933,0.238
3,beetle,camel,willow_tree,tank,Q1,0.689702,0.44,exemplar_knn_k3,23,0.7867,1.1813
3,beetle,camel,willow_tree,tank,Q1,0.689702,0.44,logreg,23,0.8133,0.5343
3,beetle,camel,willow_tree,tank,Q1,0.689702,0.44,random,23,0.2933,1.3346
3,beetle,camel,willow_tree,tank,Q1,0.689702,0.44,centroid,24,0.8,0.2194
3,beetle,camel,willow_tree,tank,Q1,0.689702,0.44,exemplar_knn_k3,24,0.8067,1.1897
3,beetle,camel,willow_tree,tank,Q1,0.689702,0.44,logreg,24,0.8,0.5094
3,beetle,camel,willow_tree,tank,Q1,0.689702,0.44,random,24,0.36,1.1958
3,beetle,camel,willow_tree,tank,Q1,0.689702,0.44,centroid,25,0.7867,0.2412
3,beetle,camel,willow_tree,tank,Q1,0.689702,0.44,exemplar_knn_k3,25,0.7867,1.1118
3,beetle,camel,willow_tree,tank,Q1,0.689702,0.44,logreg,25,0.7933,0.5339
3,beetle,camel,willow_tree,tank,Q1,0.689702,0.44,random,25,0.34,1.2338
3,beetle,camel,willow_tree,tank,Q1,0.689702,0.44,centroid,26,0.8067,0.2571
3,beetle,camel,willow_tree,tank,Q1,0.689702,0.44,exemplar_knn_k3,26,0.8,1.1273
3,beetle,camel,willow_tree,tank,Q1,0.689702,0.44,logreg,26,0.8133,0.5544
3,beetle,camel,willow_tree,tank,Q1,0.689702,0.44,random,26,0.4067,1.2636
3,beetle,camel,willow_tree,tank,Q1,0.689702,0.44,centroid,27,0.8,0.1515
3,beetle,camel,willow_tree,tank,Q1,0.689702,0.44,exemplar_knn_k3,27,0.7667,0.9057
3,beetle,camel,willow_tree,tank,Q1,0.689702,0.44,logreg,27,0.8333,0.3573
3,beetle,camel,willow_tree,tank,Q1,0.689702,0.44,random,27,0.3333,1.2077
3,beetle,camel,willow_tree,tank,Q1,0.689702,0.44,centroid,28,0.8267,0.2141
3,beetle,camel,willow_tree,tank,Q1,0.689702,0.44,exemplar_knn_k3,28,0.8133,1.104
3,beetle,camel,willow_tree,tank,Q1,0.689702,0.44,logreg,28,0.9133,0.4736
3,beetle,camel,willow_tree,tank,Q1,0.689702,0.44,random,28,0.3333,1.3184
3,beetle,camel,willow_tree,tank,Q1,0.689702,0.44,centroid,29,0.8,0.2275
3,beetle,camel,willow_tree,tank,Q1,0.689702,0.44,exemplar_knn_k3,29,0.8333,1.1239
3,beetle,camel,willow_tree,tank,Q1,0.689702,0.44,logreg,29,0.8467,0.523
3,beetle,camel,willow_tree,tank,Q1,0.689702,0.44,random,29,0.2867,1.1895
4,bottle,television,snail,sea,Q1,0.659404,0.368421,centroid,0,0.9333,0.343
4,bottle,television,snail,sea,Q1,0.659404,0.368421,exemplar_knn_k3,0,0.9267,1.2093
4,bottle,television,snail,sea,Q1,0.659404,0.368421,logreg,0,0.9533,0.6902
4,bottle,television,snail,sea,Q1,0.659404,0.368421,random,0,0.2533,1.2885
4,bottle,television,snail,sea,Q1,0.659404,0.368421,centroid,1,0.9067,0.2388
4,bottle,television,snail,sea,Q1,0.659404,0.368421,exemplar_knn_k3,1,0.9067,0.9129
4,bottle,television,snail,sea,Q1,0.659404,0.368421,logreg,1,0.92,0.4721
4,bottle,television,snail,sea,Q1,0.659404,0.368421,random,1,0.3333,1.1054
4,bottle,television,snail,sea,Q1,0.659404,0.368421,centroid,2,0.92,0.3229
4,bottle,television,snail,sea,Q1,0.659404,0.368421,exemplar_knn_k3,2,0.9067,1.156
4,bottle,television,snail,sea,Q1,0.659404,0.368421,logreg,2,0.9533,0.6486
4,bottle,television,snail,sea,Q1,0.659404,0.368421,random,2,0.3133,1.197
4,bottle,television,snail,sea,Q1,0.659404,0.368421,centroid,3,0.9333,0.3116
4,bottle,television,snail,sea,Q1,0.659404,0.368421,exemplar_knn_k3,3,0.8933,1.1373
4,bottle,television,snail,sea,Q1,0.659404,0.368421,logreg,3,0.9333,0.6448
4,bottle,television,snail,sea,Q1,0.659404,0.368421,random,3,0.3067,1.2038
4,bottle,television,snail,sea,Q1,0.659404,0.368421,centroid,4,0.9067,0.3083
4,bottle,television,snail,sea,Q1,0.659404,0.368421,exemplar_knn_k3,4,0.9,1.2026
4,bottle,television,snail,sea,Q1,0.659404,0.368421,logreg,4,0.9067,0.6258
4,bottle,television,snail,sea,Q1,0.659404,0.368421,random,4,0.28,1.2882
4,bottle,television,snail,sea,Q1,0.659404,0.368421,centroid,5,0.86,0.2884
4,bottle,television,snail,sea,Q1,0.659404,0.368421,exemplar_knn_k3,5,0.88,1.1153
4,bottle,television,snail,sea,Q1,0.659404,0.368421,logreg,5,0.86,0.6085
4,bottle,television,snail,sea,Q1,0.659404,0.368421,random,5,0.3867,1.0783
4,bottle,television,snail,sea,Q1,0.659404,0.368421,centroid,6,0.92,0.3094
4,bottle,television,snail,sea,Q1,0.659404,0.368421,exemplar_knn_k3,6,0.9,1.1032
4,bottle,television,snail,sea,Q1,0.659404,0.368421,logreg,6,0.9067,0.623
4,bottle,television,snail,sea,Q1,0.659404,0.368421,random,6,0.42,1.1903
4,bottle,television,snail,sea,Q1,0.659404,0.368421,centroid,7,0.9267,0.2749
4,bottle,television,snail,sea,Q1,0.659404,0.368421,exemplar_knn_k3,7,0.9267,1.0037
4,bottle,television,snail,sea,Q1,0.659404,0.368421,logreg,7,0.8533,0.5628
4,bottle,television,snail,sea,Q1,0.659404,0.368421,random,7,0.34,1.1617
4,bottle,television,snail,sea,Q1,0.659404,0.368421,centroid,8,0.88,0.3243
4,bottle,television,snail,sea,Q1,0.659404,0.368421,exemplar_knn_k3,8,0.8533,1.1949
4,bottle,television,snail,sea,Q1,0.659404,0.368421,logreg,8,0.86,0.6543
4,bottle,television,snail,sea,Q1,0.659404,0.368421,random,8,0.3467,1.3208
4,bottle,television,snail,sea,Q1,0.659404,0.368421,centroid,9,0.82,0.2823
4,bottle,television,snail,sea,Q1,0.659404,0.368421,exemplar_knn_k3,9,0.8067,1.0587
4,bottle,television,snail,sea,Q1,0.659404,0.368421,logreg,9,0.9067,0.5532
4,bottle,television,snail,sea,Q1,0.659404,0.368421,random,9,0.32,1.1779
4,bottle,television,snail,sea,Q1,0.659404,0.368421,centroid,10,0.9067,0.3271
4,bottle,television,snail,sea,Q1,0.659404,0.368421,exemplar_knn_k3,10,0.92,1.1612
4,bottle,television,snail,sea,Q1,0.659404,0.368421,logreg,10,0.9333,0.6517
4,bottle,television,snail,sea,Q1,0.659404,0.368421,random,10,0.32,1.1466
4,bottle,television,snail,sea,Q1,0.659404,0.368421,centroid,11,0.86,0.2954
4,bottle,television,snail,sea,Q1,0.659404,0.368421,exemplar_knn_k3,11,0.8933,1.0288
4,bottle,television,snail,sea,Q1,0.659404,0.368421,logreg,11,0.8467,0.6051
4,bottle,television,snail,sea,Q1,0.659404,0.368421,random,11,0.2867,1.2201
4,bottle,television,snail,sea,Q1,0.659404,0.368421,centroid,12,0.94,0.3237
4,bottle,television,snail,sea,Q1,0.659404,0.368421,exemplar_knn_k3,12,0.9133,1.1378
4,bottle,television,snail,sea,Q1,0.659404,0.368421,logreg,12,0.9733,0.6445
4,bottle,television,snail,sea,Q1,0.659404,0.368421,random,12,0.32,1.0463
4,bottle,television,snail,sea,Q1,0.659404,0.368421,centroid,13,0.8933,0.2941
4,bottle,television,snail,sea,Q1,0.659404,0.368421,exemplar_knn_k3,13,0.8933,1.0313
4,bottle,television,snail,sea,Q1,0.659404,0.368421,logreg,13,0.84,0.594
4,bottle,television,snail,sea,Q1,0.659404,0.368421,random,13,0.3467,1.2669
4,bottle,television,snail,sea,Q1,0.659404,0.368421,centroid,14,0.9467,0.3119
4,bottle,television,snail,sea,Q1,0.659404,0.368421,exemplar_knn_k3,14,0.94,1.1132
4,bottle,television,snail,sea,Q1,0.659404,0.368421,logreg,14,0.9467,0.6305
4,bottle,television,snail,sea,Q1,0.659404,0.368421,random,14,0.3733,1.1789
4,bottle,television,snail,sea,Q1,0.659404,0.368421,centroid,15,0.96,0.3463
4,bottle,television,snail,sea,Q1,0.659404,0.368421,exemplar_knn_k3,15,0.9533,1.1932
4,bottle,television,snail,sea,Q1,0.659404,0.368421,logreg,15,0.96,0.7017
4,bottle,television,snail,sea,Q1,0.659404,0.368421,random,15,0.3467,1.1602
4,bottle,television,snail,sea,Q1,0.659404,0.368421,centroid,16,0.8933,0.3248
4,bottle,television,snail,sea,Q1,0.659404,0.368421,exemplar_knn_k3,16,0.8933,1.12
4,bottle,television,snail,sea,Q1,0.659404,0.368421,logreg,16,0.84,0.6631
4,bottle,television,snail,sea,Q1,0.659404,0.368421,random,16,0.3133,1.2378
4,bottle,television,snail,sea,Q1,0.659404,0.368421,centroid,17,0.8933,0.3253
4,bottle,television,snail,sea,Q1,0.659404,0.368421,exemplar_knn_k3,17,0.88,1.1492
4,bottle,television,snail,sea,Q1,0.659404,0.368421,logreg,17,0.92,0.655
4,bottle,television,snail,sea,Q1,0.659404,0.368421,random,17,0.34,1.2034
4,bottle,television,snail,sea,Q1,0.659404,0.368421,centroid,18,0.8733,0.2934
4,bottle,television,snail,sea,Q1,0.659404,0.368421,exemplar_knn_k3,18,0.8667,1.0712
4,bottle,television,snail,sea,Q1,0.659404,0.368421,logreg,18,0.8867,0.5795
4,bottle,television,snail,sea,Q1,0.659404,0.368421,random,18,0.32,1.1991
4,bottle,television,snail,sea,Q1,0.659404,0.368421,centroid,19,0.9067,0.3004
4,bottle,television,snail,sea,Q1,0.659404,0.368421,exemplar_knn_k3,19,0.8867,1.0838
4,bottle,television,snail,sea,Q1,0.659404,0.368421,logreg,19,0.9667,0.5918
4,bottle,television,snail,sea,Q1,0.659404,0.368421,random,19,0.4,1.3002
4,bottle,television,snail,sea,Q1,0.659404,0.368421,centroid,20,0.8867,0.3263
4,bottle,television,snail,sea,Q1,0.659404,0.368421,exemplar_knn_k3,20,0.8733,1.1233
4,bottle,television,snail,sea,Q1,0.659404,0.368421,logreg,20,0.8867,0.6611
4,bottle,television,snail,sea,Q1,0.659404,0.368421,random,20,0.4,1.1467
4,bottle,television,snail,sea,Q1,0.659404,0.368421,centroid,21,0.9333,0.2896
4,bottle,television,snail,sea,Q1,0.659404,0.368421,exemplar_knn_k3,21,0.9333,1.0969
4,bottle,television,snail,sea,Q1,0.659404,0.368421,logreg,21,0.96,0.6113
4,bottle,television,snail,sea,Q1,0.659404,0.368421,random,21,0.3667,1.2927
4,bottle,television,snail,sea,Q1,0.659404,0.368421,centroid,22,0.8933,0.3151
4,bottle,television,snail,sea,Q1,0.659404,0.368421,exemplar_knn_k3,22,0.8867,1.1226
4,bottle,television,snail,sea,Q1,0.659404,0.368421,logreg,22,0.86,0.6391
4,bottle,television,snail,sea,Q1,0.659404,0.368421,random,22,0.3333,1.2724
4,bottle,television,snail,sea,Q1,0.659404,0.368421,centroid,23,0.9,0.3186
4,bottle,television,snail,sea,Q1,0.659404,0.368421,exemplar_knn_k3,23,0.9333,1.1704
4,bottle,television,snail,sea,Q1,0.659404,0.368421,logreg,23,0.9067,0.6343
4,bottle,television,snail,sea,Q1,0.659404,0.368421,random,23,0.34,1.1236
4,bottle,television,snail,sea,Q1,0.659404,0.368421,centroid,24,0.9133,0.2999
4,bottle,television,snail,sea,Q1,0.659404,0.368421,exemplar_knn_k3,24,0.8933,1.1234
4,bottle,television,snail,sea,Q1,0.659404,0.368421,logreg,24,0.8933,0.6256
4,bottle,television,snail,sea,Q1,0.659404,0.368421,random,24,0.3333,1.3254
4,bottle,television,snail,sea,Q1,0.659404,0.368421,centroid,25,0.92,0.334
4,bottle,television,snail,sea,Q1,0.659404,0.368421,exemplar_knn_k3,25,0.9267,1.1076
4,bottle,television,snail,sea,Q1,0.659404,0.368421,logreg,25,0.9267,0.6517
4,bottle,television,snail,sea,Q1,0.659404,0.368421,random,25,0.3533,1.1181
4,bottle,television,snail,sea,Q1,0.659404,0.368421,centroid,26,0.9267,0.3258
4,bottle,television,snail,sea,Q1,0.659404,0.368421,exemplar_knn_k3,26,0.9267,1.1887
4,bottle,television,snail,sea,Q1,0.659404,0.368421,logreg,26,0.9333,0.6576
4,bottle,television,snail,sea,Q1,0.659404,0.368421,random,26,0.3267,1.2003
4,bottle,television,snail,sea,Q1,0.659404,0.368421,centroid,27,0.9467,0.3271
4,bottle,television,snail,sea,Q1,0.659404,0.368421,exemplar_knn_k3,27,0.9267,1.149
4,bottle,television,snail,sea,Q1,0.659404,0.368421,logreg,27,0.98,0.6512
4,bottle,television,snail,sea,Q1,0.659404,0.368421,random,27,0.2933,1.318
4,bottle,television,snail,sea,Q1,0.659404,0.368421,centroid,28,0.9467,0.3021
4,bottle,television,snail,sea,Q1,0.659404,0.368421,exemplar_knn_k3,28,0.9333,1.1253
4,bottle,television,snail,sea,Q1,0.659404,0.368421,logreg,28,0.9733,0.6047
4,bottle,television,snail,sea,Q1,0.659404,0.368421,random,28,0.38,1.1534
4,bottle,television,snail,sea,Q1,0.659404,0.368421,centroid,29,0.9067,0.3078
4,bottle,television,snail,sea,Q1,0.659404,0.368421,exemplar_knn_k3,29,0.9,1.086
4,bottle,television,snail,sea,Q1,0.659404,0.368421,logreg,29,0.9133,0.6258
4,bottle,television,snail,sea,Q1,0.659404,0.368421,random,29,0.3667,1.1824
5,bowl,spider,caterpillar,porcupine,Q1,0.677936,0.6,centroid,0,0.8067,0.167
5,bowl,spider,caterpillar,porcupine,Q1,0.677936,0.6,exemplar_knn_k3,0,0.7933,0.6479
5,bowl,spider,caterpillar,porcupine,Q1,0.677936,0.6,logreg,0,0.8067,0.3363
5,bowl,spider,caterpillar,porcupine,Q1,0.677936,0.6,random,0,0.3333,1.1654
5,bowl,spider,caterpillar,porcupine,Q1,0.677936,0.6,centroid,1,0.7733,0.1979
5,bowl,spider,caterpillar,porcupine,Q1,0.677936,0.6,exemplar_knn_k3,1,0.7933,0.7558
5,bowl,spider,caterpillar,porcupine,Q1,0.677936,0.6,logreg,1,0.7467,0.424
5,bowl,spider,caterpillar,porcupine,Q1,0.677936,0.6,random,1,0.3467,1.0617
5,bowl,spider,caterpillar,porcupine,Q1,0.677936,0.6,centroid,2,0.8267,0.1764
5,bowl,spider,caterpillar,porcupine,Q1,0.677936,0.6,exemplar_knn_k3,2,0.7667,0.7377
5,bowl,spider,caterpillar,porcupine,Q1,0.677936,0.6,logreg,2,0.82,0.375
5,bowl,spider,caterpillar,porcupine,Q1,0.677936,0.6,random,2,0.3333,1.1938
5,bowl,spider,caterpillar,porcupine,Q1,0.677936,0.6,centroid,3,0.8067,0.2025
5,bowl,spider,caterpillar,porcupine,Q1,0.677936,0.6,exemplar_knn_k3,3,0.8133,0.7696
5,bowl,spider,caterpillar,porcupine,Q1,0.677936,0.6,logreg,3,0.8267,0.4267
5,bowl,spider,caterpillar,porcupine,Q1,0.677936,0.6,random,3,0.3267,1.2292
5,bowl,spider,caterpillar,porcupine,Q1,0.677936,0.6,centroid,4,0.7533,0.1656
5,bowl,spider,caterpillar,porcupine,Q1,0.677936,0.6,exemplar_knn_k3,4,0.7267,0.736
5,bowl,spider,caterpillar,porcupine,Q1,0.677936,0.6,logreg,4,0.8,0.3665
5,bowl,spider,caterpillar,porcupine,Q1,0.677936,0.6,random,4,0.3333,1.099
5,bowl,spider,caterpillar,porcupine,Q1,0.677936,0.6,centroid,5,0.8467,0.1806
5,bowl,spider,caterpillar,porcupine,Q1,0.677936,0.6,exemplar_knn_k3,5,0.8133,0.6796
5,bowl,spider,caterpillar,porcupine,Q1,0.677936,0.6,logreg,5,0.84,0.3545
5,bowl,spider,caterpillar,porcupine,Q1,0.677936,0.6,random,5,0.3533,1.2175
5,bowl,spider,caterpillar,porcupine,Q1,0.677936,0.6,centroid,6,0.8,0.219
5,bowl,spider,caterpillar,porcupine,Q1,0.677936,0.6,exemplar_knn_k3,6,0.8133,0.9034
5,bowl,spider,caterpillar,porcupine,Q1,0.677936,0.6,logreg,6,0.7867,0.4662
5,bowl,spider,caterpillar,porcupine,Q1,0.677936,0.6,random,6,0.2733,1.1885
5,bowl,spider,caterpillar,porcupine,Q1,0.677936,0.6,centroid,7,0.8733,0.1972
5,bowl,spider,caterpillar,porcupine,Q1,0.677936,0.6,exemplar_knn_k3,7,0.8533,0.812
5,bowl,spider,caterpillar,porcupine,Q1,0.677936,0.6,logreg,7,0.9,0.4338
5,bowl,spider,caterpillar,porcupine,Q1,0.677936,0.6,random,7,0.3067,1.2908
5,bowl,spider,caterpillar,porcupine,Q1,0.677936,0.6,centroid,8,0.8333,0.19
5,bowl,spider,caterpillar,porcupine,Q1,0.677936,0.6,exemplar_knn_k3,8,0.8333,0.7634
5,bowl,spider,caterpillar,porcupine,Q1,0.677936,0.6,logreg,8,0.8133,0.3873
5,bowl,spider,caterpillar,porcupine,Q1,0.677936,0.6,random,8,0.3733,1.293
5,bowl,spider,caterpillar,porcupine,Q1,0.677936,0.6,centroid,9,0.7133,0.2074
5,bowl,spider,caterpillar,porcupine,Q1,0.677936,0.6,exemplar_knn_k3,9,0.6667,0.8056
5,bowl,spider,caterpillar,porcupine,Q1,0.677936,0.6,logreg,9,0.7133,0.417
5,bowl,spider,caterpillar,porcupine,Q1,0.677936,0.6,random,9,0.28,1.2269
5,bowl,spider,caterpillar,porcupine,Q1,0.677936,0.6,centroid,10,0.86,0.2215
5,bowl,spider,caterpillar,porcupine,Q1,0.677936,0.6,exemplar_knn_k3,10,0.8267,0.8532
5,bowl,spider,caterpillar,porcupine,Q1,0.677936,0.6,logreg,10,0.8533,0.4687
5,bowl,spider,caterpillar,porcupine,Q1,0.677936,0.6,random,10,0.2933,1.2255
5,bowl,spider,caterpillar,porcupine,Q1,0.677936,0.6,centroid,11,0.84,0.2176
5,bowl,spider,caterpillar,porcupine,Q1,0.677936,0.6,exemplar_knn_k3,11,0.8133,0.8453
5,bowl,spider,caterpillar,porcupine,Q1,0.677936,0.6,logreg,11,0.8333,0.4424
5,bowl,spider,caterpillar,porcupine,Q1,0.677936,0.6,random,11,0.3133,1.1806
5,bowl,spider,caterpillar,porcupine,Q1,0.677936,0.6,centroid,12,0.7667,0.165
5,bowl,spider,caterpillar,porcupine,Q1,0.677936,0.6,exemplar_knn_k3,12,0.78,0.6582
5,bowl,spider,caterpillar,porcupine,Q1,0.677936,0.6,logreg,12,0.7533,0.3298
5,bowl,spider,caterpillar,porcupine,Q1,0.677936,0.6,random,12,0.42,1.1926
5,bowl,spider,caterpillar,porcupine,Q1,0.677936,0.6,centroid,13,0.78,0.177
5,bowl,spider,caterpillar,porcupine,Q1,0.677936,0.6,exemplar_knn_k3,13,0.7667,0.7448
5,bowl,spider,caterpillar,porcupine,Q1,0.677936,0.6,logreg,13,0.7733,0.386
5,bowl,spider,caterpillar,porcupine,Q1,0.677936,0.6,random,13,0.3467,1.314
5,bowl,spider,caterpillar,porcupine,Q1,0.677936,0.6,centroid,14,0.8267,0.1621
5,bowl,spider,caterpillar,porcupine,Q1,0.677936,0.6,exemplar_knn_k3,14,0.8,0.7437
5,bowl,spider,caterpillar,porcupine,Q1,0.677936,0.6,logreg,14,0.82,0.3534
5,bowl,spider,caterpillar,porcupine,Q1,0.677936,0.6,random,14,0.3067,1.252
5,bowl,spider,caterpillar,porcupine,Q1,0.677936,0.6,centroid,15,0.84,0.2006
5,bowl,spider,caterpillar,porcupine,Q1,0.677936,0.6,exemplar_knn_k3,15,0.82,0.7969
5,bowl,spider,caterpillar,porcupine,Q1,0.677936,0.6,logreg,15,0.8667,0.3912
5,bowl,spider,caterpillar,porcupine,Q1,0.677936,0.6,random,15,0.3533,1.2052
5,bowl,spider,caterpillar,porcupine,Q1,0.677936,0.6,centroid,16,0.8133,0.2004
5,bowl,spider,caterpillar,porcupine,Q1,0.677936,0.6,exemplar_knn_k3,16,0.8,0.7826
5,bowl,spider,caterpillar,porcupine,Q1,0.677936,0.6,logreg,16,0.8333,0.4103
5,bowl,spider,caterpillar,porcupine,Q1,0.677936,0.6,random,16,0.2733,1.3851
5,bowl,spider,caterpillar,porcupine,Q1,0.677936,0.6,centroid,17,0.7933,0.1866
5,bowl,spider,caterpillar,porcupine,Q1,0.677936,0.6,exemplar_knn_k3,17,0.74,0.7757
5,bowl,spider,caterpillar,porcupine,Q1,0.677936,0.6,logreg,17,0.8267,0.3923
5,bowl,spider,caterpillar,porcupine,Q1,0.677936,0.6,random,17,0.3733,1.1378
5,bowl,spider,caterpillar,porcupine,Q1,0.677936,0.6,centroid,18,0.8133,0.1624
5,bowl,spider,caterpillar,porcupine,Q1,0.677936,0.6,exemplar_knn_k3,18,0.7533,0.6226
5,bowl,spider,caterpillar,porcupine,Q1,0.677936,0.6,logreg,18,0.8067,0.3427
5,bowl,spider,caterpillar,porcupine,Q1,0.677936,0.6,random,18,0.3867,1.1547
5,bowl,spider,caterpillar,porcupine,Q1,0.677936,0.6,centroid,19,0.8,0.1787
5,bowl,spider,caterpillar,porcupine,Q1,0.677936,0.6,exemplar_knn_k3,19,0.7667,0.7569
5,bowl,spider,caterpillar,porcupine,Q1,0.677936,0.6,logreg,19,0.8,0.3841
5,bowl,spider,caterpillar,porcupine,Q1,0.677936,0.6,random,19,0.26,1.1847
5,bowl,spider,caterpillar,porcupine,Q1,0.677936,0.6,centroid,20,0.8533,0.2028
5,bowl,spider,caterpillar,porcupine,Q1,0.677936,0.6,exemplar_knn_k3,20,0.8467,0.7378
5,bowl,spider,caterpillar,porcupine,Q1,0.677936,0.6,logreg,20,0.82,0.419
5,bowl,spider,caterpillar,porcupine,Q1,0.677936,0.6,random,20,0.3133,1.2736
5,bowl,spider,caterpillar,porcupine,Q1,0.677936,0.6,centroid,21,0.7667,0.1606
5,bowl,spider,caterpillar,porcupine,Q1,0.677936,0.6,exemplar_knn_k3,21,0.7333,0.5824
5,bowl,spider,caterpillar,porcupine,Q1,0.677936,0.6,logreg,21,0.7667,0.362
5,bowl,spider,caterpillar,porcupine,Q1,0.677936,0.6,random,21,0.3333,1.1339
5,bowl,spider,caterpillar,porcupine,Q1,0.677936,0.6,centroid,22,0.8133,0.1829
5,bowl,spider,caterpillar,porcupine,Q1,0.677936,0.6,exemplar_knn_k3,22,0.8133,0.687
5,bowl,spider,caterpillar,porcupine,Q1,0.677936,0.6,logreg,22,0.8333,0.3795
5,bowl,spider,caterpillar,porcupine,Q1,0.677936,0.6,random,22,0.28,1.2566
5,bowl,spider,caterpillar,porcupine,Q1,0.677936,0.6,centroid,23,0.8,0.1975
5,bowl,spider,caterpillar,porcupine,Q1,0.677936,0.6,exemplar_knn_k3,23,0.76,0.7488
5,bowl,spider,caterpillar,porcupine,Q1,0.677936,0.6,logreg,23,0.8,0.402
5,bowl,spider,caterpillar,porcupine,Q1,0.677936,0.6,random,23,0.3267,1.2705
5,bowl,spider,caterpillar,porcupine,Q1,0.677936,0.6,centroid,24,0.88,0.1976
5,bowl,spider,caterpillar,porcupine,Q1,0.677936,0.6,exemplar_knn_k3,24,0.8467,0.7688
5,bowl,spider,caterpillar,porcupine,Q1,0.677936,0.6,logreg,24,0.8533,0.4206
5,bowl,spider,caterpillar,porcupine,Q1,0.677936,0.6,random,24,0.3333,1.2433
5,bowl,spider,caterpillar,porcupine,Q1,0.677936,0.6,centroid,25,0.8067,0.2133
5,bowl,spider,caterpillar,porcupine,Q1,0.677936,0.6,exemplar_knn_k3,25,0.7867,0.8174
5,bowl,spider,caterpillar,porcupine,Q1,0.677936,0.6,logreg,25,0.7933,0.4455
5,bowl,spider,caterpillar,porcupine,Q1,0.677936,0.6,random,25,0.36,1.0572
5,bowl,spider,caterpillar,porcupine,Q1,0.677936,0.6,centroid,26,0.7667,0.2288
5,bowl,spider,caterpillar,porcupine,Q1,0.677936,0.6,exemplar_knn_k3,26,0.7933,0.8416
5,bowl,spider,caterpillar,porcupine,Q1,0.677936,0.6,logreg,26,0.7667,0.4617
5,bowl,spider,caterpillar,porcupine,Q1,0.677936,0.6,random,26,0.2733,1.2238
5,bowl,spider,caterpillar,porcupine,Q1,0.677936,0.6,centroid,27,0.82,0.2404
5,bowl,spider,caterpillar,porcupine,Q1,0.677936,0.6,exemplar_knn_k3,27,0.82,0.9018
5,bowl,spider,caterpillar,porcupine,Q1,0.677936,0.6,logreg,27,0.8533,0.4932
5,bowl,spider,caterpillar,porcupine,Q1,0.677936,0.6,random,27,0.4067,1.3316
5,bowl,spider,caterpillar,porcupine,Q1,0.677936,0.6,centroid,28,0.8067,0.2237
5,bowl,spider,caterpillar,porcupine,Q1,0.677936,0.6,exemplar_knn_k3,28,0.7867,0.8131
5,bowl,spider,caterpillar,porcupine,Q1,0.677936,0.6,logreg,28,0.7933,0.4324
5,bowl,spider,caterpillar,porcupine,Q1,0.677936,0.6,random,28,0.36,1.3875
5,bowl,spider,caterpillar,porcupine,Q1,0.677936,0.6,centroid,29,0.8067,0.2223
5,bowl,spider,caterpillar,porcupine,Q1,0.677936,0.6,exemplar_knn_k3,29,0.7867,0.8178
5,bowl,spider,caterpillar,porcupine,Q1,0.677936,0.6,logreg,29,0.8,0.4634
5,bowl,spider,caterpillar,porcupine,Q1,0.677936,0.6,random,29,0.34,1.2218
6,castle,turtle,kangaroo,hamster,Q1,0.682951,0.5,centroid,0,0.7867,0.2589
6,castle,turtle,kangaroo,hamster,Q1,0.682951,0.5,exemplar_knn_k3,0,0.7867,1.1933
6,castle,turtle,kangaroo,hamster,Q1,0.682951,0.5,logreg,0,0.7867,0.552
6,castle,turtle,kangaroo,hamster,Q1,0.682951,0.5,random,0,0.3667,1.1746
6,castle,turtle,kangaroo,hamster,Q1,0.682951,0.5,centroid,1,0.8267,0.2637
6,castle,turtle,kangaroo,hamster,Q1,0.682951,0.5,exemplar_knn_k3,1,0.8133,1.1737
6,castle,turtle,kangaroo,hamster,Q1,0.682951,0.5,logreg,1,0.84,0.5585
6,castle,turtle,kangaroo,hamster,Q1,0.682951,0.5,random,1,0.32,1.1278
6,castle,turtle,kangaroo,hamster,Q1,0.682951,0.5,centroid,2,0.82,0.3025
6,castle,turtle,kangaroo,hamster,Q1,0.682951,0.5,exemplar_knn_k3,2,0.8333,1.2095
6,castle,turtle,kangaroo,hamster,Q1,0.682951,0.5,logreg,2,0.8133,0.6244
6,castle,turtle,kangaroo,hamster,Q1,0.682951,0.5,random,2,0.4333,1.1761
6,castle,turtle,kangaroo,hamster,Q1,0.682951,0.5,centroid,3,0.8133,0.2666
6,castle,turtle,kangaroo,hamster,Q1,0.682951,0.5,exemplar_knn_k3,3,0.7867,1.1654
6,castle,turtle,kangaroo,hamster,Q1,0.682951,0.5,logreg,3,0.8933,0.5617
6,castle,turtle,kangaroo,hamster,Q1,0.682951,0.5,random,3,0.3333,1.2128
6,castle,turtle,kangaroo,hamster,Q1,0.682951,0.5,centroid,4,0.8533,0.2851
6,castle,turtle,kangaroo,hamster,Q1,0.682951,0.5,exemplar_knn_k3,4,0.8467,1.1992
6,castle,turtle,kangaroo,hamster,Q1,0.682951,0.5,logreg,4,0.8667,0.5972
6,castle,turtle,kangaroo,hamster,Q1,0.682951,0.5,random,4,0.32,1.1106
6,castle,turtle,kangaroo,hamster,Q1,0.682951,0.5,centroid,5,0.84,0.273
6,castle,turtle,kangaroo,hamster,Q1,0.682951,0.5,exemplar_knn_k3,5,0.8267,1.1541
6,castle,turtle,kangaroo,hamster,Q1,0.682951,0.5,logreg,5,0.86,0.5899
6,castle,turtle,kangaroo,hamster,Q1,0.682951,0.5,random,5,0.3333,1.3502
6,castle,turtle,kangaroo,hamster,Q1,0.682951,0.5,centroid,6,0.8733,0.2607
6,castle,turtle,kangaroo,hamster,Q1,0.682951,0.5,exemplar_knn_k3,6,0.8467,1.0851
6,castle,turtle,kangaroo,hamster,Q1,0.682951,0.5,logreg,6,0.8267,0.5563
6,castle,turtle,kangaroo,hamster,Q1,0.682951,0.5,random,6,0.34,1.2492
6,castle,turtle,kangaroo,hamster,Q1,0.682951,0.5,centroid,7,0.8467,0.2295
6,castle,turtle,kangaroo,hamster,Q1,0.682951,0.5,exemplar_knn_k3,7,0.8333,1.1348
6,castle,turtle,kangaroo,hamster,Q1,0.682951,0.5,logreg,7,0.9467,0.5342
6,castle,turtle,kangaroo,hamster,Q1,0.682951,0.5,random,7,0.3267,1.084
6,castle,turtle,kangaroo,hamster,Q1,0.682951,0.5,centroid,8,0.8333,0.2482
6,castle,turtle,kangaroo,hamster,Q1,0.682951,0.5,exemplar_knn_k3,8,0.84,1.1659
6,castle,turtle,kangaroo,hamster,Q1,0.682951,0.5,logreg,8,0.8333,0.5545
6,castle,turtle,kangaroo,hamster,Q1,0.682951,0.5,random,8,0.2667,1.1209
6,castle,turtle,kangaroo,hamster,Q1,0.682951,0.5,centroid,9,0.9333,0.2247
6,castle,turtle,kangaroo,hamster,Q1,0.682951,0.5,exemplar_knn_k3,9,0.9,1.0814
6,castle,turtle,kangaroo,hamster,Q1,0.682951,0.5,logreg,9,0.9667,0.5015
6,castle,turtle,kangaroo,hamster,Q1,0.682951,0.5,random,9,0.4333,1.2437
6,castle,turtle,kangaroo,hamster,Q1,0.682951,0.5,centroid,10,0.8267,0.2539
6,castle,turtle,kangaroo,hamster,Q1,0.682951,0.5,exemplar_knn_k3,10,0.8533,1.1296
6,castle,turtle,kangaroo,hamster,Q1,0.682951,0.5,logreg,10,0.8333,0.5504
6,castle,turtle,kangaroo,hamster,Q1,0.682951,0.5,random,10,0.3467,1.0892
6,castle,turtle,kangaroo,hamster,Q1,0.682951,0.5,centroid,11,0.8333,0.2728
6,castle,turtle,kangaroo,hamster,Q1,0.682951,0.5,exemplar_knn_k3,11,0.8267,1.1792
6,castle,turtle,kangaroo,hamster,Q1,0.682951,0.5,logreg,11,0.86,0.5753
6,castle,turtle,kangaroo,hamster,Q1,0.682951,0.5,random,11,0.3,1.0894
6,castle,turtle,kangaroo,hamster,Q1,0.682951,0.5,centroid,12,0.84,0.2677
6,castle,turtle,kangaroo,hamster,Q1,0.682951,0.5,exemplar_knn_k3,12,0.8333,1.2084
6,castle,turtle,kangaroo,hamster,Q1,0.682951,0.5,logreg,12,0.8933,0.5449
6,castle,turtle,kangaroo,hamster,Q1,0.682951,0.5,random,12,0.3333,1.1508
6,castle,turtle,kangaroo,hamster,Q1,0.682951,0.5,centroid,13,0.8133,0.2323
6,castle,turtle,kangaroo,hamster,Q1,0.682951,0.5,exemplar_knn_k3,13,0.8,1.0601
6,castle,turtle,kangaroo,hamster,Q1,0.682951,0.5,logreg,13,0.8133,0.5009
6,castle,turtle,kangaroo,hamster,Q1,0.682951,0.5,random,13,0.3533,1.2063
6,castle,turtle,kangaroo,hamster,Q1,0.682951,0.5,centroid,14,0.76,0.2147
6,castle,turtle,kangaroo,hamster,Q1,0.682951,0.5,exemplar_knn_k3,14,0.7467,0.9951
6,castle,turtle,kangaroo,hamster,Q1,0.682951,0.5,logreg,14,0.76,0.4837
6,castle,turtle,kangaroo,hamster,Q1,0.682951,0.5,random,14,0.3,1.1518
6,castle,turtle,kangaroo,hamster,Q1,0.682951,0.5,centroid,15,0.8467,0.2764
6,castle,turtle,kangaroo,hamster,Q1,0.682951,0.5,exemplar_knn_k3,15,0.8533,1.2245
6,castle,turtle,kangaroo,hamster,Q1,0.682951,0.5,logreg,15,0.8267,0.5858
6,castle,turtle,kangaroo,hamster,Q1,0.682951,0.5,random,15,0.36,1.22
6,castle,turtle,kangaroo,hamster,Q1,0.682951,0.5,centroid,16,0.8467,0.2795
6,castle,turtle,kangaroo,hamster,Q1,0.682951,0.5,exemplar_knn_k3,16,0.86,1.1954
6,castle,turtle,kangaroo,hamster,Q1,0.682951,0.5,logreg,16,0.84,0.6147
6,castle,turtle,kangaroo,hamster,Q1,0.682951,0.5,random,16,0.3733,1.1283
6,castle,turtle,kangaroo,hamster,Q1,0.682951,0.5,centroid,17,0.88,0.2866
6,castle,turtle,kangaroo,hamster,Q1,0.682951,0.5,exemplar_knn_k3,17,0.8867,1.2564
6,castle,turtle,kangaroo,hamster,Q1,0.682951,0.5,logreg,17,0.8867,0.6042
6,castle,turtle,kangaroo,hamster,Q1,0.682951,0.5,random,17,0.4067,1.0759
6,castle,turtle,kangaroo,hamster,Q1,0.682951,0.5,centroid,18,0.8267,0.2317
6,castle,turtle,kangaroo,hamster,Q1,0.682951,0.5,exemplar_knn_k3,18,0.8,1.0719
6,castle,turtle,kangaroo,hamster,Q1,0.682951,0.5,logreg,18,0.8867,0.5055
6,castle,turtle,kangaroo,hamster,Q1,0.682951,0.5,random,18,0.4,1.1837
6,castle,turtle,kangaroo,hamster,Q1,0.682951,0.5,centroid,19,0.8,0.2612
6,castle,turtle,kangaroo,hamster,Q1,0.682951,0.5,exemplar_knn_k3,19,0.8133,1.168
6,castle,turtle,kangaroo,hamster,Q1,0.682951,0.5,logreg,19,0.8133,0.5529
6,castle,turtle,kangaroo,hamster,Q1,0.682951,0.5,random,19,0.3533,1.258
6,castle,turtle,kangaroo,hamster,Q1,0.682951,0.5,centroid,20,0.8533,0.2743
6,castle,turtle,kangaroo,hamster,Q1,0.682951,0.5,exemplar_knn_k3,20,0.84,1.1975
6,castle,turtle,kangaroo,hamster,Q1,0.682951,0.5,logreg,20,0.88,0.5663
6,castle,turtle,kangaroo,hamster,Q1,0.682951,0.5,random,20,0.3133,1.3507
6,castle,turtle,kangaroo,hamster,Q1,0.682951,0.5,centroid,21,0.9067,0.2495
6,castle,turtle,kangaroo,hamster,Q1,0.682951,0.5,exemplar_knn_k3,21,0.9133,1.1454
6,castle,turtle,kangaroo,hamster,Q1,0.682951,0.5,logreg,21,0.9067,0.5236
6,castle,turtle,kangaroo,hamster,Q1,0.682951,0.5,random,21,0.2533,1.1581
6,castle,turtle,kangaroo,hamster,Q1,0.682951,0.5,centroid,22,0.82,0.2621
6,castle,turtle,kangaroo,hamster,Q1,0.682951,0.5,exemplar_knn_k3,22,0.8,1.1712
6,castle,turtle,kangaroo,hamster,Q1,0.682951,0.5,logreg,22,0.84,0.5784
6,castle,turtle,kangaroo,hamster,Q1,0.682951,0.5,random,22,0.3933,1.2064
6,castle,turtle,kangaroo,hamster,Q1,0.682951,0.5,centroid,23,0.8467,0.2749
6,castle,turtle,kangaroo,hamster,Q1,0.682951,0.5,exemplar_knn_k3,23,0.8267,1.2326
6,castle,turtle,kangaroo,hamster,Q1,0.682951,0.5,logreg,23,0.86,0.5893
6,castle,turtle,kangaroo,hamster,Q1,0.682951,0.5,random,23,0.3467,1.2701
6,castle,turtle,kangaroo,hamster,Q1,0.682951,0.5,centroid,24,0.8267,0.2715
6,castle,turtle,kangaroo,hamster,Q1,0.682951,0.5,exemplar_knn_k3,24,0.8267,1.2169
6,castle,turtle,kangaroo,hamster,Q1,0.682951,0.5,logreg,24,0.8467,0.5838
6,castle,turtle,kangaroo,hamster,Q1,0.682951,0.5,random,24,0.3333,1.1968
6,castle,turtle,kangaroo,hamster,Q1,0.682951,0.5,centroid,25,0.84,0.2555
6,castle,turtle,kangaroo,hamster,Q1,0.682951,0.5,exemplar_knn_k3,25,0.8267,1.0529
6,castle,turtle,kangaroo,hamster,Q1,0.682951,0.5,logreg,25,0.8933,0.5461
6,castle,turtle,kangaroo,hamster,Q1,0.682951,0.5,random,25,0.3267,1.3426
6,castle,turtle,kangaroo,hamster,Q1,0.682951,0.5,centroid,26,0.8533,0.2817
6,castle,turtle,kangaroo,hamster,Q1,0.682951,0.5,exemplar_knn_k3,26,0.8467,1.1968
6,castle,turtle,kangaroo,hamster,Q1,0.682951,0.5,logreg,26,0.8533,0.6137
6,castle,turtle,kangaroo,hamster,Q1,0.682951,0.5,random,26,0.34,1.1188
6,castle,turtle,kangaroo,hamster,Q1,0.682951,0.5,centroid,27,0.8333,0.2751
6,castle,turtle,kangaroo,hamster,Q1,0.682951,0.5,exemplar_knn_k3,27,0.84,1.2177
6,castle,turtle,kangaroo,hamster,Q1,0.682951,0.5,logreg,27,0.8333,0.592
6,castle,turtle,kangaroo,hamster,Q1,0.682951,0.5,random,27,0.32,1.2913
6,castle,turtle,kangaroo,hamster,Q1,0.682951,0.5,centroid,28,0.82,0.2764
6,castle,turtle,kangaroo,hamster,Q1,0.682951,0.5,exemplar_knn_k3,28,0.8067,1.2225
6,castle,turtle,kangaroo,hamster,Q1,0.682951,0.5,logreg,28,0.84,0.5511
6,castle,turtle,kangaroo,hamster,Q1,0.682951,0.5,random,28,0.32,1.251
6,castle,turtle,kangaroo,hamster,Q1,0.682951,0.5,centroid,29,0.8133,0.2539
6,castle,turtle,kangaroo,hamster,Q1,0.682951,0.5,exemplar_knn_k3,29,0.7933,1.1203
6,castle,turtle,kangaroo,hamster,Q1,0.682951,0.5,logreg,29,0.8333,0.5509
6,castle,turtle,kangaroo,hamster,Q1,0.682951,0.5,random,29,0.34,1.0622
7,chimpanzee,crab,snake,telephone,Q1,0.645166,0.5,centroid,0,0.8867,0.3331
7,chimpanzee,crab,snake,telephone,Q1,0.645166,0.5,exemplar_knn_k3,0,0.9,1.1991
7,chimpanzee,crab,snake,telephone,Q1,0.645166,0.5,logreg,0,0.86,0.6669
7,chimpanzee,crab,snake,telephone,Q1,0.645166,0.5,random,0,0.3667,1.1269
7,chimpanzee,crab,snake,telephone,Q1,0.645166,0.5,centroid,1,0.9667,0.2572
7,chimpanzee,crab,snake,telephone,Q1,0.645166,0.5,exemplar_knn_k3,1,0.9267,0.9955
7,chimpanzee,crab,snake,telephone,Q1,0.645166,0.5,logreg,1,0.9867,0.5517
7,chimpanzee,crab,snake,telephone,Q1,0.645166,0.5,random,1,0.32,1.1558
7,chimpanzee,crab,snake,telephone,Q1,0.645166,0.5,centroid,2,0.84,0.3365
7,chimpanzee,crab,snake,telephone,Q1,0.645166,0.5,exemplar_knn_k3,2,0.8467,1.214
7,chimpanzee,crab,snake,telephone,Q1,0.645166,0.5,logreg,2,0.8067,0.6766
7,chimpanzee,crab,snake,telephone,Q1,0.645166,0.5,random,2,0.3467,1.1286
7,chimpanzee,crab,snake,telephone,Q1,0.645166,0.5,centroid,3,0.9333,0.2651
7,chimpanzee,crab,snake,telephone,Q1,0.645166,0.5,exemplar_knn_k3,3,0.92,1.0202
7,chimpanzee,crab,snake,telephone,Q1,0.645166,0.5,logreg,3,0.9333,0.537
7,chimpanzee,crab,snake,telephone,Q1,0.645166,0.5,random,3,0.3067,1.2778
7,chimpanzee,crab,snake,telephone,Q1,0.645166,0.5,centroid,4,0.84,0.2837
7,chimpanzee,crab,snake,telephone,Q1,0.645166,0.5,exemplar_knn_k3,4,0.8533,1.0427
7,chimpanzee,crab,snake,telephone,Q1,0.645166,0.5,logreg,4,0.8333,0.5875
7,chimpanzee,crab,snake,telephone,Q1,0.645166,0.5,random,4,0.32,1.14
7,chimpanzee,crab,snake,telephone,Q1,0.645166,0.5,centroid,5,0.8733,0.3639
7,chimpanzee,crab,snake,telephone,Q1,0.645166,0.5,exemplar_knn_k3,5,0.8667,1.2562
7,chimpanzee,crab,snake,telephone,Q1,0.645166,0.5,logreg,5,0.8333,0.7371
7,chimpanzee,crab,snake,telephone,Q1,0.645166,0.5,random,5,0.3333,1.2661
7,chimpanzee,crab,snake,telephone,Q1,0.645166,0.5,centroid,6,0.9733,0.2521
7,chimpanzee,crab,snake,telephone,Q1,0.645166,0.5,exemplar_knn_k3,6,0.9533,1.0
7,chimpanzee,crab,snake,telephone,Q1,0.645166,0.5,logreg,6,0.9733,0.5078
7,chimpanzee,crab,snake,telephone,Q1,0.645166,0.5,random,6,0.3467,1.2468
7,chimpanzee,crab,snake,telephone,Q1,0.645166,0.5,centroid,7,0.8667,0.288
7,chimpanzee,crab,snake,telephone,Q1,0.645166,0.5,exemplar_knn_k3,7,0.8533,1.0766
7,chimpanzee,crab,snake,telephone,Q1,0.645166,0.5,logreg,7,0.82,0.6084
7,chimpanzee,crab,snake,telephone,Q1,0.645166,0.5,random,7,0.2733,1.2356
7,chimpanzee,crab,snake,telephone,Q1,0.645166,0.5,centroid,8,0.86,0.3409
7,chimpanzee,crab,snake,telephone,Q1,0.645166,0.5,exemplar_knn_k3,8,0.8933,1.2193
7,chimpanzee,crab,snake,telephone,Q1,0.645166,0.5,logreg,8,0.8333,0.7006
7,chimpanzee,crab,snake,telephone,Q1,0.645166,0.5,random,8,0.2533,1.2696
7,chimpanzee,crab,snake,telephone,Q1,0.645166,0.5,centroid,9,0.8333,0.2735
7,chimpanzee,crab,snake,telephone,Q1,0.645166,0.5,exemplar_knn_k3,9,0.84,1.074
7,chimpanzee,crab,snake,telephone,Q1,0.645166,0.5,logreg,9,0.84,0.5393
7,chimpanzee,crab,snake,telephone,Q1,0.645166,0.5,random,9,0.3333,1.3251
7,chimpanzee,crab,snake,telephone,Q1,0.645166,0.5,centroid,10,0.9467,0.2664
7,chimpanzee,crab,snake,telephone,Q1,0.645166,0.5,exemplar_knn_k3,10,0.8867,1.0759
7,chimpanzee,crab,snake,telephone,Q1,0.645166,0.5,logreg,10,0.92,0.5369
7,chimpanzee,crab,snake,telephone,Q1,0.645166,0.5,random,10,0.42,1.3336
7,chimpanzee,crab,snake,telephone,Q1,0.645166,0.5,centroid,11,0.8667,0.3113
7,chimpanzee,crab,snake,telephone,Q1,0.645166,0.5,exemplar_knn_k3,11,0.8867,1.1307
7,chimpanzee,crab,snake,telephone,Q1,0.645166,0.5,logreg,11,0.82,0.6482
7,chimpanzee,crab,snake,telephone,Q1,0.645166,0.5,random,11,0.32,1.2718
7,chimpanzee,crab,snake,telephone,Q1,0.645166,0.5,centroid,12,0.9333,0.2779
7,chimpanzee,crab,snake,telephone,Q1,0.645166,0.5,exemplar_knn_k3,12,0.8933,1.0474
7,chimpanzee,crab,snake,telephone,Q1,0.645166,0.5,logreg,12,0.92,0.5358
7,chimpanzee,crab,snake,telephone,Q1,0.645166,0.5,random,12,0.3333,1.2449
7,chimpanzee,crab,snake,telephone,Q1,0.645166,0.5,centroid,13,0.8467,0.259
7,chimpanzee,crab,snake,telephone,Q1,0.645166,0.5,exemplar_knn_k3,13,0.8667,0.9899
7,chimpanzee,crab,snake,telephone,Q1,0.645166,0.5,logreg,13,0.8133,0.5524
7,chimpanzee,crab,snake,telephone,Q1,0.645166,0.5,random,13,0.34,1.1585
7,chimpanzee,crab,snake,telephone,Q1,0.645166,0.5,centroid,14,0.8933,0.2817
7,chimpanzee,crab,snake,telephone,Q1,0.645166,0.5,exemplar_knn_k3,14,0.9067,1.0653
7,chimpanzee,crab,snake,telephone,Q1,0.645166,0.5,logreg,14,0.84,0.5916
7,chimpanzee,crab,snake,telephone,Q1,0.645166,0.5,random,14,0.3,1.2151
7,chimpanzee,crab,snake,telephone,Q1,0.645166,0.5,centroid,15,0.8533,0.3035
7,chimpanzee,crab,snake,telephone,Q1,0.645166,0.5,exemplar_knn_k3,15,0.8667,1.1591
7,chimpanzee,crab,snake,telephone,Q1,0.645166,0.5,logreg,15,0.82,0.6555
7,chimpanzee,crab,snake,telephone,Q1,0.645166,0.5,random,15,0.34,1.1964
7,chimpanzee,crab,snake,telephone,Q1,0.645166,0.5,centroid,16,0.8733,0.3129
7,chimpanzee,crab,snake,telephone,Q1,0.645166,0.5,exemplar_knn_k3,16,0.88,1.1683
7,chimpanzee,crab,snake,telephone,Q1,0.645166,0.5,logreg,16,0.84,0.6394
7,chimpanzee,crab,snake,telephone,Q1,0.645166,0.5,random,16,0.2533,1.1404
7,chimpanzee,crab,snake,telephone,Q1,0.645166,0.5,centroid,17,0.8867,0.3089
7,chimpanzee,crab,snake,telephone,Q1,0.645166,0.5,exemplar_knn_k3,17,0.8933,1.1481
7,chimpanzee,crab,snake,telephone,Q1,0.645166,0.5,logreg,17,0.8533,0.6283
7,chimpanzee,crab,snake,telephone,Q1,0.645166,0.5,random,17,0.3,1.1618
7,chimpanzee,crab,snake,telephone,Q1,0.645166,0.5,centroid,18,0.9333,0.2678
7,chimpanzee,crab,snake,telephone,Q1,0.645166,0.5,exemplar_knn_k3,18,0.9267,1.0401
7,chimpanzee,crab,snake,telephone,Q1,0.645166,0.5,logreg,18,0.8867,0.5458
7,chimpanzee,crab,snake,telephone,Q1,0.645166,0.5,random,18,0.3,1.4082
7,chimpanzee,crab,snake,telephone,Q1,0.645166,0.5,centroid,19,0.84,0.2714
7,chimpanzee,crab,snake,telephone,Q1,0.645166,0.5,exemplar_knn_k3,19,0.88,1.082
7,chimpanzee,crab,snake,telephone,Q1,0.645166,0.5,logreg,19,0.8733,0.555
7,chimpanzee,crab,snake,telephone,Q1,0.645166,0.5,random,19,0.3067,1.2801
7,chimpanzee,crab,snake,telephone,Q1,0.645166,0.5,centroid,20,0.8933,0.3092
7,chimpanzee,crab,snake,telephone,Q1,0.645166,0.5,exemplar_knn_k3,20,0.9133,1.165
7,chimpanzee,crab,snake,telephone,Q1,0.645166,0.5,logreg,20,0.88,0.6533
7,chimpanzee,crab,snake,telephone,Q1,0.645166,0.5,random,20,0.3067,1.1635
7,chimpanzee,crab,snake,telephone,Q1,0.645166,0.5,centroid,21,0.92,0.279
7,chimpanzee,crab,snake,telephone,Q1,0.645166,0.5,exemplar_knn_k3,21,0.8933,1.0136
7,chimpanzee,crab,snake,telephone,Q1,0.645166,0.5,logreg,21,0.9267,0.5565
7,chimpanzee,crab,snake,telephone,Q1,0.645166,0.5,random,21,0.34,1.2804
7,chimpanzee,crab,snake,telephone,Q1,0.645166,0.5,centroid,22,0.9133,0.2876
7,chimpanzee,crab,snake,telephone,Q1,0.645166,0.5,exemplar_knn_k3,22,0.9067,1.051
7,chimpanzee,crab,snake,telephone,Q1,0.645166,0.5,logreg,22,0.8933,0.5867
7,chimpanzee,crab,snake,telephone,Q1,0.645166,0.5,random,22,0.3533,1.2186
7,chimpanzee,crab,snake,telephone,Q1,0.645166,0.5,centroid,23,0.84,0.3141
7,chimpanzee,crab,snake,telephone,Q1,0.645166,0.5,exemplar_knn_k3,23,0.8267,1.151
7,chimpanzee,crab,snake,telephone,Q1,0.645166,0.5,logreg,23,0.8267,0.6557
7,chimpanzee,crab,snake,telephone,Q1,0.645166,0.5,random,23,0.3733,1.2993
7,chimpanzee,crab,snake,telephone,Q1,0.645166,0.5,centroid,24,0.84,0.2899
7,chimpanzee,crab,snake,telephone,Q1,0.645166,0.5,exemplar_knn_k3,24,0.8267,1.0994
7,chimpanzee,crab,snake,telephone,Q1,0.645166,0.5,logreg,24,0.8267,0.6129
7,chimpanzee,crab,snake,telephone,Q1,0.645166,0.5,random,24,0.3867,1.1536
7,chimpanzee,crab,snake,telephone,Q1,0.645166,0.5,centroid,25,0.82,0.3124
7,chimpanzee,crab,snake,telephone,Q1,0.645166,0.5,exemplar_knn_k3,25,0.8267,1.1644
7,chimpanzee,crab,snake,telephone,Q1,0.645166,0.5,logreg,25,0.8067,0.6528
7,chimpanzee,crab,snake,telephone,Q1,0.645166,0.5,random,25,0.3067,1.069
7,chimpanzee,crab,snake,telephone,Q1,0.645166,0.5,centroid,26,0.88,0.298
7,chimpanzee,crab,snake,telephone,Q1,0.645166,0.5,exemplar_knn_k3,26,0.8733,1.1631
7,chimpanzee,crab,snake,telephone,Q1,0.645166,0.5,logreg,26,0.88,0.5956
7,chimpanzee,crab,snake,telephone,Q1,0.645166,0.5,random,26,0.2733,1.3241
7,chimpanzee,crab,snake,telephone,Q1,0.645166,0.5,centroid,27,0.88,0.3096
7,chimpanzee,crab,snake,telephone,Q1,0.645166,0.5,exemplar_knn_k3,27,0.88,1.1211
7,chimpanzee,crab,snake,telephone,Q1,0.645166,0.5,logreg,27,0.8667,0.6315
7,chimpanzee,crab,snake,telephone,Q1,0.645166,0.5,random,27,0.3867,1.1892
7,chimpanzee,crab,snake,telephone,Q1,0.645166,0.5,centroid,28,0.98,0.2589
7,chimpanzee,crab,snake,telephone,Q1,0.645166,0.5,exemplar_knn_k3,28,0.98,1.1132
7,chimpanzee,crab,snake,telephone,Q1,0.645166,0.5,logreg,28,0.9667,0.5306
7,chimpanzee,crab,snake,telephone,Q1,0.645166,0.5,random,28,0.3067,1.3033
7,chimpanzee,crab,snake,telephone,Q1,0.645166,0.5,centroid,29,0.8733,0.3304
7,chimpanzee,crab,snake,telephone,Q1,0.645166,0.5,exemplar_knn_k3,29,0.8733,1.1892
7,chimpanzee,crab,snake,telephone,Q1,0.645166,0.5,logreg,29,0.8533,0.6674
7,chimpanzee,crab,snake,telephone,Q1,0.645166,0.5,random,29,0.3267,1.2464
8,chimpanzee,kangaroo,butterfly,flatfish,Q1,0.654223,0.310345,centroid,0,0.8267,0.2313
8,chimpanzee,kangaroo,butterfly,flatfish,Q1,0.654223,0.310345,exemplar_knn_k3,0,0.86,0.8364
8,chimpanzee,kangaroo,butterfly,flatfish,Q1,0.654223,0.310345,logreg,0,0.8067,0.496
8,chimpanzee,kangaroo,butterfly,flatfish,Q1,0.654223,0.310345,random,0,0.3933,1.3703
8,chimpanzee,kangaroo,butterfly,flatfish,Q1,0.654223,0.310345,centroid,1,0.88,0.1975
8,chimpanzee,kangaroo,butterfly,flatfish,Q1,0.654223,0.310345,exemplar_knn_k3,1,0.88,0.7218
8,chimpanzee,kangaroo,butterfly,flatfish,Q1,0.654223,0.310345,logreg,1,0.84,0.4263
8,chimpanzee,kangaroo,butterfly,flatfish,Q1,0.654223,0.310345,random,1,0.3333,1.0488
8,chimpanzee,kangaroo,butterfly,flatfish,Q1,0.654223,0.310345,centroid,2,0.7867,0.1902
8,chimpanzee,kangaroo,butterfly,flatfish,Q1,0.654223,0.310345,exemplar_knn_k3,2,0.82,0.7272
8,chimpanzee,kangaroo,butterfly,flatfish,Q1,0.654223,0.310345,logreg,2,0.7933,0.3943
8,chimpanzee,kangaroo,butterfly,flatfish,Q1,0.654223,0.310345,random,2,0.36,1.1068
8,chimpanzee,kangaroo,butterfly,flatfish,Q1,0.654223,0.310345,centroid,3,0.8133,0.1929
8,chimpanzee,kangaroo,butterfly,flatfish,Q1,0.654223,0.310345,exemplar_knn_k3,3,0.82,0.8044
8,chimpanzee,kangaroo,butterfly,flatfish,Q1,0.654223,0.310345,logreg,3,0.7867,0.421
8,chimpanzee,kangaroo,butterfly,flatfish,Q1,0.654223,0.310345,random,3,0.3267,1.2464
8,chimpanzee,kangaroo,butterfly,flatfish,Q1,0.654223,0.310345,centroid,4,0.8667,0.1957
8,chimpanzee,kangaroo,butterfly,flatfish,Q1,0.654223,0.310345,exemplar_knn_k3,4,0.8667,0.7734
8,chimpanzee,kangaroo,butterfly,flatfish,Q1,0.654223,0.310345,logreg,4,0.84,0.4213
8,chimpanzee,kangaroo,butterfly,flatfish,Q1,0.654223,0.310345,random,4,0.34,1.344
8,chimpanzee,kangaroo,butterfly,flatfish,Q1,0.654223,0.310345,centroid,5,0.8133,0.2249
8,chimpanzee,kangaroo,butterfly,flatfish,Q1,0.654223,0.310345,exemplar_knn_k3,5,0.8333,0.7834
8,chimpanzee,kangaroo,butterfly,flatfish,Q1,0.654223,0.310345,logreg,5,0.7867,0.4528
8,chimpanzee,kangaroo,butterfly,flatfish,Q1,0.654223,0.310345,random,5,0.3333,1.3979
8,chimpanzee,kangaroo,butterfly,flatfish,Q1,0.654223,0.310345,centroid,6,0.7933,0.201
8,chimpanzee,kangaroo,butterfly,flatfish,Q1,0.654223,0.310345,exemplar_knn_k3,6,0.8467,0.7673
8,chimpanzee,kangaroo,butterfly,flatfish,Q1,0.654223,0.310345,logreg,6,0.7667,0.4137
8,chimpanzee,kangaroo,butterfly,flatfish,Q1,0.654223,0.310345,random,6,0.3133,1.2706
8,chimpanzee,kangaroo,butterfly,flatfish,Q1,0.654223,0.310345,centroid,7,0.8267,0.2208
8,chimpanzee,kangaroo,butterfly,flatfish,Q1,0.654223,0.310345,exemplar_knn_k3,7,0.8133,0.8522
8,chimpanzee,kangaroo,butterfly,flatfish,Q1,0.654223,0.310345,logreg,7,0.8267,0.4567
8,chimpanzee,kangaroo,butterfly,flatfish,Q1,0.654223,0.310345,random,7,0.3533,1.2274
8,chimpanzee,kangaroo,butterfly,flatfish,Q1,0.654223,0.310345,centroid,8,0.8067,0.2374
8,chimpanzee,kangaroo,butterfly,flatfish,Q1,0.654223,0.310345,exemplar_knn_k3,8,0.8933,0.9291
8,chimpanzee,kangaroo,butterfly,flatfish,Q1,0.654223,0.310345,logreg,8,0.7733,0.4793
8,chimpanzee,kangaroo,butterfly,flatfish,Q1,0.654223,0.310345,random,8,0.3067,1.3394
8,chimpanzee,kangaroo,butterfly,flatfish,Q1,0.654223,0.310345,centroid,9,0.8333,0.1833
8,chimpanzee,kangaroo,butterfly,flatfish,Q1,0.654223,0.310345,exemplar_knn_k3,9,0.8,0.7132
8,chimpanzee,kangaroo,butterfly,flatfish,Q1,0.654223,0.310345,logreg,9,0.8,0.3905
8,chimpanzee,kangaroo,butterfly,flatfish,Q1,0.654223,0.310345,random,9,0.3333,1.2479
8,chimpanzee,kangaroo,butterfly,flatfish,Q1,0.654223,0.310345,centroid,10,0.8933,0.1875
8,chimpanzee,kangaroo,butterfly,flatfish,Q1,0.654223,0.310345,exemplar_knn_k3,10,0.9067,0.7907
8,chimpanzee,kangaroo,butterfly,flatfish,Q1,0.654223,0.310345,logreg,10,0.82,0.423
8,chimpanzee,kangaroo,butterfly,flatfish,Q1,0.654223,0.310345,random,10,0.34,1.1489
8,chimpanzee,kangaroo,butterfly,flatfish,Q1,0.654223,0.310345,centroid,11,0.8,0.2266
8,chimpanzee,kangaroo,butterfly,flatfish,Q1,0.654223,0.310345,exemplar_knn_k3,11,0.7933,0.868
8,chimpanzee,kangaroo,butterfly,flatfish,Q1,0.654223,0.310345,logreg,11,0.78,0.4554
8,chimpanzee,kangaroo,butterfly,flatfish,Q1,0.654223,0.310345,random,11,0.3533,1.3212
8,chimpanzee,kangaroo,butterfly,flatfish,Q1,0.654223,0.310345,centroid,12,0.76,0.197
8,chimpanzee,kangaroo,butterfly,flatfish,Q1,0.654223,0.310345,exemplar_knn_k3,12,0.76,0.7381
8,chimpanzee,kangaroo,butterfly,flatfish,Q1,0.654223,0.310345,logreg,12,0.7667,0.3978
8,chimpanzee,kangaroo,butterfly,flatfish,Q1,0.654223,0.310345,random,12,0.36,1.2804
8,chimpanzee,kangaroo,butterfly,flatfish,Q1,0.654223,0.310345,centroid,13,0.8933,0.1804
8,chimpanzee,kangaroo,butterfly,flatfish,Q1,0.654223,0.310345,exemplar_knn_k3,13,0.8733,0.7918
8,chimpanzee,kangaroo,butterfly,flatfish,Q1,0.654223,0.310345,logreg,13,0.8467,0.3963
8,chimpanzee,kangaroo,butterfly,flatfish,Q1,0.654223,0.310345,random,13,0.4267,1.1822
8,chimpanzee,kangaroo,butterfly,flatfish,Q1,0.654223,0.310345,centroid,14,0.8933,0.2109
8,chimpanzee,kangaroo,butterfly,flatfish,Q1,0.654223,0.310345,exemplar_knn_k3,14,0.8733,0.866
8,chimpanzee,kangaroo,butterfly,flatfish,Q1,0.654223,0.310345,logreg,14,0.8467,0.4393
8,chimpanzee,kangaroo,butterfly,flatfish,Q1,0.654223,0.310345,random,14,0.3267,1.3661
8,chimpanzee,kangaroo,butterfly,flatfish,Q1,0.654223,0.310345,centroid,15,0.86,0.2221
8,chimpanzee,kangaroo,butterfly,flatfish,Q1,0.654223,0.310345,exemplar_knn_k3,15,0.8933,0.8624
8,chimpanzee,kangaroo,butterfly,flatfish,Q1,0.654223,0.310345,logreg,15,0.8333,0.4635
8,chimpanzee,kangaroo,butterfly,flatfish,Q1,0.654223,0.310345,random,15,0.2933,1.2236
8,chimpanzee,kangaroo,butterfly,flatfish,Q1,0.654223,0.310345,centroid,16,0.8,0.2364
8,chimpanzee,kangaroo,butterfly,flatfish,Q1,0.654223,0.310345,exemplar_knn_k3,16,0.7933,0.8543
8,chimpanzee,kangaroo,butterfly,flatfish,Q1,0.654223,0.310345,logreg,16,0.7933,0.4898
8,chimpanzee,kangaroo,butterfly,flatfish,Q1,0.654223,0.310345,random,16,0.3,1.1861
8,chimpanzee,kangaroo,butterfly,flatfish,Q1,0.654223,0.310345,centroid,17,0.8333,0.2092
8,chimpanzee,kangaroo,butterfly,flatfish,Q1,0.654223,0.310345,exemplar_knn_k3,17,0.8267,0.7859
8,chimpanzee,kangaroo,butterfly,flatfish,Q1,0.654223,0.310345,logreg,17,0.8067,0.4209
8,chimpanzee,kangaroo,butterfly,flatfish,Q1,0.654223,0.310345,random,17,0.3467,1.0492
8,chimpanzee,kangaroo,butterfly,flatfish,Q1,0.654223,0.310345,centroid,18,0.8333,0.1683
8,chimpanzee,kangaroo,butterfly,flatfish,Q1,0.654223,0.310345,exemplar_knn_k3,18,0.8067,0.7172
8,chimpanzee,kangaroo,butterfly,flatfish,Q1,0.654223,0.310345,logreg,18,0.78,0.3657
8,chimpanzee,kangaroo,butterfly,flatfish,Q1,0.654223,0.310345,random,18,0.2933,1.1651
8,chimpanzee,kangaroo,butterfly,flatfish,Q1,0.654223,0.310345,centroid,19,0.8467,0.1989
8,chimpanzee,kangaroo,butterfly,flatfish,Q1,0.654223,0.310345,exemplar_knn_k3,19,0.84,0.8204
8,chimpanzee,kangaroo,butterfly,flatfish,Q1,0.654223,0.310345,logreg,19,0.82,0.4341
8,chimpanzee,kangaroo,butterfly,flatfish,Q1,0.654223,0.310345,random,19,0.2933,1.179
8,chimpanzee,kangaroo,butterfly,flatfish,Q1,0.654223,0.310345,centroid,20,0.8667,0.2139
8,chimpanzee,kangaroo,butterfly,flatfish,Q1,0.654223,0.310345,exemplar_knn_k3,20,0.8933,0.8218
8,chimpanzee,kangaroo,butterfly,flatfish,Q1,0.654223,0.310345,logreg,20,0.8133,0.4503
8,chimpanzee,kangaroo,butterfly,flatfish,Q1,0.654223,0.310345,random,20,0.3,1.3363
8,chimpanzee,kangaroo,butterfly,flatfish,Q1,0.654223,0.310345,centroid,21,0.84,0.1992
8,chimpanzee,kangaroo,butterfly,flatfish,Q1,0.654223,0.310345,exemplar_knn_k3,21,0.8533,0.8253
8,chimpanzee,kangaroo,butterfly,flatfish,Q1,0.654223,0.310345,logreg,21,0.8333,0.431
8,chimpanzee,kangaroo,butterfly,flatfish,Q1,0.654223,0.310345,random,21,0.36,1.142
8,chimpanzee,kangaroo,butterfly,flatfish,Q1,0.654223,0.310345,centroid,22,0.86,0.1538
8,chimpanzee,kangaroo,butterfly,flatfish,Q1,0.654223,0.310345,exemplar_knn_k3,22,0.8533,0.6568
8,chimpanzee,kangaroo,butterfly,flatfish,Q1,0.654223,0.310345,logreg,22,0.8267,0.3368
8,chimpanzee,kangaroo,butterfly,flatfish,Q1,0.654223,0.310345,random,22,0.3467,1.3024
8,chimpanzee,kangaroo,butterfly,flatfish,Q1,0.654223,0.310345,centroid,23,0.8267,0.207
8,chimpanzee,kangaroo,butterfly,flatfish,Q1,0.654223,0.310345,exemplar_knn_k3,23,0.8267,0.8139
8,chimpanzee,kangaroo,butterfly,flatfish,Q1,0.654223,0.310345,logreg,23,0.8,0.4274
8,chimpanzee,kangaroo,butterfly,flatfish,Q1,0.654223,0.310345,random,23,0.34,1.4203
8,chimpanzee,kangaroo,butterfly,flatfish,Q1,0.654223,0.310345,centroid,24,0.8067,0.2209
8,chimpanzee,kangaroo,butterfly,flatfish,Q1,0.654223,0.310345,exemplar_knn_k3,24,0.8267,0.7944
8,chimpanzee,kangaroo,butterfly,flatfish,Q1,0.654223,0.310345,logreg,24,0.7867,0.4609
8,chimpanzee,kangaroo,butterfly,flatfish,Q1,0.654223,0.310345,random,24,0.36,1.2511
8,chimpanzee,kangaroo,butterfly,flatfish,Q1,0.654223,0.310345,centroid,25,0.7867,0.2158
8,chimpanzee,kangaroo,butterfly,flatfish,Q1,0.654223,0.310345,exemplar_knn_k3,25,0.7667,0.8025
8,chimpanzee,kangaroo,butterfly,flatfish,Q1,0.654223,0.310345,logreg,25,0.7733,0.4304
8,chimpanzee,kangaroo,butterfly,flatfish,Q1,0.654223,0.310345,random,25,0.3267,1.3116
8,chimpanzee,kangaroo,butterfly,flatfish,Q1,0.654223,0.310345,centroid,26,0.9,0.1691
8,chimpanzee,kangaroo,butterfly,flatfish,Q1,0.654223,0.310345,exemplar_knn_k3,26,0.8733,0.606
8,chimpanzee,kangaroo,butterfly,flatfish,Q1,0.654223,0.310345,logreg,26,0.88,0.3417
8,chimpanzee,kangaroo,butterfly,flatfish,Q1,0.654223,0.310345,random,26,0.2733,1.214
8,chimpanzee,kangaroo,butterfly,flatfish,Q1,0.654223,0.310345,centroid,27,0.86,0.2138
8,chimpanzee,kangaroo,butterfly,flatfish,Q1,0.654223,0.310345,exemplar_knn_k3,27,0.8733,0.8378
8,chimpanzee,kangaroo,butterfly,flatfish,Q1,0.654223,0.310345,logreg,27,0.7933,0.4302
8,chimpanzee,kangaroo,butterfly,flatfish,Q1,0.654223,0.310345,random,27,0.2867,1.1831
8,chimpanzee,kangaroo,butterfly,flatfish,Q1,0.654223,0.310345,centroid,28,0.8667,0.1828
8,chimpanzee,kangaroo,butterfly,flatfish,Q1,0.654223,0.310345,exemplar_knn_k3,28,0.8733,0.7667
8,chimpanzee,kangaroo,butterfly,flatfish,Q1,0.654223,0.310345,logreg,28,0.8267,0.3981
8,chimpanzee,kangaroo,butterfly,flatfish,Q1,0.654223,0.310345,random,28,0.3733,1.5384
8,chimpanzee,kangaroo,butterfly,flatfish,Q1,0.654223,0.310345,centroid,29,0.7867,0.2021
8,chimpanzee,kangaroo,butterfly,flatfish,Q1,0.654223,0.310345,exemplar_knn_k3,29,0.7867,0.7559
8,chimpanzee,kangaroo,butterfly,flatfish,Q1,0.654223,0.310345,logreg,29,0.78,0.4073
8,chimpanzee,kangaroo,butterfly,flatfish,Q1,0.654223,0.310345,random,29,0.2667,1.2246
9,clock,motorcycle,streetcar,lobster,Q1,0.710248,0.454545,centroid,0,0.82,0.3012
9,clock,motorcycle,streetcar,lobster,Q1,0.710248,0.454545,exemplar_knn_k3,0,0.82,1.0535
9,clock,motorcycle,streetcar,lobster,Q1,0.710248,0.454545,logreg,0,0.8267,0.601
9,clock,motorcycle,streetcar,lobster,Q1,0.710248,0.454545,random,0,0.34,1.2508
9,clock,motorcycle,streetcar,lobster,Q1,0.710248,0.454545,centroid,1,0.94,0.2685
9,clock,motorcycle,streetcar,lobster,Q1,0.710248,0.454545,exemplar_knn_k3,1,0.9267,1.0189
9,clock,motorcycle,streetcar,lobster,Q1,0.710248,0.454545,logreg,1,0.8733,0.571
9,clock,motorcycle,streetcar,lobster,Q1,0.710248,0.454545,random,1,0.3133,1.1446
9,clock,motorcycle,streetcar,lobster,Q1,0.710248,0.454545,centroid,2,0.8067,0.251
9,clock,motorcycle,streetcar,lobster,Q1,0.710248,0.454545,exemplar_knn_k3,2,0.8067,0.9992
9,clock,motorcycle,streetcar,lobster,Q1,0.710248,0.454545,logreg,2,0.8,0.5345
9,clock,motorcycle,streetcar,lobster,Q1,0.710248,0.454545,random,2,0.3467,1.2194
9,clock,motorcycle,streetcar,lobster,Q1,0.710248,0.454545,centroid,3,0.88,0.2869
9,clock,motorcycle,streetcar,lobster,Q1,0.710248,0.454545,exemplar_knn_k3,3,0.9,1.0669
9,clock,motorcycle,streetcar,lobster,Q1,0.710248,0.454545,logreg,3,0.8,0.6049
9,clock,motorcycle,streetcar,lobster,Q1,0.710248,0.454545,random,3,0.3533,1.26
9,clock,motorcycle,streetcar,lobster,Q1,0.710248,0.454545,centroid,4,0.8533,0.2859
9,clock,motorcycle,streetcar,lobster,Q1,0.710248,0.454545,exemplar_knn_k3,4,0.84,1.02
9,clock,motorcycle,streetcar,lobster,Q1,0.710248,0.454545,logreg,4,0.84,0.563
9,clock,motorcycle,streetcar,lobster,Q1,0.710248,0.454545,random,4,0.3533,1.1827
9,clock,motorcycle,streetcar,lobster,Q1,0.710248,0.454545,centroid,5,0.8667,0.3046
9,clock,motorcycle,streetcar,lobster,Q1,0.710248,0.454545,exemplar_knn_k3,5,0.8533,1.0484
9,clock,motorcycle,streetcar,lobster,Q1,0.710248,0.454545,logreg,5,0.8267,0.6066
9,clock,motorcycle,streetcar,lobster,Q1,0.710248,0.454545,random,5,0.3,1.2511
9,clock,motorcycle,streetcar,lobster,Q1,0.710248,0.454545,centroid,6,0.8467,0.2875
9,clock,motorcycle,streetcar,lobster,Q1,0.710248,0.454545,exemplar_knn_k3,6,0.8467,1.1265
9,clock,motorcycle,streetcar,lobster,Q1,0.710248,0.454545,logreg,6,0.8133,0.6318
9,clock,motorcycle,streetcar,lobster,Q1,0.710248,0.454545,random,6,0.32,1.1472
9,clock,motorcycle,streetcar,lobster,Q1,0.710248,0.454545,centroid,7,0.8333,0.2549
9,clock,motorcycle,streetcar,lobster,Q1,0.710248,0.454545,exemplar_knn_k3,7,0.8533,0.9393
9,clock,motorcycle,streetcar,lobster,Q1,0.710248,0.454545,logreg,7,0.8067,0.525
9,clock,motorcycle,streetcar,lobster,Q1,0.710248,0.454545,random,7,0.3133,1.241
9,clock,motorcycle,streetcar,lobster,Q1,0.710248,0.454545,centroid,8,0.8333,0.2778
9,clock,motorcycle,streetcar,lobster,Q1,0.710248,0.454545,exemplar_knn_k3,8,0.8333,1.0389
9,clock,motorcycle,streetcar,lobster,Q1,0.710248,0.454545,logreg,8,0.8267,0.5565
9,clock,motorcycle,streetcar,lobster,Q1,0.710248,0.454545,random,8,0.4,1.0935
9,clock,motorcycle,streetcar,lobster,Q1,0.710248,0.454545,centroid,9,0.9067,0.272
9,clock,motorcycle,streetcar,lobster,Q1,0.710248,0.454545,exemplar_knn_k3,9,0.8867,1.0736
9,clock,motorcycle,streetcar,lobster,Q1,0.710248,0.454545,logreg,9,0.8867,0.561
9,clock,motorcycle,streetcar,lobster,Q1,0.710248,0.454545,random,9,0.2933,1.2298
9,clock,motorcycle,streetcar,lobster,Q1,0.710248,0.454545,centroid,10,0.8133,0.2475
9,clock,motorcycle,streetcar,lobster,Q1,0.710248,0.454545,exemplar_knn_k3,10,0.8333,0.975
9,clock,motorcycle,streetcar,lobster,Q1,0.710248,0.454545,logreg,10,0.8,0.5479
9,clock,motorcycle,streetcar,lobster,Q1,0.710248,0.454545,random,10,0.32,1.3125
9,clock,motorcycle,streetcar,lobster,Q1,0.710248,0.454545,centroid,11,0.8733,0.2599
9,clock,motorcycle,streetcar,lobster,Q1,0.710248,0.454545,exemplar_knn_k3,11,0.8733,0.9205
9,clock,motorcycle,streetcar,lobster,Q1,0.710248,0.454545,logreg,11,0.8667,0.5091
9,clock,motorcycle,streetcar,lobster,Q1,0.710248,0.454545,random,11,0.36,1.2342
9,clock,motorcycle,streetcar,lobster,Q1,0.710248,0.454545,centroid,12,0.8733,0.287
9,clock,motorcycle,streetcar,lobster,Q1,0.710248,0.454545,exemplar_knn_k3,12,0.9067,1.0325
9,clock,motorcycle,streetcar,lobster,Q1,0.710248,0.454545,logreg,12,0.7867,0.6084
9,clock,motorcycle,streetcar,lobster,Q1,0.710248,0.454545,random,12,0.3067,1.2723
9,clock,motorcycle,streetcar,lobster,Q1,0.710248,0.454545,centroid,13,0.86,0.2712
9,clock,motorcycle,streetcar,lobster,Q1,0.710248,0.454545,exemplar_knn_k3,13,0.8533,1.0347
9,clock,motorcycle,streetcar,lobster,Q1,0.710248,0.454545,logreg,13,0.82,0.5719
9,clock,motorcycle,streetcar,lobster,Q1,0.710248,0.454545,random,13,0.3533,1.2287
9,clock,motorcycle,streetcar,lobster,Q1,0.710248,0.454545,centroid,14,0.9067,0.2987
9,clock,motorcycle,streetcar,lobster,Q1,0.710248,0.454545,exemplar_knn_k3,14,0.9133,1.0909
9,clock,motorcycle,streetcar,lobster,Q1,0.710248,0.454545,logreg,14,0.8067,0.6365
9,clock,motorcycle,streetcar,lobster,Q1,0.710248,0.454545,random,14,0.2933,1.1576
9,clock,motorcycle,streetcar,lobster,Q1,0.710248,0.454545,centroid,15,0.8267,0.314
9,clock,motorcycle,streetcar,lobster,Q1,0.710248,0.454545,exemplar_knn_k3,15,0.8133,1.1144
9,clock,motorcycle,streetcar,lobster,Q1,0.710248,0.454545,logreg,15,0.8333,0.618
9,clock,motorcycle,streetcar,lobster,Q1,0.710248,0.454545,random,15,0.28,1.275
9,clock,motorcycle,streetcar,lobster,Q1,0.710248,0.454545,centroid,16,0.8333,0.3062
9,clock,motorcycle,streetcar,lobster,Q1,0.710248,0.454545,exemplar_knn_k3,16,0.8333,1.0397
9,clock,motorcycle,streetcar,lobster,Q1,0.710248,0.454545,logreg,16,0.8067,0.6125
9,clock,motorcycle,streetcar,lobster,Q1,0.710248,0.454545,random,16,0.3467,1.1459
9,clock,motorcycle,streetcar,lobster,Q1,0.710248,0.454545,centroid,17,0.82,0.3054
9,clock,motorcycle,streetcar,lobster,Q1,0.710248,0.454545,exemplar_knn_k3,17,0.8133,1.0529
9,clock,motorcycle,streetcar,lobster,Q1,0.710248,0.454545,logreg,17,0.8133,0.6001
9,clock,motorcycle,streetcar,lobster,Q1,0.710248,0.454545,random,17,0.3067,1.2205
9,clock,motorcycle,streetcar,lobster,Q1,0.710248,0.454545,centroid,18,0.8667,0.2626
9,clock,motorcycle,streetcar,lobster,Q1,0.710248,0.454545,exemplar_knn_k3,18,0.84,0.9811
9,clock,motorcycle,streetcar,lobster,Q1,0.710248,0.454545,logreg,18,0.8133,0.5685
9,clock,motorcycle,streetcar,lobster,Q1,0.710248,0.454545,random,18,0.3467,1.0697
9,clock,motorcycle,streetcar,lobster,Q1,0.710248,0.454545,centroid,19,0.92,0.2727
9,clock,motorcycle,streetcar,lobster,Q1,0.710248,0.454545,exemplar_knn_k3,19,0.9333,1.0372
9,clock,motorcycle,streetcar,lobster,Q1,0.710248,0.454545,logreg,19,0.88,0.585
9,clock,motorcycle,streetcar,lobster,Q1,0.710248,0.454545,random,19,0.34,1.2351
9,clock,motorcycle,streetcar,lobster,Q1,0.710248,0.454545,centroid,20,0.8667,0.268
9,clock,motorcycle,streetcar,lobster,Q1,0.710248,0.454545,exemplar_knn_k3,20,0.8733,0.9461
9,clock,motorcycle,streetcar,lobster,Q1,0.710248,0.454545,logreg,20,0.8067,0.5345
9,clock,motorcycle,streetcar,lobster,Q1,0.710248,0.454545,random,20,0.3267,1.3033
9,clock,motorcycle,streetcar,lobster,Q1,0.710248,0.454545,centroid,21,0.9067,0.2386
9,clock,motorcycle,streetcar,lobster,Q1,0.710248,0.454545,exemplar_knn_k3,21,0.92,0.9636
9,clock,motorcycle,streetcar,lobster,Q1,0.710248,0.454545,logreg,21,0.88,0.5212
9,clock,motorcycle,streetcar,lobster,Q1,0.710248,0.454545,random,21,0.2933,1.1444
9,clock,motorcycle,streetcar,lobster,Q1,0.710248,0.454545,centroid,22,0.82,0.301
9,clock,motorcycle,streetcar,lobster,Q1,0.710248,0.454545,exemplar_knn_k3,22,0.8267,1.0371
9,clock,motorcycle,streetcar,lobster,Q1,0.710248,0.454545,logreg,22,0.82,0.6022
9,clock,motorcycle,streetcar,lobster,Q1,0.710248,0.454545,random,22,0.2933,1.1091
9,clock,motorcycle,streetcar,lobster,Q1,0.710248,0.454545,centroid,23,0.8333,0.3006
9,clock,motorcycle,streetcar,lobster,Q1,0.710248,0.454545,exemplar_knn_k3,23,0.8467,1.0639
9,clock,motorcycle,streetcar,lobster,Q1,0.710248,0.454545,logreg,23,0.8067,0.6104
9,clock,motorcycle,streetcar,lobster,Q1,0.710248,0.454545,random,23,0.3067,1.1903
9,clock,motorcycle,streetcar,lobster,Q1,0.710248,0.454545,centroid,24,0.9133,0.2862
9,clock,motorcycle,streetcar,lobster,Q1,0.710248,0.454545,exemplar_knn_k3,24,0.9267,1.033
9,clock,motorcycle,streetcar,lobster,Q1,0.710248,0.454545,logreg,24,0.9133,0.5656
9,clock,motorcycle,streetcar,lobster,Q1,0.710248,0.454545,random,24,0.3333,1.326
9,clock,motorcycle,streetcar,lobster,Q1,0.710248,0.454545,centroid,25,0.8267,0.3029
9,clock,motorcycle,streetcar,lobster,Q1,0.710248,0.454545,exemplar_knn_k3,25,0.8467,1.0185
9,clock,motorcycle,streetcar,lobster,Q1,0.710248,0.454545,logreg,25,0.8267,0.608
9,clock,motorcycle,streetcar,lobster,Q1,0.710248,0.454545,random,25,0.3933,1.0025
9,clock,motorcycle,streetcar,lobster,Q1,0.710248,0.454545,centroid,26,0.8133,0.2549
9,clock,motorcycle,streetcar,lobster,Q1,0.710248,0.454545,exemplar_knn_k3,26,0.82,0.887
9,clock,motorcycle,streetcar,lobster,Q1,0.710248,0.454545,logreg,26,0.8067,0.5154
9,clock,motorcycle,streetcar,lobster,Q1,0.710248,0.454545,random,26,0.34,1.2631
9,clock,motorcycle,streetcar,lobster,Q1,0.710248,0.454545,centroid,27,0.82,0.3069
9,clock,motorcycle,streetcar,lobster,Q1,0.710248,0.454545,exemplar_knn_k3,27,0.8333,1.027
9,clock,motorcycle,streetcar,lobster,Q1,0.710248,0.454545,logreg,27,0.8267,0.6046
9,clock,motorcycle,streetcar,lobster,Q1,0.710248,0.454545,random,27,0.3733,1.2368
9,clock,motorcycle,streetcar,lobster,Q1,0.710248,0.454545,centroid,28,0.9333,0.2379
9,clock,motorcycle,streetcar,lobster,Q1,0.710248,0.454545,exemplar_knn_k3,28,0.9533,0.9991
9,clock,motorcycle,streetcar,lobster,Q1,0.710248,0.454545,logreg,28,0.9,0.527
9,clock,motorcycle,streetcar,lobster,Q1,0.710248,0.454545,random,28,0.4,1.2275
9,clock,motorcycle,streetcar,lobster,Q1,0.710248,0.454545,centroid,29,0.8267,0.2834
9,clock,motorcycle,streetcar,lobster,Q1,0.710248,0.454545,exemplar_knn_k3,29,0.8333,0.9634
9,clock,motorcycle,streetcar,lobster,Q1,0.710248,0.454545,logreg,29,0.8267,0.5563
9,clock,motorcycle,streetcar,lobster,Q1,0.710248,0.454545,random,29,0.36,1.2215
10,crocodile,kangaroo,caterpillar,fox,Q1,0.433903,0.307692,centroid,0,0.8267,0.2054
10,crocodile,kangaroo,caterpillar,fox,Q1,0.433903,0.307692,exemplar_knn_k3,0,0.74,0.8743
10,crocodile,kangaroo,caterpillar,fox,Q1,0.433903,0.307692,logreg,0,0.8333,0.4376
10,crocodile,kangaroo,caterpillar,fox,Q1,0.433903,0.307692,random,0,0.34,1.2629
10,crocodile,kangaroo,caterpillar,fox,Q1,0.433903,0.307692,centroid,1,0.88,0.1526
10,crocodile,kangaroo,caterpillar,fox,Q1,0.433903,0.307692,exemplar_knn_k3,1,0.88,0.7467
10,crocodile,kangaroo,caterpillar,fox,Q1,0.433903,0.307692,logreg,1,0.82,0.3972
10,crocodile,kangaroo,caterpillar,fox,Q1,0.433903,0.307692,random,1,0.3333,1.2259
10,crocodile,kangaroo,caterpillar,fox,Q1,0.433903,0.307692,centroid,2,0.8867,0.2202
10,crocodile,kangaroo,caterpillar,fox,Q1,0.433903,0.307692,exemplar_knn_k3,2,0.8667,0.8794
10,crocodile,kangaroo,caterpillar,fox,Q1,0.433903,0.307692,logreg,2,0.8933,0.4683
10,crocodile,kangaroo,caterpillar,fox,Q1,0.433903,0.307692,random,2,0.4,1.2655
10,crocodile,kangaroo,caterpillar,fox,Q1,0.433903,0.307692,centroid,3,0.84,0.1909
10,crocodile,kangaroo,caterpillar,fox,Q1,0.433903,0.307692,exemplar_knn_k3,3,0.8,0.9017
10,crocodile,kangaroo,caterpillar,fox,Q1,0.433903,0.307692,logreg,3,0.82,0.4568
10,crocodile,kangaroo,caterpillar,fox,Q1,0.433903,0.307692,random,3,0.34,1.1496
10,crocodile,kangaroo,caterpillar,fox,Q1,0.433903,0.307692,centroid,4,0.8133,0.2548
10,crocodile,kangaroo,caterpillar,fox,Q1,0.433903,0.307692,exemplar_knn_k3,4,0.8,1.0683
10,crocodile,kangaroo,caterpillar,fox,Q1,0.433903,0.307692,logreg,4,0.8267,0.5299
10,crocodile,kangaroo,caterpillar,fox,Q1,0.433903,0.307692,random,4,0.36,1.148
10,crocodile,kangaroo,caterpillar,fox,Q1,0.433903,0.307692,centroid,5,0.8,0.2492
10,crocodile,kangaroo,caterpillar,fox,Q1,0.433903,0.307692,exemplar_knn_k3,5,0.7867,0.9674
10,crocodile,kangaroo,caterpillar,fox,Q1,0.433903,0.307692,logreg,5,0.8133,0.5035
10,crocodile,kangaroo,caterpillar,fox,Q1,0.433903,0.307692,random,5,0.3533,1.4481
10,crocodile,kangaroo,caterpillar,fox,Q1,0.433903,0.307692,centroid,6,0.8467,0.245
10,crocodile,kangaroo,caterpillar,fox,Q1,0.433903,0.307692,exemplar_knn_k3,6,0.8533,1.0995
10,crocodile,kangaroo,caterpillar,fox,Q1,0.433903,0.307692,logreg,6,0.84,0.568
10,crocodile,kangaroo,caterpillar,fox,Q1,0.433903,0.307692,random,6,0.3267,1.2781
10,crocodile,kangaroo,caterpillar,fox,Q1,0.433903,0.307692,centroid,7,0.84,0.2671
10,crocodile,kangaroo,caterpillar,fox,Q1,0.433903,0.307692,exemplar_knn_k3,7,0.82,1.1179
10,crocodile,kangaroo,caterpillar,fox,Q1,0.433903,0.307692,logreg,7,0.8467,0.5272
10,crocodile,kangaroo,caterpillar,fox,Q1,0.433903,0.307692,random,7,0.38,1.271
10,crocodile,kangaroo,caterpillar,fox,Q1,0.433903,0.307692,centroid,8,0.82,0.2132
10,crocodile,kangaroo,caterpillar,fox,Q1,0.433903,0.307692,exemplar_knn_k3,8,0.8133,0.8695
10,crocodile,kangaroo,caterpillar,fox,Q1,0.433903,0.307692,logreg,8,0.82,0.4422
10,crocodile,kangaroo,caterpillar,fox,Q1,0.433903,0.307692,random,8,0.36,1.1782
10,crocodile,kangaroo,caterpillar,fox,Q1,0.433903,0.307692,centroid,9,0.88,0.1524
10,crocodile,kangaroo,caterpillar,fox,Q1,0.433903,0.307692,exemplar_knn_k3,9,0.7933,0.7041
10,crocodile,kangaroo,caterpillar,fox,Q1,0.433903,0.307692,logreg,9,0.8133,0.3948
10,crocodile,kangaroo,caterpillar,fox,Q1,0.433903,0.307692,random,9,0.3267,1.1101
10,crocodile,kangaroo,caterpillar,fox,Q1,0.433903,0.307692,centroid,10,0.92,0.2042
10,crocodile,kangaroo,caterpillar,fox,Q1,0.433903,0.307692,exemplar_knn_k3,10,0.8533,0.9956
10,crocodile,kangaroo,caterpillar,fox,Q1,0.433903,0.307692,logreg,10,0.8533,0.4995
10,crocodile,kangaroo,caterpillar,fox,Q1,0.433903,0.307692,random,10,0.3333,1.1218
10,crocodile,kangaroo,caterpillar,fox,Q1,0.433903,0.307692,centroid,11,0.8533,0.2273
10,crocodile,kangaroo,caterpillar,fox,Q1,0.433903,0.307692,exemplar_knn_k3,11,0.8333,0.9059
10,crocodile,kangaroo,caterpillar,fox,Q1,0.433903,0.307692,logreg,11,0.8533,0.4624
10,crocodile,kangaroo,caterpillar,fox,Q1,0.433903,0.307692,random,11,0.3,1.2738
10,crocodile,kangaroo,caterpillar,fox,Q1,0.433903,0.307692,centroid,12,0.86,0.1659
10,crocodile,kangaroo,caterpillar,fox,Q1,0.433903,0.307692,exemplar_knn_k3,12,0.8067,0.7595
10,crocodile,kangaroo,caterpillar,fox,Q1,0.433903,0.307692,logreg,12,0.7933,0.4647
10,crocodile,kangaroo,caterpillar,fox,Q1,0.433903,0.307692,random,12,0.3867,1.2069
10,crocodile,kangaroo,caterpillar,fox,Q1,0.433903,0.307692,centroid,13,0.8867,0.1515
10,crocodile,kangaroo,caterpillar,fox,Q1,0.433903,0.307692,exemplar_knn_k3,13,0.8933,0.8215
10,crocodile,kangaroo,caterpillar,fox,Q1,0.433903,0.307692,logreg,13,0.8,0.4362
10,crocodile,kangaroo,caterpillar,fox,Q1,0.433903,0.307692,random,13,0.36,1.2852
10,crocodile,kangaroo,caterpillar,fox,Q1,0.433903,0.307692,centroid,14,0.9,0.1973
10,crocodile,kangaroo,caterpillar,fox,Q1,0.433903,0.307692,exemplar_knn_k3,14,0.8733,1.0002
10,crocodile,kangaroo,caterpillar,fox,Q1,0.433903,0.307692,logreg,14,0.86,0.4788
10,crocodile,kangaroo,caterpillar,fox,Q1,0.433903,0.307692,random,14,0.3133,1.2884
10,crocodile,kangaroo,caterpillar,fox,Q1,0.433903,0.307692,centroid,15,0.7933,0.258
10,crocodile,kangaroo,caterpillar,fox,Q1,0.433903,0.307692,exemplar_knn_k3,15,0.7933,1.0427
10,crocodile,kangaroo,caterpillar,fox,Q1,0.433903,0.307692,logreg,15,0.8067,0.5316
10,crocodile,kangaroo,caterpillar,fox,Q1,0.433903,0.307692,random,15,0.3467,1.1559
10,crocodile,kangaroo,caterpillar,fox,Q1,0.433903,0.307692,centroid,16,0.7933,0.2573
10,crocodile,kangaroo,caterpillar,fox,Q1,0.433903,0.307692,exemplar_knn_k3,16,0.7867,1.0117
10,crocodile,kangaroo,caterpillar,fox,Q1,0.433903,0.307692,logreg,16,0.7933,0.5563
10,crocodile,kangaroo,caterpillar,fox,Q1,0.433903,0.307692,random,16,0.3467,1.3874
10,crocodile,kangaroo,caterpillar,fox,Q1,0.433903,0.307692,centroid,17,0.78,0.199
10,crocodile,kangaroo,caterpillar,fox,Q1,0.433903,0.307692,exemplar_knn_k3,17,0.7467,0.8568
10,crocodile,kangaroo,caterpillar,fox,Q1,0.433903,0.307692,logreg,17,0.78,0.4072
10,crocodile,kangaroo,caterpillar,fox,Q1,0.433903,0.307692,random,17,0.3133,1.1266
10,crocodile,kangaroo,caterpillar,fox,Q1,0.433903,0.307692,centroid,18,0.9133,0.1985
10,crocodile,kangaroo,caterpillar,fox,Q1,0.433903,0.307692,exemplar_knn_k3,18,0.8533,0.871
10,crocodile,kangaroo,caterpillar,fox,Q1,0.433903,0.307692,logreg,18,0.86,0.4867
10,crocodile,kangaroo,caterpillar,fox,Q1,0.433903,0.307692,random,18,0.3467,1.2488
10,crocodile,kangaroo,caterpillar,fox,Q1,0.433903,0.307692,centroid,19,0.8267,0.17
10,crocodile,kangaroo,caterpillar,fox,Q1,0.433903,0.307692,exemplar_knn_k3,19,0.8533,0.8543
10,crocodile,kangaroo,caterpillar,fox,Q1,0.433903,0.307692,logreg,19,0.82,0.4152
10,crocodile,kangaroo,caterpillar,fox,Q1,0.433903,0.307692,random,19,0.2867,1.2555
10,crocodile,kangaroo,caterpillar,fox,Q1,0.433903,0.307692,centroid,20,0.8533,0.2412
10,crocodile,kangaroo,caterpillar,fox,Q1,0.433903,0.307692,exemplar_knn_k3,20,0.8,0.9246
10,crocodile,kangaroo,caterpillar,fox,Q1,0.433903,0.307692,logreg,20,0.8667,0.5049
10,crocodile,kangaroo,caterpillar,fox,Q1,0.433903,0.307692,random,20,0.3733,1.3488
10,crocodile,kangaroo,caterpillar,fox,Q1,0.433903,0.307692,centroid,21,0.7867,0.2063
10,crocodile,kangaroo,caterpillar,fox,Q1,0.433903,0.307692,exemplar_knn_k3,21,0.82,0.9529
10,crocodile,kangaroo,caterpillar,fox,Q1,0.433903,0.307692,logreg,21,0.7733,0.4787
10,crocodile,kangaroo,caterpillar,fox,Q1,0.433903,0.307692,random,21,0.2733,1.0014
10,crocodile,kangaroo,caterpillar,fox,Q1,0.433903,0.307692,centroid,22,0.7667,0.2387
10,crocodile,kangaroo,caterpillar,fox,Q1,0.433903,0.307692,exemplar_knn_k3,22,0.7667,0.9806
10,crocodile,kangaroo,caterpillar,fox,Q1,0.433903,0.307692,logreg,22,0.8,0.4908
10,crocodile,kangaroo,caterpillar,fox,Q1,0.433903,0.307692,random,22,0.38,1.3262
10,crocodile,kangaroo,caterpillar,fox,Q1,0.433903,0.307692,centroid,23,0.8467,0.2202
10,crocodile,kangaroo,caterpillar,fox,Q1,0.433903,0.307692,exemplar_knn_k3,23,0.8133,0.9729
10,crocodile,kangaroo,caterpillar,fox,Q1,0.433903,0.307692,logreg,23,0.84,0.4777
10,crocodile,kangaroo,caterpillar,fox,Q1,0.433903,0.307692,random,23,0.3067,1.1631
10,crocodile,kangaroo,caterpillar,fox,Q1,0.433903,0.307692,centroid,24,0.78,0.258
10,crocodile,kangaroo,caterpillar,fox,Q1,0.433903,0.307692,exemplar_knn_k3,24,0.7867,0.9519
10,crocodile,kangaroo,caterpillar,fox,Q1,0.433903,0.307692,logreg,24,0.7933,0.5373
10,crocodile,kangaroo,caterpillar,fox,Q1,0.433903,0.307692,random,24,0.32,1.2489
10,crocodile,kangaroo,caterpillar,fox,Q1,0.433903,0.307692,centroid,25,0.7933,0.2166
10,crocodile,kangaroo,caterpillar,fox,Q1,0.433903,0.307692,exemplar_knn_k3,25,0.7467,0.9107
10,crocodile,kangaroo,caterpillar,fox,Q1,0.433903,0.307692,logreg,25,0.7867,0.4272
10,crocodile,kangaroo,caterpillar,fox,Q1,0.433903,0.307692,random,25,0.3533,1.3055
10,crocodile,kangaroo,caterpillar,fox,Q1,0.433903,0.307692,centroid,26,0.78,0.2392
10,crocodile,kangaroo,caterpillar,fox,Q1,0.433903,0.307692,exemplar_knn_k3,26,0.78,1.0186
10,crocodile,kangaroo,caterpillar,fox,Q1,0.433903,0.307692,logreg,26,0.8067,0.4737
10,crocodile,kangaroo,caterpillar,fox,Q1,0.433903,0.307692,random,26,0.2867,1.3027
10,crocodile,kangaroo,caterpillar,fox,Q1,0.433903,0.307692,centroid,27,0.8133,0.2446
10,crocodile,kangaroo,caterpillar,fox,Q1,0.433903,0.307692,exemplar_knn_k3,27,0.8267,1.0303
10,crocodile,kangaroo,caterpillar,fox,Q1,0.433903,0.307692,logreg,27,0.8267,0.531
10,crocodile,kangaroo,caterpillar,fox,Q1,0.433903,0.307692,random,27,0.3267,1.2459
10,crocodile,kangaroo,caterpillar,fox,Q1,0.433903,0.307692,centroid,28,0.92,0.2076
10,crocodile,kangaroo,caterpillar,fox,Q1,0.433903,0.307692,exemplar_knn_k3,28,0.8933,0.8922
10,crocodile,kangaroo,caterpillar,fox,Q1,0.433903,0.307692,logreg,28,0.9,0.4668
10,crocodile,kangaroo,caterpillar,fox,Q1,0.433903,0.307692,random,28,0.3467,1.2243
10,crocodile,kangaroo,caterpillar,fox,Q1,0.433903,0.307692,centroid,29,0.7867,0.242
10,crocodile,kangaroo,caterpillar,fox,Q1,0.433903,0.307692,exemplar_knn_k3,29,0.7867,1.0177
10,crocodile,kangaroo,caterpillar,fox,Q1,0.433903,0.307692,logreg,29,0.8,0.522
10,crocodile,kangaroo,caterpillar,fox,Q1,0.433903,0.307692,random,29,0.3533,1.2096
11,crocodile,skunk,man,cup,Q1,0.446824,0.478261,centroid,0,0.96,0.2108
11,crocodile,skunk,man,cup,Q1,0.446824,0.478261,exemplar_knn_k3,0,0.9467,0.8394
11,crocodile,skunk,man,cup,Q1,0.446824,0.478261,logreg,0,0.96,0.4519
11,crocodile,skunk,man,cup,Q1,0.446824,0.478261,random,0,0.3467,1.2195
11,crocodile,skunk,man,cup,Q1,0.446824,0.478261,centroid,1,0.9867,0.2412
11,crocodile,skunk,man,cup,Q1,0.446824,0.478261,exemplar_knn_k3,1,0.9667,0.921
11,crocodile,skunk,man,cup,Q1,0.446824,0.478261,logreg,1,0.9267,0.4756
11,crocodile,skunk,man,cup,Q1,0.446824,0.478261,random,1,0.36,1.2164
11,crocodile,skunk,man,cup,Q1,0.446824,0.478261,centroid,2,0.9333,0.2586
11,crocodile,skunk,man,cup,Q1,0.446824,0.478261,exemplar_knn_k3,2,0.9067,1.0129
11,crocodile,skunk,man,cup,Q1,0.446824,0.478261,logreg,2,0.94,0.514
11,crocodile,skunk,man,cup,Q1,0.446824,0.478261,random,2,0.3667,1.2611
11,crocodile,skunk,man,cup,Q1,0.446824,0.478261,centroid,3,0.9,0.2777
11,crocodile,skunk,man,cup,Q1,0.446824,0.478261,exemplar_knn_k3,3,0.9267,1.0729
11,crocodile,skunk,man,cup,Q1,0.446824,0.478261,logreg,3,0.86,0.5718
11,crocodile,skunk,man,cup,Q1,0.446824,0.478261,random,3,0.3533,1.2191
11,crocodile,skunk,man,cup,Q1,0.446824,0.478261,centroid,4,0.9667,0.2709
11,crocodile,skunk,man,cup,Q1,0.446824,0.478261,exemplar_knn_k3,4,0.9733,1.0779
11,crocodile,skunk,man,cup,Q1,0.446824,0.478261,logreg,4,0.96,0.5347
11,crocodile,skunk,man,cup,Q1,0.446824,0.478261,random,4,0.2933,1.1747
11,crocodile,skunk,man,cup,Q1,0.446824,0.478261,centroid,5,0.98,0.2644
11,crocodile,skunk,man,cup,Q1,0.446824,0.478261,exemplar_knn_k3,5,0.9733,1.0416
11,crocodile,skunk,man,cup,Q1,0.446824,0.478261,logreg,5,0.9667,0.5366
11,crocodile,skunk,man,cup,Q1,0.446824,0.478261,random,5,0.3333,1.3157
11,crocodile,skunk,man,cup,Q1,0.446824,0.478261,centroid,6,0.9467,0.2724
11,crocodile,skunk,man,cup,Q1,0.446824,0.478261,exemplar_knn_k3,6,0.9533,1.1006
11,crocodile,skunk,man,cup,Q1,0.446824,0.478261,logreg,6,0.9533,0.5402
11,crocodile,skunk,man,cup,Q1,0.446824,0.478261,random,6,0.26,1.299
11,crocodile,skunk,man,cup,Q1,0.446824,0.478261,centroid,7,0.9667,0.2538
11,crocodile,skunk,man,cup,Q1,0.446824,0.478261,exemplar_knn_k3,7,0.9733,0.9747
11,crocodile,skunk,man,cup,Q1,0.446824,0.478261,logreg,7,0.9667,0.5043
11,crocodile,skunk,man,cup,Q1,0.446824,0.478261,random,7,0.3533,1.1365
11,crocodile,skunk,man,cup,Q1,0.446824,0.478261,centroid,8,0.9067,0.2215
11,crocodile,skunk,man,cup,Q1,0.446824,0.478261,exemplar_knn_k3,8,0.92,0.8466
11,crocodile,skunk,man,cup,Q1,0.446824,0.478261,logreg,8,0.9067,0.461
11,crocodile,skunk,man,cup,Q1,0.446824,0.478261,random,8,0.3133,1.1733
11,crocodile,skunk,man,cup,Q1,0.446824,0.478261,centroid,9,0.94,0.2531
11,crocodile,skunk,man,cup,Q1,0.446824,0.478261,exemplar_knn_k3,9,0.9533,0.9875
11,crocodile,skunk,man,cup,Q1,0.446824,0.478261,logreg,9,0.88,0.5193
11,crocodile,skunk,man,cup,Q1,0.446824,0.478261,random,9,0.3133,0.9758
11,crocodile,skunk,man,cup,Q1,0.446824,0.478261,centroid,10,0.9667,0.2682
11,crocodile,skunk,man,cup,Q1,0.446824,0.478261,exemplar_knn_k3,10,0.9733,1.0653
11,crocodile,skunk,man,cup,Q1,0.446824,0.478261,logreg,10,0.9667,0.5579
11,crocodile,skunk,man,cup,Q1,0.446824,0.478261,random,10,0.3467,1.3082
11,crocodile,skunk,man,cup,Q1,0.446824,0.478261,centroid,11,0.9867,0.2813
11,crocodile,skunk,man,cup,Q1,0.446824,0.478261,exemplar_knn_k3,11,0.9733,1.0601
11,crocodile,skunk,man,cup,Q1,0.446824,0.478261,logreg,11,0.9867,0.5306
11,crocodile,skunk,man,cup,Q1,0.446824,0.478261,random,11,0.3867,1.2281
11,crocodile,skunk,man,cup,Q1,0.446824,0.478261,centroid,12,0.92,0.2908
11,crocodile,skunk,man,cup,Q1,0.446824,0.478261,exemplar_knn_k3,12,0.94,1.1081
11,crocodile,skunk,man,cup,Q1,0.446824,0.478261,logreg,12,0.84,0.579
11,crocodile,skunk,man,cup,Q1,0.446824,0.478261,random,12,0.3733,1.2786
11,crocodile,skunk,man,cup,Q1,0.446824,0.478261,centroid,13,0.9,0.3054
11,crocodile,skunk,man,cup,Q1,0.446824,0.478261,exemplar_knn_k3,13,0.9133,1.1194
11,crocodile,skunk,man,cup,Q1,0.446824,0.478261,logreg,13,0.86,0.6195
11,crocodile,skunk,man,cup,Q1,0.446824,0.478261,random,13,0.3333,1.2791
11,crocodile,skunk,man,cup,Q1,0.446824,0.478261,centroid,14,0.9733,0.2913
11,crocodile,skunk,man,cup,Q1,0.446824,0.478261,exemplar_knn_k3,14,0.96,1.0969
11,crocodile,skunk,man,cup,Q1,0.446824,0.478261,logreg,14,0.9667,0.5672
11,crocodile,skunk,man,cup,Q1,0.446824,0.478261,random,14,0.3067,1.1581
11,crocodile,skunk,man,cup,Q1,0.446824,0.478261,centroid,15,0.96,0.2886
11,crocodile,skunk,man,cup,Q1,0.446824,0.478261,exemplar_knn_k3,15,0.94,1.0856
11,crocodile,skunk,man,cup,Q1,0.446824,0.478261,logreg,15,0.9667,0.5711
11,crocodile,skunk,man,cup,Q1,0.446824,0.478261,random,15,0.3667,1.1802
11,crocodile,skunk,man,cup,Q1,0.446824,0.478261,centroid,16,0.9933,0.2607
11,crocodile,skunk,man,cup,Q1,0.446824,0.478261,exemplar_knn_k3,16,0.9733,1.0362
11,crocodile,skunk,man,cup,Q1,0.446824,0.478261,logreg,16,0.98,0.5323
11,crocodile,skunk,man,cup,Q1,0.446824,0.478261,random,16,0.34,1.2442
11,crocodile,skunk,man,cup,Q1,0.446824,0.478261,centroid,17,0.98,0.2607
11,crocodile,skunk,man,cup,Q1,0.446824,0.478261,exemplar_knn_k3,17,0.98,0.9769
11,crocodile,skunk,man,cup,Q1,0.446824,0.478261,logreg,17,0.98,0.5317
11,crocodile,skunk,man,cup,Q1,0.446824,0.478261,random,17,0.3333,1.0077
11,crocodile,skunk,man,cup,Q1,0.446824,0.478261,centroid,18,0.9867,0.293
11,crocodile,skunk,man,cup,Q1,0.446824,0.478261,exemplar_knn_k3,18,1.0,1.12
11,crocodile,skunk,man,cup,Q1,0.446824,0.478261,logreg,18,0.9733,0.6018
11,crocodile,skunk,man,cup,Q1,0.446824,0.478261,random,18,0.3267,1.3963
11,crocodile,skunk,man,cup,Q1,0.446824,0.478261,centroid,19,0.9533,0.2637
11,crocodile,skunk,man,cup,Q1,0.446824,0.478261,exemplar_knn_k3,19,0.9467,1.0546
11,crocodile,skunk,man,cup,Q1,0.446824,0.478261,logreg,19,0.9533,0.5193
11,crocodile,skunk,man,cup,Q1,0.446824,0.478261,random,19,0.3667,1.1942
11,crocodile,skunk,man,cup,Q1,0.446824,0.478261,centroid,20,0.9733,0.2657
11,crocodile,skunk,man,cup,Q1,0.446824,0.478261,exemplar_knn_k3,20,0.9867,1.053
11,crocodile,skunk,man,cup,Q1,0.446824,0.478261,logreg,20,0.98,0.5456
11,crocodile,skunk,man,cup,Q1,0.446824,0.478261,random,20,0.3,1.2192
11,crocodile,skunk,man,cup,Q1,0.446824,0.478261,centroid,21,0.94,0.2545
11,crocodile,skunk,man,cup,Q1,0.446824,0.478261,exemplar_knn_k3,21,0.9267,1.0122
11,crocodile,skunk,man,cup,Q1,0.446824,0.478261,logreg,21,0.9333,0.5067
11,crocodile,skunk,man,cup,Q1,0.446824,0.478261,random,21,0.3667,1.1467
11,crocodile,skunk,man,cup,Q1,0.446824,0.478261,centroid,22,0.9533,0.2592
11,crocodile,skunk,man,cup,Q1,0.446824,0.478261,exemplar_knn_k3,22,0.96,0.9856
11,crocodile,skunk,man,cup,Q1,0.446824,0.478261,logreg,22,0.96,0.5331
11,crocodile,skunk,man,cup,Q1,0.446824,0.478261,random,22,0.3333,1.1865
11,crocodile,skunk,man,cup,Q1,0.446824,0.478261,centroid,23,0.9733,0.2618
11,crocodile,skunk,man,cup,Q1,0.446824,0.478261,exemplar_knn_k3,23,0.98,1.0274
11,crocodile,skunk,man,cup,Q1,0.446824,0.478261,logreg,23,0.9667,0.5284
11,crocodile,skunk,man,cup,Q1,0.446824,0.478261,random,23,0.3133,1.3896
11,crocodile,skunk,man,cup,Q1,0.446824,0.478261,centroid,24,0.9533,0.2397
11,crocodile,skunk,man,cup,Q1,0.446824,0.478261,exemplar_knn_k3,24,0.9333,0.8845
11,crocodile,skunk,man,cup,Q1,0.446824,0.478261,logreg,24,0.92,0.4703
11,crocodile,skunk,man,cup,Q1,0.446824,0.478261,random,24,0.36,1.2438
11,crocodile,skunk,man,cup,Q1,0.446824,0.478261,centroid,25,0.9,0.2113
11,crocodile,skunk,man,cup,Q1,0.446824,0.478261,exemplar_knn_k3,25,0.9,0.8496
11,crocodile,skunk,man,cup,Q1,0.446824,0.478261,logreg,25,0.94,0.4139
11,crocodile,skunk,man,cup,Q1,0.446824,0.478261,random,25,0.4133,1.273
11,crocodile,skunk,man,cup,Q1,0.446824,0.478261,centroid,26,0.9867,0.2576
11,crocodile,skunk,man,cup,Q1,0.446824,0.478261,exemplar_knn_k3,26,0.98,0.9942
11,crocodile,skunk,man,cup,Q1,0.446824,0.478261,logreg,26,0.9733,0.5061
11,crocodile,skunk,man,cup,Q1,0.446824,0.478261,random,26,0.3667,1.2348
11,crocodile,skunk,man,cup,Q1,0.446824,0.478261,centroid,27,0.94,0.2592
11,crocodile,skunk,man,cup,Q1,0.446824,0.478261,exemplar_knn_k3,27,0.9467,1.0181
11,crocodile,skunk,man,cup,Q1,0.446824,0.478261,logreg,27,0.8733,0.5183
11,crocodile,skunk,man,cup,Q1,0.446824,0.478261,random,27,0.3467,1.2622
11,crocodile,skunk,man,cup,Q1,0.446824,0.478261,centroid,28,0.9733,0.2413
11,crocodile,skunk,man,cup,Q1,0.446824,0.478261,exemplar_knn_k3,28,0.98,1.0076
11,crocodile,skunk,man,cup,Q1,0.446824,0.478261,logreg,28,0.9667,0.4957
11,crocodile,skunk,man,cup,Q1,0.446824,0.478261,random,28,0.3533,1.2748
11,crocodile,skunk,man,cup,Q1,0.446824,0.478261,centroid,29,0.9733,0.2674
11,crocodile,skunk,man,cup,Q1,0.446824,0.478261,exemplar_knn_k3,29,0.9733,1.0818
11,crocodile,skunk,man,cup,Q1,0.446824,0.478261,logreg,29,0.98,0.5623
11,crocodile,skunk,man,cup,Q1,0.446824,0.478261,random,29,0.3533,1.2628
12,cup,plate,bridge,seal,Q1,0.544535,0.2,centroid,0,0.88,0.224
12,cup,plate,bridge,seal,Q1,0.544535,0.2,exemplar_knn_k3,0,0.92,1.0099
12,cup,plate,bridge,seal,Q1,0.544535,0.2,logreg,0,0.8733,0.4751
12,cup,plate,bridge,seal,Q1,0.544535,0.2,random,0,0.3,1.2471
12,cup,plate,bridge,seal,Q1,0.544535,0.2,centroid,1,0.9067,0.208
12,cup,plate,bridge,seal,Q1,0.544535,0.2,exemplar_knn_k3,1,0.9067,0.893
12,cup,plate,bridge,seal,Q1,0.544535,0.2,logreg,1,0.86,0.438
12,cup,plate,bridge,seal,Q1,0.544535,0.2,random,1,0.32,1.2366
12,cup,plate,bridge,seal,Q1,0.544535,0.2,centroid,2,0.9933,0.2682
12,cup,plate,bridge,seal,Q1,0.544535,0.2,exemplar_knn_k3,2,0.9933,1.0481
12,cup,plate,bridge,seal,Q1,0.544535,0.2,logreg,2,0.9933,0.5426
12,cup,plate,bridge,seal,Q1,0.544535,0.2,random,2,0.32,1.2279
12,cup,plate,bridge,seal,Q1,0.544535,0.2,centroid,3,0.9667,0.2466
12,cup,plate,bridge,seal,Q1,0.544535,0.2,exemplar_knn_k3,3,0.96,0.9416
12,cup,plate,bridge,seal,Q1,0.544535,0.2,logreg,3,0.9733,0.4973
12,cup,plate,bridge,seal,Q1,0.544535,0.2,random,3,0.3067,1.1646
12,cup,plate,bridge,seal,Q1,0.544535,0.2,centroid,4,0.94,0.2318
12,cup,plate,bridge,seal,Q1,0.544535,0.2,exemplar_knn_k3,4,0.96,0.8573
12,cup,plate,bridge,seal,Q1,0.544535,0.2,logreg,4,0.9333,0.4721
12,cup,plate,bridge,seal,Q1,0.544535,0.2,random,4,0.38,1.2154
12,cup,plate,bridge,seal,Q1,0.544535,0.2,centroid,5,0.9,0.2392
12,cup,plate,bridge,seal,Q1,0.544535,0.2,exemplar_knn_k3,5,0.9133,0.9522
12,cup,plate,bridge,seal,Q1,0.544535,0.2,logreg,5,0.8533,0.477
12,cup,plate,bridge,seal,Q1,0.544535,0.2,random,5,0.3333,1.1377
12,cup,plate,bridge,seal,Q1,0.544535,0.2,centroid,6,0.9733,0.285
12,cup,plate,bridge,seal,Q1,0.544535,0.2,exemplar_knn_k3,6,0.96,1.004
12,cup,plate,bridge,seal,Q1,0.544535,0.2,logreg,6,0.9533,0.5622
12,cup,plate,bridge,seal,Q1,0.544535,0.2,random,6,0.32,1.2898
12,cup,plate,bridge,seal,Q1,0.544535,0.2,centroid,7,0.98,0.2597
12,cup,plate,bridge,seal,Q1,0.544535,0.2,exemplar_knn_k3,7,0.9667,0.928
12,cup,plate,bridge,seal,Q1,0.544535,0.2,logreg,7,0.9933,0.5173
12,cup,plate,bridge,seal,Q1,0.544535,0.2,random,7,0.3,1.0771
12,cup,plate,bridge,seal,Q1,0.544535,0.2,centroid,8,0.9267,0.2141
12,cup,plate,bridge,seal,Q1,0.544535,0.2,exemplar_knn_k3,8,0.9333,0.9124
12,cup,plate,bridge,seal,Q1,0.544535,0.2,logreg,8,0.9,0.457
12,cup,plate,bridge,seal,Q1,0.544535,0.2,random,8,0.32,1.0741
12,cup,plate,bridge,seal,Q1,0.544535,0.2,centroid,9,0.9733,0.2283
12,cup,plate,bridge,seal,Q1,0.544535,0.2,exemplar_knn_k3,9,0.9467,0.8696
12,cup,plate,bridge,seal,Q1,0.544535,0.2,logreg,9,0.98,0.4633
12,cup,plate,bridge,seal,Q1,0.544535,0.2,random,9,0.3267,1.28
12,cup,plate,bridge,seal,Q1,0.544535,0.2,centroid,10,0.9733,0.24
12,cup,plate,bridge,seal,Q1,0.544535,0.2,exemplar_knn_k3,10,0.9667,0.9374
12,cup,plate,bridge,seal,Q1,0.544535,0.2,logreg,10,0.9733,0.4913
12,cup,plate,bridge,seal,Q1,0.544535,0.2,random,10,0.3333,1.2024
12,cup,plate,bridge,seal,Q1,0.544535,0.2,centroid,11,0.9533,0.262
12,cup,plate,bridge,seal,Q1,0.544535,0.2,exemplar_knn_k3,11,0.9333,0.9378
12,cup,plate,bridge,seal,Q1,0.544535,0.2,logreg,11,0.9467,0.5339
12,cup,plate,bridge,seal,Q1,0.544535,0.2,random,11,0.2867,1.343
12,cup,plate,bridge,seal,Q1,0.544535,0.2,centroid,12,0.88,0.2084
12,cup,plate,bridge,seal,Q1,0.544535,0.2,exemplar_knn_k3,12,0.9,0.8586
12,cup,plate,bridge,seal,Q1,0.544535,0.2,logreg,12,0.86,0.4176
12,cup,plate,bridge,seal,Q1,0.544535,0.2,random,12,0.3,1.3001
12,cup,plate,bridge,seal,Q1,0.544535,0.2,centroid,13,0.98,0.2357
12,cup,plate,bridge,seal,Q1,0.544535,0.2,exemplar_knn_k3,13,0.96,0.9196
12,cup,plate,bridge,seal,Q1,0.544535,0.2,logreg,13,0.9733,0.4912
12,cup,plate,bridge,seal,Q1,0.544535,0.2,random,13,0.32,1.2771
12,cup,plate,bridge,seal,Q1,0.544535,0.2,centroid,14,0.96,0.2175
12,cup,plate,bridge,seal,Q1,0.544535,0.2,exemplar_knn_k3,14,0.9333,0.8855
12,cup,plate,bridge,seal,Q1,0.544535,0.2,logreg,14,0.9667,0.435
12,cup,plate,bridge,seal,Q1,0.544535,0.2,random,14,0.3467,1.2904
12,cup,plate,bridge,seal,Q1,0.544535,0.2,centroid,15,0.96,0.2422
12,cup,plate,bridge,seal,Q1,0.544535,0.2,exemplar_knn_k3,15,0.9533,0.8754
12,cup,plate,bridge,seal,Q1,0.544535,0.2,logreg,15,0.9333,0.4676
12,cup,plate,bridge,seal,Q1,0.544535,0.2,random,15,0.3533,1.2109
12,cup,plate,bridge,seal,Q1,0.544535,0.2,centroid,16,0.9667,0.258
12,cup,plate,bridge,seal,Q1,0.544535,0.2,exemplar_knn_k3,16,0.9533,0.9485
12,cup,plate,bridge,seal,Q1,0.544535,0.2,logreg,16,0.9667,0.4938
12,cup,plate,bridge,seal,Q1,0.544535,0.2,random,16,0.3933,1.0646
12,cup,plate,bridge,seal,Q1,0.544535,0.2,centroid,17,0.92,0.2369
12,cup,plate,bridge,seal,Q1,0.544535,0.2,exemplar_knn_k3,17,0.9333,0.9314
12,cup,plate,bridge,seal,Q1,0.544535,0.2,logreg,17,0.8733,0.474
12,cup,plate,bridge,seal,Q1,0.544535,0.2,random,17,0.34,1.2717
12,cup,plate,bridge,seal,Q1,0.544535,0.2,centroid,18,0.9733,0.2319
12,cup,plate,bridge,seal,Q1,0.544535,0.2,exemplar_knn_k3,18,0.9733,0.905
12,cup,plate,bridge,seal,Q1,0.544535,0.2,logreg,18,0.9733,0.469
12,cup,plate,bridge,seal,Q1,0.544535,0.2,random,18,0.3,1.2336
12,cup,plate,bridge,seal,Q1,0.544535,0.2,centroid,19,0.98,0.2641
12,cup,plate,bridge,seal,Q1,0.544535,0.2,exemplar_knn_k3,19,0.9867,1.0262
12,cup,plate,bridge,seal,Q1,0.544535,0.2,logreg,19,0.98,0.5469
12,cup,plate,bridge,seal,Q1,0.544535,0.2,random,19,0.3133,1.2073
12,cup,plate,bridge,seal,Q1,0.544535,0.2,centroid,20,0.9267,0.2477
12,cup,plate,bridge,seal,Q1,0.544535,0.2,exemplar_knn_k3,20,0.94,0.9716
12,cup,plate,bridge,seal,Q1,0.544535,0.2,logreg,20,0.86,0.4905
12,cup,plate,bridge,seal,Q1,0.544535,0.2,random,20,0.3867,1.1689
12,cup,plate,bridge,seal,Q1,0.544535,0.2,centroid,21,0.94,0.2185
12,cup,plate,bridge,seal,Q1,0.544535,0.2,exemplar_knn_k3,21,0.9467,0.9278
12,cup,plate,bridge,seal,Q1,0.544535,0.2,logreg,21,0.94,0.4613
12,cup,plate,bridge,seal,Q1,0.544535,0.2,random,21,0.3533,1.1438
12,cup,plate,bridge,seal,Q1,0.544535,0.2,centroid,22,0.9733,0.2689
12,cup,plate,bridge,seal,Q1,0.544535,0.2,exemplar_knn_k3,22,0.9867,1.0161
12,cup,plate,bridge,seal,Q1,0.544535,0.2,logreg,22,0.9533,0.5329
12,cup,plate,bridge,seal,Q1,0.544535,0.2,random,22,0.26,1.2376
12,cup,plate,bridge,seal,Q1,0.544535,0.2,centroid,23,0.9667,0.2499
12,cup,plate,bridge,seal,Q1,0.544535,0.2,exemplar_knn_k3,23,0.9733,0.9781
12,cup,plate,bridge,seal,Q1,0.544535,0.2,logreg,23,0.96,0.5033
12,cup,plate,bridge,seal,Q1,0.544535,0.2,random,23,0.3133,1.2431
12,cup,plate,bridge,seal,Q1,0.544535,0.2,centroid,24,0.9667,0.2661
12,cup,plate,bridge,seal,Q1,0.544535,0.2,exemplar_knn_k3,24,0.9667,0.9592
12,cup,plate,bridge,seal,Q1,0.544535,0.2,logreg,24,0.9733,0.5296
12,cup,plate,bridge,seal,Q1,0.544535,0.2,random,24,0.2933,1.2183
12,cup,plate,bridge,seal,Q1,0.544535,0.2,centroid,25,0.9467,0.2925
12,cup,plate,bridge,seal,Q1,0.544535,0.2,exemplar_knn_k3,25,0.9467,1.0682
12,cup,plate,bridge,seal,Q1,0.544535,0.2,logreg,25,0.9533,0.5951
12,cup,plate,bridge,seal,Q1,0.544535,0.2,random,25,0.36,1.1671
12,cup,plate,bridge,seal,Q1,0.544535,0.2,centroid,26,0.9667,0.2522
12,cup,plate,bridge,seal,Q1,0.544535,0.2,exemplar_knn_k3,26,0.9533,0.9665
12,cup,plate,bridge,seal,Q1,0.544535,0.2,logreg,26,0.9667,0.5338
12,cup,plate,bridge,seal,Q1,0.544535,0.2,random,26,0.3,1.1791
12,cup,plate,bridge,seal,Q1,0.544535,0.2,centroid,27,0.9867,0.2842
12,cup,plate,bridge,seal,Q1,0.544535,0.2,exemplar_knn_k3,27,0.98,1.0257
12,cup,plate,bridge,seal,Q1,0.544535,0.2,logreg,27,0.9667,0.5663
12,cup,plate,bridge,seal,Q1,0.544535,0.2,random,27,0.3333,1.2147
12,cup,plate,bridge,seal,Q1,0.544535,0.2,centroid,28,0.9533,0.2712
12,cup,plate,bridge,seal,Q1,0.544535,0.2,exemplar_knn_k3,28,0.9667,1.0041
12,cup,plate,bridge,seal,Q1,0.544535,0.2,logreg,28,0.9533,0.538
12,cup,plate,bridge,seal,Q1,0.544535,0.2,random,28,0.3467,1.2965
12,cup,plate,bridge,seal,Q1,0.544535,0.2,centroid,29,0.9733,0.2426
12,cup,plate,bridge,seal,Q1,0.544535,0.2,exemplar_knn_k3,29,0.94,0.8781
12,cup,plate,bridge,seal,Q1,0.544535,0.2,logreg,29,0.96,0.4836
12,cup,plate,bridge,seal,Q1,0.544535,0.2,random,29,0.3067,1.3498
13,house,pickup_truck,dinosaur,shark,Q1,0.463699,0.473684,centroid,0,0.9667,0.3005
13,house,pickup_truck,dinosaur,shark,Q1,0.463699,0.473684,exemplar_knn_k3,0,0.9533,1.1706
13,house,pickup_truck,dinosaur,shark,Q1,0.463699,0.473684,logreg,0,0.96,0.5992
13,house,pickup_truck,dinosaur,shark,Q1,0.463699,0.473684,random,0,0.3267,1.1876
13,house,pickup_truck,dinosaur,shark,Q1,0.463699,0.473684,centroid,1,0.98,0.3102
13,house,pickup_truck,dinosaur,shark,Q1,0.463699,0.473684,exemplar_knn_k3,1,0.9867,1.1893
13,house,pickup_truck,dinosaur,shark,Q1,0.463699,0.473684,logreg,1,0.9867,0.6436
13,house,pickup_truck,dinosaur,shark,Q1,0.463699,0.473684,random,1,0.4,1.194
13,house,pickup_truck,dinosaur,shark,Q1,0.463699,0.473684,centroid,2,0.9467,0.3003
13,house,pickup_truck,dinosaur,shark,Q1,0.463699,0.473684,exemplar_knn_k3,2,0.94,1.1421
13,house,pickup_truck,dinosaur,shark,Q1,0.463699,0.473684,logreg,2,0.9333,0.599
13,house,pickup_truck,dinosaur,shark,Q1,0.463699,0.473684,random,2,0.3467,1.2678
13,house,pickup_truck,dinosaur,shark,Q1,0.463699,0.473684,centroid,3,0.94,0.2545
13,house,pickup_truck,dinosaur,shark,Q1,0.463699,0.473684,exemplar_knn_k3,3,0.9267,1.0214
13,house,pickup_truck,dinosaur,shark,Q1,0.463699,0.473684,logreg,3,0.9533,0.5393
13,house,pickup_truck,dinosaur,shark,Q1,0.463699,0.473684,random,3,0.3733,1.16
13,house,pickup_truck,dinosaur,shark,Q1,0.463699,0.473684,centroid,4,0.9333,0.256
13,house,pickup_truck,dinosaur,shark,Q1,0.463699,0.473684,exemplar_knn_k3,4,0.9333,0.9483
13,house,pickup_truck,dinosaur,shark,Q1,0.463699,0.473684,logreg,4,0.9,0.5123
13,house,pickup_truck,dinosaur,shark,Q1,0.463699,0.473684,random,4,0.3467,1.2327
13,house,pickup_truck,dinosaur,shark,Q1,0.463699,0.473684,centroid,5,0.9533,0.2934
13,house,pickup_truck,dinosaur,shark,Q1,0.463699,0.473684,exemplar_knn_k3,5,0.9467,1.156
13,house,pickup_truck,dinosaur,shark,Q1,0.463699,0.473684,logreg,5,0.9867,0.6111
13,house,pickup_truck,dinosaur,shark,Q1,0.463699,0.473684,random,5,0.3,1.1011
13,house,pickup_truck,dinosaur,shark,Q1,0.463699,0.473684,centroid,6,0.98,0.2981
13,house,pickup_truck,dinosaur,shark,Q1,0.463699,0.473684,exemplar_knn_k3,6,0.98,1.1562
13,house,pickup_truck,dinosaur,shark,Q1,0.463699,0.473684,logreg,6,0.9733,0.6019
13,house,pickup_truck,dinosaur,shark,Q1,0.463699,0.473684,random,6,0.3467,1.3456
13,house,pickup_truck,dinosaur,shark,Q1,0.463699,0.473684,centroid,7,0.96,0.2961
13,house,pickup_truck,dinosaur,shark,Q1,0.463699,0.473684,exemplar_knn_k3,7,0.9667,1.1322
13,house,pickup_truck,dinosaur,shark,Q1,0.463699,0.473684,logreg,7,0.9467,0.5781
13,house,pickup_truck,dinosaur,shark,Q1,0.463699,0.473684,random,7,0.36,1.0344
13,house,pickup_truck,dinosaur,shark,Q1,0.463699,0.473684,centroid,8,0.98,0.2665
13,house,pickup_truck,dinosaur,shark,Q1,0.463699,0.473684,exemplar_knn_k3,8,0.98,1.0487
13,house,pickup_truck,dinosaur,shark,Q1,0.463699,0.473684,logreg,8,0.9667,0.5414
13,house,pickup_truck,dinosaur,shark,Q1,0.463699,0.473684,random,8,0.3333,1.1611
13,house,pickup_truck,dinosaur,shark,Q1,0.463699,0.473684,centroid,9,0.9867,0.309
13,house,pickup_truck,dinosaur,shark,Q1,0.463699,0.473684,exemplar_knn_k3,9,0.9733,1.2089
13,house,pickup_truck,dinosaur,shark,Q1,0.463699,0.473684,logreg,9,0.9867,0.6444
13,house,pickup_truck,dinosaur,shark,Q1,0.463699,0.473684,random,9,0.26,1.0278
13,house,pickup_truck,dinosaur,shark,Q1,0.463699,0.473684,centroid,10,0.9533,0.2838
13,house,pickup_truck,dinosaur,shark,Q1,0.463699,0.473684,exemplar_knn_k3,10,0.98,1.0999
13,house,pickup_truck,dinosaur,shark,Q1,0.463699,0.473684,logreg,10,0.9133,0.5729
13,house,pickup_truck,dinosaur,shark,Q1,0.463699,0.473684,random,10,0.34,1.2921
13,house,pickup_truck,dinosaur,shark,Q1,0.463699,0.473684,centroid,11,0.9667,0.3107
13,house,pickup_truck,dinosaur,shark,Q1,0.463699,0.473684,exemplar_knn_k3,11,0.96,1.1908
13,house,pickup_truck,dinosaur,shark,Q1,0.463699,0.473684,logreg,11,0.9467,0.6342
13,house,pickup_truck,dinosaur,shark,Q1,0.463699,0.473684,random,11,0.3333,1.2603
13,house,pickup_truck,dinosaur,shark,Q1,0.463699,0.473684,centroid,12,0.9533,0.2961
13,house,pickup_truck,dinosaur,shark,Q1,0.463699,0.473684,exemplar_knn_k3,12,0.9533,1.2079
13,house,pickup_truck,dinosaur,shark,Q1,0.463699,0.473684,logreg,12,0.9467,0.6029
13,house,pickup_truck,dinosaur,shark,Q1,0.463699,0.473684,random,12,0.28,1.2212
13,house,pickup_truck,dinosaur,shark,Q1,0.463699,0.473684,centroid,13,0.9667,0.2749
13,house,pickup_truck,dinosaur,shark,Q1,0.463699,0.473684,exemplar_knn_k3,13,0.98,1.1058
13,house,pickup_truck,dinosaur,shark,Q1,0.463699,0.473684,logreg,13,0.9733,0.5821
13,house,pickup_truck,dinosaur,shark,Q1,0.463699,0.473684,random,13,0.3733,1.0865
13,house,pickup_truck,dinosaur,shark,Q1,0.463699,0.473684,centroid,14,0.9933,0.2812
13,house,pickup_truck,dinosaur,shark,Q1,0.463699,0.473684,exemplar_knn_k3,14,0.9867,1.16
13,house,pickup_truck,dinosaur,shark,Q1,0.463699,0.473684,logreg,14,0.9933,0.5975
13,house,pickup_truck,dinosaur,shark,Q1,0.463699,0.473684,random,14,0.38,1.2012
13,house,pickup_truck,dinosaur,shark,Q1,0.463699,0.473684,centroid,15,0.9533,0.2982
13,house,pickup_truck,dinosaur,shark,Q1,0.463699,0.473684,exemplar_knn_k3,15,0.94,1.1704
13,house,pickup_truck,dinosaur,shark,Q1,0.463699,0.473684,logreg,15,0.9467,0.6235
13,house,pickup_truck,dinosaur,shark,Q1,0.463699,0.473684,random,15,0.3733,1.112
13,house,pickup_truck,dinosaur,shark,Q1,0.463699,0.473684,centroid,16,0.9733,0.298
13,house,pickup_truck,dinosaur,shark,Q1,0.463699,0.473684,exemplar_knn_k3,16,0.9533,1.1027
13,house,pickup_truck,dinosaur,shark,Q1,0.463699,0.473684,logreg,16,0.9533,0.6188
13,house,pickup_truck,dinosaur,shark,Q1,0.463699,0.473684,random,16,0.32,1.1252
13,house,pickup_truck,dinosaur,shark,Q1,0.463699,0.473684,centroid,17,0.9467,0.2905
13,house,pickup_truck,dinosaur,shark,Q1,0.463699,0.473684,exemplar_knn_k3,17,0.9333,1.1561
13,house,pickup_truck,dinosaur,shark,Q1,0.463699,0.473684,logreg,17,0.94,0.6053
13,house,pickup_truck,dinosaur,shark,Q1,0.463699,0.473684,random,17,0.34,1.2033
13,house,pickup_truck,dinosaur,shark,Q1,0.463699,0.473684,centroid,18,0.9333,0.3069
13,house,pickup_truck,dinosaur,shark,Q1,0.463699,0.473684,exemplar_knn_k3,18,0.9533,1.1843
13,house,pickup_truck,dinosaur,shark,Q1,0.463699,0.473684,logreg,18,0.9267,0.6167
13,house,pickup_truck,dinosaur,shark,Q1,0.463699,0.473684,random,18,0.3533,1.2094
13,house,pickup_truck,dinosaur,shark,Q1,0.463699,0.473684,centroid,19,0.98,0.2804
13,house,pickup_truck,dinosaur,shark,Q1,0.463699,0.473684,exemplar_knn_k3,19,0.9667,1.1414
13,house,pickup_truck,dinosaur,shark,Q1,0.463699,0.473684,logreg,19,0.9867,0.5672
13,house,pickup_truck,dinosaur,shark,Q1,0.463699,0.473684,random,19,0.32,1.1919
13,house,pickup_truck,dinosaur,shark,Q1,0.463699,0.473684,centroid,20,0.96,0.2815
13,house,pickup_truck,dinosaur,shark,Q1,0.463699,0.473684,exemplar_knn_k3,20,0.94,1.0751
13,house,pickup_truck,dinosaur,shark,Q1,0.463699,0.473684,logreg,20,0.9267,0.5829
13,house,pickup_truck,dinosaur,shark,Q1,0.463699,0.473684,random,20,0.3,1.2767
13,house,pickup_truck,dinosaur,shark,Q1,0.463699,0.473684,centroid,21,0.9267,0.2929
13,house,pickup_truck,dinosaur,shark,Q1,0.463699,0.473684,exemplar_knn_k3,21,0.9267,1.1103
13,house,pickup_truck,dinosaur,shark,Q1,0.463699,0.473684,logreg,21,0.8933,0.594
13,house,pickup_truck,dinosaur,shark,Q1,0.463699,0.473684,random,21,0.3,1.2325
13,house,pickup_truck,dinosaur,shark,Q1,0.463699,0.473684,centroid,22,0.94,0.2837
13,house,pickup_truck,dinosaur,shark,Q1,0.463699,0.473684,exemplar_knn_k3,22,0.94,1.158
13,house,pickup_truck,dinosaur,shark,Q1,0.463699,0.473684,logreg,22,0.94,0.5858
13,house,pickup_truck,dinosaur,shark,Q1,0.463699,0.473684,random,22,0.32,1.1589
13,house,pickup_truck,dinosaur,shark,Q1,0.463699,0.473684,centroid,23,0.9267,0.2611
13,house,pickup_truck,dinosaur,shark,Q1,0.463699,0.473684,exemplar_knn_k3,23,0.9333,1.059
13,house,pickup_truck,dinosaur,shark,Q1,0.463699,0.473684,logreg,23,0.92,0.5419
13,house,pickup_truck,dinosaur,shark,Q1,0.463699,0.473684,random,23,0.36,1.1838
13,house,pickup_truck,dinosaur,shark,Q1,0.463699,0.473684,centroid,24,0.96,0.3257
13,house,pickup_truck,dinosaur,shark,Q1,0.463699,0.473684,exemplar_knn_k3,24,0.9533,1.2177
13,house,pickup_truck,dinosaur,shark,Q1,0.463699,0.473684,logreg,24,0.96,0.6564
13,house,pickup_truck,dinosaur,shark,Q1,0.463699,0.473684,random,24,0.36,1.3237
13,house,pickup_truck,dinosaur,shark,Q1,0.463699,0.473684,centroid,25,0.96,0.2903
13,house,pickup_truck,dinosaur,shark,Q1,0.463699,0.473684,exemplar_knn_k3,25,0.9467,1.1733
13,house,pickup_truck,dinosaur,shark,Q1,0.463699,0.473684,logreg,25,0.94,0.5967
13,house,pickup_truck,dinosaur,shark,Q1,0.463699,0.473684,random,25,0.38,1.2346
13,house,pickup_truck,dinosaur,shark,Q1,0.463699,0.473684,centroid,26,0.9467,0.2952
13,house,pickup_truck,dinosaur,shark,Q1,0.463699,0.473684,exemplar_knn_k3,26,0.9533,1.2432
13,house,pickup_truck,dinosaur,shark,Q1,0.463699,0.473684,logreg,26,0.96,0.621
13,house,pickup_truck,dinosaur,shark,Q1,0.463699,0.473684,random,26,0.34,1.3235
13,house,pickup_truck,dinosaur,shark,Q1,0.463699,0.473684,centroid,27,0.9733,0.2956
13,house,pickup_truck,dinosaur,shark,Q1,0.463699,0.473684,exemplar_knn_k3,27,0.9733,1.1571
13,house,pickup_truck,dinosaur,shark,Q1,0.463699,0.473684,logreg,27,0.94,0.5943
13,house,pickup_truck,dinosaur,shark,Q1,0.463699,0.473684,random,27,0.3133,1.1482
13,house,pickup_truck,dinosaur,shark,Q1,0.463699,0.473684,centroid,28,0.94,0.2736
13,house,pickup_truck,dinosaur,shark,Q1,0.463699,0.473684,exemplar_knn_k3,28,0.9533,1.0794
13,house,pickup_truck,dinosaur,shark,Q1,0.463699,0.473684,logreg,28,0.96,0.5805
13,house,pickup_truck,dinosaur,shark,Q1,0.463699,0.473684,random,28,0.3867,1.1995
13,house,pickup_truck,dinosaur,shark,Q1,0.463699,0.473684,centroid,29,0.9267,0.3115
13,house,pickup_truck,dinosaur,shark,Q1,0.463699,0.473684,exemplar_knn_k3,29,0.92,1.1626
13,house,pickup_truck,dinosaur,shark,Q1,0.463699,0.473684,logreg,29,0.9267,0.6196
13,house,pickup_truck,dinosaur,shark,Q1,0.463699,0.473684,random,29,0.36,1.1843
14,lamp,shrew,camel,trout,Q1,0.701458,0.6,centroid,0,0.8133,0.3048
14,lamp,shrew,camel,trout,Q1,0.701458,0.6,exemplar_knn_k3,0,0.8067,1.1557
14,lamp,shrew,camel,trout,Q1,0.701458,0.6,logreg,0,0.82,0.6128
14,lamp,shrew,camel,trout,Q1,0.701458,0.6,random,0,0.3133,1.265
14,lamp,shrew,camel,trout,Q1,0.701458,0.6,centroid,1,0.8067,0.2365
14,lamp,shrew,camel,trout,Q1,0.701458,0.6,exemplar_knn_k3,1,0.8,0.9374
14,lamp,shrew,camel,trout,Q1,0.701458,0.6,logreg,1,0.8,0.508
14,lamp,shrew,camel,trout,Q1,0.701458,0.6,random,1,0.3333,1.2278
14,lamp,shrew,camel,trout,Q1,0.701458,0.6,centroid,2,0.8067,0.2692
14,lamp,shrew,camel,trout,Q1,0.701458,0.6,exemplar_knn_k3,2,0.7867,0.9482
14,lamp,shrew,camel,trout,Q1,0.701458,0.6,logreg,2,0.8067,0.5565
14,lamp,shrew,camel,trout,Q1,0.701458,0.6,random,2,0.3733,1.1538
14,lamp,shrew,camel,trout,Q1,0.701458,0.6,centroid,3,0.82,0.2072
14,lamp,shrew,camel,trout,Q1,0.701458,0.6,exemplar_knn_k3,3,0.8467,0.8265
14,lamp,shrew,camel,trout,Q1,0.701458,0.6,logreg,3,0.8467,0.4438
14,lamp,shrew,camel,trout,Q1,0.701458,0.6,random,3,0.3533,1.0871
14,lamp,shrew,camel,trout,Q1,0.701458,0.6,centroid,4,0.8,0.2921
14,lamp,shrew,camel,trout,Q1,0.701458,0.6,exemplar_knn_k3,4,0.7867,1.077
14,lamp,shrew,camel,trout,Q1,0.701458,0.6,logreg,4,0.86,0.5553
14,lamp,shrew,camel,trout,Q1,0.701458,0.6,random,4,0.3333,1.1855
14,lamp,shrew,camel,trout,Q1,0.701458,0.6,centroid,5,0.8,0.2668
14,lamp,shrew,camel,trout,Q1,0.701458,0.6,exemplar_knn_k3,5,0.78,1.0736
14,lamp,shrew,camel,trout,Q1,0.701458,0.6,logreg,5,0.7933,0.5169
14,lamp,shrew,camel,trout,Q1,0.701458,0.6,random,5,0.3133,1.1364
14,lamp,shrew,camel,trout,Q1,0.701458,0.6,centroid,6,0.8533,0.2315
14,lamp,shrew,camel,trout,Q1,0.701458,0.6,exemplar_knn_k3,6,0.8333,1.0361
14,lamp,shrew,camel,trout,Q1,0.701458,0.6,logreg,6,0.86,0.4957
14,lamp,shrew,camel,trout,Q1,0.701458,0.6,random,6,0.28,1.36
14,lamp,shrew,camel,trout,Q1,0.701458,0.6,centroid,7,0.8133,0.2921
14,lamp,shrew,camel,trout,Q1,0.701458,0.6,exemplar_knn_k3,7,0.8133,1.0784
14,lamp,shrew,camel,trout,Q1,0.701458,0.6,logreg,7,0.8133,0.5742
14,lamp,shrew,camel,trout,Q1,0.701458,0.6,random,7,0.3133,1.1037
14,lamp,shrew,camel,trout,Q1,0.701458,0.6,centroid,8,0.8,0.3078
14,lamp,shrew,camel,trout,Q1,0.701458,0.6,exemplar_knn_k3,8,0.7933,1.1003
14,lamp,shrew,camel,trout,Q1,0.701458,0.6,logreg,8,0.8067,0.591
14,lamp,shrew,camel,trout,Q1,0.701458,0.6,random,8,0.3267,1.2597
14,lamp,shrew,camel,trout,Q1,0.701458,0.6,centroid,9,0.84,0.2336
14,lamp,shrew,camel,trout,Q1,0.701458,0.6,exemplar_knn_k3,9,0.8,0.9705
14,lamp,shrew,camel,trout,Q1,0.701458,0.6,logreg,9,0.8533,0.4914
14,lamp,shrew,camel,trout,Q1,0.701458,0.6,random,9,0.32,1.1478
14,lamp,shrew,camel,trout,Q1,0.701458,0.6,centroid,10,0.8267,0.2126
14,lamp,shrew,camel,trout,Q1,0.701458,0.6,exemplar_knn_k3,10,0.8,0.8848
14,lamp,shrew,camel,trout,Q1,0.701458,0.6,logreg,10,0.8133,0.4732
14,lamp,shrew,camel,trout,Q1,0.701458,0.6,random,10,0.2867,1.1881
14,lamp,shrew,camel,trout,Q1,0.701458,0.6,centroid,11,0.8333,0.2565
14,lamp,shrew,camel,trout,Q1,0.701458,0.6,exemplar_knn_k3,11,0.7933,0.9816
14,lamp,shrew,camel,trout,Q1,0.701458,0.6,logreg,11,0.8867,0.4858
14,lamp,shrew,camel,trout,Q1,0.701458,0.6,random,11,0.3267,1.2191
14,lamp,shrew,camel,trout,Q1,0.701458,0.6,centroid,12,0.8267,0.2341
14,lamp,shrew,camel,trout,Q1,0.701458,0.6,exemplar_knn_k3,12,0.84,1.0266
14,lamp,shrew,camel,trout,Q1,0.701458,0.6,logreg,12,0.82,0.5144
14,lamp,shrew,camel,trout,Q1,0.701458,0.6,random,12,0.34,1.2429
14,lamp,shrew,camel,trout,Q1,0.701458,0.6,centroid,13,0.8467,0.2268
14,lamp,shrew,camel,trout,Q1,0.701458,0.6,exemplar_knn_k3,13,0.86,0.9922
14,lamp,shrew,camel,trout,Q1,0.701458,0.6,logreg,13,0.84,0.4972
14,lamp,shrew,camel,trout,Q1,0.701458,0.6,random,13,0.3,1.4462
14,lamp,shrew,camel,trout,Q1,0.701458,0.6,centroid,14,0.82,0.2344
14,lamp,shrew,camel,trout,Q1,0.701458,0.6,exemplar_knn_k3,14,0.8267,0.9874
14,lamp,shrew,camel,trout,Q1,0.701458,0.6,logreg,14,0.8133,0.4895
14,lamp,shrew,camel,trout,Q1,0.701458,0.6,random,14,0.2867,1.2998
14,lamp,shrew,camel,trout,Q1,0.701458,0.6,centroid,15,0.8067,0.2864
14,lamp,shrew,camel,trout,Q1,0.701458,0.6,exemplar_knn_k3,15,0.8067,1.0811
14,lamp,shrew,camel,trout,Q1,0.701458,0.6,logreg,15,0.8133,0.5748
14,lamp,shrew,camel,trout,Q1,0.701458,0.6,random,15,0.3333,1.2944
14,lamp,shrew,camel,trout,Q1,0.701458,0.6,centroid,16,0.8067,0.3137
14,lamp,shrew,camel,trout,Q1,0.701458,0.6,exemplar_knn_k3,16,0.8,1.0926
14,lamp,shrew,camel,trout,Q1,0.701458,0.6,logreg,16,0.8067,0.6209
14,lamp,shrew,camel,trout,Q1,0.701458,0.6,random,16,0.3333,1.1984
14,lamp,shrew,camel,trout,Q1,0.701458,0.6,centroid,17,0.8067,0.2626
14,lamp,shrew,camel,trout,Q1,0.701458,0.6,exemplar_knn_k3,17,0.7933,0.9753
14,lamp,shrew,camel,trout,Q1,0.701458,0.6,logreg,17,0.84,0.5058
14,lamp,shrew,camel,trout,Q1,0.701458,0.6,random,17,0.3267,1.2558
14,lamp,shrew,camel,trout,Q1,0.701458,0.6,centroid,18,0.8,0.2569
14,lamp,shrew,camel,trout,Q1,0.701458,0.6,exemplar_knn_k3,18,0.8067,1.1149
14,lamp,shrew,camel,trout,Q1,0.701458,0.6,logreg,18,0.8067,0.5511
14,lamp,shrew,camel,trout,Q1,0.701458,0.6,random,18,0.34,1.1864
14,lamp,shrew,camel,trout,Q1,0.701458,0.6,centroid,19,0.8267,0.2296
14,lamp,shrew,camel,trout,Q1,0.701458,0.6,exemplar_knn_k3,19,0.8267,0.955
14,lamp,shrew,camel,trout,Q1,0.701458,0.6,logreg,19,0.84,0.4743
14,lamp,shrew,camel,trout,Q1,0.701458,0.6,random,19,0.3333,1.2337
14,lamp,shrew,camel,trout,Q1,0.701458,0.6,centroid,20,0.8067,0.288
14,lamp,shrew,camel,trout,Q1,0.701458,0.6,exemplar_knn_k3,20,0.8067,1.0469
14,lamp,shrew,camel,trout,Q1,0.701458,0.6,logreg,20,0.8067,0.5847
14,lamp,shrew,camel,trout,Q1,0.701458,0.6,random,20,0.3667,1.4052
14,lamp,shrew,camel,trout,Q1,0.701458,0.6,centroid,21,0.8867,0.2465
14,lamp,shrew,camel,trout,Q1,0.701458,0.6,exemplar_knn_k3,21,0.88,1.0118
14,lamp,shrew,camel,trout,Q1,0.701458,0.6,logreg,21,0.8333,0.5255
14,lamp,shrew,camel,trout,Q1,0.701458,0.6,random,21,0.3467,1.2576
14,lamp,shrew,camel,trout,Q1,0.701458,0.6,centroid,22,0.8,0.3037
14,lamp,shrew,camel,trout,Q1,0.701458,0.6,exemplar_knn_k3,22,0.7933,1.0856
14,lamp,shrew,camel,trout,Q1,0.701458,0.6,logreg,22,0.7933,0.5941
14,lamp,shrew,camel,trout,Q1,0.701458,0.6,random,22,0.3133,1.0595
14,lamp,shrew,camel,trout,Q1,0.701458,0.6,centroid,23,0.8133,0.291
14,lamp,shrew,camel,trout,Q1,0.701458,0.6,exemplar_knn_k3,23,0.82,1.0565
14,lamp,shrew,camel,trout,Q1,0.701458,0.6,logreg,23,0.8333,0.5683
14,lamp,shrew,camel,trout,Q1,0.701458,0.6,random,23,0.3533,1.1448
14,lamp,shrew,camel,trout,Q1,0.701458,0.6,centroid,24,0.8133,0.2829
14,lamp,shrew,camel,trout,Q1,0.701458,0.6,exemplar_knn_k3,24,0.8133,1.0222
14,lamp,shrew,camel,trout,Q1,0.701458,0.6,logreg,24,0.8333,0.5477
14,lamp,shrew,camel,trout,Q1,0.701458,0.6,random,24,0.26,1.2764
14,lamp,shrew,camel,trout,Q1,0.701458,0.6,centroid,25,0.8067,0.3203
14,lamp,shrew,camel,trout,Q1,0.701458,0.6,exemplar_knn_k3,25,0.8,1.1908
14,lamp,shrew,camel,trout,Q1,0.701458,0.6,logreg,25,0.8133,0.6502
14,lamp,shrew,camel,trout,Q1,0.701458,0.6,random,25,0.3067,1.274
14,lamp,shrew,camel,trout,Q1,0.701458,0.6,centroid,26,0.7733,0.2791
14,lamp,shrew,camel,trout,Q1,0.701458,0.6,exemplar_knn_k3,26,0.7733,1.0746
14,lamp,shrew,camel,trout,Q1,0.701458,0.6,logreg,26,0.7733,0.5696
14,lamp,shrew,camel,trout,Q1,0.701458,0.6,random,26,0.3133,1.1023
14,lamp,shrew,camel,trout,Q1,0.701458,0.6,centroid,27,0.7933,0.3083
14,lamp,shrew,camel,trout,Q1,0.701458,0.6,exemplar_knn_k3,27,0.7867,1.1023
14,lamp,shrew,camel,trout,Q1,0.701458,0.6,logreg,27,0.7933,0.6252
14,lamp,shrew,camel,trout,Q1,0.701458,0.6,random,27,0.38,1.0657
14,lamp,shrew,camel,trout,Q1,0.701458,0.6,centroid,28,0.8067,0.2308
14,lamp,shrew,camel,trout,Q1,0.701458,0.6,exemplar_knn_k3,28,0.8,1.0342
14,lamp,shrew,camel,trout,Q1,0.701458,0.6,logreg,28,0.8067,0.4991
14,lamp,shrew,camel,trout,Q1,0.701458,0.6,random,28,0.3667,1.177
14,lamp,shrew,camel,trout,Q1,0.701458,0.6,centroid,29,0.8067,0.2971
14,lamp,shrew,camel,trout,Q1,0.701458,0.6,exemplar_knn_k3,29,0.8,1.1709
14,lamp,shrew,camel,trout,Q1,0.701458,0.6,logreg,29,0.8,0.577
14,lamp,shrew,camel,trout,Q1,0.701458,0.6,random,29,0.2933,1.1556
15,lion,rabbit,elephant,sweet_pepper,Q1,0.553107,0.241379,centroid,0,0.9267,0.2925
15,lion,rabbit,elephant,sweet_pepper,Q1,0.553107,0.241379,exemplar_knn_k3,0,0.9533,1.2473
15,lion,rabbit,elephant,sweet_pepper,Q1,0.553107,0.241379,logreg,0,0.92,0.6139
15,lion,rabbit,elephant,sweet_pepper,Q1,0.553107,0.241379,random,0,0.3667,1.4193
15,lion,rabbit,elephant,sweet_pepper,Q1,0.553107,0.241379,centroid,1,0.9267,0.3638
15,lion,rabbit,elephant,sweet_pepper,Q1,0.553107,0.241379,exemplar_knn_k3,1,0.8933,1.2779
15,lion,rabbit,elephant,sweet_pepper,Q1,0.553107,0.241379,logreg,1,0.9467,0.7383
15,lion,rabbit,elephant,sweet_pepper,Q1,0.553107,0.241379,random,1,0.3133,1.2192
15,lion,rabbit,elephant,sweet_pepper,Q1,0.553107,0.241379,centroid,2,0.9333,0.3415
15,lion,rabbit,elephant,sweet_pepper,Q1,0.553107,0.241379,exemplar_knn_k3,2,0.94,1.3133
15,lion,rabbit,elephant,sweet_pepper,Q1,0.553107,0.241379,logreg,2,0.9067,0.7152
15,lion,rabbit,elephant,sweet_pepper,Q1,0.553107,0.241379,random,2,0.3533,1.2976
15,lion,rabbit,elephant,sweet_pepper,Q1,0.553107,0.241379,centroid,3,0.9,0.3112
15,lion,rabbit,elephant,sweet_pepper,Q1,0.553107,0.241379,exemplar_knn_k3,3,0.8933,1.2626
15,lion,rabbit,elephant,sweet_pepper,Q1,0.553107,0.241379,logreg,3,0.94,0.6444
15,lion,rabbit,elephant,sweet_pepper,Q1,0.553107,0.241379,random,3,0.3333,1.3122
15,lion,rabbit,elephant,sweet_pepper,Q1,0.553107,0.241379,centroid,4,0.9067,0.2705
15,lion,rabbit,elephant,sweet_pepper,Q1,0.553107,0.241379,exemplar_knn_k3,4,0.8933,1.1837
15,lion,rabbit,elephant,sweet_pepper,Q1,0.553107,0.241379,logreg,4,0.9267,0.5639
15,lion,rabbit,elephant,sweet_pepper,Q1,0.553107,0.241379,random,4,0.3,1.1487
15,lion,rabbit,elephant,sweet_pepper,Q1,0.553107,0.241379,centroid,5,0.8333,0.3552
15,lion,rabbit,elephant,sweet_pepper,Q1,0.553107,0.241379,exemplar_knn_k3,5,0.8467,1.3142
15,lion,rabbit,elephant,sweet_pepper,Q1,0.553107,0.241379,logreg,5,0.8267,0.7411
15,lion,rabbit,elephant,sweet_pepper,Q1,0.553107,0.241379,random,5,0.3667,1.2444
15,lion,rabbit,elephant,sweet_pepper,Q1,0.553107,0.241379,centroid,6,0.88,0.3079
15,lion,rabbit,elephant,sweet_pepper,Q1,0.553107,0.241379,exemplar_knn_k3,6,0.88,1.1985
15,lion,rabbit,elephant,sweet_pepper,Q1,0.553107,0.241379,logreg,6,0.8867,0.6034
15,lion,rabbit,elephant,sweet_pepper,Q1,0.553107,0.241379,random,6,0.3067,1.3224
15,lion,rabbit,elephant,sweet_pepper,Q1,0.553107,0.241379,centroid,7,0.88,0.2903
15,lion,rabbit,elephant,sweet_pepper,Q1,0.553107,0.241379,exemplar_knn_k3,7,0.86,1.1877
15,lion,rabbit,elephant,sweet_pepper,Q1,0.553107,0.241379,logreg,7,0.84,0.6451
15,lion,rabbit,elephant,sweet_pepper,Q1,0.553107,0.241379,random,7,0.3733,1.107
15,lion,rabbit,elephant,sweet_pepper,Q1,0.553107,0.241379,centroid,8,0.9267,0.3308
15,lion,rabbit,elephant,sweet_pepper,Q1,0.553107,0.241379,exemplar_knn_k3,8,0.9133,1.2957
15,lion,rabbit,elephant,sweet_pepper,Q1,0.553107,0.241379,logreg,8,0.94,0.681
15,lion,rabbit,elephant,sweet_pepper,Q1,0.553107,0.241379,random,8,0.28,1.1388
15,lion,rabbit,elephant,sweet_pepper,Q1,0.553107,0.241379,centroid,9,0.8267,0.318
15,lion,rabbit,elephant,sweet_pepper,Q1,0.553107,0.241379,exemplar_knn_k3,9,0.8267,1.1849
15,lion,rabbit,elephant,sweet_pepper,Q1,0.553107,0.241379,logreg,9,0.8333,0.6547
15,lion,rabbit,elephant,sweet_pepper,Q1,0.553107,0.241379,random,9,0.3533,1.2556
15,lion,rabbit,elephant,sweet_pepper,Q1,0.553107,0.241379,centroid,10,0.8733,0.3118
15,lion,rabbit,elephant,sweet_pepper,Q1,0.553107,0.241379,exemplar_knn_k3,10,0.8333,1.2162
15,lion,rabbit,elephant,sweet_pepper,Q1,0.553107,0.241379,logreg,10,0.9267,0.6046
15,lion,rabbit,elephant,sweet_pepper,Q1,0.553107,0.241379,random,10,0.34,1.1405
15,lion,rabbit,elephant,sweet_pepper,Q1,0.553107,0.241379,centroid,11,0.8933,0.3461
15,lion,rabbit,elephant,sweet_pepper,Q1,0.553107,0.241379,exemplar_knn_k3,11,0.8867,1.3779
15,lion,rabbit,elephant,sweet_pepper,Q1,0.553107,0.241379,logreg,11,0.9133,0.7226
15,lion,rabbit,elephant,sweet_pepper,Q1,0.553107,0.241379,random,11,0.2733,1.2732
15,lion,rabbit,elephant,sweet_pepper,Q1,0.553107,0.241379,centroid,12,0.94,0.3422
15,lion,rabbit,elephant,sweet_pepper,Q1,0.553107,0.241379,exemplar_knn_k3,12,0.9067,1.1558
15,lion,rabbit,elephant,sweet_pepper,Q1,0.553107,0.241379,logreg,12,0.9467,0.6574
15,lion,rabbit,elephant,sweet_pepper,Q1,0.553107,0.241379,random,12,0.3,1.0213
15,lion,rabbit,elephant,sweet_pepper,Q1,0.553107,0.241379,centroid,13,0.8467,0.2828
15,lion,rabbit,elephant,sweet_pepper,Q1,0.553107,0.241379,exemplar_knn_k3,13,0.8333,1.0782
15,lion,rabbit,elephant,sweet_pepper,Q1,0.553107,0.241379,logreg,13,0.8867,0.5803
15,lion,rabbit,elephant,sweet_pepper,Q1,0.553107,0.241379,random,13,0.38,1.2453
15,lion,rabbit,elephant,sweet_pepper,Q1,0.553107,0.241379,centroid,14,0.82,0.285
15,lion,rabbit,elephant,sweet_pepper,Q1,0.553107,0.241379,exemplar_knn_k3,14,0.7933,1.1094
15,lion,rabbit,elephant,sweet_pepper,Q1,0.553107,0.241379,logreg,14,0.84,0.5714
15,lion,rabbit,elephant,sweet_pepper,Q1,0.553107,0.241379,random,14,0.3267,1.1988
15,lion,rabbit,elephant,sweet_pepper,Q1,0.553107,0.241379,centroid,15,0.9,0.3061
15,lion,rabbit,elephant,sweet_pepper,Q1,0.553107,0.241379,exemplar_knn_k3,15,0.9133,1.1764
15,lion,rabbit,elephant,sweet_pepper,Q1,0.553107,0.241379,logreg,15,0.8533,0.6769
15,lion,rabbit,elephant,sweet_pepper,Q1,0.553107,0.241379,random,15,0.3267,1.0919
15,lion,rabbit,elephant,sweet_pepper,Q1,0.553107,0.241379,centroid,16,0.8667,0.3055
15,lion,rabbit,elephant,sweet_pepper,Q1,0.553107,0.241379,exemplar_knn_k3,16,0.86,1.2106
15,lion,rabbit,elephant,sweet_pepper,Q1,0.553107,0.241379,logreg,16,0.82,0.6833
15,lion,rabbit,elephant,sweet_pepper,Q1,0.553107,0.241379,random,16,0.3933,1.1918
15,lion,rabbit,elephant,sweet_pepper,Q1,0.553107,0.241379,centroid,17,0.8933,0.3163
15,lion,rabbit,elephant,sweet_pepper,Q1,0.553107,0.241379,exemplar_knn_k3,17,0.8733,1.2927
15,lion,rabbit,elephant,sweet_pepper,Q1,0.553107,0.241379,logreg,17,0.88,0.6775
15,lion,rabbit,elephant,sweet_pepper,Q1,0.553107,0.241379,random,17,0.3067,1.1847
15,lion,rabbit,elephant,sweet_pepper,Q1,0.553107,0.241379,centroid,18,0.9733,0.3491
15,lion,rabbit,elephant,sweet_pepper,Q1,0.553107,0.241379,exemplar_knn_k3,18,0.9333,1.2575
15,lion,rabbit,elephant,sweet_pepper,Q1,0.553107,0.241379,logreg,18,0.9933,0.6848
15,lion,rabbit,elephant,sweet_pepper,Q1,0.553107,0.241379,random,18,0.32,1.2481
15,lion,rabbit,elephant,sweet_pepper,Q1,0.553107,0.241379,centroid,19,0.9333,0.3284
15,lion,rabbit,elephant,sweet_pepper,Q1,0.553107,0.241379,exemplar_knn_k3,19,0.92,1.2579
15,lion,rabbit,elephant,sweet_pepper,Q1,0.553107,0.241379,logreg,19,0.98,0.651
15,lion,rabbit,elephant,sweet_pepper,Q1,0.553107,0.241379,random,19,0.3533,1.2318
15,lion,rabbit,elephant,sweet_pepper,Q1,0.553107,0.241379,centroid,20,0.8867,0.2899
15,lion,rabbit,elephant,sweet_pepper,Q1,0.553107,0.241379,exemplar_knn_k3,20,0.8933,1.0345
15,lion,rabbit,elephant,sweet_pepper,Q1,0.553107,0.241379,logreg,20,0.88,0.6172
15,lion,rabbit,elephant,sweet_pepper,Q1,0.553107,0.241379,random,20,0.2933,1.3091
15,lion,rabbit,elephant,sweet_pepper,Q1,0.553107,0.241379,centroid,21,0.8467,0.3243
15,lion,rabbit,elephant,sweet_pepper,Q1,0.553107,0.241379,exemplar_knn_k3,21,0.8067,1.2462
15,lion,rabbit,elephant,sweet_pepper,Q1,0.553107,0.241379,logreg,21,0.9067,0.645
15,lion,rabbit,elephant,sweet_pepper,Q1,0.553107,0.241379,random,21,0.32,1.0951
15,lion,rabbit,elephant,sweet_pepper,Q1,0.553107,0.241379,centroid,22,0.92,0.3038
15,lion,rabbit,elephant,sweet_pepper,Q1,0.553107,0.241379,exemplar_knn_k3,22,0.8867,1.187
15,lion,rabbit,elephant,sweet_pepper,Q1,0.553107,0.241379,logreg,22,0.9,0.629
15,lion,rabbit,elephant,sweet_pepper,Q1,0.553107,0.241379,random,22,0.3333,1.1786
15,lion,rabbit,elephant,sweet_pepper,Q1,0.553107,0.241379,centroid,23,0.8333,0.3296
15,lion,rabbit,elephant,sweet_pepper,Q1,0.553107,0.241379,exemplar_knn_k3,23,0.8467,1.2566
15,lion,rabbit,elephant,sweet_pepper,Q1,0.553107,0.241379,logreg,23,0.8333,0.6798
15,lion,rabbit,elephant,sweet_pepper,Q1,0.553107,0.241379,random,23,0.3267,1.1818
15,lion,rabbit,elephant,sweet_pepper,Q1,0.553107,0.241379,centroid,24,0.9467,0.2585
15,lion,rabbit,elephant,sweet_pepper,Q1,0.553107,0.241379,exemplar_knn_k3,24,0.9467,1.1612
15,lion,rabbit,elephant,sweet_pepper,Q1,0.553107,0.241379,logreg,24,0.9333,0.5514
15,lion,rabbit,elephant,sweet_pepper,Q1,0.553107,0.241379,random,24,0.3867,1.2871
15,lion,rabbit,elephant,sweet_pepper,Q1,0.553107,0.241379,centroid,25,0.9067,0.3268
15,lion,rabbit,elephant,sweet_pepper,Q1,0.553107,0.241379,exemplar_knn_k3,25,0.8733,1.2448
15,lion,rabbit,elephant,sweet_pepper,Q1,0.553107,0.241379,logreg,25,0.8733,0.7005
15,lion,rabbit,elephant,sweet_pepper,Q1,0.553107,0.241379,random,25,0.3333,1.1699
15,lion,rabbit,elephant,sweet_pepper,Q1,0.553107,0.241379,centroid,26,0.8533,0.3502
15,lion,rabbit,elephant,sweet_pepper,Q1,0.553107,0.241379,exemplar_knn_k3,26,0.8533,1.2727
15,lion,rabbit,elephant,sweet_pepper,Q1,0.553107,0.241379,logreg,26,0.82,0.7154
15,lion,rabbit,elephant,sweet_pepper,Q1,0.553107,0.241379,random,26,0.3467,1.2557
15,lion,rabbit,elephant,sweet_pepper,Q1,0.553107,0.241379,centroid,27,0.9333,0.3259
15,lion,rabbit,elephant,sweet_pepper,Q1,0.553107,0.241379,exemplar_knn_k3,27,0.9533,1.2665
15,lion,rabbit,elephant,sweet_pepper,Q1,0.553107,0.241379,logreg,27,0.9533,0.6883
15,lion,rabbit,elephant,sweet_pepper,Q1,0.553107,0.241379,random,27,0.3467,1.2779
15,lion,rabbit,elephant,sweet_pepper,Q1,0.553107,0.241379,centroid,28,0.8933,0.2939
15,lion,rabbit,elephant,sweet_pepper,Q1,0.553107,0.241379,exemplar_knn_k3,28,0.8133,1.1434
15,lion,rabbit,elephant,sweet_pepper,Q1,0.553107,0.241379,logreg,28,0.9467,0.603
15,lion,rabbit,elephant,sweet_pepper,Q1,0.553107,0.241379,random,28,0.3533,1.3883
15,lion,rabbit,elephant,sweet_pepper,Q1,0.553107,0.241379,centroid,29,0.9333,0.3285
15,lion,rabbit,elephant,sweet_pepper,Q1,0.553107,0.241379,exemplar_knn_k3,29,0.92,1.2482
15,lion,rabbit,elephant,sweet_pepper,Q1,0.553107,0.241379,logreg,29,0.9533,0.6517
15,lion,rabbit,elephant,sweet_pepper,Q1,0.553107,0.241379,random,29,0.3,1.2592
16,lizard,snail,skunk,aquarium_fish,Q1,0.515372,0.416667,centroid,0,0.88,0.2863
16,lizard,snail,skunk,aquarium_fish,Q1,0.515372,0.416667,exemplar_knn_k3,0,0.9,1.1924
16,lizard,snail,skunk,aquarium_fish,Q1,0.515372,0.416667,logreg,0,0.9333,0.5804
16,lizard,snail,skunk,aquarium_fish,Q1,0.515372,0.416667,random,0,0.36,1.2186
16,lizard,snail,skunk,aquarium_fish,Q1,0.515372,0.416667,centroid,1,0.9,0.2927
16,lizard,snail,skunk,aquarium_fish,Q1,0.515372,0.416667,exemplar_knn_k3,1,0.88,1.2852
16,lizard,snail,skunk,aquarium_fish,Q1,0.515372,0.416667,logreg,1,0.9267,0.6019
16,lizard,snail,skunk,aquarium_fish,Q1,0.515372,0.416667,random,1,0.3133,1.105
16,lizard,snail,skunk,aquarium_fish,Q1,0.515372,0.416667,centroid,2,0.8467,0.3094
16,lizard,snail,skunk,aquarium_fish,Q1,0.515372,0.416667,exemplar_knn_k3,2,0.84,1.238
16,lizard,snail,skunk,aquarium_fish,Q1,0.515372,0.416667,logreg,2,0.9067,0.646
16,lizard,snail,skunk,aquarium_fish,Q1,0.515372,0.416667,random,2,0.3,1.1937
16,lizard,snail,skunk,aquarium_fish,Q1,0.515372,0.416667,centroid,3,0.94,0.3395
16,lizard,snail,skunk,aquarium_fish,Q1,0.515372,0.416667,exemplar_knn_k3,3,0.92,1.284
16,lizard,snail,skunk,aquarium_fish,Q1,0.515372,0.416667,logreg,3,0.94,0.6963
16,lizard,snail,skunk,aquarium_fish,Q1,0.515372,0.416667,random,3,0.3133,1.1665
16,lizard,snail,skunk,aquarium_fish,Q1,0.515372,0.416667,centroid,4,0.9267,0.3106
16,lizard,snail,skunk,aquarium_fish,Q1,0.515372,0.416667,exemplar_knn_k3,4,0.86,1.1866
16,lizard,snail,skunk,aquarium_fish,Q1,0.515372,0.416667,logreg,4,0.9467,0.6224
16,lizard,snail,skunk,aquarium_fish,Q1,0.515372,0.416667,random,4,0.32,1.1774
16,lizard,snail,skunk,aquarium_fish,Q1,0.515372,0.416667,centroid,5,0.88,0.2879
16,lizard,snail,skunk,aquarium_fish,Q1,0.515372,0.416667,exemplar_knn_k3,5,0.8533,1.1427
16,lizard,snail,skunk,aquarium_fish,Q1,0.515372,0.416667,logreg,5,0.92,0.6085
16,lizard,snail,skunk,aquarium_fish,Q1,0.515372,0.416667,random,5,0.3267,1.1833
16,lizard,snail,skunk,aquarium_fish,Q1,0.515372,0.416667,centroid,6,0.8933,0.3107
16,lizard,snail,skunk,aquarium_fish,Q1,0.515372,0.416667,exemplar_knn_k3,6,0.8533,1.2829
16,lizard,snail,skunk,aquarium_fish,Q1,0.515372,0.416667,logreg,6,0.92,0.6301
16,lizard,snail,skunk,aquarium_fish,Q1,0.515372,0.416667,random,6,0.36,1.1917
16,lizard,snail,skunk,aquarium_fish,Q1,0.515372,0.416667,centroid,7,0.9133,0.2924
16,lizard,snail,skunk,aquarium_fish,Q1,0.515372,0.416667,exemplar_knn_k3,7,0.8667,1.1833
16,lizard,snail,skunk,aquarium_fish,Q1,0.515372,0.416667,logreg,7,0.92,0.5926
16,lizard,snail,skunk,aquarium_fish,Q1,0.515372,0.416667,random,7,0.4,1.3214
16,lizard,snail,skunk,aquarium_fish,Q1,0.515372,0.416667,centroid,8,0.96,0.2624
16,lizard,snail,skunk,aquarium_fish,Q1,0.515372,0.416667,exemplar_knn_k3,8,0.9133,1.1668
16,lizard,snail,skunk,aquarium_fish,Q1,0.515372,0.416667,logreg,8,0.9267,0.5544
16,lizard,snail,skunk,aquarium_fish,Q1,0.515372,0.416667,random,8,0.3333,1.2835
16,lizard,snail,skunk,aquarium_fish,Q1,0.515372,0.416667,centroid,9,0.84,0.3126
16,lizard,snail,skunk,aquarium_fish,Q1,0.515372,0.416667,exemplar_knn_k3,9,0.8133,1.2946
16,lizard,snail,skunk,aquarium_fish,Q1,0.515372,0.416667,logreg,9,0.8533,0.6724
16,lizard,snail,skunk,aquarium_fish,Q1,0.515372,0.416667,random,9,0.3067,1.1346
16,lizard,snail,skunk,aquarium_fish,Q1,0.515372,0.416667,centroid,10,0.8867,0.3383
16,lizard,snail,skunk,aquarium_fish,Q1,0.515372,0.416667,exemplar_knn_k3,10,0.8667,1.3223
16,lizard,snail,skunk,aquarium_fish,Q1,0.515372,0.416667,logreg,10,0.9067,0.7086
16,lizard,snail,skunk,aquarium_fish,Q1,0.515372,0.416667,random,10,0.2333,1.1903
16,lizard,snail,skunk,aquarium_fish,Q1,0.515372,0.416667,centroid,11,0.9533,0.3097
16,lizard,snail,skunk,aquarium_fish,Q1,0.515372,0.416667,exemplar_knn_k3,11,0.9733,1.3182
16,lizard,snail,skunk,aquarium_fish,Q1,0.515372,0.416667,logreg,11,0.9467,0.6234
16,lizard,snail,skunk,aquarium_fish,Q1,0.515372,0.416667,random,11,0.3533,1.2148
16,lizard,snail,skunk,aquarium_fish,Q1,0.515372,0.416667,centroid,12,0.82,0.3071
16,lizard,snail,skunk,aquarium_fish,Q1,0.515372,0.416667,exemplar_knn_k3,12,0.82,1.1903
16,lizard,snail,skunk,aquarium_fish,Q1,0.515372,0.416667,logreg,12,0.8533,0.6167
16,lizard,snail,skunk,aquarium_fish,Q1,0.515372,0.416667,random,12,0.2533,1.3729
16,lizard,snail,skunk,aquarium_fish,Q1,0.515372,0.416667,centroid,13,0.9133,0.3141
16,lizard,snail,skunk,aquarium_fish,Q1,0.515372,0.416667,exemplar_knn_k3,13,0.9,1.2224
16,lizard,snail,skunk,aquarium_fish,Q1,0.515372,0.416667,logreg,13,0.9133,0.6586
16,lizard,snail,skunk,aquarium_fish,Q1,0.515372,0.416667,random,13,0.3333,1.2785
16,lizard,snail,skunk,aquarium_fish,Q1,0.515372,0.416667,centroid,14,0.8933,0.2866
16,lizard,snail,skunk,aquarium_fish,Q1,0.515372,0.416667,exemplar_knn_k3,14,0.8733,1.2418
16,lizard,snail,skunk,aquarium_fish,Q1,0.515372,0.416667,logreg,14,0.9067,0.5762
16,lizard,snail,skunk,aquarium_fish,Q1,0.515372,0.416667,random,14,0.34,1.1851
16,lizard,snail,skunk,aquarium_fish,Q1,0.515372,0.416667,centroid,15,0.8733,0.2635
16,lizard,snail,skunk,aquarium_fish,Q1,0.515372,0.416667,exemplar_knn_k3,15,0.84,1.0782
16,lizard,snail,skunk,aquarium_fish,Q1,0.515372,0.416667,logreg,15,0.8867,0.5631
16,lizard,snail,skunk,aquarium_fish,Q1,0.515372,0.416667,random,15,0.36,1.1942
16,lizard,snail,skunk,aquarium_fish,Q1,0.515372,0.416667,centroid,16,0.8267,0.2554
16,lizard,snail,skunk,aquarium_fish,Q1,0.515372,0.416667,exemplar_knn_k3,16,0.8,1.1263
16,lizard,snail,skunk,aquarium_fish,Q1,0.515372,0.416667,logreg,16,0.8267,0.5591
16,lizard,snail,skunk,aquarium_fish,Q1,0.515372,0.416667,random,16,0.3133,1.156
16,lizard,snail,skunk,aquarium_fish,Q1,0.515372,0.416667,centroid,17,0.9533,0.262
16,lizard,snail,skunk,aquarium_fish,Q1,0.515372,0.416667,exemplar_knn_k3,17,0.8867,1.1904
16,lizard,snail,skunk,aquarium_fish,Q1,0.515372,0.416667,logreg,17,0.9667,0.5759
16,lizard,snail,skunk,aquarium_fish,Q1,0.515372,0.416667,random,17,0.36,1.1562
16,lizard,snail,skunk,aquarium_fish,Q1,0.515372,0.416667,centroid,18,0.8867,0.2742
16,lizard,snail,skunk,aquarium_fish,Q1,0.515372,0.416667,exemplar_knn_k3,18,0.8733,1.2182
16,lizard,snail,skunk,aquarium_fish,Q1,0.515372,0.416667,logreg,18,0.9133,0.5645
16,lizard,snail,skunk,aquarium_fish,Q1,0.515372,0.416667,random,18,0.34,1.3235
16,lizard,snail,skunk,aquarium_fish,Q1,0.515372,0.416667,centroid,19,0.8867,0.3223
16,lizard,snail,skunk,aquarium_fish,Q1,0.515372,0.416667,exemplar_knn_k3,19,0.8467,1.2529
16,lizard,snail,skunk,aquarium_fish,Q1,0.515372,0.416667,logreg,19,0.94,0.6499
16,lizard,snail,skunk,aquarium_fish,Q1,0.515372,0.416667,random,19,0.4,1.2593
16,lizard,snail,skunk,aquarium_fish,Q1,0.515372,0.416667,centroid,20,0.84,0.2854
16,lizard,snail,skunk,aquarium_fish,Q1,0.515372,0.416667,exemplar_knn_k3,20,0.8467,1.2106
16,lizard,snail,skunk,aquarium_fish,Q1,0.515372,0.416667,logreg,20,0.8867,0.5854
16,lizard,snail,skunk,aquarium_fish,Q1,0.515372,0.416667,random,20,0.3533,1.2452
16,lizard,snail,skunk,aquarium_fish,Q1,0.515372,0.416667,centroid,21,0.92,0.332
16,lizard,snail,skunk,aquarium_fish,Q1,0.515372,0.416667,exemplar_knn_k3,21,0.94,1.2795
16,lizard,snail,skunk,aquarium_fish,Q1,0.515372,0.416667,logreg,21,0.9467,0.6673
16,lizard,snail,skunk,aquarium_fish,Q1,0.515372,0.416667,random,21,0.32,1.4154
16,lizard,snail,skunk,aquarium_fish,Q1,0.515372,0.416667,centroid,22,0.9467,0.2855
16,lizard,snail,skunk,aquarium_fish,Q1,0.515372,0.416667,exemplar_knn_k3,22,0.92,1.1775
16,lizard,snail,skunk,aquarium_fish,Q1,0.515372,0.416667,logreg,22,0.9667,0.5904
16,lizard,snail,skunk,aquarium_fish,Q1,0.515372,0.416667,random,22,0.3467,1.3092
16,lizard,snail,skunk,aquarium_fish,Q1,0.515372,0.416667,centroid,23,0.8467,0.2656
16,lizard,snail,skunk,aquarium_fish,Q1,0.515372,0.416667,exemplar_knn_k3,23,0.8267,1.1544
16,lizard,snail,skunk,aquarium_fish,Q1,0.515372,0.416667,logreg,23,0.84,0.563
16,lizard,snail,skunk,aquarium_fish,Q1,0.515372,0.416667,random,23,0.34,1.2486
16,lizard,snail,skunk,aquarium_fish,Q1,0.515372,0.416667,centroid,24,0.94,0.2765
16,lizard,snail,skunk,aquarium_fish,Q1,0.515372,0.416667,exemplar_knn_k3,24,0.94,1.206
16,lizard,snail,skunk,aquarium_fish,Q1,0.515372,0.416667,logreg,24,0.9533,0.5864
16,lizard,snail,skunk,aquarium_fish,Q1,0.515372,0.416667,random,24,0.3067,1.2259
16,lizard,snail,skunk,aquarium_fish,Q1,0.515372,0.416667,centroid,25,0.9333,0.266
16,lizard,snail,skunk,aquarium_fish,Q1,0.515372,0.416667,exemplar_knn_k3,25,0.86,1.1809
16,lizard,snail,skunk,aquarium_fish,Q1,0.515372,0.416667,logreg,25,0.9467,0.5664
16,lizard,snail,skunk,aquarium_fish,Q1,0.515372,0.416667,random,25,0.24,1.1735
16,lizard,snail,skunk,aquarium_fish,Q1,0.515372,0.416667,centroid,26,0.9267,0.293
16,lizard,snail,skunk,aquarium_fish,Q1,0.515372,0.416667,exemplar_knn_k3,26,0.84,1.1835
16,lizard,snail,skunk,aquarium_fish,Q1,0.515372,0.416667,logreg,26,0.98,0.6049
16,lizard,snail,skunk,aquarium_fish,Q1,0.515372,0.416667,random,26,0.34,1.2396
16,lizard,snail,skunk,aquarium_fish,Q1,0.515372,0.416667,centroid,27,0.92,0.2852
16,lizard,snail,skunk,aquarium_fish,Q1,0.515372,0.416667,exemplar_knn_k3,27,0.88,1.1989
16,lizard,snail,skunk,aquarium_fish,Q1,0.515372,0.416667,logreg,27,0.9467,0.5745
16,lizard,snail,skunk,aquarium_fish,Q1,0.515372,0.416667,random,27,0.26,1.294
16,lizard,snail,skunk,aquarium_fish,Q1,0.515372,0.416667,centroid,28,0.92,0.2831
16,lizard,snail,skunk,aquarium_fish,Q1,0.515372,0.416667,exemplar_knn_k3,28,0.9,1.2246
16,lizard,snail,skunk,aquarium_fish,Q1,0.515372,0.416667,logreg,28,0.9333,0.5987
16,lizard,snail,skunk,aquarium_fish,Q1,0.515372,0.416667,random,28,0.36,1.1676
16,lizard,snail,skunk,aquarium_fish,Q1,0.515372,0.416667,centroid,29,0.92,0.2895
16,lizard,snail,skunk,aquarium_fish,Q1,0.515372,0.416667,exemplar_knn_k3,29,0.8933,1.2206
16,lizard,snail,skunk,aquarium_fish,Q1,0.515372,0.416667,logreg,29,0.9667,0.5925
16,lizard,snail,skunk,aquarium_fish,Q1,0.515372,0.416667,random,29,0.28,1.1502
17,man,squirrel,palm_tree,wolf,Q1,0.582671,0.454545,centroid,0,0.8467,0.3044
17,man,squirrel,palm_tree,wolf,Q1,0.582671,0.454545,exemplar_knn_k3,0,0.8133,1.1745
17,man,squirrel,palm_tree,wolf,Q1,0.582671,0.454545,logreg,0,0.8467,0.5676
17,man,squirrel,palm_tree,wolf,Q1,0.582671,0.454545,random,0,0.3467,1.2345
17,man,squirrel,palm_tree,wolf,Q1,0.582671,0.454545,centroid,1,0.86,0.265
17,man,squirrel,palm_tree,wolf,Q1,0.582671,0.454545,exemplar_knn_k3,1,0.84,1.1408
17,man,squirrel,palm_tree,wolf,Q1,0.582671,0.454545,logreg,1,0.9067,0.5429
17,man,squirrel,palm_tree,wolf,Q1,0.582671,0.454545,random,1,0.34,1.3457
17,man,squirrel,palm_tree,wolf,Q1,0.582671,0.454545,centroid,2,0.84,0.3021
17,man,squirrel,palm_tree,wolf,Q1,0.582671,0.454545,exemplar_knn_k3,2,0.82,1.2253
17,man,squirrel,palm_tree,wolf,Q1,0.582671,0.454545,logreg,2,0.84,0.5984
17,man,squirrel,palm_tree,wolf,Q1,0.582671,0.454545,random,2,0.3,1.1784
17,man,squirrel,palm_tree,wolf,Q1,0.582671,0.454545,centroid,3,0.9,0.2584
17,man,squirrel,palm_tree,wolf,Q1,0.582671,0.454545,exemplar_knn_k3,3,0.9133,1.0902
17,man,squirrel,palm_tree,wolf,Q1,0.582671,0.454545,logreg,3,0.9333,0.5403
17,man,squirrel,palm_tree,wolf,Q1,0.582671,0.454545,random,3,0.3133,1.1124
17,man,squirrel,palm_tree,wolf,Q1,0.582671,0.454545,centroid,4,0.8,0.3048
17,man,squirrel,palm_tree,wolf,Q1,0.582671,0.454545,exemplar_knn_k3,4,0.7733,1.1708
17,man,squirrel,palm_tree,wolf,Q1,0.582671,0.454545,logreg,4,0.8067,0.5886
17,man,squirrel,palm_tree,wolf,Q1,0.582671,0.454545,random,4,0.3533,1.338
17,man,squirrel,palm_tree,wolf,Q1,0.582671,0.454545,centroid,5,0.8333,0.2943
17,man,squirrel,palm_tree,wolf,Q1,0.582671,0.454545,exemplar_knn_k3,5,0.8333,1.241
17,man,squirrel,palm_tree,wolf,Q1,0.582671,0.454545,logreg,5,0.8333,0.5849
17,man,squirrel,palm_tree,wolf,Q1,0.582671,0.454545,random,5,0.42,1.3077
17,man,squirrel,palm_tree,wolf,Q1,0.582671,0.454545,centroid,6,0.9,0.2778
17,man,squirrel,palm_tree,wolf,Q1,0.582671,0.454545,exemplar_knn_k3,6,0.8467,1.1767
17,man,squirrel,palm_tree,wolf,Q1,0.582671,0.454545,logreg,6,0.8933,0.5942
17,man,squirrel,palm_tree,wolf,Q1,0.582671,0.454545,random,6,0.3067,1.1125
17,man,squirrel,palm_tree,wolf,Q1,0.582671,0.454545,centroid,7,0.8133,0.3211
17,man,squirrel,palm_tree,wolf,Q1,0.582671,0.454545,exemplar_knn_k3,7,0.7933,1.1711
17,man,squirrel,palm_tree,wolf,Q1,0.582671,0.454545,logreg,7,0.8133,0.6089
17,man,squirrel,palm_tree,wolf,Q1,0.582671,0.454545,random,7,0.34,1.1709
17,man,squirrel,palm_tree,wolf,Q1,0.582671,0.454545,centroid,8,0.8067,0.3061
17,man,squirrel,palm_tree,wolf,Q1,0.582671,0.454545,exemplar_knn_k3,8,0.8,1.2449
17,man,squirrel,palm_tree,wolf,Q1,0.582671,0.454545,logreg,8,0.8133,0.6353
17,man,squirrel,palm_tree,wolf,Q1,0.582671,0.454545,random,8,0.3867,1.111
17,man,squirrel,palm_tree,wolf,Q1,0.582671,0.454545,centroid,9,0.8267,0.2309
17,man,squirrel,palm_tree,wolf,Q1,0.582671,0.454545,exemplar_knn_k3,9,0.8333,1.0254
17,man,squirrel,palm_tree,wolf,Q1,0.582671,0.454545,logreg,9,0.8533,0.5
17,man,squirrel,palm_tree,wolf,Q1,0.582671,0.454545,random,9,0.2933,1.3475
17,man,squirrel,palm_tree,wolf,Q1,0.582671,0.454545,centroid,10,0.8067,0.2723
17,man,squirrel,palm_tree,wolf,Q1,0.582671,0.454545,exemplar_knn_k3,10,0.7733,1.1051
17,man,squirrel,palm_tree,wolf,Q1,0.582671,0.454545,logreg,10,0.8067,0.5714
17,man,squirrel,palm_tree,wolf,Q1,0.582671,0.454545,random,10,0.3,1.1181
17,man,squirrel,palm_tree,wolf,Q1,0.582671,0.454545,centroid,11,0.8533,0.297
17,man,squirrel,palm_tree,wolf,Q1,0.582671,0.454545,exemplar_knn_k3,11,0.8267,1.1802
17,man,squirrel,palm_tree,wolf,Q1,0.582671,0.454545,logreg,11,0.8533,0.6032
17,man,squirrel,palm_tree,wolf,Q1,0.582671,0.454545,random,11,0.2933,1.1467
17,man,squirrel,palm_tree,wolf,Q1,0.582671,0.454545,centroid,12,0.82,0.2441
17,man,squirrel,palm_tree,wolf,Q1,0.582671,0.454545,exemplar_knn_k3,12,0.8133,1.0674
17,man,squirrel,palm_tree,wolf,Q1,0.582671,0.454545,logreg,12,0.8733,0.4905
17,man,squirrel,palm_tree,wolf,Q1,0.582671,0.454545,random,12,0.32,1.2923
17,man,squirrel,palm_tree,wolf,Q1,0.582671,0.454545,centroid,13,0.8867,0.2491
17,man,squirrel,palm_tree,wolf,Q1,0.582671,0.454545,exemplar_knn_k3,13,0.9067,1.1057
17,man,squirrel,palm_tree,wolf,Q1,0.582671,0.454545,logreg,13,0.9133,0.5044
17,man,squirrel,palm_tree,wolf,Q1,0.582671,0.454545,random,13,0.2867,1.0747
17,man,squirrel,palm_tree,wolf,Q1,0.582671,0.454545,centroid,14,0.9133,0.2178
17,man,squirrel,palm_tree,wolf,Q1,0.582671,0.454545,exemplar_knn_k3,14,0.92,0.9544
17,man,squirrel,palm_tree,wolf,Q1,0.582671,0.454545,logreg,14,0.9267,0.4708
17,man,squirrel,palm_tree,wolf,Q1,0.582671,0.454545,random,14,0.3267,1.2808
17,man,squirrel,palm_tree,wolf,Q1,0.582671,0.454545,centroid,15,0.82,0.2811
17,man,squirrel,palm_tree,wolf,Q1,0.582671,0.454545,exemplar_knn_k3,15,0.8067,1.1476
17,man,squirrel,palm_tree,wolf,Q1,0.582671,0.454545,logreg,15,0.8333,0.5641
17,man,squirrel,palm_tree,wolf,Q1,0.582671,0.454545,random,15,0.3133,1.169
17,man,squirrel,palm_tree,wolf,Q1,0.582671,0.454545,centroid,16,0.82,0.3184
17,man,squirrel,palm_tree,wolf,Q1,0.582671,0.454545,exemplar_knn_k3,16,0.82,1.2626
17,man,squirrel,palm_tree,wolf,Q1,0.582671,0.454545,logreg,16,0.82,0.6432
17,man,squirrel,palm_tree,wolf,Q1,0.582671,0.454545,random,16,0.3533,1.1581
17,man,squirrel,palm_tree,wolf,Q1,0.582671,0.454545,centroid,17,0.8933,0.3245
17,man,squirrel,palm_tree,wolf,Q1,0.582671,0.454545,exemplar_knn_k3,17,0.8867,1.2605
17,man,squirrel,palm_tree,wolf,Q1,0.582671,0.454545,logreg,17,0.8933,0.638
17,man,squirrel,palm_tree,wolf,Q1,0.582671,0.454545,random,17,0.3067,1.0974
17,man,squirrel,palm_tree,wolf,Q1,0.582671,0.454545,centroid,18,0.8133,0.2392
17,man,squirrel,palm_tree,wolf,Q1,0.582671,0.454545,exemplar_knn_k3,18,0.76,0.9919
17,man,squirrel,palm_tree,wolf,Q1,0.582671,0.454545,logreg,18,0.8067,0.505
17,man,squirrel,palm_tree,wolf,Q1,0.582671,0.454545,random,18,0.3,1.3493
17,man,squirrel,palm_tree,wolf,Q1,0.582671,0.454545,centroid,19,0.8,0.2385
17,man,squirrel,palm_tree,wolf,Q1,0.582671,0.454545,exemplar_knn_k3,19,0.8,1.0169
17,man,squirrel,palm_tree,wolf,Q1,0.582671,0.454545,logreg,19,0.8333,0.4882
17,man,squirrel,palm_tree,wolf,Q1,0.582671,0.454545,random,19,0.4,1.2757
17,man,squirrel,palm_tree,wolf,Q1,0.582671,0.454545,centroid,20,0.8467,0.2879
17,man,squirrel,palm_tree,wolf,Q1,0.582671,0.454545,exemplar_knn_k3,20,0.8133,1.197
17,man,squirrel,palm_tree,wolf,Q1,0.582671,0.454545,logreg,20,0.8533,0.5534
17,man,squirrel,palm_tree,wolf,Q1,0.582671,0.454545,random,20,0.3533,1.2227
17,man,squirrel,palm_tree,wolf,Q1,0.582671,0.454545,centroid,21,0.8467,0.245
17,man,squirrel,palm_tree,wolf,Q1,0.582671,0.454545,exemplar_knn_k3,21,0.84,1.1056
17,man,squirrel,palm_tree,wolf,Q1,0.582671,0.454545,logreg,21,0.8533,0.4983
17,man,squirrel,palm_tree,wolf,Q1,0.582671,0.454545,random,21,0.3667,1.2123
17,man,squirrel,palm_tree,wolf,Q1,0.582671,0.454545,centroid,22,0.8267,0.3137
17,man,squirrel,palm_tree,wolf,Q1,0.582671,0.454545,exemplar_knn_k3,22,0.8133,1.2079
17,man,squirrel,palm_tree,wolf,Q1,0.582671,0.454545,logreg,22,0.8267,0.6225
17,man,squirrel,palm_tree,wolf,Q1,0.582671,0.454545,random,22,0.3133,1.0994
17,man,squirrel,palm_tree,wolf,Q1,0.582671,0.454545,centroid,23,0.84,0.2762
17,man,squirrel,palm_tree,wolf,Q1,0.582671,0.454545,exemplar_knn_k3,23,0.82,1.0661
17,man,squirrel,palm_tree,wolf,Q1,0.582671,0.454545,logreg,23,0.8467,0.5734
17,man,squirrel,palm_tree,wolf,Q1,0.582671,0.454545,random,23,0.34,1.2507
17,man,squirrel,palm_tree,wolf,Q1,0.582671,0.454545,centroid,24,0.86,0.3089
17,man,squirrel,palm_tree,wolf,Q1,0.582671,0.454545,exemplar_knn_k3,24,0.8533,1.2691
17,man,squirrel,palm_tree,wolf,Q1,0.582671,0.454545,logreg,24,0.86,0.6182
17,man,squirrel,palm_tree,wolf,Q1,0.582671,0.454545,random,24,0.34,1.167
17,man,squirrel,palm_tree,wolf,Q1,0.582671,0.454545,centroid,25,0.8133,0.3005
17,man,squirrel,palm_tree,wolf,Q1,0.582671,0.454545,exemplar_knn_k3,25,0.7933,1.2058
17,man,squirrel,palm_tree,wolf,Q1,0.582671,0.454545,logreg,25,0.8267,0.62
17,man,squirrel,palm_tree,wolf,Q1,0.582671,0.454545,random,25,0.34,1.2463
17,man,squirrel,palm_tree,wolf,Q1,0.582671,0.454545,centroid,26,0.8333,0.3194
17,man,squirrel,palm_tree,wolf,Q1,0.582671,0.454545,exemplar_knn_k3,26,0.8,1.2661
17,man,squirrel,palm_tree,wolf,Q1,0.582671,0.454545,logreg,26,0.8267,0.6536
17,man,squirrel,palm_tree,wolf,Q1,0.582671,0.454545,random,26,0.32,1.2502
17,man,squirrel,palm_tree,wolf,Q1,0.582671,0.454545,centroid,27,0.8333,0.3133
17,man,squirrel,palm_tree,wolf,Q1,0.582671,0.454545,exemplar_knn_k3,27,0.8133,1.2716
17,man,squirrel,palm_tree,wolf,Q1,0.582671,0.454545,logreg,27,0.8267,0.65
17,man,squirrel,palm_tree,wolf,Q1,0.582671,0.454545,random,27,0.3133,1.1751
17,man,squirrel,palm_tree,wolf,Q1,0.582671,0.454545,centroid,28,0.8067,0.2903
17,man,squirrel,palm_tree,wolf,Q1,0.582671,0.454545,exemplar_knn_k3,28,0.8267,1.1547
17,man,squirrel,palm_tree,wolf,Q1,0.582671,0.454545,logreg,28,0.8,0.6124
17,man,squirrel,palm_tree,wolf,Q1,0.582671,0.454545,random,28,0.3333,1.2589
17,man,squirrel,palm_tree,wolf,Q1,0.582671,0.454545,centroid,29,0.8333,0.3236
17,man,squirrel,palm_tree,wolf,Q1,0.582671,0.454545,exemplar_knn_k3,29,0.82,1.25
17,man,squirrel,palm_tree,wolf,Q1,0.582671,0.454545,logreg,29,0.8467,0.6533
17,man,squirrel,palm_tree,wolf,Q1,0.582671,0.454545,random,29,0.3533,1.251
18,man,turtle,seal,couch,Q1,0.690216,0.578947,centroid,0,0.82,0.2524
18,man,turtle,seal,couch,Q1,0.690216,0.578947,exemplar_knn_k3,0,0.7867,0.9358
18,man,turtle,seal,couch,Q1,0.690216,0.578947,logreg,0,0.82,0.4529
18,man,turtle,seal,couch,Q1,0.690216,0.578947,random,0,0.3467,1.2638
18,man,turtle,seal,couch,Q1,0.690216,0.578947,centroid,1,0.8067,0.2572
18,man,turtle,seal,couch,Q1,0.690216,0.578947,exemplar_knn_k3,1,0.8,1.0378
18,man,turtle,seal,couch,Q1,0.690216,0.578947,logreg,1,0.8,0.5183
18,man,turtle,seal,couch,Q1,0.690216,0.578947,random,1,0.3333,1.3997
18,man,turtle,seal,couch,Q1,0.690216,0.578947,centroid,2,0.8133,0.2419
18,man,turtle,seal,couch,Q1,0.690216,0.578947,exemplar_knn_k3,2,0.8,0.9831
18,man,turtle,seal,couch,Q1,0.690216,0.578947,logreg,2,0.7933,0.4801
18,man,turtle,seal,couch,Q1,0.690216,0.578947,random,2,0.38,1.299
18,man,turtle,seal,couch,Q1,0.690216,0.578947,centroid,3,0.7867,0.2406
18,man,turtle,seal,couch,Q1,0.690216,0.578947,exemplar_knn_k3,3,0.7733,0.9141
18,man,turtle,seal,couch,Q1,0.690216,0.578947,logreg,3,0.7933,0.4915
18,man,turtle,seal,couch,Q1,0.690216,0.578947,random,3,0.42,1.1135
18,man,turtle,seal,couch,Q1,0.690216,0.578947,centroid,4,0.8067,0.2655
18,man,turtle,seal,couch,Q1,0.690216,0.578947,exemplar_knn_k3,4,0.82,1.0261
18,man,turtle,seal,couch,Q1,0.690216,0.578947,logreg,4,0.8,0.5332
18,man,turtle,seal,couch,Q1,0.690216,0.578947,random,4,0.32,1.2064
18,man,turtle,seal,couch,Q1,0.690216,0.578947,centroid,5,0.8067,0.249
18,man,turtle,seal,couch,Q1,0.690216,0.578947,exemplar_knn_k3,5,0.7933,0.9541
18,man,turtle,seal,couch,Q1,0.690216,0.578947,logreg,5,0.82,0.4798
18,man,turtle,seal,couch,Q1,0.690216,0.578947,random,5,0.3533,1.2582
18,man,turtle,seal,couch,Q1,0.690216,0.578947,centroid,6,0.7733,0.251
18,man,turtle,seal,couch,Q1,0.690216,0.578947,exemplar_knn_k3,6,0.7467,0.9535
18,man,turtle,seal,couch,Q1,0.690216,0.578947,logreg,6,0.7733,0.528
18,man,turtle,seal,couch,Q1,0.690216,0.578947,random,6,0.3733,1.1262
18,man,turtle,seal,couch,Q1,0.690216,0.578947,centroid,7,0.7933,0.278
18,man,turtle,seal,couch,Q1,0.690216,0.578947,exemplar_knn_k3,7,0.7933,0.9308
18,man,turtle,seal,couch,Q1,0.690216,0.578947,logreg,7,0.8,0.5394
18,man,turtle,seal,couch,Q1,0.690216,0.578947,random,7,0.3,1.1148
18,man,turtle,seal,couch,Q1,0.690216,0.578947,centroid,8,0.8067,0.2305
18,man,turtle,seal,couch,Q1,0.690216,0.578947,exemplar_knn_k3,8,0.8267,0.9521
18,man,turtle,seal,couch,Q1,0.690216,0.578947,logreg,8,0.8133,0.4722
18,man,turtle,seal,couch,Q1,0.690216,0.578947,random,8,0.3267,1.0295
18,man,turtle,seal,couch,Q1,0.690216,0.578947,centroid,9,0.78,0.1798
18,man,turtle,seal,couch,Q1,0.690216,0.578947,exemplar_knn_k3,9,0.78,0.7304
18,man,turtle,seal,couch,Q1,0.690216,0.578947,logreg,9,0.7733,0.3877
18,man,turtle,seal,couch,Q1,0.690216,0.578947,random,9,0.3333,1.3415
18,man,turtle,seal,couch,Q1,0.690216,0.578947,centroid,10,0.7667,0.1975
18,man,turtle,seal,couch,Q1,0.690216,0.578947,exemplar_knn_k3,10,0.7933,0.8067
18,man,turtle,seal,couch,Q1,0.690216,0.578947,logreg,10,0.7667,0.4326
18,man,turtle,seal,couch,Q1,0.690216,0.578947,random,10,0.34,1.2101
18,man,turtle,seal,couch,Q1,0.690216,0.578947,centroid,11,0.7933,0.2806
18,man,turtle,seal,couch,Q1,0.690216,0.578947,exemplar_knn_k3,11,0.76,0.9587
18,man,turtle,seal,couch,Q1,0.690216,0.578947,logreg,11,0.8,0.5894
18,man,turtle,seal,couch,Q1,0.690216,0.578947,random,11,0.2533,1.0794
18,man,turtle,seal,couch,Q1,0.690216,0.578947,centroid,12,0.8133,0.2318
18,man,turtle,seal,couch,Q1,0.690216,0.578947,exemplar_knn_k3,12,0.8533,0.9109
18,man,turtle,seal,couch,Q1,0.690216,0.578947,logreg,12,0.8067,0.4663
18,man,turtle,seal,couch,Q1,0.690216,0.578947,random,12,0.32,1.2073
18,man,turtle,seal,couch,Q1,0.690216,0.578947,centroid,13,0.7467,0.2108
18,man,turtle,seal,couch,Q1,0.690216,0.578947,exemplar_knn_k3,13,0.7533,0.8104
18,man,turtle,seal,couch,Q1,0.690216,0.578947,logreg,13,0.7467,0.4282
18,man,turtle,seal,couch,Q1,0.690216,0.578947,random,13,0.3067,1.0677
18,man,turtle,seal,couch,Q1,0.690216,0.578947,centroid,14,0.7533,0.2502
18,man,turtle,seal,couch,Q1,0.690216,0.578947,exemplar_knn_k3,14,0.7533,0.9584
18,man,turtle,seal,couch,Q1,0.690216,0.578947,logreg,14,0.7533,0.5328
18,man,turtle,seal,couch,Q1,0.690216,0.578947,random,14,0.3733,1.2481
18,man,turtle,seal,couch,Q1,0.690216,0.578947,centroid,15,0.8467,0.2542
18,man,turtle,seal,couch,Q1,0.690216,0.578947,exemplar_knn_k3,15,0.8467,1.0003
18,man,turtle,seal,couch,Q1,0.690216,0.578947,logreg,15,0.8467,0.5502
18,man,turtle,seal,couch,Q1,0.690216,0.578947,random,15,0.3,1.3796
18,man,turtle,seal,couch,Q1,0.690216,0.578947,centroid,16,0.8067,0.2471
18,man,turtle,seal,couch,Q1,0.690216,0.578947,exemplar_knn_k3,16,0.8,0.976
18,man,turtle,seal,couch,Q1,0.690216,0.578947,logreg,16,0.8067,0.5226
18,man,turtle,seal,couch,Q1,0.690216,0.578947,random,16,0.3067,1.1852
18,man,turtle,seal,couch,Q1,0.690216,0.578947,centroid,17,0.8,0.2269
18,man,turtle,seal,couch,Q1,0.690216,0.578947,exemplar_knn_k3,17,0.78,0.9545
18,man,turtle,seal,couch,Q1,0.690216,0.578947,logreg,17,0.8,0.4656
18,man,turtle,seal,couch,Q1,0.690216,0.578947,random,17,0.4,1.2574
18,man,turtle,seal,couch,Q1,0.690216,0.578947,centroid,18,0.7333,0.2302
18,man,turtle,seal,couch,Q1,0.690216,0.578947,exemplar_knn_k3,18,0.74,0.9393
18,man,turtle,seal,couch,Q1,0.690216,0.578947,logreg,18,0.74,0.4624
18,man,turtle,seal,couch,Q1,0.690216,0.578947,random,18,0.3667,1.2699
18,man,turtle,seal,couch,Q1,0.690216,0.578947,centroid,19,0.7533,0.2519
18,man,turtle,seal,couch,Q1,0.690216,0.578947,exemplar_knn_k3,19,0.7533,0.9506
18,man,turtle,seal,couch,Q1,0.690216,0.578947,logreg,19,0.7533,0.5227
18,man,turtle,seal,couch,Q1,0.690216,0.578947,random,19,0.3533,1.4096
18,man,turtle,seal,couch,Q1,0.690216,0.578947,centroid,20,0.82,0.2266
18,man,turtle,seal,couch,Q1,0.690216,0.578947,exemplar_knn_k3,20,0.8,0.8771
18,man,turtle,seal,couch,Q1,0.690216,0.578947,logreg,20,0.8267,0.4507
18,man,turtle,seal,couch,Q1,0.690216,0.578947,random,20,0.38,1.3638
18,man,turtle,seal,couch,Q1,0.690216,0.578947,centroid,21,0.8,0.2226
18,man,turtle,seal,couch,Q1,0.690216,0.578947,exemplar_knn_k3,21,0.7667,0.8793
18,man,turtle,seal,couch,Q1,0.690216,0.578947,logreg,21,0.8,0.4683
18,man,turtle,seal,couch,Q1,0.690216,0.578947,random,21,0.4,1.1593
18,man,turtle,seal,couch,Q1,0.690216,0.578947,centroid,22,0.7867,0.2609
18,man,turtle,seal,couch,Q1,0.690216,0.578947,exemplar_knn_k3,22,0.7867,0.9688
18,man,turtle,seal,couch,Q1,0.690216,0.578947,logreg,22,0.78,0.5171
18,man,turtle,seal,couch,Q1,0.690216,0.578947,random,22,0.3267,1.139
18,man,turtle,seal,couch,Q1,0.690216,0.578947,centroid,23,0.8,0.2626
18,man,turtle,seal,couch,Q1,0.690216,0.578947,exemplar_knn_k3,23,0.8067,0.9384
18,man,turtle,seal,couch,Q1,0.690216,0.578947,logreg,23,0.7933,0.5459
18,man,turtle,seal,couch,Q1,0.690216,0.578947,random,23,0.3333,1.3586
18,man,turtle,seal,couch,Q1,0.690216,0.578947,centroid,24,0.8,0.2586
18,man,turtle,seal,couch,Q1,0.690216,0.578947,exemplar_knn_k3,24,0.7933,0.9769
18,man,turtle,seal,couch,Q1,0.690216,0.578947,logreg,24,0.8,0.5339
18,man,turtle,seal,couch,Q1,0.690216,0.578947,random,24,0.32,1.0648
18,man,turtle,seal,couch,Q1,0.690216,0.578947,centroid,25,0.8133,0.2606
18,man,turtle,seal,couch,Q1,0.690216,0.578947,exemplar_knn_k3,25,0.8133,0.9958
18,man,turtle,seal,couch,Q1,0.690216,0.578947,logreg,25,0.8133,0.5409
18,man,turtle,seal,couch,Q1,0.690216,0.578947,random,25,0.3933,1.1639
18,man,turtle,seal,couch,Q1,0.690216,0.578947,centroid,26,0.8067,0.253
18,man,turtle,seal,couch,Q1,0.690216,0.578947,exemplar_knn_k3,26,0.8067,0.9561
18,man,turtle,seal,couch,Q1,0.690216,0.578947,logreg,26,0.8067,0.531
18,man,turtle,seal,couch,Q1,0.690216,0.578947,random,26,0.28,1.4086
18,man,turtle,seal,couch,Q1,0.690216,0.578947,centroid,27,0.8,0.2882
18,man,turtle,seal,couch,Q1,0.690216,0.578947,exemplar_knn_k3,27,0.8133,1.0512
18,man,turtle,seal,couch,Q1,0.690216,0.578947,logreg,27,0.8133,0.5987
18,man,turtle,seal,couch,Q1,0.690216,0.578947,random,27,0.3267,1.1978
18,man,turtle,seal,couch,Q1,0.690216,0.578947,centroid,28,0.8,0.2131
18,man,turtle,seal,couch,Q1,0.690216,0.578947,exemplar_knn_k3,28,0.78,0.9259
18,man,turtle,seal,couch,Q1,0.690216,0.578947,logreg,28,0.8067,0.4577
18,man,turtle,seal,couch,Q1,0.690216,0.578947,random,28,0.3533,1.2618
18,man,turtle,seal,couch,Q1,0.690216,0.578947,centroid,29,0.8,0.2482
18,man,turtle,seal,couch,Q1,0.690216,0.578947,exemplar_knn_k3,29,0.8,0.9947
18,man,turtle,seal,couch,Q1,0.690216,0.578947,logreg,29,0.7867,0.5006
18,man,turtle,seal,couch,Q1,0.690216,0.578947,random,29,0.2867,1.2436
19,mouse,shark,wardrobe,television,Q1,0.630985,0.333333,centroid,0,0.96,0.1988
19,mouse,shark,wardrobe,television,Q1,0.630985,0.333333,exemplar_knn_k3,0,0.9333,0.8027
19,mouse,shark,wardrobe,television,Q1,0.630985,0.333333,logreg,0,0.9667,0.4507
19,mouse,shark,wardrobe,television,Q1,0.630985,0.333333,random,0,0.3867,1.1436
19,mouse,shark,wardrobe,television,Q1,0.630985,0.333333,centroid,1,0.92,0.1903
19,mouse,shark,wardrobe,television,Q1,0.630985,0.333333,exemplar_knn_k3,1,0.9133,0.9133
19,mouse,shark,wardrobe,television,Q1,0.630985,0.333333,logreg,1,0.9733,0.4481
19,mouse,shark,wardrobe,television,Q1,0.630985,0.333333,random,1,0.3533,1.2033
19,mouse,shark,wardrobe,television,Q1,0.630985,0.333333,centroid,2,0.8933,0.2157
19,mouse,shark,wardrobe,television,Q1,0.630985,0.333333,exemplar_knn_k3,2,0.8733,0.9099
19,mouse,shark,wardrobe,television,Q1,0.630985,0.333333,logreg,2,0.9,0.4712
19,mouse,shark,wardrobe,television,Q1,0.630985,0.333333,random,2,0.32,1.3335
19,mouse,shark,wardrobe,television,Q1,0.630985,0.333333,centroid,3,0.9067,0.2174
19,mouse,shark,wardrobe,television,Q1,0.630985,0.333333,exemplar_knn_k3,3,0.9333,0.9995
19,mouse,shark,wardrobe,television,Q1,0.630985,0.333333,logreg,3,0.9333,0.4771
19,mouse,shark,wardrobe,television,Q1,0.630985,0.333333,random,3,0.3133,1.1792
19,mouse,shark,wardrobe,television,Q1,0.630985,0.333333,centroid,4,0.9067,0.21
19,mouse,shark,wardrobe,television,Q1,0.630985,0.333333,exemplar_knn_k3,4,0.8867,0.9424
19,mouse,shark,wardrobe,television,Q1,0.630985,0.333333,logreg,4,0.9333,0.4774
19,mouse,shark,wardrobe,television,Q1,0.630985,0.333333,random,4,0.3,1.2146
19,mouse,shark,wardrobe,television,Q1,0.630985,0.333333,centroid,5,0.88,0.2139
19,mouse,shark,wardrobe,television,Q1,0.630985,0.333333,exemplar_knn_k3,5,0.9133,1.0525
19,mouse,shark,wardrobe,television,Q1,0.630985,0.333333,logreg,5,0.8733,0.4371
19,mouse,shark,wardrobe,television,Q1,0.630985,0.333333,random,5,0.3467,1.1001
19,mouse,shark,wardrobe,television,Q1,0.630985,0.333333,centroid,6,0.82,0.2192
19,mouse,shark,wardrobe,television,Q1,0.630985,0.333333,exemplar_knn_k3,6,0.82,0.9184
19,mouse,shark,wardrobe,television,Q1,0.630985,0.333333,logreg,6,0.8,0.4501
19,mouse,shark,wardrobe,television,Q1,0.630985,0.333333,random,6,0.2933,1.1907
19,mouse,shark,wardrobe,television,Q1,0.630985,0.333333,centroid,7,0.96,0.2262
19,mouse,shark,wardrobe,television,Q1,0.630985,0.333333,exemplar_knn_k3,7,0.9533,1.0388
19,mouse,shark,wardrobe,television,Q1,0.630985,0.333333,logreg,7,0.9467,0.5013
19,mouse,shark,wardrobe,television,Q1,0.630985,0.333333,random,7,0.3133,1.284
19,mouse,shark,wardrobe,television,Q1,0.630985,0.333333,centroid,8,0.9667,0.1974
19,mouse,shark,wardrobe,television,Q1,0.630985,0.333333,exemplar_knn_k3,8,0.9467,0.8745
19,mouse,shark,wardrobe,television,Q1,0.630985,0.333333,logreg,8,0.9667,0.4651
19,mouse,shark,wardrobe,television,Q1,0.630985,0.333333,random,8,0.38,1.152
19,mouse,shark,wardrobe,television,Q1,0.630985,0.333333,centroid,9,0.8867,0.2214
19,mouse,shark,wardrobe,television,Q1,0.630985,0.333333,exemplar_knn_k3,9,0.8667,0.9088
19,mouse,shark,wardrobe,television,Q1,0.630985,0.333333,logreg,9,0.8467,0.4758
19,mouse,shark,wardrobe,television,Q1,0.630985,0.333333,random,9,0.3133,1.3224
19,mouse,shark,wardrobe,television,Q1,0.630985,0.333333,centroid,10,0.9267,0.2655
19,mouse,shark,wardrobe,television,Q1,0.630985,0.333333,exemplar_knn_k3,10,0.8733,1.099
19,mouse,shark,wardrobe,television,Q1,0.630985,0.333333,logreg,10,0.96,0.5604
19,mouse,shark,wardrobe,television,Q1,0.630985,0.333333,random,10,0.3667,1.4549
19,mouse,shark,wardrobe,television,Q1,0.630985,0.333333,centroid,11,0.9533,0.242
19,mouse,shark,wardrobe,television,Q1,0.630985,0.333333,exemplar_knn_k3,11,0.9067,0.976
19,mouse,shark,wardrobe,television,Q1,0.630985,0.333333,logreg,11,0.96,0.5103
19,mouse,shark,wardrobe,television,Q1,0.630985,0.333333,random,11,0.4133,1.2637
19,mouse,shark,wardrobe,television,Q1,0.630985,0.333333,centroid,12,0.84,0.2409
19,mouse,shark,wardrobe,television,Q1,0.630985,0.333333,exemplar_knn_k3,12,0.86,0.9807
19,mouse,shark,wardrobe,television,Q1,0.630985,0.333333,logreg,12,0.8533,0.5127
19,mouse,shark,wardrobe,television,Q1,0.630985,0.333333,random,12,0.3067,1.3057
19,mouse,shark,wardrobe,television,Q1,0.630985,0.333333,centroid,13,0.8667,0.2214
19,mouse,shark,wardrobe,television,Q1,0.630985,0.333333,exemplar_knn_k3,13,0.8867,1.0693
19,mouse,shark,wardrobe,television,Q1,0.630985,0.333333,logreg,13,0.9267,0.4974
19,mouse,shark,wardrobe,television,Q1,0.630985,0.333333,random,13,0.3,1.3057
19,mouse,shark,wardrobe,television,Q1,0.630985,0.333333,centroid,14,0.8667,0.2316
19,mouse,shark,wardrobe,television,Q1,0.630985,0.333333,exemplar_knn_k3,14,0.8667,0.9487
19,mouse,shark,wardrobe,television,Q1,0.630985,0.333333,logreg,14,0.82,0.4697
19,mouse,shark,wardrobe,television,Q1,0.630985,0.333333,random,14,0.3667,1.3135
19,mouse,shark,wardrobe,television,Q1,0.630985,0.333333,centroid,15,0.8933,0.2117
19,mouse,shark,wardrobe,television,Q1,0.630985,0.333333,exemplar_knn_k3,15,0.8867,0.8629
19,mouse,shark,wardrobe,television,Q1,0.630985,0.333333,logreg,15,0.8933,0.4356
19,mouse,shark,wardrobe,television,Q1,0.630985,0.333333,random,15,0.3467,1.2557
19,mouse,shark,wardrobe,television,Q1,0.630985,0.333333,centroid,16,0.94,0.2427
19,mouse,shark,wardrobe,television,Q1,0.630985,0.333333,exemplar_knn_k3,16,0.8933,1.0504
19,mouse,shark,wardrobe,television,Q1,0.630985,0.333333,logreg,16,0.94,0.508
19,mouse,shark,wardrobe,television,Q1,0.630985,0.333333,random,16,0.34,1.1925
19,mouse,shark,wardrobe,television,Q1,0.630985,0.333333,centroid,17,0.9467,0.1995
19,mouse,shark,wardrobe,television,Q1,0.630985,0.333333,exemplar_knn_k3,17,0.94,0.9029
19,mouse,shark,wardrobe,television,Q1,0.630985,0.333333,logreg,17,0.94,0.4653
19,mouse,shark,wardrobe,television,Q1,0.630985,0.333333,random,17,0.34,1.274
19,mouse,shark,wardrobe,television,Q1,0.630985,0.333333,centroid,18,0.9267,0.257
19,mouse,shark,wardrobe,television,Q1,0.630985,0.333333,exemplar_knn_k3,18,0.94,1.0838
19,mouse,shark,wardrobe,television,Q1,0.630985,0.333333,logreg,18,0.9533,0.5369
19,mouse,shark,wardrobe,television,Q1,0.630985,0.333333,random,18,0.3067,1.22
19,mouse,shark,wardrobe,television,Q1,0.630985,0.333333,centroid,19,0.92,0.2282
19,mouse,shark,wardrobe,television,Q1,0.630985,0.333333,exemplar_knn_k3,19,0.9133,0.9601
19,mouse,shark,wardrobe,television,Q1,0.630985,0.333333,logreg,19,0.92,0.5084
19,mouse,shark,wardrobe,television,Q1,0.630985,0.333333,random,19,0.3,1.1211
19,mouse,shark,wardrobe,television,Q1,0.630985,0.333333,centroid,20,0.8867,0.2176
19,mouse,shark,wardrobe,television,Q1,0.630985,0.333333,exemplar_knn_k3,20,0.9067,0.9244
19,mouse,shark,wardrobe,television,Q1,0.630985,0.333333,logreg,20,0.88,0.4573
19,mouse,shark,wardrobe,television,Q1,0.630985,0.333333,random,20,0.3267,1.1812
19,mouse,shark,wardrobe,television,Q1,0.630985,0.333333,centroid,21,0.8667,0.233
19,mouse,shark,wardrobe,television,Q1,0.630985,0.333333,exemplar_knn_k3,21,0.88,0.9994
19,mouse,shark,wardrobe,television,Q1,0.630985,0.333333,logreg,21,0.88,0.4712
19,mouse,shark,wardrobe,television,Q1,0.630985,0.333333,random,21,0.28,1.3713
19,mouse,shark,wardrobe,television,Q1,0.630985,0.333333,centroid,22,0.9,0.2273
19,mouse,shark,wardrobe,television,Q1,0.630985,0.333333,exemplar_knn_k3,22,0.8933,1.0331
19,mouse,shark,wardrobe,television,Q1,0.630985,0.333333,logreg,22,0.92,0.4981
19,mouse,shark,wardrobe,television,Q1,0.630985,0.333333,random,22,0.32,1.1898
19,mouse,shark,wardrobe,television,Q1,0.630985,0.333333,centroid,23,0.94,0.2348
19,mouse,shark,wardrobe,television,Q1,0.630985,0.333333,exemplar_knn_k3,23,0.92,0.9938
19,mouse,shark,wardrobe,television,Q1,0.630985,0.333333,logreg,23,0.94,0.5162
19,mouse,shark,wardrobe,television,Q1,0.630985,0.333333,random,23,0.32,1.2715
19,mouse,shark,wardrobe,television,Q1,0.630985,0.333333,centroid,24,0.9,0.2234
19,mouse,shark,wardrobe,television,Q1,0.630985,0.333333,exemplar_knn_k3,24,0.88,0.9869
19,mouse,shark,wardrobe,television,Q1,0.630985,0.333333,logreg,24,0.8733,0.4758
19,mouse,shark,wardrobe,television,Q1,0.630985,0.333333,random,24,0.3533,1.1471
19,mouse,shark,wardrobe,television,Q1,0.630985,0.333333,centroid,25,0.9467,0.2171
19,mouse,shark,wardrobe,television,Q1,0.630985,0.333333,exemplar_knn_k3,25,0.9067,0.9434
19,mouse,shark,wardrobe,television,Q1,0.630985,0.333333,logreg,25,0.94,0.4682
19,mouse,shark,wardrobe,television,Q1,0.630985,0.333333,random,25,0.2933,1.0386
19,mouse,shark,wardrobe,television,Q1,0.630985,0.333333,centroid,26,0.9533,0.2325
19,mouse,shark,wardrobe,television,Q1,0.630985,0.333333,exemplar_knn_k3,26,0.94,0.9309
19,mouse,shark,wardrobe,television,Q1,0.630985,0.333333,logreg,26,0.9533,0.5179
19,mouse,shark,wardrobe,television,Q1,0.630985,0.333333,random,26,0.2733,1.3162
19,mouse,shark,wardrobe,television,Q1,0.630985,0.333333,centroid,27,0.9667,0.1905
19,mouse,shark,wardrobe,television,Q1,0.630985,0.333333,exemplar_knn_k3,27,0.9467,0.8888
19,mouse,shark,wardrobe,television,Q1,0.630985,0.333333,logreg,27,0.9667,0.4201
19,mouse,shark,wardrobe,television,Q1,0.630985,0.333333,random,27,0.36,1.1714
19,mouse,shark,wardrobe,television,Q1,0.630985,0.333333,centroid,28,0.8667,0.2204
19,mouse,shark,wardrobe,television,Q1,0.630985,0.333333,exemplar_knn_k3,28,0.9,0.9546
19,mouse,shark,wardrobe,television,Q1,0.630985,0.333333,logreg,28,0.86,0.4603
19,mouse,shark,wardrobe,television,Q1,0.630985,0.333333,random,28,0.2467,1.255
19,mouse,shark,wardrobe,television,Q1,0.630985,0.333333,centroid,29,0.8933,0.2234
19,mouse,shark,wardrobe,television,Q1,0.630985,0.333333,exemplar_knn_k3,29,0.9067,1.0018
19,mouse,shark,wardrobe,television,Q1,0.630985,0.333333,logreg,29,0.8933,0.5209
19,mouse,shark,wardrobe,television,Q1,0.630985,0.333333,random,29,0.3667,1.1173
20,mouse,shrew,forest,pine_tree,Q1,0.141426,0.5,centroid,0,0.8933,0.1783
20,mouse,shrew,forest,pine_tree,Q1,0.141426,0.5,exemplar_knn_k3,0,0.84,1.135
20,mouse,shrew,forest,pine_tree,Q1,0.141426,0.5,logreg,0,0.9,0.4491
20,mouse,shrew,forest,pine_tree,Q1,0.141426,0.5,random,0,0.3467,1.201
20,mouse,shrew,forest,pine_tree,Q1,0.141426,0.5,centroid,1,0.8467,0.1783
20,mouse,shrew,forest,pine_tree,Q1,0.141426,0.5,exemplar_knn_k3,1,0.86,0.9984
20,mouse,shrew,forest,pine_tree,Q1,0.141426,0.5,logreg,1,0.8467,0.4252
20,mouse,shrew,forest,pine_tree,Q1,0.141426,0.5,random,1,0.3067,1.1911
20,mouse,shrew,forest,pine_tree,Q1,0.141426,0.5,centroid,2,0.84,0.1736
20,mouse,shrew,forest,pine_tree,Q1,0.141426,0.5,exemplar_knn_k3,2,0.8333,1.0036
20,mouse,shrew,forest,pine_tree,Q1,0.141426,0.5,logreg,2,0.8533,0.4647
20,mouse,shrew,forest,pine_tree,Q1,0.141426,0.5,random,2,0.2933,1.293
20,mouse,shrew,forest,pine_tree,Q1,0.141426,0.5,centroid,3,0.92,0.1227
20,mouse,shrew,forest,pine_tree,Q1,0.141426,0.5,exemplar_knn_k3,3,0.8467,0.7518
20,mouse,shrew,forest,pine_tree,Q1,0.141426,0.5,logreg,3,0.9133,0.3546
20,mouse,shrew,forest,pine_tree,Q1,0.141426,0.5,random,3,0.3933,1.0852
20,mouse,shrew,forest,pine_tree,Q1,0.141426,0.5,centroid,4,0.8067,0.1633
20,mouse,shrew,forest,pine_tree,Q1,0.141426,0.5,exemplar_knn_k3,4,0.7667,1.1065
20,mouse,shrew,forest,pine_tree,Q1,0.141426,0.5,logreg,4,0.8067,0.4624
20,mouse,shrew,forest,pine_tree,Q1,0.141426,0.5,random,4,0.26,1.3476
20,mouse,shrew,forest,pine_tree,Q1,0.141426,0.5,centroid,5,0.8267,0.1331
20,mouse,shrew,forest,pine_tree,Q1,0.141426,0.5,exemplar_knn_k3,5,0.7467,0.8511
20,mouse,shrew,forest,pine_tree,Q1,0.141426,0.5,logreg,5,0.8067,0.3233
20,mouse,shrew,forest,pine_tree,Q1,0.141426,0.5,random,5,0.3267,1.1665
20,mouse,shrew,forest,pine_tree,Q1,0.141426,0.5,centroid,6,0.8933,0.1591
20,mouse,shrew,forest,pine_tree,Q1,0.141426,0.5,exemplar_knn_k3,6,0.8467,0.9816
20,mouse,shrew,forest,pine_tree,Q1,0.141426,0.5,logreg,6,0.9,0.427
20,mouse,shrew,forest,pine_tree,Q1,0.141426,0.5,random,6,0.3133,1.1811
20,mouse,shrew,forest,pine_tree,Q1,0.141426,0.5,centroid,7,0.9,0.1835
20,mouse,shrew,forest,pine_tree,Q1,0.141426,0.5,exemplar_knn_k3,7,0.8333,0.9402
20,mouse,shrew,forest,pine_tree,Q1,0.141426,0.5,logreg,7,0.9,0.4179
20,mouse,shrew,forest,pine_tree,Q1,0.141426,0.5,random,7,0.3,1.2683
20,mouse,shrew,forest,pine_tree,Q1,0.141426,0.5,centroid,8,0.8667,0.1777
20,mouse,shrew,forest,pine_tree,Q1,0.141426,0.5,exemplar_knn_k3,8,0.8,1.0604
20,mouse,shrew,forest,pine_tree,Q1,0.141426,0.5,logreg,8,0.8733,0.458
20,mouse,shrew,forest,pine_tree,Q1,0.141426,0.5,random,8,0.3733,1.1511
20,mouse,shrew,forest,pine_tree,Q1,0.141426,0.5,centroid,9,0.9133,0.1538
20,mouse,shrew,forest,pine_tree,Q1,0.141426,0.5,exemplar_knn_k3,9,0.88,0.9392
20,mouse,shrew,forest,pine_tree,Q1,0.141426,0.5,logreg,9,0.88,0.424
20,mouse,shrew,forest,pine_tree,Q1,0.141426,0.5,random,9,0.32,1.3632
20,mouse,shrew,forest,pine_tree,Q1,0.141426,0.5,centroid,10,0.8867,0.1581
20,mouse,shrew,forest,pine_tree,Q1,0.141426,0.5,exemplar_knn_k3,10,0.88,0.8684
20,mouse,shrew,forest,pine_tree,Q1,0.141426,0.5,logreg,10,0.8733,0.3975
20,mouse,shrew,forest,pine_tree,Q1,0.141426,0.5,random,10,0.36,1.4221
20,mouse,shrew,forest,pine_tree,Q1,0.141426,0.5,centroid,11,0.8733,0.1604
20,mouse,shrew,forest,pine_tree,Q1,0.141426,0.5,exemplar_knn_k3,11,0.8133,1.0688
20,mouse,shrew,forest,pine_tree,Q1,0.141426,0.5,logreg,11,0.9,0.4503
20,mouse,shrew,forest,pine_tree,Q1,0.141426,0.5,random,11,0.3067,1.159
20,mouse,shrew,forest,pine_tree,Q1,0.141426,0.5,centroid,12,0.94,0.1869
20,mouse,shrew,forest,pine_tree,Q1,0.141426,0.5,exemplar_knn_k3,12,0.8533,1.0101
20,mouse,shrew,forest,pine_tree,Q1,0.141426,0.5,logreg,12,0.9333,0.4284
20,mouse,shrew,forest,pine_tree,Q1,0.141426,0.5,random,12,0.28,1.2716
20,mouse,shrew,forest,pine_tree,Q1,0.141426,0.5,centroid,13,0.8333,0.1979
20,mouse,shrew,forest,pine_tree,Q1,0.141426,0.5,exemplar_knn_k3,13,0.8733,1.1033
20,mouse,shrew,forest,pine_tree,Q1,0.141426,0.5,logreg,13,0.84,0.477
20,mouse,shrew,forest,pine_tree,Q1,0.141426,0.5,random,13,0.2533,1.1804
20,mouse,shrew,forest,pine_tree,Q1,0.141426,0.5,centroid,14,0.92,0.1932
20,mouse,shrew,forest,pine_tree,Q1,0.141426,0.5,exemplar_knn_k3,14,0.9267,1.1289
20,mouse,shrew,forest,pine_tree,Q1,0.141426,0.5,logreg,14,0.9133,0.4704
20,mouse,shrew,forest,pine_tree,Q1,0.141426,0.5,random,14,0.28,1.3412
20,mouse,shrew,forest,pine_tree,Q1,0.141426,0.5,centroid,15,0.9067,0.1725
20,mouse,shrew,forest,pine_tree,Q1,0.141426,0.5,exemplar_knn_k3,15,0.8667,1.0902
20,mouse,shrew,forest,pine_tree,Q1,0.141426,0.5,logreg,15,0.88,0.4787
20,mouse,shrew,forest,pine_tree,Q1,0.141426,0.5,random,15,0.28,1.3045
20,mouse,shrew,forest,pine_tree,Q1,0.141426,0.5,centroid,16,0.8533,0.1988
20,mouse,shrew,forest,pine_tree,Q1,0.141426,0.5,exemplar_knn_k3,16,0.84,1.0188
20,mouse,shrew,forest,pine_tree,Q1,0.141426,0.5,logreg,16,0.8467,0.4829
20,mouse,shrew,forest,pine_tree,Q1,0.141426,0.5,random,16,0.32,1.4106
20,mouse,shrew,forest,pine_tree,Q1,0.141426,0.5,centroid,17,0.9,0.1672
20,mouse,shrew,forest,pine_tree,Q1,0.141426,0.5,exemplar_knn_k3,17,0.8267,0.9586
20,mouse,shrew,forest,pine_tree,Q1,0.141426,0.5,logreg,17,0.9067,0.4571
20,mouse,shrew,forest,pine_tree,Q1,0.141426,0.5,random,17,0.2933,1.3656
20,mouse,shrew,forest,pine_tree,Q1,0.141426,0.5,centroid,18,0.9267,0.1811
20,mouse,shrew,forest,pine_tree,Q1,0.141426,0.5,exemplar_knn_k3,18,0.88,1.1474
20,mouse,shrew,forest,pine_tree,Q1,0.141426,0.5,logreg,18,0.9267,0.4426
20,mouse,shrew,forest,pine_tree,Q1,0.141426,0.5,random,18,0.2867,1.2722
20,mouse,shrew,forest,pine_tree,Q1,0.141426,0.5,centroid,19,0.74,0.1783
20,mouse,shrew,forest,pine_tree,Q1,0.141426,0.5,exemplar_knn_k3,19,0.7133,1.0225
20,mouse,shrew,forest,pine_tree,Q1,0.141426,0.5,logreg,19,0.74,0.4134
20,mouse,shrew,forest,pine_tree,Q1,0.141426,0.5,random,19,0.2867,1.284
20,mouse,shrew,forest,pine_tree,Q1,0.141426,0.5,centroid,20,0.7533,0.1511
20,mouse,shrew,forest,pine_tree,Q1,0.141426,0.5,exemplar_knn_k3,20,0.7,1.1442
20,mouse,shrew,forest,pine_tree,Q1,0.141426,0.5,logreg,20,0.8067,0.3342
20,mouse,shrew,forest,pine_tree,Q1,0.141426,0.5,random,20,0.3733,1.2551
20,mouse,shrew,forest,pine_tree,Q1,0.141426,0.5,centroid,21,0.9333,0.1447
20,mouse,shrew,forest,pine_tree,Q1,0.141426,0.5,exemplar_knn_k3,21,0.8733,0.9107
20,mouse,shrew,forest,pine_tree,Q1,0.141426,0.5,logreg,21,0.9333,0.3446
20,mouse,shrew,forest,pine_tree,Q1,0.141426,0.5,random,21,0.3067,1.3006
20,mouse,shrew,forest,pine_tree,Q1,0.141426,0.5,centroid,22,0.8267,0.1553
20,mouse,shrew,forest,pine_tree,Q1,0.141426,0.5,exemplar_knn_k3,22,0.82,1.1763
20,mouse,shrew,forest,pine_tree,Q1,0.141426,0.5,logreg,22,0.86,0.4229
20,mouse,shrew,forest,pine_tree,Q1,0.141426,0.5,random,22,0.34,1.1984
20,mouse,shrew,forest,pine_tree,Q1,0.141426,0.5,centroid,23,0.8333,0.1332
20,mouse,shrew,forest,pine_tree,Q1,0.141426,0.5,exemplar_knn_k3,23,0.74,0.8886
20,mouse,shrew,forest,pine_tree,Q1,0.141426,0.5,logreg,23,0.86,0.3405
20,mouse,shrew,forest,pine_tree,Q1,0.141426,0.5,random,23,0.3133,1.2803
20,mouse,shrew,forest,pine_tree,Q1,0.141426,0.5,centroid,24,0.8267,0.142
20,mouse,shrew,forest,pine_tree,Q1,0.141426,0.5,exemplar_knn_k3,24,0.82,0.8461
20,mouse,shrew,forest,pine_tree,Q1,0.141426,0.5,logreg,24,0.8667,0.3566
20,mouse,shrew,forest,pine_tree,Q1,0.141426,0.5,random,24,0.3067,1.3191
20,mouse,shrew,forest,pine_tree,Q1,0.141426,0.5,centroid,25,0.7667,0.1691
20,mouse,shrew,forest,pine_tree,Q1,0.141426,0.5,exemplar_knn_k3,25,0.72,0.8815
20,mouse,shrew,forest,pine_tree,Q1,0.141426,0.5,logreg,25,0.7667,0.3734
20,mouse,shrew,forest,pine_tree,Q1,0.141426,0.5,random,25,0.3733,1.3173
20,mouse,shrew,forest,pine_tree,Q1,0.141426,0.5,centroid,26,0.92,0.2056
20,mouse,shrew,forest,pine_tree,Q1,0.141426,0.5,exemplar_knn_k3,26,0.8933,1.1946
20,mouse,shrew,forest,pine_tree,Q1,0.141426,0.5,logreg,26,0.9067,0.5268
20,mouse,shrew,forest,pine_tree,Q1,0.141426,0.5,random,26,0.3,1.1878
20,mouse,shrew,forest,pine_tree,Q1,0.141426,0.5,centroid,27,0.82,0.1603
20,mouse,shrew,forest,pine_tree,Q1,0.141426,0.5,exemplar_knn_k3,27,0.7067,0.9843
20,mouse,shrew,forest,pine_tree,Q1,0.141426,0.5,logreg,27,0.8533,0.3727
20,mouse,shrew,forest,pine_tree,Q1,0.141426,0.5,random,27,0.4,1.0914
20,mouse,shrew,forest,pine_tree,Q1,0.141426,0.5,centroid,28,0.88,0.1429
20,mouse,shrew,forest,pine_tree,Q1,0.141426,0.5,exemplar_knn_k3,28,0.8733,0.9627
20,mouse,shrew,forest,pine_tree,Q1,0.141426,0.5,logreg,28,0.8667,0.3918
20,mouse,shrew,forest,pine_tree,Q1,0.141426,0.5,random,28,0.3,1.1652
20,mouse,shrew,forest,pine_tree,Q1,0.141426,0.5,centroid,29,0.7733,0.1686
20,mouse,shrew,forest,pine_tree,Q1,0.141426,0.5,exemplar_knn_k3,29,0.6667,1.094
20,mouse,shrew,forest,pine_tree,Q1,0.141426,0.5,logreg,29,0.82,0.4185
20,mouse,shrew,forest,pine_tree,Q1,0.141426,0.5,random,29,0.34,1.2071
21,plain,rocket,turtle,lobster,Q1,0.500003,0.571429,centroid,0,0.94,0.2138
21,plain,rocket,turtle,lobster,Q1,0.500003,0.571429,exemplar_knn_k3,0,0.9,0.9468
21,plain,rocket,turtle,lobster,Q1,0.500003,0.571429,logreg,0,0.8933,0.4403
21,plain,rocket,turtle,lobster,Q1,0.500003,0.571429,random,0,0.4267,1.1269
21,plain,rocket,turtle,lobster,Q1,0.500003,0.571429,centroid,1,0.8933,0.1741
21,plain,rocket,turtle,lobster,Q1,0.500003,0.571429,exemplar_knn_k3,1,0.8667,0.7832
21,plain,rocket,turtle,lobster,Q1,0.500003,0.571429,logreg,1,0.92,0.3918
21,plain,rocket,turtle,lobster,Q1,0.500003,0.571429,random,1,0.4267,1.1482
21,plain,rocket,turtle,lobster,Q1,0.500003,0.571429,centroid,2,0.8533,0.2057
21,plain,rocket,turtle,lobster,Q1,0.500003,0.571429,exemplar_knn_k3,2,0.8533,0.896
21,plain,rocket,turtle,lobster,Q1,0.500003,0.571429,logreg,2,0.8333,0.4407
21,plain,rocket,turtle,lobster,Q1,0.500003,0.571429,random,2,0.38,1.1303
21,plain,rocket,turtle,lobster,Q1,0.500003,0.571429,centroid,3,0.94,0.2223
21,plain,rocket,turtle,lobster,Q1,0.500003,0.571429,exemplar_knn_k3,3,0.96,0.9699
21,plain,rocket,turtle,lobster,Q1,0.500003,0.571429,logreg,3,0.9533,0.4789
21,plain,rocket,turtle,lobster,Q1,0.500003,0.571429,random,3,0.38,1.2578
21,plain,rocket,turtle,lobster,Q1,0.500003,0.571429,centroid,4,0.92,0.2624
21,plain,rocket,turtle,lobster,Q1,0.500003,0.571429,exemplar_knn_k3,4,0.92,1.0389
21,plain,rocket,turtle,lobster,Q1,0.500003,0.571429,logreg,4,0.88,0.538
21,plain,rocket,turtle,lobster,Q1,0.500003,0.571429,random,4,0.3667,1.283
21,plain,rocket,turtle,lobster,Q1,0.500003,0.571429,centroid,5,0.9667,0.2573
21,plain,rocket,turtle,lobster,Q1,0.500003,0.571429,exemplar_knn_k3,5,0.9533,1.0495
21,plain,rocket,turtle,lobster,Q1,0.500003,0.571429,logreg,5,0.9,0.4964
21,plain,rocket,turtle,lobster,Q1,0.500003,0.571429,random,5,0.3467,1.0525
21,plain,rocket,turtle,lobster,Q1,0.500003,0.571429,centroid,6,0.94,0.2055
21,plain,rocket,turtle,lobster,Q1,0.500003,0.571429,exemplar_knn_k3,6,0.8867,0.9593
21,plain,rocket,turtle,lobster,Q1,0.500003,0.571429,logreg,6,0.9267,0.4576
21,plain,rocket,turtle,lobster,Q1,0.500003,0.571429,random,6,0.3333,1.1864
21,plain,rocket,turtle,lobster,Q1,0.500003,0.571429,centroid,7,0.8933,0.2314
21,plain,rocket,turtle,lobster,Q1,0.500003,0.571429,exemplar_knn_k3,7,0.8867,0.9032
21,plain,rocket,turtle,lobster,Q1,0.500003,0.571429,logreg,7,0.8733,0.4654
21,plain,rocket,turtle,lobster,Q1,0.500003,0.571429,random,7,0.32,1.3116
21,plain,rocket,turtle,lobster,Q1,0.500003,0.571429,centroid,8,0.9067,0.2092
21,plain,rocket,turtle,lobster,Q1,0.500003,0.571429,exemplar_knn_k3,8,0.88,0.8889
21,plain,rocket,turtle,lobster,Q1,0.500003,0.571429,logreg,8,0.8867,0.4288
21,plain,rocket,turtle,lobster,Q1,0.500003,0.571429,random,8,0.3067,1.239
21,plain,rocket,turtle,lobster,Q1,0.500003,0.571429,centroid,9,0.96,0.2444
21,plain,rocket,turtle,lobster,Q1,0.500003,0.571429,exemplar_knn_k3,9,0.9467,0.9446
21,plain,rocket,turtle,lobster,Q1,0.500003,0.571429,logreg,9,0.9533,0.5096
21,plain,rocket,turtle,lobster,Q1,0.500003,0.571429,random,9,0.34,1.1477
21,plain,rocket,turtle,lobster,Q1,0.500003,0.571429,centroid,10,0.9533,0.1557
21,plain,rocket,turtle,lobster,Q1,0.500003,0.571429,exemplar_knn_k3,10,0.8933,0.6619
21,plain,rocket,turtle,lobster,Q1,0.500003,0.571429,logreg,10,0.9467,0.3297
21,plain,rocket,turtle,lobster,Q1,0.500003,0.571429,random,10,0.3267,1.2411
21,plain,rocket,turtle,lobster,Q1,0.500003,0.571429,centroid,11,0.86,0.2305
21,plain,rocket,turtle,lobster,Q1,0.500003,0.571429,exemplar_knn_k3,11,0.8467,0.9652
21,plain,rocket,turtle,lobster,Q1,0.500003,0.571429,logreg,11,0.8533,0.4864
21,plain,rocket,turtle,lobster,Q1,0.500003,0.571429,random,11,0.3533,1.156
21,plain,rocket,turtle,lobster,Q1,0.500003,0.571429,centroid,12,0.94,0.2472
21,plain,rocket,turtle,lobster,Q1,0.500003,0.571429,exemplar_knn_k3,12,0.92,0.9938
21,plain,rocket,turtle,lobster,Q1,0.500003,0.571429,logreg,12,0.9333,0.4933
21,plain,rocket,turtle,lobster,Q1,0.500003,0.571429,random,12,0.3533,1.2546
21,plain,rocket,turtle,lobster,Q1,0.500003,0.571429,centroid,13,0.94,0.1668
21,plain,rocket,turtle,lobster,Q1,0.500003,0.571429,exemplar_knn_k3,13,0.88,0.729
21,plain,rocket,turtle,lobster,Q1,0.500003,0.571429,logreg,13,0.9333,0.3621
21,plain,rocket,turtle,lobster,Q1,0.500003,0.571429,random,13,0.2867,1.1803
21,plain,rocket,turtle,lobster,Q1,0.500003,0.571429,centroid,14,0.9333,0.234
21,plain,rocket,turtle,lobster,Q1,0.500003,0.571429,exemplar_knn_k3,14,0.94,0.9795
21,plain,rocket,turtle,lobster,Q1,0.500003,0.571429,logreg,14,0.9267,0.4788
21,plain,rocket,turtle,lobster,Q1,0.500003,0.571429,random,14,0.32,1.1688
21,plain,rocket,turtle,lobster,Q1,0.500003,0.571429,centroid,15,0.92,0.2374
21,plain,rocket,turtle,lobster,Q1,0.500003,0.571429,exemplar_knn_k3,15,0.8933,1.0458
21,plain,rocket,turtle,lobster,Q1,0.500003,0.571429,logreg,15,0.9067,0.4877
21,plain,rocket,turtle,lobster,Q1,0.500003,0.571429,random,15,0.3133,1.335
21,plain,rocket,turtle,lobster,Q1,0.500003,0.571429,centroid,16,0.92,0.21
21,plain,rocket,turtle,lobster,Q1,0.500003,0.571429,exemplar_knn_k3,16,0.9133,0.883
21,plain,rocket,turtle,lobster,Q1,0.500003,0.571429,logreg,16,0.9267,0.4261
21,plain,rocket,turtle,lobster,Q1,0.500003,0.571429,random,16,0.3867,1.0774
21,plain,rocket,turtle,lobster,Q1,0.500003,0.571429,centroid,17,0.9333,0.2722
21,plain,rocket,turtle,lobster,Q1,0.500003,0.571429,exemplar_knn_k3,17,0.92,1.092
21,plain,rocket,turtle,lobster,Q1,0.500003,0.571429,logreg,17,0.9267,0.5385
21,plain,rocket,turtle,lobster,Q1,0.500003,0.571429,random,17,0.2933,1.3107
21,plain,rocket,turtle,lobster,Q1,0.500003,0.571429,centroid,18,0.9267,0.1666
21,plain,rocket,turtle,lobster,Q1,0.500003,0.571429,exemplar_knn_k3,18,0.88,0.7561
21,plain,rocket,turtle,lobster,Q1,0.500003,0.571429,logreg,18,0.94,0.3628
21,plain,rocket,turtle,lobster,Q1,0.500003,0.571429,random,18,0.3267,1.1865
21,plain,rocket,turtle,lobster,Q1,0.500003,0.571429,centroid,19,0.9467,0.1995
21,plain,rocket,turtle,lobster,Q1,0.500003,0.571429,exemplar_knn_k3,19,0.9133,0.8741
21,plain,rocket,turtle,lobster,Q1,0.500003,0.571429,logreg,19,0.94,0.4234
21,plain,rocket,turtle,lobster,Q1,0.500003,0.571429,random,19,0.3333,1.2052
21,plain,rocket,turtle,lobster,Q1,0.500003,0.571429,centroid,20,0.94,0.1772
21,plain,rocket,turtle,lobster,Q1,0.500003,0.571429,exemplar_knn_k3,20,0.9133,0.8237
21,plain,rocket,turtle,lobster,Q1,0.500003,0.571429,logreg,20,0.9067,0.3839
21,plain,rocket,turtle,lobster,Q1,0.500003,0.571429,random,20,0.3,1.1848
21,plain,rocket,turtle,lobster,Q1,0.500003,0.571429,centroid,21,0.96,0.2119
21,plain,rocket,turtle,lobster,Q1,0.500003,0.571429,exemplar_knn_k3,21,0.92,0.8822
21,plain,rocket,turtle,lobster,Q1,0.500003,0.571429,logreg,21,0.96,0.4537
21,plain,rocket,turtle,lobster,Q1,0.500003,0.571429,random,21,0.26,1.2519
21,plain,rocket,turtle,lobster,Q1,0.500003,0.571429,centroid,22,0.8867,0.2264
21,plain,rocket,turtle,lobster,Q1,0.500003,0.571429,exemplar_knn_k3,22,0.8533,0.9511
21,plain,rocket,turtle,lobster,Q1,0.500003,0.571429,logreg,22,0.8667,0.4791
21,plain,rocket,turtle,lobster,Q1,0.500003,0.571429,random,22,0.3333,1.1702
21,plain,rocket,turtle,lobster,Q1,0.500003,0.571429,centroid,23,0.86,0.2251
21,plain,rocket,turtle,lobster,Q1,0.500003,0.571429,exemplar_knn_k3,23,0.8733,0.9851
21,plain,rocket,turtle,lobster,Q1,0.500003,0.571429,logreg,23,0.86,0.475
21,plain,rocket,turtle,lobster,Q1,0.500003,0.571429,random,23,0.3133,1.234
21,plain,rocket,turtle,lobster,Q1,0.500003,0.571429,centroid,24,0.9133,0.2002
21,plain,rocket,turtle,lobster,Q1,0.500003,0.571429,exemplar_knn_k3,24,0.8867,0.8538
21,plain,rocket,turtle,lobster,Q1,0.500003,0.571429,logreg,24,0.9067,0.4245
21,plain,rocket,turtle,lobster,Q1,0.500003,0.571429,random,24,0.3533,1.1989
21,plain,rocket,turtle,lobster,Q1,0.500003,0.571429,centroid,25,0.9,0.2254
21,plain,rocket,turtle,lobster,Q1,0.500003,0.571429,exemplar_knn_k3,25,0.9133,0.972
21,plain,rocket,turtle,lobster,Q1,0.500003,0.571429,logreg,25,0.82,0.4529
21,plain,rocket,turtle,lobster,Q1,0.500003,0.571429,random,25,0.32,1.1187
21,plain,rocket,turtle,lobster,Q1,0.500003,0.571429,centroid,26,0.92,0.1924
21,plain,rocket,turtle,lobster,Q1,0.500003,0.571429,exemplar_knn_k3,26,0.82,0.7511
21,plain,rocket,turtle,lobster,Q1,0.500003,0.571429,logreg,26,0.9,0.3919
21,plain,rocket,turtle,lobster,Q1,0.500003,0.571429,random,26,0.3867,1.1466
21,plain,rocket,turtle,lobster,Q1,0.500003,0.571429,centroid,27,0.8733,0.2107
21,plain,rocket,turtle,lobster,Q1,0.500003,0.571429,exemplar_knn_k3,27,0.8333,0.8331
21,plain,rocket,turtle,lobster,Q1,0.500003,0.571429,logreg,27,0.8533,0.4367
21,plain,rocket,turtle,lobster,Q1,0.500003,0.571429,random,27,0.34,1.1631
21,plain,rocket,turtle,lobster,Q1,0.500003,0.571429,centroid,28,0.9467,0.2388
21,plain,rocket,turtle,lobster,Q1,0.500003,0.571429,exemplar_knn_k3,28,0.9733,0.9752
21,plain,rocket,turtle,lobster,Q1,0.500003,0.571429,logreg,28,0.9467,0.4916
21,plain,rocket,turtle,lobster,Q1,0.500003,0.571429,random,28,0.32,1.1838
21,plain,rocket,turtle,lobster,Q1,0.500003,0.571429,centroid,29,0.9,0.1947
21,plain,rocket,turtle,lobster,Q1,0.500003,0.571429,exemplar_knn_k3,29,0.9,0.8587
21,plain,rocket,turtle,lobster,Q1,0.500003,0.571429,logreg,29,0.86,0.4164
21,plain,rocket,turtle,lobster,Q1,0.500003,0.571429,random,29,0.3867,1.3017
22,plain,worm,oak_tree,sunflower,Q1,0.706222,0.571429,centroid,0,0.94,0.2596
22,plain,worm,oak_tree,sunflower,Q1,0.706222,0.571429,exemplar_knn_k3,0,0.9067,1.3692
22,plain,worm,oak_tree,sunflower,Q1,0.706222,0.571429,logreg,0,0.8667,0.644
22,plain,worm,oak_tree,sunflower,Q1,0.706222,0.571429,random,0,0.4067,1.152
22,plain,worm,oak_tree,sunflower,Q1,0.706222,0.571429,centroid,1,0.8133,0.473
22,plain,worm,oak_tree,sunflower,Q1,0.706222,0.571429,exemplar_knn_k3,1,0.8133,1.597
22,plain,worm,oak_tree,sunflower,Q1,0.706222,0.571429,logreg,1,0.8267,0.9417
22,plain,worm,oak_tree,sunflower,Q1,0.706222,0.571429,random,1,0.3667,1.1866
22,plain,worm,oak_tree,sunflower,Q1,0.706222,0.571429,centroid,2,0.9533,0.2609
22,plain,worm,oak_tree,sunflower,Q1,0.706222,0.571429,exemplar_knn_k3,2,0.9067,1.3652
22,plain,worm,oak_tree,sunflower,Q1,0.706222,0.571429,logreg,2,0.9733,0.6083
22,plain,worm,oak_tree,sunflower,Q1,0.706222,0.571429,random,2,0.4,1.2364
22,plain,worm,oak_tree,sunflower,Q1,0.706222,0.571429,centroid,3,0.82,0.4382
22,plain,worm,oak_tree,sunflower,Q1,0.706222,0.571429,exemplar_knn_k3,3,0.8133,1.6065
22,plain,worm,oak_tree,sunflower,Q1,0.706222,0.571429,logreg,3,0.8333,0.8738
22,plain,worm,oak_tree,sunflower,Q1,0.706222,0.571429,random,3,0.28,1.0774
22,plain,worm,oak_tree,sunflower,Q1,0.706222,0.571429,centroid,4,0.98,0.2838
22,plain,worm,oak_tree,sunflower,Q1,0.706222,0.571429,exemplar_knn_k3,4,0.94,1.4662
22,plain,worm,oak_tree,sunflower,Q1,0.706222,0.571429,logreg,4,0.9533,0.6718
22,plain,worm,oak_tree,sunflower,Q1,0.706222,0.571429,random,4,0.34,1.2515
22,plain,worm,oak_tree,sunflower,Q1,0.706222,0.571429,centroid,5,0.9467,0.2447
22,plain,worm,oak_tree,sunflower,Q1,0.706222,0.571429,exemplar_knn_k3,5,0.9333,1.3572
22,plain,worm,oak_tree,sunflower,Q1,0.706222,0.571429,logreg,5,0.9333,0.5928
22,plain,worm,oak_tree,sunflower,Q1,0.706222,0.571429,random,5,0.34,1.1191
22,plain,worm,oak_tree,sunflower,Q1,0.706222,0.571429,centroid,6,0.8267,0.4709
22,plain,worm,oak_tree,sunflower,Q1,0.706222,0.571429,exemplar_knn_k3,6,0.82,1.6344
22,plain,worm,oak_tree,sunflower,Q1,0.706222,0.571429,logreg,6,0.8333,0.8976
22,plain,worm,oak_tree,sunflower,Q1,0.706222,0.571429,random,6,0.38,1.2142
22,plain,worm,oak_tree,sunflower,Q1,0.706222,0.571429,centroid,7,0.9533,0.2634
22,plain,worm,oak_tree,sunflower,Q1,0.706222,0.571429,exemplar_knn_k3,7,0.9133,1.4045
22,plain,worm,oak_tree,sunflower,Q1,0.706222,0.571429,logreg,7,0.9533,0.5929
22,plain,worm,oak_tree,sunflower,Q1,0.706222,0.571429,random,7,0.3667,1.3576
22,plain,worm,oak_tree,sunflower,Q1,0.706222,0.571429,centroid,8,0.84,0.296
22,plain,worm,oak_tree,sunflower,Q1,0.706222,0.571429,exemplar_knn_k3,8,0.7533,1.3626
22,plain,worm,oak_tree,sunflower,Q1,0.706222,0.571429,logreg,8,0.9667,0.6423
22,plain,worm,oak_tree,sunflower,Q1,0.706222,0.571429,random,8,0.3267,1.2505
22,plain,worm,oak_tree,sunflower,Q1,0.706222,0.571429,centroid,9,0.8333,0.4857
22,plain,worm,oak_tree,sunflower,Q1,0.706222,0.571429,exemplar_knn_k3,9,0.8133,1.6893
22,plain,worm,oak_tree,sunflower,Q1,0.706222,0.571429,logreg,9,0.8333,0.9151
22,plain,worm,oak_tree,sunflower,Q1,0.706222,0.571429,random,9,0.36,1.1591
22,plain,worm,oak_tree,sunflower,Q1,0.706222,0.571429,centroid,10,0.8267,0.4753
22,plain,worm,oak_tree,sunflower,Q1,0.706222,0.571429,exemplar_knn_k3,10,0.82,1.6601
22,plain,worm,oak_tree,sunflower,Q1,0.706222,0.571429,logreg,10,0.8333,0.9174
22,plain,worm,oak_tree,sunflower,Q1,0.706222,0.571429,random,10,0.34,1.2937
22,plain,worm,oak_tree,sunflower,Q1,0.706222,0.571429,centroid,11,0.92,0.2466
22,plain,worm,oak_tree,sunflower,Q1,0.706222,0.571429,exemplar_knn_k3,11,0.88,1.2756
22,plain,worm,oak_tree,sunflower,Q1,0.706222,0.571429,logreg,11,0.9067,0.5678
22,plain,worm,oak_tree,sunflower,Q1,0.706222,0.571429,random,11,0.3,1.2335
22,plain,worm,oak_tree,sunflower,Q1,0.706222,0.571429,centroid,12,0.82,0.4892
22,plain,worm,oak_tree,sunflower,Q1,0.706222,0.571429,exemplar_knn_k3,12,0.82,1.6868
22,plain,worm,oak_tree,sunflower,Q1,0.706222,0.571429,logreg,12,0.82,0.9609
22,plain,worm,oak_tree,sunflower,Q1,0.706222,0.571429,random,12,0.3333,1.2591
22,plain,worm,oak_tree,sunflower,Q1,0.706222,0.571429,centroid,13,0.84,0.4567
22,plain,worm,oak_tree,sunflower,Q1,0.706222,0.571429,exemplar_knn_k3,13,0.8333,1.6406
22,plain,worm,oak_tree,sunflower,Q1,0.706222,0.571429,logreg,13,0.86,0.9095
22,plain,worm,oak_tree,sunflower,Q1,0.706222,0.571429,random,13,0.38,1.2529
22,plain,worm,oak_tree,sunflower,Q1,0.706222,0.571429,centroid,14,0.82,0.4756
22,plain,worm,oak_tree,sunflower,Q1,0.706222,0.571429,exemplar_knn_k3,14,0.8133,1.6466
22,plain,worm,oak_tree,sunflower,Q1,0.706222,0.571429,logreg,14,0.8267,0.869
22,plain,worm,oak_tree,sunflower,Q1,0.706222,0.571429,random,14,0.2867,1.2874
22,plain,worm,oak_tree,sunflower,Q1,0.706222,0.571429,centroid,15,0.9533,0.2735
22,plain,worm,oak_tree,sunflower,Q1,0.706222,0.571429,exemplar_knn_k3,15,0.9333,1.4346
22,plain,worm,oak_tree,sunflower,Q1,0.706222,0.571429,logreg,15,0.94,0.6161
22,plain,worm,oak_tree,sunflower,Q1,0.706222,0.571429,random,15,0.34,1.2218
22,plain,worm,oak_tree,sunflower,Q1,0.706222,0.571429,centroid,16,0.98,0.2325
22,plain,worm,oak_tree,sunflower,Q1,0.706222,0.571429,exemplar_knn_k3,16,0.9467,1.3195
22,plain,worm,oak_tree,sunflower,Q1,0.706222,0.571429,logreg,16,0.96,0.5457
22,plain,worm,oak_tree,sunflower,Q1,0.706222,0.571429,random,16,0.2933,1.1735
22,plain,worm,oak_tree,sunflower,Q1,0.706222,0.571429,centroid,17,0.8933,0.2645
22,plain,worm,oak_tree,sunflower,Q1,0.706222,0.571429,exemplar_knn_k3,17,0.8467,1.3655
22,plain,worm,oak_tree,sunflower,Q1,0.706222,0.571429,logreg,17,0.8067,0.6552
22,plain,worm,oak_tree,sunflower,Q1,0.706222,0.571429,random,17,0.3133,1.138
22,plain,worm,oak_tree,sunflower,Q1,0.706222,0.571429,centroid,18,0.82,0.486
22,plain,worm,oak_tree,sunflower,Q1,0.706222,0.571429,exemplar_knn_k3,18,0.8133,1.6747
22,plain,worm,oak_tree,sunflower,Q1,0.706222,0.571429,logreg,18,0.82,0.9525
22,plain,worm,oak_tree,sunflower,Q1,0.706222,0.571429,random,18,0.2933,1.3921
22,plain,worm,oak_tree,sunflower,Q1,0.706222,0.571429,centroid,19,0.82,0.4753
22,plain,worm,oak_tree,sunflower,Q1,0.706222,0.571429,exemplar_knn_k3,19,0.8133,1.6082
22,plain,worm,oak_tree,sunflower,Q1,0.706222,0.571429,logreg,19,0.82,0.9402
22,plain,worm,oak_tree,sunflower,Q1,0.706222,0.571429,random,19,0.3267,1.1649
22,plain,worm,oak_tree,sunflower,Q1,0.706222,0.571429,centroid,20,0.84,0.2647
22,plain,worm,oak_tree,sunflower,Q1,0.706222,0.571429,exemplar_knn_k3,20,0.8467,1.366
22,plain,worm,oak_tree,sunflower,Q1,0.706222,0.571429,logreg,20,0.9667,0.5814
22,plain,worm,oak_tree,sunflower,Q1,0.706222,0.571429,random,20,0.3,1.2801
22,plain,worm,oak_tree,sunflower,Q1,0.706222,0.571429,centroid,21,0.8267,0.4886
22,plain,worm,oak_tree,sunflower,Q1,0.706222,0.571429,exemplar_knn_k3,21,0.8267,1.6636
22,plain,worm,oak_tree,sunflower,Q1,0.706222,0.571429,logreg,21,0.8267,0.945
22,plain,worm,oak_tree,sunflower,Q1,0.706222,0.571429,random,21,0.3333,1.1324
22,plain,worm,oak_tree,sunflower,Q1,0.706222,0.571429,centroid,22,0.94,0.253
22,plain,worm,oak_tree,sunflower,Q1,0.706222,0.571429,exemplar_knn_k3,22,0.9333,1.296
22,plain,worm,oak_tree,sunflower,Q1,0.706222,0.571429,logreg,22,0.9133,0.5719
22,plain,worm,oak_tree,sunflower,Q1,0.706222,0.571429,random,22,0.34,1.0569
22,plain,worm,oak_tree,sunflower,Q1,0.706222,0.571429,centroid,23,0.9533,0.2577
22,plain,worm,oak_tree,sunflower,Q1,0.706222,0.571429,exemplar_knn_k3,23,0.94,1.3587
22,plain,worm,oak_tree,sunflower,Q1,0.706222,0.571429,logreg,23,0.8533,0.6157
22,plain,worm,oak_tree,sunflower,Q1,0.706222,0.571429,random,23,0.3267,0.9593
22,plain,worm,oak_tree,sunflower,Q1,0.706222,0.571429,centroid,24,0.9133,0.2719
22,plain,worm,oak_tree,sunflower,Q1,0.706222,0.571429,exemplar_knn_k3,24,0.8467,1.4412
22,plain,worm,oak_tree,sunflower,Q1,0.706222,0.571429,logreg,24,0.8933,0.633
22,plain,worm,oak_tree,sunflower,Q1,0.706222,0.571429,random,24,0.3133,1.1852
22,plain,worm,oak_tree,sunflower,Q1,0.706222,0.571429,centroid,25,0.92,0.263
22,plain,worm,oak_tree,sunflower,Q1,0.706222,0.571429,exemplar_knn_k3,25,0.9,1.3743
22,plain,worm,oak_tree,sunflower,Q1,0.706222,0.571429,logreg,25,0.8067,0.6299
22,plain,worm,oak_tree,sunflower,Q1,0.706222,0.571429,random,25,0.4133,1.3154
22,plain,worm,oak_tree,sunflower,Q1,0.706222,0.571429,centroid,26,0.92,0.2696
22,plain,worm,oak_tree,sunflower,Q1,0.706222,0.571429,exemplar_knn_k3,26,0.86,1.2022
22,plain,worm,oak_tree,sunflower,Q1,0.706222,0.571429,logreg,26,0.92,0.6156
22,plain,worm,oak_tree,sunflower,Q1,0.706222,0.571429,random,26,0.28,1.2956
22,plain,worm,oak_tree,sunflower,Q1,0.706222,0.571429,centroid,27,0.9467,0.2453
22,plain,worm,oak_tree,sunflower,Q1,0.706222,0.571429,exemplar_knn_k3,27,0.9,1.3295
22,plain,worm,oak_tree,sunflower,Q1,0.706222,0.571429,logreg,27,0.9667,0.5865
22,plain,worm,oak_tree,sunflower,Q1,0.706222,0.571429,random,27,0.3667,1.3471
22,plain,worm,oak_tree,sunflower,Q1,0.706222,0.571429,centroid,28,0.82,0.4635
22,plain,worm,oak_tree,sunflower,Q1,0.706222,0.571429,exemplar_knn_k3,28,0.82,1.5848
22,plain,worm,oak_tree,sunflower,Q1,0.706222,0.571429,logreg,28,0.8133,0.9034
22,plain,worm,oak_tree,sunflower,Q1,0.706222,0.571429,random,28,0.3733,1.157
22,plain,worm,oak_tree,sunflower,Q1,0.706222,0.571429,centroid,29,0.9333,0.2749
22,plain,worm,oak_tree,sunflower,Q1,0.706222,0.571429,exemplar_knn_k3,29,0.92,1.4705
22,plain,worm,oak_tree,sunflower,Q1,0.706222,0.571429,logreg,29,0.9133,0.6695
22,plain,worm,oak_tree,sunflower,Q1,0.706222,0.571429,random,29,0.3733,1.1648
23,shrew,squirrel,woman,tank,Q1,0.238103,0.5,centroid,0,0.9733,0.283
23,shrew,squirrel,woman,tank,Q1,0.238103,0.5,exemplar_knn_k3,0,0.98,1.1717
23,shrew,squirrel,woman,tank,Q1,0.238103,0.5,logreg,0,0.9733,0.5915
23,shrew,squirrel,woman,tank,Q1,0.238103,0.5,random,0,0.32,1.1937
23,shrew,squirrel,woman,tank,Q1,0.238103,0.5,centroid,1,0.98,0.2652
23,shrew,squirrel,woman,tank,Q1,0.238103,0.5,exemplar_knn_k3,1,0.96,1.0836
23,shrew,squirrel,woman,tank,Q1,0.238103,0.5,logreg,1,0.98,0.5586
23,shrew,squirrel,woman,tank,Q1,0.238103,0.5,random,1,0.36,1.5122
23,shrew,squirrel,woman,tank,Q1,0.238103,0.5,centroid,2,0.9333,0.254
23,shrew,squirrel,woman,tank,Q1,0.238103,0.5,exemplar_knn_k3,2,0.92,1.111
23,shrew,squirrel,woman,tank,Q1,0.238103,0.5,logreg,2,0.9333,0.5236
23,shrew,squirrel,woman,tank,Q1,0.238103,0.5,random,2,0.3133,1.2304
23,shrew,squirrel,woman,tank,Q1,0.238103,0.5,centroid,3,0.9867,0.2715
23,shrew,squirrel,woman,tank,Q1,0.238103,0.5,exemplar_knn_k3,3,0.98,1.0884
23,shrew,squirrel,woman,tank,Q1,0.238103,0.5,logreg,3,0.9867,0.594
23,shrew,squirrel,woman,tank,Q1,0.238103,0.5,random,3,0.3267,1.0452
23,shrew,squirrel,woman,tank,Q1,0.238103,0.5,centroid,4,0.9667,0.2641
23,shrew,squirrel,woman,tank,Q1,0.238103,0.5,exemplar_knn_k3,4,0.92,1.0422
23,shrew,squirrel,woman,tank,Q1,0.238103,0.5,logreg,4,0.9667,0.5588
23,shrew,squirrel,woman,tank,Q1,0.238103,0.5,random,4,0.2667,1.2082
23,shrew,squirrel,woman,tank,Q1,0.238103,0.5,centroid,5,0.9933,0.2672
23,shrew,squirrel,woman,tank,Q1,0.238103,0.5,exemplar_knn_k3,5,0.9867,1.0593
23,shrew,squirrel,woman,tank,Q1,0.238103,0.5,logreg,5,0.9933,0.5645
23,shrew,squirrel,woman,tank,Q1,0.238103,0.5,random,5,0.3933,1.2737
23,shrew,squirrel,woman,tank,Q1,0.238103,0.5,centroid,6,0.9733,0.2722
23,shrew,squirrel,woman,tank,Q1,0.238103,0.5,exemplar_knn_k3,6,0.9733,1.1491
23,shrew,squirrel,woman,tank,Q1,0.238103,0.5,logreg,6,0.9733,0.5764
23,shrew,squirrel,woman,tank,Q1,0.238103,0.5,random,6,0.34,1.3547
23,shrew,squirrel,woman,tank,Q1,0.238103,0.5,centroid,7,0.98,0.2848
23,shrew,squirrel,woman,tank,Q1,0.238103,0.5,exemplar_knn_k3,7,0.96,1.1157
23,shrew,squirrel,woman,tank,Q1,0.238103,0.5,logreg,7,0.9933,0.5964
23,shrew,squirrel,woman,tank,Q1,0.238103,0.5,random,7,0.34,1.1893
23,shrew,squirrel,woman,tank,Q1,0.238103,0.5,centroid,8,0.9933,0.2705
23,shrew,squirrel,woman,tank,Q1,0.238103,0.5,exemplar_knn_k3,8,0.9867,1.16
23,shrew,squirrel,woman,tank,Q1,0.238103,0.5,logreg,8,1.0,0.5862
23,shrew,squirrel,woman,tank,Q1,0.238103,0.5,random,8,0.3333,1.2771
23,shrew,squirrel,woman,tank,Q1,0.238103,0.5,centroid,9,0.9733,0.239
23,shrew,squirrel,woman,tank,Q1,0.238103,0.5,exemplar_knn_k3,9,0.94,0.9919
23,shrew,squirrel,woman,tank,Q1,0.238103,0.5,logreg,9,0.98,0.5358
23,shrew,squirrel,woman,tank,Q1,0.238103,0.5,random,9,0.3267,1.2074
23,shrew,squirrel,woman,tank,Q1,0.238103,0.5,centroid,10,0.9667,0.2835
23,shrew,squirrel,woman,tank,Q1,0.238103,0.5,exemplar_knn_k3,10,0.9733,1.1497
23,shrew,squirrel,woman,tank,Q1,0.238103,0.5,logreg,10,0.96,0.6009
23,shrew,squirrel,woman,tank,Q1,0.238103,0.5,random,10,0.3733,1.347
23,shrew,squirrel,woman,tank,Q1,0.238103,0.5,centroid,11,0.9867,0.2331
23,shrew,squirrel,woman,tank,Q1,0.238103,0.5,exemplar_knn_k3,11,0.9467,1.0188
23,shrew,squirrel,woman,tank,Q1,0.238103,0.5,logreg,11,0.9867,0.5106
23,shrew,squirrel,woman,tank,Q1,0.238103,0.5,random,11,0.3467,1.2414
23,shrew,squirrel,woman,tank,Q1,0.238103,0.5,centroid,12,0.9933,0.2864
23,shrew,squirrel,woman,tank,Q1,0.238103,0.5,exemplar_knn_k3,12,0.9933,1.1163
23,shrew,squirrel,woman,tank,Q1,0.238103,0.5,logreg,12,0.9933,0.5946
23,shrew,squirrel,woman,tank,Q1,0.238103,0.5,random,12,0.38,1.189
23,shrew,squirrel,woman,tank,Q1,0.238103,0.5,centroid,13,0.9867,0.2853
23,shrew,squirrel,woman,tank,Q1,0.238103,0.5,exemplar_knn_k3,13,0.98,1.1721
23,shrew,squirrel,woman,tank,Q1,0.238103,0.5,logreg,13,0.98,0.5876
23,shrew,squirrel,woman,tank,Q1,0.238103,0.5,random,13,0.2867,1.2373
23,shrew,squirrel,woman,tank,Q1,0.238103,0.5,centroid,14,0.98,0.29
23,shrew,squirrel,woman,tank,Q1,0.238103,0.5,exemplar_knn_k3,14,0.98,1.1629
23,shrew,squirrel,woman,tank,Q1,0.238103,0.5,logreg,14,0.98,0.617
23,shrew,squirrel,woman,tank,Q1,0.238103,0.5,random,14,0.3267,1.1872
23,shrew,squirrel,woman,tank,Q1,0.238103,0.5,centroid,15,0.9867,0.2767
23,shrew,squirrel,woman,tank,Q1,0.238103,0.5,exemplar_knn_k3,15,0.96,1.1099
23,shrew,squirrel,woman,tank,Q1,0.238103,0.5,logreg,15,0.9867,0.5861
23,shrew,squirrel,woman,tank,Q1,0.238103,0.5,random,15,0.3067,1.2858
23,shrew,squirrel,woman,tank,Q1,0.238103,0.5,centroid,16,0.94,0.28
23,shrew,squirrel,woman,tank,Q1,0.238103,0.5,exemplar_knn_k3,16,0.96,1.1502
23,shrew,squirrel,woman,tank,Q1,0.238103,0.5,logreg,16,0.94,0.5884
23,shrew,squirrel,woman,tank,Q1,0.238103,0.5,random,16,0.34,1.3183
23,shrew,squirrel,woman,tank,Q1,0.238103,0.5,centroid,17,0.9933,0.2741
23,shrew,squirrel,woman,tank,Q1,0.238103,0.5,exemplar_knn_k3,17,0.98,1.0625
23,shrew,squirrel,woman,tank,Q1,0.238103,0.5,logreg,17,0.98,0.5608
23,shrew,squirrel,woman,tank,Q1,0.238103,0.5,random,17,0.3533,1.2719
23,shrew,squirrel,woman,tank,Q1,0.238103,0.5,centroid,18,0.9733,0.2861
23,shrew,squirrel,woman,tank,Q1,0.238103,0.5,exemplar_knn_k3,18,0.9667,1.1419
23,shrew,squirrel,woman,tank,Q1,0.238103,0.5,logreg,18,0.9667,0.5813
23,shrew,squirrel,woman,tank,Q1,0.238103,0.5,random,18,0.3,1.3719
23,shrew,squirrel,woman,tank,Q1,0.238103,0.5,centroid,19,0.9867,0.3186
23,shrew,squirrel,woman,tank,Q1,0.238103,0.5,exemplar_knn_k3,19,0.9667,1.1913
23,shrew,squirrel,woman,tank,Q1,0.238103,0.5,logreg,19,0.98,0.6443
23,shrew,squirrel,woman,tank,Q1,0.238103,0.5,random,19,0.2933,1.1849
23,shrew,squirrel,woman,tank,Q1,0.238103,0.5,centroid,20,0.98,0.2464
23,shrew,squirrel,woman,tank,Q1,0.238103,0.5,exemplar_knn_k3,20,0.9,1.0587
23,shrew,squirrel,woman,tank,Q1,0.238103,0.5,logreg,20,0.9667,0.5398
23,shrew,squirrel,woman,tank,Q1,0.238103,0.5,random,20,0.3733,1.2551
23,shrew,squirrel,woman,tank,Q1,0.238103,0.5,centroid,21,0.98,0.2888
23,shrew,squirrel,woman,tank,Q1,0.238103,0.5,exemplar_knn_k3,21,0.9533,1.0457
23,shrew,squirrel,woman,tank,Q1,0.238103,0.5,logreg,21,0.98,0.5945
23,shrew,squirrel,woman,tank,Q1,0.238103,0.5,random,21,0.3733,1.401
23,shrew,squirrel,woman,tank,Q1,0.238103,0.5,centroid,22,0.9533,0.2579
23,shrew,squirrel,woman,tank,Q1,0.238103,0.5,exemplar_knn_k3,22,0.9333,1.126
23,shrew,squirrel,woman,tank,Q1,0.238103,0.5,logreg,22,0.94,0.5164
23,shrew,squirrel,woman,tank,Q1,0.238103,0.5,random,22,0.3533,1.1817
23,shrew,squirrel,woman,tank,Q1,0.238103,0.5,centroid,23,0.9933,0.2825
23,shrew,squirrel,woman,tank,Q1,0.238103,0.5,exemplar_knn_k3,23,0.9733,1.1629
23,shrew,squirrel,woman,tank,Q1,0.238103,0.5,logreg,23,0.9933,0.5949
23,shrew,squirrel,woman,tank,Q1,0.238103,0.5,random,23,0.3267,1.3401
23,shrew,squirrel,woman,tank,Q1,0.238103,0.5,centroid,24,0.98,0.2827
23,shrew,squirrel,woman,tank,Q1,0.238103,0.5,exemplar_knn_k3,24,0.98,1.1248
23,shrew,squirrel,woman,tank,Q1,0.238103,0.5,logreg,24,0.98,0.5906
23,shrew,squirrel,woman,tank,Q1,0.238103,0.5,random,24,0.3333,1.3441
23,shrew,squirrel,woman,tank,Q1,0.238103,0.5,centroid,25,0.98,0.2863
23,shrew,squirrel,woman,tank,Q1,0.238103,0.5,exemplar_knn_k3,25,0.9733,1.1389
23,shrew,squirrel,woman,tank,Q1,0.238103,0.5,logreg,25,0.98,0.6086
23,shrew,squirrel,woman,tank,Q1,0.238103,0.5,random,25,0.34,1.1425
23,shrew,squirrel,woman,tank,Q1,0.238103,0.5,centroid,26,0.9667,0.2719
23,shrew,squirrel,woman,tank,Q1,0.238103,0.5,exemplar_knn_k3,26,0.9733,1.0978
23,shrew,squirrel,woman,tank,Q1,0.238103,0.5,logreg,26,0.9533,0.5617
23,shrew,squirrel,woman,tank,Q1,0.238103,0.5,random,26,0.3867,1.0351
23,shrew,squirrel,woman,tank,Q1,0.238103,0.5,centroid,27,0.98,0.2429
23,shrew,squirrel,woman,tank,Q1,0.238103,0.5,exemplar_knn_k3,27,0.9867,0.9944
23,shrew,squirrel,woman,tank,Q1,0.238103,0.5,logreg,27,0.98,0.5182
23,shrew,squirrel,woman,tank,Q1,0.238103,0.5,random,27,0.36,1.1459
23,shrew,squirrel,woman,tank,Q1,0.238103,0.5,centroid,28,0.9333,0.271
23,shrew,squirrel,woman,tank,Q1,0.238103,0.5,exemplar_knn_k3,28,0.9333,1.1169
23,shrew,squirrel,woman,tank,Q1,0.238103,0.5,logreg,28,0.94,0.576
23,shrew,squirrel,woman,tank,Q1,0.238103,0.5,random,28,0.3267,1.2836
23,shrew,squirrel,woman,tank,Q1,0.238103,0.5,centroid,29,0.9933,0.312
23,shrew,squirrel,woman,tank,Q1,0.238103,0.5,exemplar_knn_k3,29,0.98,1.1613
23,shrew,squirrel,woman,tank,Q1,0.238103,0.5,logreg,29,0.9933,0.6397
23,shrew,squirrel,woman,tank,Q1,0.238103,0.5,random,29,0.2733,1.1832
24,spider,woman,possum,squirrel,Q1,0.675995,0.4,centroid,0,0.8467,0.1468
24,spider,woman,possum,squirrel,Q1,0.675995,0.4,exemplar_knn_k3,0,0.8267,0.7188
24,spider,woman,possum,squirrel,Q1,0.675995,0.4,logreg,0,0.9133,0.3384
24,spider,woman,possum,squirrel,Q1,0.675995,0.4,random,0,0.4133,1.1703
24,spider,woman,possum,squirrel,Q1,0.675995,0.4,centroid,1,0.7467,0.1847
24,spider,woman,possum,squirrel,Q1,0.675995,0.4,exemplar_knn_k3,1,0.7267,0.9391
24,spider,woman,possum,squirrel,Q1,0.675995,0.4,logreg,1,0.7467,0.3968
24,spider,woman,possum,squirrel,Q1,0.675995,0.4,random,1,0.3067,1.2338
24,spider,woman,possum,squirrel,Q1,0.675995,0.4,centroid,2,0.8333,0.2001
24,spider,woman,possum,squirrel,Q1,0.675995,0.4,exemplar_knn_k3,2,0.7867,0.9178
24,spider,woman,possum,squirrel,Q1,0.675995,0.4,logreg,2,0.88,0.4116
24,spider,woman,possum,squirrel,Q1,0.675995,0.4,random,2,0.3133,1.1743
24,spider,woman,possum,squirrel,Q1,0.675995,0.4,centroid,3,0.7067,0.1753
24,spider,woman,possum,squirrel,Q1,0.675995,0.4,exemplar_knn_k3,3,0.7,0.8346
24,spider,woman,possum,squirrel,Q1,0.675995,0.4,logreg,3,0.6933,0.3982
24,spider,woman,possum,squirrel,Q1,0.675995,0.4,random,3,0.4,1.2484
24,spider,woman,possum,squirrel,Q1,0.675995,0.4,centroid,4,0.8,0.1276
24,spider,woman,possum,squirrel,Q1,0.675995,0.4,exemplar_knn_k3,4,0.7667,0.7202
24,spider,woman,possum,squirrel,Q1,0.675995,0.4,logreg,4,0.8667,0.2961
24,spider,woman,possum,squirrel,Q1,0.675995,0.4,random,4,0.26,1.2267
24,spider,woman,possum,squirrel,Q1,0.675995,0.4,centroid,5,0.7733,0.1523
24,spider,woman,possum,squirrel,Q1,0.675995,0.4,exemplar_knn_k3,5,0.72,0.6975
24,spider,woman,possum,squirrel,Q1,0.675995,0.4,logreg,5,0.78,0.3578
24,spider,woman,possum,squirrel,Q1,0.675995,0.4,random,5,0.3267,1.1466
24,spider,woman,possum,squirrel,Q1,0.675995,0.4,centroid,6,0.7467,0.1569
24,spider,woman,possum,squirrel,Q1,0.675995,0.4,exemplar_knn_k3,6,0.72,0.7098
24,spider,woman,possum,squirrel,Q1,0.675995,0.4,logreg,6,0.7533,0.3587
24,spider,woman,possum,squirrel,Q1,0.675995,0.4,random,6,0.3067,1.1568
24,spider,woman,possum,squirrel,Q1,0.675995,0.4,centroid,7,0.7467,0.1497
24,spider,woman,possum,squirrel,Q1,0.675995,0.4,exemplar_knn_k3,7,0.74,0.7943
24,spider,woman,possum,squirrel,Q1,0.675995,0.4,logreg,7,0.7867,0.351
24,spider,woman,possum,squirrel,Q1,0.675995,0.4,random,7,0.2867,1.3476
24,spider,woman,possum,squirrel,Q1,0.675995,0.4,centroid,8,0.7267,0.1559
24,spider,woman,possum,squirrel,Q1,0.675995,0.4,exemplar_knn_k3,8,0.7133,0.7753
24,spider,woman,possum,squirrel,Q1,0.675995,0.4,logreg,8,0.78,0.3498
24,spider,woman,possum,squirrel,Q1,0.675995,0.4,random,8,0.28,1.1501
24,spider,woman,possum,squirrel,Q1,0.675995,0.4,centroid,9,0.7733,0.1594
24,spider,woman,possum,squirrel,Q1,0.675995,0.4,exemplar_knn_k3,9,0.74,0.8358
24,spider,woman,possum,squirrel,Q1,0.675995,0.4,logreg,9,0.8533,0.3528
24,spider,woman,possum,squirrel,Q1,0.675995,0.4,random,9,0.3,1.1596
24,spider,woman,possum,squirrel,Q1,0.675995,0.4,centroid,10,0.72,0.183
24,spider,woman,possum,squirrel,Q1,0.675995,0.4,exemplar_knn_k3,10,0.7733,0.8798
24,spider,woman,possum,squirrel,Q1,0.675995,0.4,logreg,10,0.7867,0.3936
24,spider,woman,possum,squirrel,Q1,0.675995,0.4,random,10,0.36,1.3205
24,spider,woman,possum,squirrel,Q1,0.675995,0.4,centroid,11,0.6867,0.1668
24,spider,woman,possum,squirrel,Q1,0.675995,0.4,exemplar_knn_k3,11,0.7,0.8159
24,spider,woman,possum,squirrel,Q1,0.675995,0.4,logreg,11,0.6933,0.3675
24,spider,woman,possum,squirrel,Q1,0.675995,0.4,random,11,0.3867,1.1543
24,spider,woman,possum,squirrel,Q1,0.675995,0.4,centroid,12,0.76,0.1867
24,spider,woman,possum,squirrel,Q1,0.675995,0.4,exemplar_knn_k3,12,0.74,0.888
24,spider,woman,possum,squirrel,Q1,0.675995,0.4,logreg,12,0.76,0.4171
24,spider,woman,possum,squirrel,Q1,0.675995,0.4,random,12,0.3667,1.1136
24,spider,woman,possum,squirrel,Q1,0.675995,0.4,centroid,13,0.7067,0.1531
24,spider,woman,possum,squirrel,Q1,0.675995,0.4,exemplar_knn_k3,13,0.6933,0.7797
24,spider,woman,possum,squirrel,Q1,0.675995,0.4,logreg,13,0.74,0.3412
24,spider,woman,possum,squirrel,Q1,0.675995,0.4,random,13,0.3267,1.1
24,spider,woman,possum,squirrel,Q1,0.675995,0.4,centroid,14,0.7933,0.1561
24,spider,woman,possum,squirrel,Q1,0.675995,0.4,exemplar_knn_k3,14,0.7867,0.8082
24,spider,woman,possum,squirrel,Q1,0.675995,0.4,logreg,14,0.8,0.3578
24,spider,woman,possum,squirrel,Q1,0.675995,0.4,random,14,0.26,1.3429
24,spider,woman,possum,squirrel,Q1,0.675995,0.4,centroid,15,0.7667,0.1697
24,spider,woman,possum,squirrel,Q1,0.675995,0.4,exemplar_knn_k3,15,0.7267,0.7504
24,spider,woman,possum,squirrel,Q1,0.675995,0.4,logreg,15,0.7667,0.3783
24,spider,woman,possum,squirrel,Q1,0.675995,0.4,random,15,0.3333,1.2733
24,spider,woman,possum,squirrel,Q1,0.675995,0.4,centroid,16,0.8133,0.172
24,spider,woman,possum,squirrel,Q1,0.675995,0.4,exemplar_knn_k3,16,0.8,0.9266
24,spider,woman,possum,squirrel,Q1,0.675995,0.4,logreg,16,0.82,0.3872
24,spider,woman,possum,squirrel,Q1,0.675995,0.4,random,16,0.2933,1.1666
24,spider,woman,possum,squirrel,Q1,0.675995,0.4,centroid,17,0.8,0.1284
24,spider,woman,possum,squirrel,Q1,0.675995,0.4,exemplar_knn_k3,17,0.7267,0.677
24,spider,woman,possum,squirrel,Q1,0.675995,0.4,logreg,17,0.7467,0.2991
24,spider,woman,possum,squirrel,Q1,0.675995,0.4,random,17,0.3067,1.2639
24,spider,woman,possum,squirrel,Q1,0.675995,0.4,centroid,18,0.6867,0.1278
24,spider,woman,possum,squirrel,Q1,0.675995,0.4,exemplar_knn_k3,18,0.7,0.69
24,spider,woman,possum,squirrel,Q1,0.675995,0.4,logreg,18,0.6733,0.3015
24,spider,woman,possum,squirrel,Q1,0.675995,0.4,random,18,0.3467,1.1278
24,spider,woman,possum,squirrel,Q1,0.675995,0.4,centroid,19,0.76,0.1813
24,spider,woman,possum,squirrel,Q1,0.675995,0.4,exemplar_knn_k3,19,0.7533,0.8301
24,spider,woman,possum,squirrel,Q1,0.675995,0.4,logreg,19,0.7667,0.389
24,spider,woman,possum,squirrel,Q1,0.675995,0.4,random,19,0.3467,1.3066
24,spider,woman,possum,squirrel,Q1,0.675995,0.4,centroid,20,0.7867,0.1809
24,spider,woman,possum,squirrel,Q1,0.675995,0.4,exemplar_knn_k3,20,0.7733,0.8105
24,spider,woman,possum,squirrel,Q1,0.675995,0.4,logreg,20,0.8333,0.3911
24,spider,woman,possum,squirrel,Q1,0.675995,0.4,random,20,0.2867,1.0767
24,spider,woman,possum,squirrel,Q1,0.675995,0.4,centroid,21,0.7867,0.1674
24,spider,woman,possum,squirrel,Q1,0.675995,0.4,exemplar_knn_k3,21,0.76,0.873
24,spider,woman,possum,squirrel,Q1,0.675995,0.4,logreg,21,0.8333,0.3824
24,spider,woman,possum,squirrel,Q1,0.675995,0.4,random,21,0.2867,1.2478
24,spider,woman,possum,squirrel,Q1,0.675995,0.4,centroid,22,0.7333,0.1248
24,spider,woman,possum,squirrel,Q1,0.675995,0.4,exemplar_knn_k3,22,0.6667,0.5983
24,spider,woman,possum,squirrel,Q1,0.675995,0.4,logreg,22,0.76,0.287
24,spider,woman,possum,squirrel,Q1,0.675995,0.4,random,22,0.3467,1.2335
24,spider,woman,possum,squirrel,Q1,0.675995,0.4,centroid,23,0.7133,0.1456
24,spider,woman,possum,squirrel,Q1,0.675995,0.4,exemplar_knn_k3,23,0.7067,0.7355
24,spider,woman,possum,squirrel,Q1,0.675995,0.4,logreg,23,0.72,0.3174
24,spider,woman,possum,squirrel,Q1,0.675995,0.4,random,23,0.3067,1.2797
24,spider,woman,possum,squirrel,Q1,0.675995,0.4,centroid,24,0.6667,0.175
24,spider,woman,possum,squirrel,Q1,0.675995,0.4,exemplar_knn_k3,24,0.7,0.7707
24,spider,woman,possum,squirrel,Q1,0.675995,0.4,logreg,24,0.6867,0.3803
24,spider,woman,possum,squirrel,Q1,0.675995,0.4,random,24,0.3533,1.2429
24,spider,woman,possum,squirrel,Q1,0.675995,0.4,centroid,25,0.7333,0.1626
24,spider,woman,possum,squirrel,Q1,0.675995,0.4,exemplar_knn_k3,25,0.7,0.8077
24,spider,woman,possum,squirrel,Q1,0.675995,0.4,logreg,25,0.7333,0.3553
24,spider,woman,possum,squirrel,Q1,0.675995,0.4,random,25,0.36,1.1686
24,spider,woman,possum,squirrel,Q1,0.675995,0.4,centroid,26,0.7467,0.1456
24,spider,woman,possum,squirrel,Q1,0.675995,0.4,exemplar_knn_k3,26,0.7067,0.7037
24,spider,woman,possum,squirrel,Q1,0.675995,0.4,logreg,26,0.7467,0.3114
24,spider,woman,possum,squirrel,Q1,0.675995,0.4,random,26,0.3133,1.2496
24,spider,woman,possum,squirrel,Q1,0.675995,0.4,centroid,27,0.7533,0.1804
24,spider,woman,possum,squirrel,Q1,0.675995,0.4,exemplar_knn_k3,27,0.7333,0.7732
24,spider,woman,possum,squirrel,Q1,0.675995,0.4,logreg,27,0.7667,0.3936
24,spider,woman,possum,squirrel,Q1,0.675995,0.4,random,27,0.32,1.3405
24,spider,woman,possum,squirrel,Q1,0.675995,0.4,centroid,28,0.7533,0.1676
24,spider,woman,possum,squirrel,Q1,0.675995,0.4,exemplar_knn_k3,28,0.7,0.7903
24,spider,woman,possum,squirrel,Q1,0.675995,0.4,logreg,28,0.7733,0.3664
24,spider,woman,possum,squirrel,Q1,0.675995,0.4,random,28,0.2867,1.2953
24,spider,woman,possum,squirrel,Q1,0.675995,0.4,centroid,29,0.7933,0.1802
24,spider,woman,possum,squirrel,Q1,0.675995,0.4,exemplar_knn_k3,29,0.8,0.7461
24,spider,woman,possum,squirrel,Q1,0.675995,0.4,logreg,29,0.8333,0.3936
24,spider,woman,possum,squirrel,Q1,0.675995,0.4,random,29,0.3,1.2335
25,apple,tractor,mountain,squirrel,Q2,0.799385,0.619048,centroid,0,0.8867,0.3128
25,apple,tractor,mountain,squirrel,Q2,0.799385,0.619048,exemplar_knn_k3,0,0.86,1.0726
25,apple,tractor,mountain,squirrel,Q2,0.799385,0.619048,logreg,0,0.8733,0.625
25,apple,tractor,mountain,squirrel,Q2,0.799385,0.619048,random,0,0.3133,1.3301
25,apple,tractor,mountain,squirrel,Q2,0.799385,0.619048,centroid,1,0.9333,0.296
25,apple,tractor,mountain,squirrel,Q2,0.799385,0.619048,exemplar_knn_k3,1,0.9,1.1086
25,apple,tractor,mountain,squirrel,Q2,0.799385,0.619048,logreg,1,0.96,0.6074
25,apple,tractor,mountain,squirrel,Q2,0.799385,0.619048,random,1,0.3467,1.3148
25,apple,tractor,mountain,squirrel,Q2,0.799385,0.619048,centroid,2,0.86,0.3342
25,apple,tractor,mountain,squirrel,Q2,0.799385,0.619048,exemplar_knn_k3,2,0.8267,1.2118
25,apple,tractor,mountain,squirrel,Q2,0.799385,0.619048,logreg,2,0.8333,0.6794
25,apple,tractor,mountain,squirrel,Q2,0.799385,0.619048,random,2,0.32,1.1601
25,apple,tractor,mountain,squirrel,Q2,0.799385,0.619048,centroid,3,0.8667,0.3044
25,apple,tractor,mountain,squirrel,Q2,0.799385,0.619048,exemplar_knn_k3,3,0.8467,1.1106
25,apple,tractor,mountain,squirrel,Q2,0.799385,0.619048,logreg,3,0.84,0.6232
25,apple,tractor,mountain,squirrel,Q2,0.799385,0.619048,random,3,0.38,1.2247
25,apple,tractor,mountain,squirrel,Q2,0.799385,0.619048,centroid,4,0.8533,0.3439
25,apple,tractor,mountain,squirrel,Q2,0.799385,0.619048,exemplar_knn_k3,4,0.8333,1.2385
25,apple,tractor,mountain,squirrel,Q2,0.799385,0.619048,logreg,4,0.82,0.6828
25,apple,tractor,mountain,squirrel,Q2,0.799385,0.619048,random,4,0.32,1.2249
25,apple,tractor,mountain,squirrel,Q2,0.799385,0.619048,centroid,5,0.8467,0.347
25,apple,tractor,mountain,squirrel,Q2,0.799385,0.619048,exemplar_knn_k3,5,0.8667,1.2347
25,apple,tractor,mountain,squirrel,Q2,0.799385,0.619048,logreg,5,0.8733,0.6943
25,apple,tractor,mountain,squirrel,Q2,0.799385,0.619048,random,5,0.32,1.2677
25,apple,tractor,mountain,squirrel,Q2,0.799385,0.619048,centroid,6,0.8867,0.2986
25,apple,tractor,mountain,squirrel,Q2,0.799385,0.619048,exemplar_knn_k3,6,0.8933,1.1265
25,apple,tractor,mountain,squirrel,Q2,0.799385,0.619048,logreg,6,0.8733,0.6195
25,apple,tractor,mountain,squirrel,Q2,0.799385,0.619048,random,6,0.3333,1.1061
25,apple,tractor,mountain,squirrel,Q2,0.799385,0.619048,centroid,7,0.8267,0.3366
25,apple,tractor,mountain,squirrel,Q2,0.799385,0.619048,exemplar_knn_k3,7,0.8267,1.1857
25,apple,tractor,mountain,squirrel,Q2,0.799385,0.619048,logreg,7,0.8333,0.6882
25,apple,tractor,mountain,squirrel,Q2,0.799385,0.619048,random,7,0.3467,1.2445
25,apple,tractor,mountain,squirrel,Q2,0.799385,0.619048,centroid,8,0.8333,0.3324
25,apple,tractor,mountain,squirrel,Q2,0.799385,0.619048,exemplar_knn_k3,8,0.8333,1.1727
25,apple,tractor,mountain,squirrel,Q2,0.799385,0.619048,logreg,8,0.8267,0.6726
25,apple,tractor,mountain,squirrel,Q2,0.799385,0.619048,random,8,0.38,1.2079
25,apple,tractor,mountain,squirrel,Q2,0.799385,0.619048,centroid,9,0.8267,0.3311
25,apple,tractor,mountain,squirrel,Q2,0.799385,0.619048,exemplar_knn_k3,9,0.8133,1.1869
25,apple,tractor,mountain,squirrel,Q2,0.799385,0.619048,logreg,9,0.8733,0.6614
25,apple,tractor,mountain,squirrel,Q2,0.799385,0.619048,random,9,0.3133,1.1655
25,apple,tractor,mountain,squirrel,Q2,0.799385,0.619048,centroid,10,0.9,0.287
25,apple,tractor,mountain,squirrel,Q2,0.799385,0.619048,exemplar_knn_k3,10,0.8733,1.1277
25,apple,tractor,mountain,squirrel,Q2,0.799385,0.619048,logreg,10,0.9467,0.5984
25,apple,tractor,mountain,squirrel,Q2,0.799385,0.619048,random,10,0.44,1.1583
25,apple,tractor,mountain,squirrel,Q2,0.799385,0.619048,centroid,11,0.8467,0.3511
25,apple,tractor,mountain,squirrel,Q2,0.799385,0.619048,exemplar_knn_k3,11,0.8533,1.2517
25,apple,tractor,mountain,squirrel,Q2,0.799385,0.619048,logreg,11,0.82,0.7357
25,apple,tractor,mountain,squirrel,Q2,0.799385,0.619048,random,11,0.38,1.1371
25,apple,tractor,mountain,squirrel,Q2,0.799385,0.619048,centroid,12,0.86,0.2718
25,apple,tractor,mountain,squirrel,Q2,0.799385,0.619048,exemplar_knn_k3,12,0.82,1.0699
25,apple,tractor,mountain,squirrel,Q2,0.799385,0.619048,logreg,12,0.8533,0.5473
25,apple,tractor,mountain,squirrel,Q2,0.799385,0.619048,random,12,0.3133,1.1239
25,apple,tractor,mountain,squirrel,Q2,0.799385,0.619048,centroid,13,0.8667,0.318
25,apple,tractor,mountain,squirrel,Q2,0.799385,0.619048,exemplar_knn_k3,13,0.8467,1.1515
25,apple,tractor,mountain,squirrel,Q2,0.799385,0.619048,logreg,13,0.9467,0.6275
25,apple,tractor,mountain,squirrel,Q2,0.799385,0.619048,random,13,0.3667,1.21
25,apple,tractor,mountain,squirrel,Q2,0.799385,0.619048,centroid,14,0.8333,0.3156
25,apple,tractor,mountain,squirrel,Q2,0.799385,0.619048,exemplar_knn_k3,14,0.84,1.1526
25,apple,tractor,mountain,squirrel,Q2,0.799385,0.619048,logreg,14,0.82,0.6311
25,apple,tractor,mountain,squirrel,Q2,0.799385,0.619048,random,14,0.2267,1.2199
25,apple,tractor,mountain,squirrel,Q2,0.799385,0.619048,centroid,15,0.8267,0.3522
25,apple,tractor,mountain,squirrel,Q2,0.799385,0.619048,exemplar_knn_k3,15,0.84,1.2203
25,apple,tractor,mountain,squirrel,Q2,0.799385,0.619048,logreg,15,0.8467,0.6961
25,apple,tractor,mountain,squirrel,Q2,0.799385,0.619048,random,15,0.3067,1.1396
25,apple,tractor,mountain,squirrel,Q2,0.799385,0.619048,centroid,16,0.8333,0.354
25,apple,tractor,mountain,squirrel,Q2,0.799385,0.619048,exemplar_knn_k3,16,0.8267,1.2508
25,apple,tractor,mountain,squirrel,Q2,0.799385,0.619048,logreg,16,0.82,0.7238
25,apple,tractor,mountain,squirrel,Q2,0.799385,0.619048,random,16,0.3067,1.1644
25,apple,tractor,mountain,squirrel,Q2,0.799385,0.619048,centroid,17,0.8467,0.3215
25,apple,tractor,mountain,squirrel,Q2,0.799385,0.619048,exemplar_knn_k3,17,0.8333,1.0921
25,apple,tractor,mountain,squirrel,Q2,0.799385,0.619048,logreg,17,0.8467,0.6417
25,apple,tractor,mountain,squirrel,Q2,0.799385,0.619048,random,17,0.38,1.2391
25,apple,tractor,mountain,squirrel,Q2,0.799385,0.619048,centroid,18,0.8133,0.3036
25,apple,tractor,mountain,squirrel,Q2,0.799385,0.619048,exemplar_knn_k3,18,0.8533,1.0762
25,apple,tractor,mountain,squirrel,Q2,0.799385,0.619048,logreg,18,0.8133,0.6389
25,apple,tractor,mountain,squirrel,Q2,0.799385,0.619048,random,18,0.3933,1.1868
25,apple,tractor,mountain,squirrel,Q2,0.799385,0.619048,centroid,19,0.8733,0.2835
25,apple,tractor,mountain,squirrel,Q2,0.799385,0.619048,exemplar_knn_k3,19,0.8467,1.0723
25,apple,tractor,mountain,squirrel,Q2,0.799385,0.619048,logreg,19,0.8733,0.5995
25,apple,tractor,mountain,squirrel,Q2,0.799385,0.619048,random,19,0.3267,1.184
25,apple,tractor,mountain,squirrel,Q2,0.799385,0.619048,centroid,20,0.84,0.3352
25,apple,tractor,mountain,squirrel,Q2,0.799385,0.619048,exemplar_knn_k3,20,0.8333,1.2156
25,apple,tractor,mountain,squirrel,Q2,0.799385,0.619048,logreg,20,0.84,0.7008
25,apple,tractor,mountain,squirrel,Q2,0.799385,0.619048,random,20,0.2733,1.308
25,apple,tractor,mountain,squirrel,Q2,0.799385,0.619048,centroid,21,0.8533,0.3095
25,apple,tractor,mountain,squirrel,Q2,0.799385,0.619048,exemplar_knn_k3,21,0.84,1.1686
25,apple,tractor,mountain,squirrel,Q2,0.799385,0.619048,logreg,21,0.8867,0.6324
25,apple,tractor,mountain,squirrel,Q2,0.799385,0.619048,random,21,0.2933,1.1368
25,apple,tractor,mountain,squirrel,Q2,0.799385,0.619048,centroid,22,0.8267,0.3441
25,apple,tractor,mountain,squirrel,Q2,0.799385,0.619048,exemplar_knn_k3,22,0.8267,1.1804
25,apple,tractor,mountain,squirrel,Q2,0.799385,0.619048,logreg,22,0.8467,0.6931
25,apple,tractor,mountain,squirrel,Q2,0.799385,0.619048,random,22,0.34,1.2779
25,apple,tractor,mountain,squirrel,Q2,0.799385,0.619048,centroid,23,0.8267,0.363
25,apple,tractor,mountain,squirrel,Q2,0.799385,0.619048,exemplar_knn_k3,23,0.8267,1.2182
25,apple,tractor,mountain,squirrel,Q2,0.799385,0.619048,logreg,23,0.8133,0.7295
25,apple,tractor,mountain,squirrel,Q2,0.799385,0.619048,random,23,0.3267,1.232
25,apple,tractor,mountain,squirrel,Q2,0.799385,0.619048,centroid,24,0.8667,0.3423
25,apple,tractor,mountain,squirrel,Q2,0.799385,0.619048,exemplar_knn_k3,24,0.88,1.1621
25,apple,tractor,mountain,squirrel,Q2,0.799385,0.619048,logreg,24,0.88,0.6872
25,apple,tractor,mountain,squirrel,Q2,0.799385,0.619048,random,24,0.3667,1.3097
25,apple,tractor,mountain,squirrel,Q2,0.799385,0.619048,centroid,25,0.84,0.3367
25,apple,tractor,mountain,squirrel,Q2,0.799385,0.619048,exemplar_knn_k3,25,0.8467,1.2022
25,apple,tractor,mountain,squirrel,Q2,0.799385,0.619048,logreg,25,0.82,0.7012
25,apple,tractor,mountain,squirrel,Q2,0.799385,0.619048,random,25,0.3533,1.1099
25,apple,tractor,mountain,squirrel,Q2,0.799385,0.619048,centroid,26,0.8733,0.3713
25,apple,tractor,mountain,squirrel,Q2,0.799385,0.619048,exemplar_knn_k3,26,0.8667,1.2944
25,apple,tractor,mountain,squirrel,Q2,0.799385,0.619048,logreg,26,0.8733,0.7456
25,apple,tractor,mountain,squirrel,Q2,0.799385,0.619048,random,26,0.3733,1.1755
25,apple,tractor,mountain,squirrel,Q2,0.799385,0.619048,centroid,27,0.86,0.353
25,apple,tractor,mountain,squirrel,Q2,0.799385,0.619048,exemplar_knn_k3,27,0.86,1.2339
25,apple,tractor,mountain,squirrel,Q2,0.799385,0.619048,logreg,27,0.82,0.7382
25,apple,tractor,mountain,squirrel,Q2,0.799385,0.619048,random,27,0.34,1.2263
25,apple,tractor,mountain,squirrel,Q2,0.799385,0.619048,centroid,28,0.92,0.2924
25,apple,tractor,mountain,squirrel,Q2,0.799385,0.619048,exemplar_knn_k3,28,0.9,1.1236
25,apple,tractor,mountain,squirrel,Q2,0.799385,0.619048,logreg,28,0.9067,0.6149
25,apple,tractor,mountain,squirrel,Q2,0.799385,0.619048,random,28,0.3333,1.2719
25,apple,tractor,mountain,squirrel,Q2,0.799385,0.619048,centroid,29,0.8267,0.3503
25,apple,tractor,mountain,squirrel,Q2,0.799385,0.619048,exemplar_knn_k3,29,0.84,1.176
25,apple,tractor,mountain,squirrel,Q2,0.799385,0.619048,logreg,29,0.8333,0.7026
25,apple,tractor,mountain,squirrel,Q2,0.799385,0.619048,random,29,0.4133,1.2673
26,bear,bottle,dolphin,mushroom,Q2,0.736696,0.636364,centroid,0,0.8533,0.3069
26,bear,bottle,dolphin,mushroom,Q2,0.736696,0.636364,exemplar_knn_k3,0,0.86,1.1424
26,bear,bottle,dolphin,mushroom,Q2,0.736696,0.636364,logreg,0,0.8333,0.6302
26,bear,bottle,dolphin,mushroom,Q2,0.736696,0.636364,random,0,0.3133,1.2356
26,bear,bottle,dolphin,mushroom,Q2,0.736696,0.636364,centroid,1,0.88,0.3535
26,bear,bottle,dolphin,mushroom,Q2,0.736696,0.636364,exemplar_knn_k3,1,0.8733,1.1352
26,bear,bottle,dolphin,mushroom,Q2,0.736696,0.636364,logreg,1,0.8733,0.7111
26,bear,bottle,dolphin,mushroom,Q2,0.736696,0.636364,random,1,0.3133,1.0592
26,bear,bottle,dolphin,mushroom,Q2,0.736696,0.636364,centroid,2,0.88,0.2802
26,bear,bottle,dolphin,mushroom,Q2,0.736696,0.636364,exemplar_knn_k3,2,0.8533,1.0939
26,bear,bottle,dolphin,mushroom,Q2,0.736696,0.636364,logreg,2,0.8933,0.5599
26,bear,bottle,dolphin,mushroom,Q2,0.736696,0.636364,random,2,0.3067,1.0897
26,bear,bottle,dolphin,mushroom,Q2,0.736696,0.636364,centroid,3,0.8533,0.3809
26,bear,bottle,dolphin,mushroom,Q2,0.736696,0.636364,exemplar_knn_k3,3,0.8333,1.2206
26,bear,bottle,dolphin,mushroom,Q2,0.736696,0.636364,logreg,3,0.84,0.7395
26,bear,bottle,dolphin,mushroom,Q2,0.736696,0.636364,random,3,0.3133,1.1437
26,bear,bottle,dolphin,mushroom,Q2,0.736696,0.636364,centroid,4,0.9267,0.313
26,bear,bottle,dolphin,mushroom,Q2,0.736696,0.636364,exemplar_knn_k3,4,0.9,1.0893
26,bear,bottle,dolphin,mushroom,Q2,0.736696,0.636364,logreg,4,0.9533,0.6136
26,bear,bottle,dolphin,mushroom,Q2,0.736696,0.636364,random,4,0.3533,1.222
26,bear,bottle,dolphin,mushroom,Q2,0.736696,0.636364,centroid,5,0.9667,0.3063
26,bear,bottle,dolphin,mushroom,Q2,0.736696,0.636364,exemplar_knn_k3,5,0.94,1.1235
26,bear,bottle,dolphin,mushroom,Q2,0.736696,0.636364,logreg,5,0.96,0.6457
26,bear,bottle,dolphin,mushroom,Q2,0.736696,0.636364,random,5,0.3867,1.251
26,bear,bottle,dolphin,mushroom,Q2,0.736696,0.636364,centroid,6,0.8267,0.3376
26,bear,bottle,dolphin,mushroom,Q2,0.736696,0.636364,exemplar_knn_k3,6,0.8333,1.1023
26,bear,bottle,dolphin,mushroom,Q2,0.736696,0.636364,logreg,6,0.82,0.6584
26,bear,bottle,dolphin,mushroom,Q2,0.736696,0.636364,random,6,0.34,1.2576
26,bear,bottle,dolphin,mushroom,Q2,0.736696,0.636364,centroid,7,0.92,0.2339
26,bear,bottle,dolphin,mushroom,Q2,0.736696,0.636364,exemplar_knn_k3,7,0.8733,0.9722
26,bear,bottle,dolphin,mushroom,Q2,0.736696,0.636364,logreg,7,0.8333,0.5151
26,bear,bottle,dolphin,mushroom,Q2,0.736696,0.636364,random,7,0.3267,1.1699
26,bear,bottle,dolphin,mushroom,Q2,0.736696,0.636364,centroid,8,0.9,0.3203
26,bear,bottle,dolphin,mushroom,Q2,0.736696,0.636364,exemplar_knn_k3,8,0.88,1.0961
26,bear,bottle,dolphin,mushroom,Q2,0.736696,0.636364,logreg,8,0.8867,0.6516
26,bear,bottle,dolphin,mushroom,Q2,0.736696,0.636364,random,8,0.3067,1.1505
26,bear,bottle,dolphin,mushroom,Q2,0.736696,0.636364,centroid,9,0.8333,0.3484
26,bear,bottle,dolphin,mushroom,Q2,0.736696,0.636364,exemplar_knn_k3,9,0.8333,1.1159
26,bear,bottle,dolphin,mushroom,Q2,0.736696,0.636364,logreg,9,0.8333,0.6852
26,bear,bottle,dolphin,mushroom,Q2,0.736696,0.636364,random,9,0.34,1.2121
26,bear,bottle,dolphin,mushroom,Q2,0.736696,0.636364,centroid,10,0.84,0.3809
26,bear,bottle,dolphin,mushroom,Q2,0.736696,0.636364,exemplar_knn_k3,10,0.8333,1.236
26,bear,bottle,dolphin,mushroom,Q2,0.736696,0.636364,logreg,10,0.8467,0.7496
26,bear,bottle,dolphin,mushroom,Q2,0.736696,0.636364,random,10,0.3067,1.3056
26,bear,bottle,dolphin,mushroom,Q2,0.736696,0.636364,centroid,11,0.9,0.2781
26,bear,bottle,dolphin,mushroom,Q2,0.736696,0.636364,exemplar_knn_k3,11,0.8667,1.0328
26,bear,bottle,dolphin,mushroom,Q2,0.736696,0.636364,logreg,11,0.84,0.588
26,bear,bottle,dolphin,mushroom,Q2,0.736696,0.636364,random,11,0.26,1.4345
26,bear,bottle,dolphin,mushroom,Q2,0.736696,0.636364,centroid,12,0.8333,0.3101
26,bear,bottle,dolphin,mushroom,Q2,0.736696,0.636364,exemplar_knn_k3,12,0.8467,1.0833
26,bear,bottle,dolphin,mushroom,Q2,0.736696,0.636364,logreg,12,0.8133,0.6321
26,bear,bottle,dolphin,mushroom,Q2,0.736696,0.636364,random,12,0.2867,1.2767
26,bear,bottle,dolphin,mushroom,Q2,0.736696,0.636364,centroid,13,0.84,0.3517
26,bear,bottle,dolphin,mushroom,Q2,0.736696,0.636364,exemplar_knn_k3,13,0.8333,1.1104
26,bear,bottle,dolphin,mushroom,Q2,0.736696,0.636364,logreg,13,0.8333,0.6819
26,bear,bottle,dolphin,mushroom,Q2,0.736696,0.636364,random,13,0.4333,1.3272
26,bear,bottle,dolphin,mushroom,Q2,0.736696,0.636364,centroid,14,0.82,0.3329
26,bear,bottle,dolphin,mushroom,Q2,0.736696,0.636364,exemplar_knn_k3,14,0.82,1.1311
26,bear,bottle,dolphin,mushroom,Q2,0.736696,0.636364,logreg,14,0.82,0.6561
26,bear,bottle,dolphin,mushroom,Q2,0.736696,0.636364,random,14,0.2933,1.2194
26,bear,bottle,dolphin,mushroom,Q2,0.736696,0.636364,centroid,15,0.94,0.3222
26,bear,bottle,dolphin,mushroom,Q2,0.736696,0.636364,exemplar_knn_k3,15,0.9267,1.1372
26,bear,bottle,dolphin,mushroom,Q2,0.736696,0.636364,logreg,15,0.96,0.6327
26,bear,bottle,dolphin,mushroom,Q2,0.736696,0.636364,random,15,0.3,1.2126
26,bear,bottle,dolphin,mushroom,Q2,0.736696,0.636364,centroid,16,0.9067,0.2531
26,bear,bottle,dolphin,mushroom,Q2,0.736696,0.636364,exemplar_knn_k3,16,0.8867,0.9802
26,bear,bottle,dolphin,mushroom,Q2,0.736696,0.636364,logreg,16,0.8867,0.5084
26,bear,bottle,dolphin,mushroom,Q2,0.736696,0.636364,random,16,0.34,1.1604
26,bear,bottle,dolphin,mushroom,Q2,0.736696,0.636364,centroid,17,0.9,0.3049
26,bear,bottle,dolphin,mushroom,Q2,0.736696,0.636364,exemplar_knn_k3,17,0.8867,1.1093
26,bear,bottle,dolphin,mushroom,Q2,0.736696,0.636364,logreg,17,0.8733,0.6259
26,bear,bottle,dolphin,mushroom,Q2,0.736696,0.636364,random,17,0.4133,1.2546
26,bear,bottle,dolphin,mushroom,Q2,0.736696,0.636364,centroid,18,0.8667,0.3633
26,bear,bottle,dolphin,mushroom,Q2,0.736696,0.636364,exemplar_knn_k3,18,0.84,1.1755
26,bear,bottle,dolphin,mushroom,Q2,0.736696,0.636364,logreg,18,0.9133,0.6574
26,bear,bottle,dolphin,mushroom,Q2,0.736696,0.636364,random,18,0.3733,1.2355
26,bear,bottle,dolphin,mushroom,Q2,0.736696,0.636364,centroid,19,0.84,0.3234
26,bear,bottle,dolphin,mushroom,Q2,0.736696,0.636364,exemplar_knn_k3,19,0.8333,1.137
26,bear,bottle,dolphin,mushroom,Q2,0.736696,0.636364,logreg,19,0.8533,0.6309
26,bear,bottle,dolphin,mushroom,Q2,0.736696,0.636364,random,19,0.4,1.1493
26,bear,bottle,dolphin,mushroom,Q2,0.736696,0.636364,centroid,20,0.9467,0.2943
26,bear,bottle,dolphin,mushroom,Q2,0.736696,0.636364,exemplar_knn_k3,20,0.9467,1.0707
26,bear,bottle,dolphin,mushroom,Q2,0.736696,0.636364,logreg,20,0.9267,0.5927
26,bear,bottle,dolphin,mushroom,Q2,0.736696,0.636364,random,20,0.3067,1.4398
26,bear,bottle,dolphin,mushroom,Q2,0.736696,0.636364,centroid,21,0.8267,0.3688
26,bear,bottle,dolphin,mushroom,Q2,0.736696,0.636364,exemplar_knn_k3,21,0.84,1.1689
26,bear,bottle,dolphin,mushroom,Q2,0.736696,0.636364,logreg,21,0.8133,0.7147
26,bear,bottle,dolphin,mushroom,Q2,0.736696,0.636364,random,21,0.3533,1.2643
26,bear,bottle,dolphin,mushroom,Q2,0.736696,0.636364,centroid,22,0.86,0.2931
26,bear,bottle,dolphin,mushroom,Q2,0.736696,0.636364,exemplar_knn_k3,22,0.8667,1.1214
26,bear,bottle,dolphin,mushroom,Q2,0.736696,0.636364,logreg,22,0.9133,0.5666
26,bear,bottle,dolphin,mushroom,Q2,0.736696,0.636364,random,22,0.2667,1.0288
26,bear,bottle,dolphin,mushroom,Q2,0.736696,0.636364,centroid,23,0.86,0.2817
26,bear,bottle,dolphin,mushroom,Q2,0.736696,0.636364,exemplar_knn_k3,23,0.8667,1.0579
26,bear,bottle,dolphin,mushroom,Q2,0.736696,0.636364,logreg,23,0.82,0.612
26,bear,bottle,dolphin,mushroom,Q2,0.736696,0.636364,random,23,0.3067,1.2632
26,bear,bottle,dolphin,mushroom,Q2,0.736696,0.636364,centroid,24,0.9467,0.2834
26,bear,bottle,dolphin,mushroom,Q2,0.736696,0.636364,exemplar_knn_k3,24,0.9067,1.0711
26,bear,bottle,dolphin,mushroom,Q2,0.736696,0.636364,logreg,24,0.9667,0.5797
26,bear,bottle,dolphin,mushroom,Q2,0.736696,0.636364,random,24,0.3133,1.2993
26,bear,bottle,dolphin,mushroom,Q2,0.736696,0.636364,centroid,25,0.94,0.3241
26,bear,bottle,dolphin,mushroom,Q2,0.736696,0.636364,exemplar_knn_k3,25,0.94,1.131
26,bear,bottle,dolphin,mushroom,Q2,0.736696,0.636364,logreg,25,0.9267,0.6468
26,bear,bottle,dolphin,mushroom,Q2,0.736696,0.636364,random,25,0.32,1.2453
26,bear,bottle,dolphin,mushroom,Q2,0.736696,0.636364,centroid,26,0.92,0.3157
26,bear,bottle,dolphin,mushroom,Q2,0.736696,0.636364,exemplar_knn_k3,26,0.8933,1.0916
26,bear,bottle,dolphin,mushroom,Q2,0.736696,0.636364,logreg,26,0.9,0.6325
26,bear,bottle,dolphin,mushroom,Q2,0.736696,0.636364,random,26,0.3067,1.0852
26,bear,bottle,dolphin,mushroom,Q2,0.736696,0.636364,centroid,27,0.9267,0.3069
26,bear,bottle,dolphin,mushroom,Q2,0.736696,0.636364,exemplar_knn_k3,27,0.92,1.0287
26,bear,bottle,dolphin,mushroom,Q2,0.736696,0.636364,logreg,27,0.8467,0.6354
26,bear,bottle,dolphin,mushroom,Q2,0.736696,0.636364,random,27,0.3667,1.2302
26,bear,bottle,dolphin,mushroom,Q2,0.736696,0.636364,centroid,28,0.84,0.3675
26,bear,bottle,dolphin,mushroom,Q2,0.736696,0.636364,exemplar_knn_k3,28,0.84,1.1301
26,bear,bottle,dolphin,mushroom,Q2,0.736696,0.636364,logreg,28,0.8333,0.7222
26,bear,bottle,dolphin,mushroom,Q2,0.736696,0.636364,random,28,0.3,1.1039
26,bear,bottle,dolphin,mushroom,Q2,0.736696,0.636364,centroid,29,0.92,0.3009
26,bear,bottle,dolphin,mushroom,Q2,0.736696,0.636364,exemplar_knn_k3,29,0.9467,1.1204
26,bear,bottle,dolphin,mushroom,Q2,0.736696,0.636364,logreg,29,0.9,0.6099
26,bear,bottle,dolphin,mushroom,Q2,0.736696,0.636364,random,29,0.3067,1.3046
27,bed,sea,butterfly,crab,Q2,0.775448,0.733333,centroid,0,0.92,0.2602
27,bed,sea,butterfly,crab,Q2,0.775448,0.733333,exemplar_knn_k3,0,0.92,0.9088
27,bed,sea,butterfly,crab,Q2,0.775448,0.733333,logreg,0,0.9,0.517
27,bed,sea,butterfly,crab,Q2,0.775448,0.733333,random,0,0.3333,1.2079
27,bed,sea,butterfly,crab,Q2,0.775448,0.733333,centroid,1,0.92,0.2509
27,bed,sea,butterfly,crab,Q2,0.775448,0.733333,exemplar_knn_k3,1,0.92,0.9257
27,bed,sea,butterfly,crab,Q2,0.775448,0.733333,logreg,1,0.8533,0.497
27,bed,sea,butterfly,crab,Q2,0.775448,0.733333,random,1,0.3467,1.2175
27,bed,sea,butterfly,crab,Q2,0.775448,0.733333,centroid,2,0.8533,0.2386
27,bed,sea,butterfly,crab,Q2,0.775448,0.733333,exemplar_knn_k3,2,0.88,0.8481
27,bed,sea,butterfly,crab,Q2,0.775448,0.733333,logreg,2,0.8,0.5036
27,bed,sea,butterfly,crab,Q2,0.775448,0.733333,random,2,0.36,1.0114
27,bed,sea,butterfly,crab,Q2,0.775448,0.733333,centroid,3,0.94,0.2475
27,bed,sea,butterfly,crab,Q2,0.775448,0.733333,exemplar_knn_k3,3,0.9333,0.9611
27,bed,sea,butterfly,crab,Q2,0.775448,0.733333,logreg,3,0.9067,0.4966
27,bed,sea,butterfly,crab,Q2,0.775448,0.733333,random,3,0.3333,1.3463
27,bed,sea,butterfly,crab,Q2,0.775448,0.733333,centroid,4,0.8733,0.2635
27,bed,sea,butterfly,crab,Q2,0.775448,0.733333,exemplar_knn_k3,4,0.9067,0.9322
27,bed,sea,butterfly,crab,Q2,0.775448,0.733333,logreg,4,0.8533,0.5107
27,bed,sea,butterfly,crab,Q2,0.775448,0.733333,random,4,0.3267,1.4075
27,bed,sea,butterfly,crab,Q2,0.775448,0.733333,centroid,5,0.8733,0.2658
27,bed,sea,butterfly,crab,Q2,0.775448,0.733333,exemplar_knn_k3,5,0.8867,0.9374
27,bed,sea,butterfly,crab,Q2,0.775448,0.733333,logreg,5,0.82,0.5384
27,bed,sea,butterfly,crab,Q2,0.775448,0.733333,random,5,0.3667,1.2762
27,bed,sea,butterfly,crab,Q2,0.775448,0.733333,centroid,6,0.8533,0.2414
27,bed,sea,butterfly,crab,Q2,0.775448,0.733333,exemplar_knn_k3,6,0.86,0.9004
27,bed,sea,butterfly,crab,Q2,0.775448,0.733333,logreg,6,0.7867,0.4724
27,bed,sea,butterfly,crab,Q2,0.775448,0.733333,random,6,0.3267,1.1135
27,bed,sea,butterfly,crab,Q2,0.775448,0.733333,centroid,7,0.7867,0.249
27,bed,sea,butterfly,crab,Q2,0.775448,0.733333,exemplar_knn_k3,7,0.82,0.9153
27,bed,sea,butterfly,crab,Q2,0.775448,0.733333,logreg,7,0.7867,0.4888
27,bed,sea,butterfly,crab,Q2,0.775448,0.733333,random,7,0.3267,1.1759
27,bed,sea,butterfly,crab,Q2,0.775448,0.733333,centroid,8,0.84,0.2543
27,bed,sea,butterfly,crab,Q2,0.775448,0.733333,exemplar_knn_k3,8,0.9133,0.9542
27,bed,sea,butterfly,crab,Q2,0.775448,0.733333,logreg,8,0.88,0.5166
27,bed,sea,butterfly,crab,Q2,0.775448,0.733333,random,8,0.3533,1.3134
27,bed,sea,butterfly,crab,Q2,0.775448,0.733333,centroid,9,0.8733,0.228
27,bed,sea,butterfly,crab,Q2,0.775448,0.733333,exemplar_knn_k3,9,0.8733,0.8737
27,bed,sea,butterfly,crab,Q2,0.775448,0.733333,logreg,9,0.8667,0.4648
27,bed,sea,butterfly,crab,Q2,0.775448,0.733333,random,9,0.3267,1.3893
27,bed,sea,butterfly,crab,Q2,0.775448,0.733333,centroid,10,0.9,0.2395
27,bed,sea,butterfly,crab,Q2,0.775448,0.733333,exemplar_knn_k3,10,0.9067,0.9105
27,bed,sea,butterfly,crab,Q2,0.775448,0.733333,logreg,10,0.8533,0.4862
27,bed,sea,butterfly,crab,Q2,0.775448,0.733333,random,10,0.3,1.1826
27,bed,sea,butterfly,crab,Q2,0.775448,0.733333,centroid,11,0.84,0.2753
27,bed,sea,butterfly,crab,Q2,0.775448,0.733333,exemplar_knn_k3,11,0.8533,0.9673
27,bed,sea,butterfly,crab,Q2,0.775448,0.733333,logreg,11,0.8333,0.5394
27,bed,sea,butterfly,crab,Q2,0.775448,0.733333,random,11,0.3133,1.3284
27,bed,sea,butterfly,crab,Q2,0.775448,0.733333,centroid,12,0.84,0.2426
27,bed,sea,butterfly,crab,Q2,0.775448,0.733333,exemplar_knn_k3,12,0.8267,0.872
27,bed,sea,butterfly,crab,Q2,0.775448,0.733333,logreg,12,0.8133,0.4742
27,bed,sea,butterfly,crab,Q2,0.775448,0.733333,random,12,0.2733,1.2072
27,bed,sea,butterfly,crab,Q2,0.775448,0.733333,centroid,13,0.8467,0.2095
27,bed,sea,butterfly,crab,Q2,0.775448,0.733333,exemplar_knn_k3,13,0.88,0.8181
27,bed,sea,butterfly,crab,Q2,0.775448,0.733333,logreg,13,0.7933,0.4194
27,bed,sea,butterfly,crab,Q2,0.775448,0.733333,random,13,0.44,1.255
27,bed,sea,butterfly,crab,Q2,0.775448,0.733333,centroid,14,0.8467,0.2201
27,bed,sea,butterfly,crab,Q2,0.775448,0.733333,exemplar_knn_k3,14,0.86,0.7912
27,bed,sea,butterfly,crab,Q2,0.775448,0.733333,logreg,14,0.82,0.4508
27,bed,sea,butterfly,crab,Q2,0.775448,0.733333,random,14,0.3133,1.0632
27,bed,sea,butterfly,crab,Q2,0.775448,0.733333,centroid,15,0.8133,0.2455
27,bed,sea,butterfly,crab,Q2,0.775448,0.733333,exemplar_knn_k3,15,0.7933,0.9092
27,bed,sea,butterfly,crab,Q2,0.775448,0.733333,logreg,15,0.7933,0.4975
27,bed,sea,butterfly,crab,Q2,0.775448,0.733333,random,15,0.3133,1.2621
27,bed,sea,butterfly,crab,Q2,0.775448,0.733333,centroid,16,0.82,0.2301
27,bed,sea,butterfly,crab,Q2,0.775448,0.733333,exemplar_knn_k3,16,0.8333,0.8824
27,bed,sea,butterfly,crab,Q2,0.775448,0.733333,logreg,16,0.84,0.4763
27,bed,sea,butterfly,crab,Q2,0.775448,0.733333,random,16,0.3,1.1856
27,bed,sea,butterfly,crab,Q2,0.775448,0.733333,centroid,17,0.8467,0.2323
27,bed,sea,butterfly,crab,Q2,0.775448,0.733333,exemplar_knn_k3,17,0.8667,0.8063
27,bed,sea,butterfly,crab,Q2,0.775448,0.733333,logreg,17,0.8267,0.4592
27,bed,sea,butterfly,crab,Q2,0.775448,0.733333,random,17,0.28,1.179
27,bed,sea,butterfly,crab,Q2,0.775448,0.733333,centroid,18,0.8533,0.2188
27,bed,sea,butterfly,crab,Q2,0.775448,0.733333,exemplar_knn_k3,18,0.8667,0.8141
27,bed,sea,butterfly,crab,Q2,0.775448,0.733333,logreg,18,0.8,0.4496
27,bed,sea,butterfly,crab,Q2,0.775448,0.733333,random,18,0.3267,1.0958
27,bed,sea,butterfly,crab,Q2,0.775448,0.733333,centroid,19,0.9,0.2314
27,bed,sea,butterfly,crab,Q2,0.775448,0.733333,exemplar_knn_k3,19,0.8867,0.892
27,bed,sea,butterfly,crab,Q2,0.775448,0.733333,logreg,19,0.8867,0.4653
27,bed,sea,butterfly,crab,Q2,0.775448,0.733333,random,19,0.3667,1.0997
27,bed,sea,butterfly,crab,Q2,0.775448,0.733333,centroid,20,0.8,0.2561
27,bed,sea,butterfly,crab,Q2,0.775448,0.733333,exemplar_knn_k3,20,0.78,0.8815
27,bed,sea,butterfly,crab,Q2,0.775448,0.733333,logreg,20,0.8,0.4978
27,bed,sea,butterfly,crab,Q2,0.775448,0.733333,random,20,0.3733,1.1563
27,bed,sea,butterfly,crab,Q2,0.775448,0.733333,centroid,21,0.8867,0.225
27,bed,sea,butterfly,crab,Q2,0.775448,0.733333,exemplar_knn_k3,21,0.88,0.8578
27,bed,sea,butterfly,crab,Q2,0.775448,0.733333,logreg,21,0.8667,0.4617
27,bed,sea,butterfly,crab,Q2,0.775448,0.733333,random,21,0.3,1.2142
27,bed,sea,butterfly,crab,Q2,0.775448,0.733333,centroid,22,0.8067,0.2178
27,bed,sea,butterfly,crab,Q2,0.775448,0.733333,exemplar_knn_k3,22,0.8467,0.8038
27,bed,sea,butterfly,crab,Q2,0.775448,0.733333,logreg,22,0.8067,0.4509
27,bed,sea,butterfly,crab,Q2,0.775448,0.733333,random,22,0.3333,1.1919
27,bed,sea,butterfly,crab,Q2,0.775448,0.733333,centroid,23,0.8533,0.2487
27,bed,sea,butterfly,crab,Q2,0.775448,0.733333,exemplar_knn_k3,23,0.8933,0.9143
27,bed,sea,butterfly,crab,Q2,0.775448,0.733333,logreg,23,0.7733,0.517
27,bed,sea,butterfly,crab,Q2,0.775448,0.733333,random,23,0.4067,1.2778
27,bed,sea,butterfly,crab,Q2,0.775448,0.733333,centroid,24,0.82,0.2723
27,bed,sea,butterfly,crab,Q2,0.775448,0.733333,exemplar_knn_k3,24,0.84,0.9387
27,bed,sea,butterfly,crab,Q2,0.775448,0.733333,logreg,24,0.82,0.5467
27,bed,sea,butterfly,crab,Q2,0.775448,0.733333,random,24,0.3,1.2054
27,bed,sea,butterfly,crab,Q2,0.775448,0.733333,centroid,25,0.8267,0.2604
27,bed,sea,butterfly,crab,Q2,0.775448,0.733333,exemplar_knn_k3,25,0.8533,0.9007
27,bed,sea,butterfly,crab,Q2,0.775448,0.733333,logreg,25,0.8267,0.5243
27,bed,sea,butterfly,crab,Q2,0.775448,0.733333,random,25,0.3267,1.2739
27,bed,sea,butterfly,crab,Q2,0.775448,0.733333,centroid,26,0.8267,0.21
27,bed,sea,butterfly,crab,Q2,0.775448,0.733333,exemplar_knn_k3,26,0.8133,0.7565
27,bed,sea,butterfly,crab,Q2,0.775448,0.733333,logreg,26,0.84,0.4238
27,bed,sea,butterfly,crab,Q2,0.775448,0.733333,random,26,0.2333,1.2997
27,bed,sea,butterfly,crab,Q2,0.775448,0.733333,centroid,27,0.8067,0.2457
27,bed,sea,butterfly,crab,Q2,0.775448,0.733333,exemplar_knn_k3,27,0.8133,0.9491
27,bed,sea,butterfly,crab,Q2,0.775448,0.733333,logreg,27,0.8133,0.4769
27,bed,sea,butterfly,crab,Q2,0.775448,0.733333,random,27,0.2933,1.1526
27,bed,sea,butterfly,crab,Q2,0.775448,0.733333,centroid,28,0.8667,0.2803
27,bed,sea,butterfly,crab,Q2,0.775448,0.733333,exemplar_knn_k3,28,0.8467,1.0142
27,bed,sea,butterfly,crab,Q2,0.775448,0.733333,logreg,28,0.8,0.5592
27,bed,sea,butterfly,crab,Q2,0.775448,0.733333,random,28,0.3467,1.269
27,bed,sea,butterfly,crab,Q2,0.775448,0.733333,centroid,29,0.8333,0.236
27,bed,sea,butterfly,crab,Q2,0.775448,0.733333,exemplar_knn_k3,29,0.9,0.8289
27,bed,sea,butterfly,crab,Q2,0.775448,0.733333,logreg,29,0.7933,0.4685
27,bed,sea,butterfly,crab,Q2,0.775448,0.733333,random,29,0.2733,1.3419
28,bee,table,shark,clock,Q2,0.73877,0.888889,centroid,0,0.84,0.2675
28,bee,table,shark,clock,Q2,0.73877,0.888889,exemplar_knn_k3,0,0.8467,0.9775
28,bee,table,shark,clock,Q2,0.73877,0.888889,logreg,0,0.84,0.5236
28,bee,table,shark,clock,Q2,0.73877,0.888889,random,0,0.28,1.4715
28,bee,table,shark,clock,Q2,0.73877,0.888889,centroid,1,0.86,0.3162
28,bee,table,shark,clock,Q2,0.73877,0.888889,exemplar_knn_k3,1,0.8267,1.0202
28,bee,table,shark,clock,Q2,0.73877,0.888889,logreg,1,0.82,0.6209
28,bee,table,shark,clock,Q2,0.73877,0.888889,random,1,0.3067,1.1185
28,bee,table,shark,clock,Q2,0.73877,0.888889,centroid,2,0.9267,0.2846
28,bee,table,shark,clock,Q2,0.73877,0.888889,exemplar_knn_k3,2,0.9267,0.9455
28,bee,table,shark,clock,Q2,0.73877,0.888889,logreg,2,0.9533,0.5537
28,bee,table,shark,clock,Q2,0.73877,0.888889,random,2,0.2733,1.2592
28,bee,table,shark,clock,Q2,0.73877,0.888889,centroid,3,0.8667,0.3165
28,bee,table,shark,clock,Q2,0.73877,0.888889,exemplar_knn_k3,3,0.86,1.0166
28,bee,table,shark,clock,Q2,0.73877,0.888889,logreg,3,0.94,0.5877
28,bee,table,shark,clock,Q2,0.73877,0.888889,random,3,0.3733,1.2396
28,bee,table,shark,clock,Q2,0.73877,0.888889,centroid,4,0.84,0.3128
28,bee,table,shark,clock,Q2,0.73877,0.888889,exemplar_knn_k3,4,0.8133,1.0694
28,bee,table,shark,clock,Q2,0.73877,0.888889,logreg,4,0.8933,0.5923
28,bee,table,shark,clock,Q2,0.73877,0.888889,random,4,0.34,1.3196
28,bee,table,shark,clock,Q2,0.73877,0.888889,centroid,5,0.8333,0.3441
28,bee,table,shark,clock,Q2,0.73877,0.888889,exemplar_knn_k3,5,0.82,1.0816
28,bee,table,shark,clock,Q2,0.73877,0.888889,logreg,5,0.8467,0.6286
28,bee,table,shark,clock,Q2,0.73877,0.888889,random,5,0.34,1.1498
28,bee,table,shark,clock,Q2,0.73877,0.888889,centroid,6,0.8933,0.3303
28,bee,table,shark,clock,Q2,0.73877,0.888889,exemplar_knn_k3,6,0.8733,1.1028
28,bee,table,shark,clock,Q2,0.73877,0.888889,logreg,6,0.9667,0.6325
28,bee,table,shark,clock,Q2,0.73877,0.888889,random,6,0.3067,1.1343
28,bee,table,shark,clock,Q2,0.73877,0.888889,centroid,7,0.8933,0.2992
28,bee,table,shark,clock,Q2,0.73877,0.888889,exemplar_knn_k3,7,0.84,0.9795
28,bee,table,shark,clock,Q2,0.73877,0.888889,logreg,7,0.9067,0.5595
28,bee,table,shark,clock,Q2,0.73877,0.888889,random,7,0.34,1.1606
28,bee,table,shark,clock,Q2,0.73877,0.888889,centroid,8,0.82,0.3017
28,bee,table,shark,clock,Q2,0.73877,0.888889,exemplar_knn_k3,8,0.8067,1.034
28,bee,table,shark,clock,Q2,0.73877,0.888889,logreg,8,0.82,0.5769
28,bee,table,shark,clock,Q2,0.73877,0.888889,random,8,0.3133,1.1144
28,bee,table,shark,clock,Q2,0.73877,0.888889,centroid,9,0.8533,0.3289
28,bee,table,shark,clock,Q2,0.73877,0.888889,exemplar_knn_k3,9,0.8467,1.0946
28,bee,table,shark,clock,Q2,0.73877,0.888889,logreg,9,0.9067,0.6077
28,bee,table,shark,clock,Q2,0.73877,0.888889,random,9,0.38,1.2335
28,bee,table,shark,clock,Q2,0.73877,0.888889,centroid,10,0.9067,0.3183
28,bee,table,shark,clock,Q2,0.73877,0.888889,exemplar_knn_k3,10,0.9,1.0528
28,bee,table,shark,clock,Q2,0.73877,0.888889,logreg,10,0.7667,0.6505
28,bee,table,shark,clock,Q2,0.73877,0.888889,random,10,0.3067,1.2354
28,bee,table,shark,clock,Q2,0.73877,0.888889,centroid,11,0.8467,0.293
28,bee,table,shark,clock,Q2,0.73877,0.888889,exemplar_knn_k3,11,0.82,0.9778
28,bee,table,shark,clock,Q2,0.73877,0.888889,logreg,11,0.8267,0.5751
28,bee,table,shark,clock,Q2,0.73877,0.888889,random,11,0.38,1.0969
28,bee,table,shark,clock,Q2,0.73877,0.888889,centroid,12,0.86,0.3333
28,bee,table,shark,clock,Q2,0.73877,0.888889,exemplar_knn_k3,12,0.8467,1.1189
28,bee,table,shark,clock,Q2,0.73877,0.888889,logreg,12,0.88,0.6439
28,bee,table,shark,clock,Q2,0.73877,0.888889,random,12,0.32,1.3281
28,bee,table,shark,clock,Q2,0.73877,0.888889,centroid,13,0.88,0.2883
28,bee,table,shark,clock,Q2,0.73877,0.888889,exemplar_knn_k3,13,0.8333,1.0056
28,bee,table,shark,clock,Q2,0.73877,0.888889,logreg,13,0.8867,0.5595
28,bee,table,shark,clock,Q2,0.73877,0.888889,random,13,0.3267,1.3499
28,bee,table,shark,clock,Q2,0.73877,0.888889,centroid,14,0.8933,0.312
28,bee,table,shark,clock,Q2,0.73877,0.888889,exemplar_knn_k3,14,0.9133,1.0372
28,bee,table,shark,clock,Q2,0.73877,0.888889,logreg,14,0.8333,0.6188
28,bee,table,shark,clock,Q2,0.73877,0.888889,random,14,0.3533,1.2052
28,bee,table,shark,clock,Q2,0.73877,0.888889,centroid,15,0.92,0.325
28,bee,table,shark,clock,Q2,0.73877,0.888889,exemplar_knn_k3,15,0.8733,1.112
28,bee,table,shark,clock,Q2,0.73877,0.888889,logreg,15,0.9267,0.6471
28,bee,table,shark,clock,Q2,0.73877,0.888889,random,15,0.32,1.0993
28,bee,table,shark,clock,Q2,0.73877,0.888889,centroid,16,0.8933,0.3075
28,bee,table,shark,clock,Q2,0.73877,0.888889,exemplar_knn_k3,16,0.9,1.0426
28,bee,table,shark,clock,Q2,0.73877,0.888889,logreg,16,0.9333,0.5705
28,bee,table,shark,clock,Q2,0.73877,0.888889,random,16,0.34,1.2145
28,bee,table,shark,clock,Q2,0.73877,0.888889,centroid,17,0.9133,0.3341
28,bee,table,shark,clock,Q2,0.73877,0.888889,exemplar_knn_k3,17,0.88,1.1328
28,bee,table,shark,clock,Q2,0.73877,0.888889,logreg,17,0.9667,0.6258
28,bee,table,shark,clock,Q2,0.73877,0.888889,random,17,0.3867,1.2709
28,bee,table,shark,clock,Q2,0.73877,0.888889,centroid,18,0.9067,0.2923
28,bee,table,shark,clock,Q2,0.73877,0.888889,exemplar_knn_k3,18,0.9067,1.0133
28,bee,table,shark,clock,Q2,0.73877,0.888889,logreg,18,0.9067,0.5724
28,bee,table,shark,clock,Q2,0.73877,0.888889,random,18,0.3267,1.1377
28,bee,table,shark,clock,Q2,0.73877,0.888889,centroid,19,0.88,0.302
28,bee,table,shark,clock,Q2,0.73877,0.888889,exemplar_knn_k3,19,0.8533,1.0572
28,bee,table,shark,clock,Q2,0.73877,0.888889,logreg,19,0.92,0.5628
28,bee,table,shark,clock,Q2,0.73877,0.888889,random,19,0.2467,1.1668
28,bee,table,shark,clock,Q2,0.73877,0.888889,centroid,20,0.8333,0.3088
28,bee,table,shark,clock,Q2,0.73877,0.888889,exemplar_knn_k3,20,0.8267,1.059
28,bee,table,shark,clock,Q2,0.73877,0.888889,logreg,20,0.8333,0.5822
28,bee,table,shark,clock,Q2,0.73877,0.888889,random,20,0.3533,1.1705
28,bee,table,shark,clock,Q2,0.73877,0.888889,centroid,21,0.8533,0.275
28,bee,table,shark,clock,Q2,0.73877,0.888889,exemplar_knn_k3,21,0.88,0.8908
28,bee,table,shark,clock,Q2,0.73877,0.888889,logreg,21,0.86,0.5274
28,bee,table,shark,clock,Q2,0.73877,0.888889,random,21,0.3333,1.3258
28,bee,table,shark,clock,Q2,0.73877,0.888889,centroid,22,0.8467,0.3433
28,bee,table,shark,clock,Q2,0.73877,0.888889,exemplar_knn_k3,22,0.84,1.1392
28,bee,table,shark,clock,Q2,0.73877,0.888889,logreg,22,0.8467,0.6398
28,bee,table,shark,clock,Q2,0.73877,0.888889,random,22,0.2933,1.1797
28,bee,table,shark,clock,Q2,0.73877,0.888889,centroid,23,0.8733,0.2815
28,bee,table,shark,clock,Q2,0.73877,0.888889,exemplar_knn_k3,23,0.8533,0.9547
28,bee,table,shark,clock,Q2,0.73877,0.888889,logreg,23,0.8933,0.5543
28,bee,table,shark,clock,Q2,0.73877,0.888889,random,23,0.38,1.2061
28,bee,table,shark,clock,Q2,0.73877,0.888889,centroid,24,0.8267,0.3016
28,bee,table,shark,clock,Q2,0.73877,0.888889,exemplar_knn_k3,24,0.8533,1.0208
28,bee,table,shark,clock,Q2,0.73877,0.888889,logreg,24,0.8267,0.5845
28,bee,table,shark,clock,Q2,0.73877,0.888889,random,24,0.36,1.2101
28,bee,table,shark,clock,Q2,0.73877,0.888889,centroid,25,0.8333,0.3313
28,bee,table,shark,clock,Q2,0.73877,0.888889,exemplar_knn_k3,25,0.8133,1.0527
28,bee,table,shark,clock,Q2,0.73877,0.888889,logreg,25,0.86,0.6286
28,bee,table,shark,clock,Q2,0.73877,0.888889,random,25,0.2733,1.3032
28,bee,table,shark,clock,Q2,0.73877,0.888889,centroid,26,0.8733,0.2909
28,bee,table,shark,clock,Q2,0.73877,0.888889,exemplar_knn_k3,26,0.86,0.9607
28,bee,table,shark,clock,Q2,0.73877,0.888889,logreg,26,0.9267,0.542
28,bee,table,shark,clock,Q2,0.73877,0.888889,random,26,0.3733,1.1548
28,bee,table,shark,clock,Q2,0.73877,0.888889,centroid,27,0.8933,0.3339
28,bee,table,shark,clock,Q2,0.73877,0.888889,exemplar_knn_k3,27,0.8333,1.0525
28,bee,table,shark,clock,Q2,0.73877,0.888889,logreg,27,0.92,0.636
28,bee,table,shark,clock,Q2,0.73877,0.888889,random,27,0.3133,1.1686
28,bee,table,shark,clock,Q2,0.73877,0.888889,centroid,28,0.82,0.2831
28,bee,table,shark,clock,Q2,0.73877,0.888889,exemplar_knn_k3,28,0.8,0.9815
28,bee,table,shark,clock,Q2,0.73877,0.888889,logreg,28,0.8467,0.5478
28,bee,table,shark,clock,Q2,0.73877,0.888889,random,28,0.3133,1.3781
28,bee,table,shark,clock,Q2,0.73877,0.888889,centroid,29,0.8533,0.3175
28,bee,table,shark,clock,Q2,0.73877,0.888889,exemplar_knn_k3,29,0.8667,1.0904
28,bee,table,shark,clock,Q2,0.73877,0.888889,logreg,29,0.8933,0.604
28,bee,table,shark,clock,Q2,0.73877,0.888889,random,29,0.4133,1.2842
29,bottle,cloud,squirrel,pine_tree,Q2,0.795229,0.75,centroid,0,0.8133,0.2799
29,bottle,cloud,squirrel,pine_tree,Q2,0.795229,0.75,exemplar_knn_k3,0,0.7867,1.2182
29,bottle,cloud,squirrel,pine_tree,Q2,0.795229,0.75,logreg,0,0.8133,0.5988
29,bottle,cloud,squirrel,pine_tree,Q2,0.795229,0.75,random,0,0.34,1.2092
29,bottle,cloud,squirrel,pine_tree,Q2,0.795229,0.75,centroid,1,0.7067,0.1514
29,bottle,cloud,squirrel,pine_tree,Q2,0.795229,0.75,exemplar_knn_k3,1,0.6867,0.8332
29,bottle,cloud,squirrel,pine_tree,Q2,0.795229,0.75,logreg,1,0.7,0.3826
29,bottle,cloud,squirrel,pine_tree,Q2,0.795229,0.75,random,1,0.3733,1.1991
29,bottle,cloud,squirrel,pine_tree,Q2,0.795229,0.75,centroid,2,0.7933,0.3164
29,bottle,cloud,squirrel,pine_tree,Q2,0.795229,0.75,exemplar_knn_k3,2,0.7733,1.2309
29,bottle,cloud,squirrel,pine_tree,Q2,0.795229,0.75,logreg,2,0.7933,0.6286
29,bottle,cloud,squirrel,pine_tree,Q2,0.795229,0.75,random,2,0.32,1.2829
29,bottle,cloud,squirrel,pine_tree,Q2,0.795229,0.75,centroid,3,0.8267,0.2121
29,bottle,cloud,squirrel,pine_tree,Q2,0.795229,0.75,exemplar_knn_k3,3,0.8333,1.0776
29,bottle,cloud,squirrel,pine_tree,Q2,0.795229,0.75,logreg,3,0.82,0.5398
29,bottle,cloud,squirrel,pine_tree,Q2,0.795229,0.75,random,3,0.34,1.1504
29,bottle,cloud,squirrel,pine_tree,Q2,0.795229,0.75,centroid,4,0.7933,0.2872
29,bottle,cloud,squirrel,pine_tree,Q2,0.795229,0.75,exemplar_knn_k3,4,0.7533,1.1964
29,bottle,cloud,squirrel,pine_tree,Q2,0.795229,0.75,logreg,4,0.78,0.5477
29,bottle,cloud,squirrel,pine_tree,Q2,0.795229,0.75,random,4,0.3333,1.1308
29,bottle,cloud,squirrel,pine_tree,Q2,0.795229,0.75,centroid,5,0.82,0.2987
29,bottle,cloud,squirrel,pine_tree,Q2,0.795229,0.75,exemplar_knn_k3,5,0.8,1.1937
29,bottle,cloud,squirrel,pine_tree,Q2,0.795229,0.75,logreg,5,0.82,0.6104
29,bottle,cloud,squirrel,pine_tree,Q2,0.795229,0.75,random,5,0.3667,1.1506
29,bottle,cloud,squirrel,pine_tree,Q2,0.795229,0.75,centroid,6,0.8333,0.2117
29,bottle,cloud,squirrel,pine_tree,Q2,0.795229,0.75,exemplar_knn_k3,6,0.8133,1.0809
29,bottle,cloud,squirrel,pine_tree,Q2,0.795229,0.75,logreg,6,0.8267,0.4992
29,bottle,cloud,squirrel,pine_tree,Q2,0.795229,0.75,random,6,0.4467,1.1149
29,bottle,cloud,squirrel,pine_tree,Q2,0.795229,0.75,centroid,7,0.82,0.2603
29,bottle,cloud,squirrel,pine_tree,Q2,0.795229,0.75,exemplar_knn_k3,7,0.8133,1.1635
29,bottle,cloud,squirrel,pine_tree,Q2,0.795229,0.75,logreg,7,0.8133,0.5399
29,bottle,cloud,squirrel,pine_tree,Q2,0.795229,0.75,random,7,0.3,1.2564
29,bottle,cloud,squirrel,pine_tree,Q2,0.795229,0.75,centroid,8,0.82,0.2919
29,bottle,cloud,squirrel,pine_tree,Q2,0.795229,0.75,exemplar_knn_k3,8,0.8,1.262
29,bottle,cloud,squirrel,pine_tree,Q2,0.795229,0.75,logreg,8,0.8133,0.6083
29,bottle,cloud,squirrel,pine_tree,Q2,0.795229,0.75,random,8,0.36,1.1627
29,bottle,cloud,squirrel,pine_tree,Q2,0.795229,0.75,centroid,9,0.7867,0.1795
29,bottle,cloud,squirrel,pine_tree,Q2,0.795229,0.75,exemplar_knn_k3,9,0.7667,0.9319
29,bottle,cloud,squirrel,pine_tree,Q2,0.795229,0.75,logreg,9,0.7933,0.4653
29,bottle,cloud,squirrel,pine_tree,Q2,0.795229,0.75,random,9,0.36,1.1656
29,bottle,cloud,squirrel,pine_tree,Q2,0.795229,0.75,centroid,10,0.8,0.1773
29,bottle,cloud,squirrel,pine_tree,Q2,0.795229,0.75,exemplar_knn_k3,10,0.7333,0.9411
29,bottle,cloud,squirrel,pine_tree,Q2,0.795229,0.75,logreg,10,0.8067,0.4572
29,bottle,cloud,squirrel,pine_tree,Q2,0.795229,0.75,random,10,0.34,1.2913
29,bottle,cloud,squirrel,pine_tree,Q2,0.795229,0.75,centroid,11,0.78,0.3048
29,bottle,cloud,squirrel,pine_tree,Q2,0.795229,0.75,exemplar_knn_k3,11,0.76,1.1738
29,bottle,cloud,squirrel,pine_tree,Q2,0.795229,0.75,logreg,11,0.8067,0.5901
29,bottle,cloud,squirrel,pine_tree,Q2,0.795229,0.75,random,11,0.3467,1.1203
29,bottle,cloud,squirrel,pine_tree,Q2,0.795229,0.75,centroid,12,0.8133,0.1958
29,bottle,cloud,squirrel,pine_tree,Q2,0.795229,0.75,exemplar_knn_k3,12,0.8067,0.9958
29,bottle,cloud,squirrel,pine_tree,Q2,0.795229,0.75,logreg,12,0.78,0.4874
29,bottle,cloud,squirrel,pine_tree,Q2,0.795229,0.75,random,12,0.3067,1.1598
29,bottle,cloud,squirrel,pine_tree,Q2,0.795229,0.75,centroid,13,0.76,0.1831
29,bottle,cloud,squirrel,pine_tree,Q2,0.795229,0.75,exemplar_knn_k3,13,0.7933,0.884
29,bottle,cloud,squirrel,pine_tree,Q2,0.795229,0.75,logreg,13,0.7467,0.4224
29,bottle,cloud,squirrel,pine_tree,Q2,0.795229,0.75,random,13,0.34,1.1429
29,bottle,cloud,squirrel,pine_tree,Q2,0.795229,0.75,centroid,14,0.8267,0.2083
29,bottle,cloud,squirrel,pine_tree,Q2,0.795229,0.75,exemplar_knn_k3,14,0.8,1.1331
29,bottle,cloud,squirrel,pine_tree,Q2,0.795229,0.75,logreg,14,0.8067,0.5167
29,bottle,cloud,squirrel,pine_tree,Q2,0.795229,0.75,random,14,0.3733,1.3624
29,bottle,cloud,squirrel,pine_tree,Q2,0.795229,0.75,centroid,15,0.8,0.3415
29,bottle,cloud,squirrel,pine_tree,Q2,0.795229,0.75,exemplar_knn_k3,15,0.8,1.2931
29,bottle,cloud,squirrel,pine_tree,Q2,0.795229,0.75,logreg,15,0.8,0.6992
29,bottle,cloud,squirrel,pine_tree,Q2,0.795229,0.75,random,15,0.3467,1.1359
29,bottle,cloud,squirrel,pine_tree,Q2,0.795229,0.75,centroid,16,0.8067,0.3071
29,bottle,cloud,squirrel,pine_tree,Q2,0.795229,0.75,exemplar_knn_k3,16,0.8067,1.257
29,bottle,cloud,squirrel,pine_tree,Q2,0.795229,0.75,logreg,16,0.8,0.6113
29,bottle,cloud,squirrel,pine_tree,Q2,0.795229,0.75,random,16,0.3733,1.1606
29,bottle,cloud,squirrel,pine_tree,Q2,0.795229,0.75,centroid,17,0.8133,0.3336
29,bottle,cloud,squirrel,pine_tree,Q2,0.795229,0.75,exemplar_knn_k3,17,0.8,1.2946
29,bottle,cloud,squirrel,pine_tree,Q2,0.795229,0.75,logreg,17,0.8133,0.6647
29,bottle,cloud,squirrel,pine_tree,Q2,0.795229,0.75,random,17,0.36,1.2277
29,bottle,cloud,squirrel,pine_tree,Q2,0.795229,0.75,centroid,18,0.8,0.1971
29,bottle,cloud,squirrel,pine_tree,Q2,0.795229,0.75,exemplar_knn_k3,18,0.7933,0.9974
29,bottle,cloud,squirrel,pine_tree,Q2,0.795229,0.75,logreg,18,0.78,0.4975
29,bottle,cloud,squirrel,pine_tree,Q2,0.795229,0.75,random,18,0.2867,1.3402
29,bottle,cloud,squirrel,pine_tree,Q2,0.795229,0.75,centroid,19,0.7067,0.1836
29,bottle,cloud,squirrel,pine_tree,Q2,0.795229,0.75,exemplar_knn_k3,19,0.6333,0.9105
29,bottle,cloud,squirrel,pine_tree,Q2,0.795229,0.75,logreg,19,0.7133,0.4066
29,bottle,cloud,squirrel,pine_tree,Q2,0.795229,0.75,random,19,0.3267,1.364
29,bottle,cloud,squirrel,pine_tree,Q2,0.795229,0.75,centroid,20,0.7867,0.3125
29,bottle,cloud,squirrel,pine_tree,Q2,0.795229,0.75,exemplar_knn_k3,20,0.78,1.3278
29,bottle,cloud,squirrel,pine_tree,Q2,0.795229,0.75,logreg,20,0.8067,0.634
29,bottle,cloud,squirrel,pine_tree,Q2,0.795229,0.75,random,20,0.34,1.0737
29,bottle,cloud,squirrel,pine_tree,Q2,0.795229,0.75,centroid,21,0.7933,0.1891
29,bottle,cloud,squirrel,pine_tree,Q2,0.795229,0.75,exemplar_knn_k3,21,0.78,0.9377
29,bottle,cloud,squirrel,pine_tree,Q2,0.795229,0.75,logreg,21,0.7867,0.4354
29,bottle,cloud,squirrel,pine_tree,Q2,0.795229,0.75,random,21,0.2533,1.3913
29,bottle,cloud,squirrel,pine_tree,Q2,0.795229,0.75,centroid,22,0.8133,0.348
29,bottle,cloud,squirrel,pine_tree,Q2,0.795229,0.75,exemplar_knn_k3,22,0.8133,1.4066
29,bottle,cloud,squirrel,pine_tree,Q2,0.795229,0.75,logreg,22,0.8133,0.714
29,bottle,cloud,squirrel,pine_tree,Q2,0.795229,0.75,random,22,0.36,1.3264
29,bottle,cloud,squirrel,pine_tree,Q2,0.795229,0.75,centroid,23,0.7933,0.3177
29,bottle,cloud,squirrel,pine_tree,Q2,0.795229,0.75,exemplar_knn_k3,23,0.8133,1.2984
29,bottle,cloud,squirrel,pine_tree,Q2,0.795229,0.75,logreg,23,0.8,0.6525
29,bottle,cloud,squirrel,pine_tree,Q2,0.795229,0.75,random,23,0.3333,1.2558
29,bottle,cloud,squirrel,pine_tree,Q2,0.795229,0.75,centroid,24,0.8133,0.2541
29,bottle,cloud,squirrel,pine_tree,Q2,0.795229,0.75,exemplar_knn_k3,24,0.76,1.133
29,bottle,cloud,squirrel,pine_tree,Q2,0.795229,0.75,logreg,24,0.82,0.5235
29,bottle,cloud,squirrel,pine_tree,Q2,0.795229,0.75,random,24,0.3,1.1819
29,bottle,cloud,squirrel,pine_tree,Q2,0.795229,0.75,centroid,25,0.78,0.2658
29,bottle,cloud,squirrel,pine_tree,Q2,0.795229,0.75,exemplar_knn_k3,25,0.8,1.0309
29,bottle,cloud,squirrel,pine_tree,Q2,0.795229,0.75,logreg,25,0.78,0.5502
29,bottle,cloud,squirrel,pine_tree,Q2,0.795229,0.75,random,25,0.44,1.3843
29,bottle,cloud,squirrel,pine_tree,Q2,0.795229,0.75,centroid,26,0.8133,0.3217
29,bottle,cloud,squirrel,pine_tree,Q2,0.795229,0.75,exemplar_knn_k3,26,0.82,1.3124
29,bottle,cloud,squirrel,pine_tree,Q2,0.795229,0.75,logreg,26,0.8267,0.6384
29,bottle,cloud,squirrel,pine_tree,Q2,0.795229,0.75,random,26,0.3267,1.2385
29,bottle,cloud,squirrel,pine_tree,Q2,0.795229,0.75,centroid,27,0.8,0.2582
29,bottle,cloud,squirrel,pine_tree,Q2,0.795229,0.75,exemplar_knn_k3,27,0.7867,1.2386
29,bottle,cloud,squirrel,pine_tree,Q2,0.795229,0.75,logreg,27,0.8,0.5379
29,bottle,cloud,squirrel,pine_tree,Q2,0.795229,0.75,random,27,0.3333,1.1385
29,bottle,cloud,squirrel,pine_tree,Q2,0.795229,0.75,centroid,28,0.7867,0.2032
29,bottle,cloud,squirrel,pine_tree,Q2,0.795229,0.75,exemplar_knn_k3,28,0.7533,1.1183
29,bottle,cloud,squirrel,pine_tree,Q2,0.795229,0.75,logreg,28,0.7867,0.5303
29,bottle,cloud,squirrel,pine_tree,Q2,0.795229,0.75,random,28,0.3133,1.2779
29,bottle,cloud,squirrel,pine_tree,Q2,0.795229,0.75,centroid,29,0.8,0.2928
29,bottle,cloud,squirrel,pine_tree,Q2,0.795229,0.75,exemplar_knn_k3,29,0.7867,1.2729
29,bottle,cloud,squirrel,pine_tree,Q2,0.795229,0.75,logreg,29,0.8067,0.6085
29,bottle,cloud,squirrel,pine_tree,Q2,0.795229,0.75,random,29,0.3133,1.1899
30,bottle,crocodile,lion,dolphin,Q2,0.751279,0.636364,centroid,0,0.8267,0.3947
30,bottle,crocodile,lion,dolphin,Q2,0.751279,0.636364,exemplar_knn_k3,0,0.8267,1.2821
30,bottle,crocodile,lion,dolphin,Q2,0.751279,0.636364,logreg,0,0.84,0.7599
30,bottle,crocodile,lion,dolphin,Q2,0.751279,0.636364,random,0,0.28,1.1094
30,bottle,crocodile,lion,dolphin,Q2,0.751279,0.636364,centroid,1,0.9667,0.2618
30,bottle,crocodile,lion,dolphin,Q2,0.751279,0.636364,exemplar_knn_k3,1,0.9533,1.0628
30,bottle,crocodile,lion,dolphin,Q2,0.751279,0.636364,logreg,1,0.9733,0.5392
30,bottle,crocodile,lion,dolphin,Q2,0.751279,0.636364,random,1,0.32,1.2274
30,bottle,crocodile,lion,dolphin,Q2,0.751279,0.636364,centroid,2,0.8533,0.3735
30,bottle,crocodile,lion,dolphin,Q2,0.751279,0.636364,exemplar_knn_k3,2,0.8333,1.2747
30,bottle,crocodile,lion,dolphin,Q2,0.751279,0.636364,logreg,2,0.92,0.6917
30,bottle,crocodile,lion,dolphin,Q2,0.751279,0.636364,random,2,0.36,1.4004
30,bottle,crocodile,lion,dolphin,Q2,0.751279,0.636364,centroid,3,0.86,0.267
30,bottle,crocodile,lion,dolphin,Q2,0.751279,0.636364,exemplar_knn_k3,3,0.8667,1.0599
30,bottle,crocodile,lion,dolphin,Q2,0.751279,0.636364,logreg,3,0.8733,0.5823
30,bottle,crocodile,lion,dolphin,Q2,0.751279,0.636364,random,3,0.36,1.2067
30,bottle,crocodile,lion,dolphin,Q2,0.751279,0.636364,centroid,4,0.88,0.3748
30,bottle,crocodile,lion,dolphin,Q2,0.751279,0.636364,exemplar_knn_k3,4,0.8867,1.2901
30,bottle,crocodile,lion,dolphin,Q2,0.751279,0.636364,logreg,4,0.9133,0.7217
30,bottle,crocodile,lion,dolphin,Q2,0.751279,0.636364,random,4,0.32,1.187
30,bottle,crocodile,lion,dolphin,Q2,0.751279,0.636364,centroid,5,0.8267,0.3855
30,bottle,crocodile,lion,dolphin,Q2,0.751279,0.636364,exemplar_knn_k3,5,0.82,1.256
30,bottle,crocodile,lion,dolphin,Q2,0.751279,0.636364,logreg,5,0.84,0.7499
30,bottle,crocodile,lion,dolphin,Q2,0.751279,0.636364,random,5,0.34,1.401
30,bottle,crocodile,lion,dolphin,Q2,0.751279,0.636364,centroid,6,0.9067,0.2981
30,bottle,crocodile,lion,dolphin,Q2,0.751279,0.636364,exemplar_knn_k3,6,0.88,1.165
30,bottle,crocodile,lion,dolphin,Q2,0.751279,0.636364,logreg,6,0.9533,0.6041
30,bottle,crocodile,lion,dolphin,Q2,0.751279,0.636364,random,6,0.4067,1.1822
30,bottle,crocodile,lion,dolphin,Q2,0.751279,0.636364,centroid,7,0.8267,0.3716
30,bottle,crocodile,lion,dolphin,Q2,0.751279,0.636364,exemplar_knn_k3,7,0.8267,1.237
30,bottle,crocodile,lion,dolphin,Q2,0.751279,0.636364,logreg,7,0.82,0.758
30,bottle,crocodile,lion,dolphin,Q2,0.751279,0.636364,random,7,0.2667,1.232
30,bottle,crocodile,lion,dolphin,Q2,0.751279,0.636364,centroid,8,0.82,0.409
30,bottle,crocodile,lion,dolphin,Q2,0.751279,0.636364,exemplar_knn_k3,8,0.82,1.318
30,bottle,crocodile,lion,dolphin,Q2,0.751279,0.636364,logreg,8,0.82,0.8099
30,bottle,crocodile,lion,dolphin,Q2,0.751279,0.636364,random,8,0.3733,1.2704
30,bottle,crocodile,lion,dolphin,Q2,0.751279,0.636364,centroid,9,0.8733,0.2238
30,bottle,crocodile,lion,dolphin,Q2,0.751279,0.636364,exemplar_knn_k3,9,0.8333,0.9757
30,bottle,crocodile,lion,dolphin,Q2,0.751279,0.636364,logreg,9,0.9067,0.4751
30,bottle,crocodile,lion,dolphin,Q2,0.751279,0.636364,random,9,0.34,1.3153
30,bottle,crocodile,lion,dolphin,Q2,0.751279,0.636364,centroid,10,0.8667,0.2718
30,bottle,crocodile,lion,dolphin,Q2,0.751279,0.636364,exemplar_knn_k3,10,0.82,1.1047
30,bottle,crocodile,lion,dolphin,Q2,0.751279,0.636364,logreg,10,0.9667,0.5664
30,bottle,crocodile,lion,dolphin,Q2,0.751279,0.636364,random,10,0.2933,1.2302
30,bottle,crocodile,lion,dolphin,Q2,0.751279,0.636364,centroid,11,0.82,0.3613
30,bottle,crocodile,lion,dolphin,Q2,0.751279,0.636364,exemplar_knn_k3,11,0.8267,1.2513
30,bottle,crocodile,lion,dolphin,Q2,0.751279,0.636364,logreg,11,0.84,0.7093
30,bottle,crocodile,lion,dolphin,Q2,0.751279,0.636364,random,11,0.3333,1.3345
30,bottle,crocodile,lion,dolphin,Q2,0.751279,0.636364,centroid,12,0.9,0.2708
30,bottle,crocodile,lion,dolphin,Q2,0.751279,0.636364,exemplar_knn_k3,12,0.9067,1.0911
30,bottle,crocodile,lion,dolphin,Q2,0.751279,0.636364,logreg,12,0.9133,0.573
30,bottle,crocodile,lion,dolphin,Q2,0.751279,0.636364,random,12,0.3067,1.1619
30,bottle,crocodile,lion,dolphin,Q2,0.751279,0.636364,centroid,13,0.9267,0.2457
30,bottle,crocodile,lion,dolphin,Q2,0.751279,0.636364,exemplar_knn_k3,13,0.9133,1.0796
30,bottle,crocodile,lion,dolphin,Q2,0.751279,0.636364,logreg,13,0.9533,0.5065
30,bottle,crocodile,lion,dolphin,Q2,0.751279,0.636364,random,13,0.38,1.1269
30,bottle,crocodile,lion,dolphin,Q2,0.751279,0.636364,centroid,14,0.8067,0.2543
30,bottle,crocodile,lion,dolphin,Q2,0.751279,0.636364,exemplar_knn_k3,14,0.8333,1.0005
30,bottle,crocodile,lion,dolphin,Q2,0.751279,0.636364,logreg,14,0.8,0.551
30,bottle,crocodile,lion,dolphin,Q2,0.751279,0.636364,random,14,0.2933,1.2268
30,bottle,crocodile,lion,dolphin,Q2,0.751279,0.636364,centroid,15,0.82,0.3803
30,bottle,crocodile,lion,dolphin,Q2,0.751279,0.636364,exemplar_knn_k3,15,0.82,1.2764
30,bottle,crocodile,lion,dolphin,Q2,0.751279,0.636364,logreg,15,0.8267,0.7375
30,bottle,crocodile,lion,dolphin,Q2,0.751279,0.636364,random,15,0.2667,1.319
30,bottle,crocodile,lion,dolphin,Q2,0.751279,0.636364,centroid,16,0.82,0.3824
30,bottle,crocodile,lion,dolphin,Q2,0.751279,0.636364,exemplar_knn_k3,16,0.82,1.2254
30,bottle,crocodile,lion,dolphin,Q2,0.751279,0.636364,logreg,16,0.82,0.7533
30,bottle,crocodile,lion,dolphin,Q2,0.751279,0.636364,random,16,0.2867,1.0157
30,bottle,crocodile,lion,dolphin,Q2,0.751279,0.636364,centroid,17,0.8333,0.3823
30,bottle,crocodile,lion,dolphin,Q2,0.751279,0.636364,exemplar_knn_k3,17,0.8267,1.2789
30,bottle,crocodile,lion,dolphin,Q2,0.751279,0.636364,logreg,17,0.84,0.7538
30,bottle,crocodile,lion,dolphin,Q2,0.751279,0.636364,random,17,0.3467,1.1233
30,bottle,crocodile,lion,dolphin,Q2,0.751279,0.636364,centroid,18,0.92,0.2605
30,bottle,crocodile,lion,dolphin,Q2,0.751279,0.636364,exemplar_knn_k3,18,0.88,1.1152
30,bottle,crocodile,lion,dolphin,Q2,0.751279,0.636364,logreg,18,0.9933,0.5403
30,bottle,crocodile,lion,dolphin,Q2,0.751279,0.636364,random,18,0.3333,1.1674
30,bottle,crocodile,lion,dolphin,Q2,0.751279,0.636364,centroid,19,0.8467,0.2254
30,bottle,crocodile,lion,dolphin,Q2,0.751279,0.636364,exemplar_knn_k3,19,0.8467,1.0001
30,bottle,crocodile,lion,dolphin,Q2,0.751279,0.636364,logreg,19,0.8,0.5008
30,bottle,crocodile,lion,dolphin,Q2,0.751279,0.636364,random,19,0.2733,1.2408
30,bottle,crocodile,lion,dolphin,Q2,0.751279,0.636364,centroid,20,0.82,0.3838
30,bottle,crocodile,lion,dolphin,Q2,0.751279,0.636364,exemplar_knn_k3,20,0.82,1.2986
30,bottle,crocodile,lion,dolphin,Q2,0.751279,0.636364,logreg,20,0.8467,0.7476
30,bottle,crocodile,lion,dolphin,Q2,0.751279,0.636364,random,20,0.3733,1.2603
30,bottle,crocodile,lion,dolphin,Q2,0.751279,0.636364,centroid,21,0.88,0.2402
30,bottle,crocodile,lion,dolphin,Q2,0.751279,0.636364,exemplar_knn_k3,21,0.8867,1.1374
30,bottle,crocodile,lion,dolphin,Q2,0.751279,0.636364,logreg,21,0.8667,0.5218
30,bottle,crocodile,lion,dolphin,Q2,0.751279,0.636364,random,21,0.3933,1.1717
30,bottle,crocodile,lion,dolphin,Q2,0.751279,0.636364,centroid,22,0.8067,0.4065
30,bottle,crocodile,lion,dolphin,Q2,0.751279,0.636364,exemplar_knn_k3,22,0.8133,1.3051
30,bottle,crocodile,lion,dolphin,Q2,0.751279,0.636364,logreg,22,0.8067,0.8018
30,bottle,crocodile,lion,dolphin,Q2,0.751279,0.636364,random,22,0.3933,1.1552
30,bottle,crocodile,lion,dolphin,Q2,0.751279,0.636364,centroid,23,0.82,0.3763
30,bottle,crocodile,lion,dolphin,Q2,0.751279,0.636364,exemplar_knn_k3,23,0.82,1.236
30,bottle,crocodile,lion,dolphin,Q2,0.751279,0.636364,logreg,23,0.82,0.7515
30,bottle,crocodile,lion,dolphin,Q2,0.751279,0.636364,random,23,0.3333,1.384
30,bottle,crocodile,lion,dolphin,Q2,0.751279,0.636364,centroid,24,0.8333,0.3626
30,bottle,crocodile,lion,dolphin,Q2,0.751279,0.636364,exemplar_knn_k3,24,0.84,1.1937
30,bottle,crocodile,lion,dolphin,Q2,0.751279,0.636364,logreg,24,0.8267,0.6992
30,bottle,crocodile,lion,dolphin,Q2,0.751279,0.636364,random,24,0.2667,1.1631
30,bottle,crocodile,lion,dolphin,Q2,0.751279,0.636364,centroid,25,0.8067,0.3721
30,bottle,crocodile,lion,dolphin,Q2,0.751279,0.636364,exemplar_knn_k3,25,0.8133,1.2354
30,bottle,crocodile,lion,dolphin,Q2,0.751279,0.636364,logreg,25,0.8133,0.741
30,bottle,crocodile,lion,dolphin,Q2,0.751279,0.636364,random,25,0.36,1.0359
30,bottle,crocodile,lion,dolphin,Q2,0.751279,0.636364,centroid,26,0.8467,0.3861
30,bottle,crocodile,lion,dolphin,Q2,0.751279,0.636364,exemplar_knn_k3,26,0.8333,1.2432
30,bottle,crocodile,lion,dolphin,Q2,0.751279,0.636364,logreg,26,0.86,0.724
30,bottle,crocodile,lion,dolphin,Q2,0.751279,0.636364,random,26,0.3067,1.0872
30,bottle,crocodile,lion,dolphin,Q2,0.751279,0.636364,centroid,27,0.8267,0.3829
30,bottle,crocodile,lion,dolphin,Q2,0.751279,0.636364,exemplar_knn_k3,27,0.8133,1.2524
30,bottle,crocodile,lion,dolphin,Q2,0.751279,0.636364,logreg,27,0.8267,0.748
30,bottle,crocodile,lion,dolphin,Q2,0.751279,0.636364,random,27,0.3333,1.2447
30,bottle,crocodile,lion,dolphin,Q2,0.751279,0.636364,centroid,28,0.8867,0.2492
30,bottle,crocodile,lion,dolphin,Q2,0.751279,0.636364,exemplar_knn_k3,28,0.88,1.1349
30,bottle,crocodile,lion,dolphin,Q2,0.751279,0.636364,logreg,28,0.86,0.5607
30,bottle,crocodile,lion,dolphin,Q2,0.751279,0.636364,random,28,0.3467,1.3946
30,bottle,crocodile,lion,dolphin,Q2,0.751279,0.636364,centroid,29,0.8333,0.3754
30,bottle,crocodile,lion,dolphin,Q2,0.751279,0.636364,exemplar_knn_k3,29,0.8267,1.2488
30,bottle,crocodile,lion,dolphin,Q2,0.751279,0.636364,logreg,29,0.84,0.7283
30,bottle,crocodile,lion,dolphin,Q2,0.751279,0.636364,random,29,0.2933,1.117
31,chair,maple_tree,forest,cockroach,Q2,0.773469,0.777778,centroid,0,0.82,0.455
31,chair,maple_tree,forest,cockroach,Q2,0.773469,0.777778,exemplar_knn_k3,0,0.82,1.4822
31,chair,maple_tree,forest,cockroach,Q2,0.773469,0.777778,logreg,0,0.82,0.8923
31,chair,maple_tree,forest,cockroach,Q2,0.773469,0.777778,random,0,0.3,1.299
31,chair,maple_tree,forest,cockroach,Q2,0.773469,0.777778,centroid,1,0.8733,0.2588
31,chair,maple_tree,forest,cockroach,Q2,0.773469,0.777778,exemplar_knn_k3,1,0.8667,1.1617
31,chair,maple_tree,forest,cockroach,Q2,0.773469,0.777778,logreg,1,0.8133,0.5778
31,chair,maple_tree,forest,cockroach,Q2,0.773469,0.777778,random,1,0.26,1.2003
31,chair,maple_tree,forest,cockroach,Q2,0.773469,0.777778,centroid,2,0.8067,0.4823
31,chair,maple_tree,forest,cockroach,Q2,0.773469,0.777778,exemplar_knn_k3,2,0.8067,1.5676
31,chair,maple_tree,forest,cockroach,Q2,0.773469,0.777778,logreg,2,0.8067,0.9904
31,chair,maple_tree,forest,cockroach,Q2,0.773469,0.777778,random,2,0.2733,1.2853
31,chair,maple_tree,forest,cockroach,Q2,0.773469,0.777778,centroid,3,0.82,0.2416
31,chair,maple_tree,forest,cockroach,Q2,0.773469,0.777778,exemplar_knn_k3,3,0.8667,1.0741
31,chair,maple_tree,forest,cockroach,Q2,0.773469,0.777778,logreg,3,0.78,0.5672
31,chair,maple_tree,forest,cockroach,Q2,0.773469,0.777778,random,3,0.3267,1.1925
31,chair,maple_tree,forest,cockroach,Q2,0.773469,0.777778,centroid,4,0.8267,0.4437
31,chair,maple_tree,forest,cockroach,Q2,0.773469,0.777778,exemplar_knn_k3,4,0.8267,1.5033
31,chair,maple_tree,forest,cockroach,Q2,0.773469,0.777778,logreg,4,0.8267,0.8824
31,chair,maple_tree,forest,cockroach,Q2,0.773469,0.777778,random,4,0.3267,1.1589
31,chair,maple_tree,forest,cockroach,Q2,0.773469,0.777778,centroid,5,0.8133,0.4432
31,chair,maple_tree,forest,cockroach,Q2,0.773469,0.777778,exemplar_knn_k3,5,0.8133,1.4833
31,chair,maple_tree,forest,cockroach,Q2,0.773469,0.777778,logreg,5,0.8,0.9101
31,chair,maple_tree,forest,cockroach,Q2,0.773469,0.777778,random,5,0.2667,1.139
31,chair,maple_tree,forest,cockroach,Q2,0.773469,0.777778,centroid,6,0.88,0.2659
31,chair,maple_tree,forest,cockroach,Q2,0.773469,0.777778,exemplar_knn_k3,6,0.8533,1.1832
31,chair,maple_tree,forest,cockroach,Q2,0.773469,0.777778,logreg,6,0.8867,0.5638
31,chair,maple_tree,forest,cockroach,Q2,0.773469,0.777778,random,6,0.38,1.0084
31,chair,maple_tree,forest,cockroach,Q2,0.773469,0.777778,centroid,7,0.8133,0.4043
31,chair,maple_tree,forest,cockroach,Q2,0.773469,0.777778,exemplar_knn_k3,7,0.82,1.3315
31,chair,maple_tree,forest,cockroach,Q2,0.773469,0.777778,logreg,7,0.8133,0.8112
31,chair,maple_tree,forest,cockroach,Q2,0.773469,0.777778,random,7,0.28,1.1677
31,chair,maple_tree,forest,cockroach,Q2,0.773469,0.777778,centroid,8,0.8133,0.4673
31,chair,maple_tree,forest,cockroach,Q2,0.773469,0.777778,exemplar_knn_k3,8,0.8267,1.5087
31,chair,maple_tree,forest,cockroach,Q2,0.773469,0.777778,logreg,8,0.8067,0.9424
31,chair,maple_tree,forest,cockroach,Q2,0.773469,0.777778,random,8,0.3733,1.2167
31,chair,maple_tree,forest,cockroach,Q2,0.773469,0.777778,centroid,9,0.9267,0.2713
31,chair,maple_tree,forest,cockroach,Q2,0.773469,0.777778,exemplar_knn_k3,9,0.92,1.2974
31,chair,maple_tree,forest,cockroach,Q2,0.773469,0.777778,logreg,9,0.8933,0.5927
31,chair,maple_tree,forest,cockroach,Q2,0.773469,0.777778,random,9,0.32,1.3795
31,chair,maple_tree,forest,cockroach,Q2,0.773469,0.777778,centroid,10,0.8467,0.2554
31,chair,maple_tree,forest,cockroach,Q2,0.773469,0.777778,exemplar_knn_k3,10,0.84,1.1477
31,chair,maple_tree,forest,cockroach,Q2,0.773469,0.777778,logreg,10,0.8133,0.5533
31,chair,maple_tree,forest,cockroach,Q2,0.773469,0.777778,random,10,0.36,1.1986
31,chair,maple_tree,forest,cockroach,Q2,0.773469,0.777778,centroid,11,0.8267,0.4408
31,chair,maple_tree,forest,cockroach,Q2,0.773469,0.777778,exemplar_knn_k3,11,0.82,1.5224
31,chair,maple_tree,forest,cockroach,Q2,0.773469,0.777778,logreg,11,0.8267,0.8632
31,chair,maple_tree,forest,cockroach,Q2,0.773469,0.777778,random,11,0.3333,1.2542
31,chair,maple_tree,forest,cockroach,Q2,0.773469,0.777778,centroid,12,0.7867,0.2771
31,chair,maple_tree,forest,cockroach,Q2,0.773469,0.777778,exemplar_knn_k3,12,0.7533,1.0231
31,chair,maple_tree,forest,cockroach,Q2,0.773469,0.777778,logreg,12,0.7867,0.5642
31,chair,maple_tree,forest,cockroach,Q2,0.773469,0.777778,random,12,0.3267,1.27
31,chair,maple_tree,forest,cockroach,Q2,0.773469,0.777778,centroid,13,0.9067,0.271
31,chair,maple_tree,forest,cockroach,Q2,0.773469,0.777778,exemplar_knn_k3,13,0.9,1.1149
31,chair,maple_tree,forest,cockroach,Q2,0.773469,0.777778,logreg,13,0.92,0.5657
31,chair,maple_tree,forest,cockroach,Q2,0.773469,0.777778,random,13,0.3133,1.0905
31,chair,maple_tree,forest,cockroach,Q2,0.773469,0.777778,centroid,14,0.9267,0.2358
31,chair,maple_tree,forest,cockroach,Q2,0.773469,0.777778,exemplar_knn_k3,14,0.9,1.0896
31,chair,maple_tree,forest,cockroach,Q2,0.773469,0.777778,logreg,14,0.8467,0.5284
31,chair,maple_tree,forest,cockroach,Q2,0.773469,0.777778,random,14,0.3067,1.2316
31,chair,maple_tree,forest,cockroach,Q2,0.773469,0.777778,centroid,15,0.8133,0.4677
31,chair,maple_tree,forest,cockroach,Q2,0.773469,0.777778,exemplar_knn_k3,15,0.8133,1.5638
31,chair,maple_tree,forest,cockroach,Q2,0.773469,0.777778,logreg,15,0.8133,0.9037
31,chair,maple_tree,forest,cockroach,Q2,0.773469,0.777778,random,15,0.36,1.1815
31,chair,maple_tree,forest,cockroach,Q2,0.773469,0.777778,centroid,16,0.8067,0.4006
31,chair,maple_tree,forest,cockroach,Q2,0.773469,0.777778,exemplar_knn_k3,16,0.8,1.4387
31,chair,maple_tree,forest,cockroach,Q2,0.773469,0.777778,logreg,16,0.8,0.7678
31,chair,maple_tree,forest,cockroach,Q2,0.773469,0.777778,random,16,0.3867,1.3001
31,chair,maple_tree,forest,cockroach,Q2,0.773469,0.777778,centroid,17,0.8067,0.4555
31,chair,maple_tree,forest,cockroach,Q2,0.773469,0.777778,exemplar_knn_k3,17,0.8133,1.5068
31,chair,maple_tree,forest,cockroach,Q2,0.773469,0.777778,logreg,17,0.8067,0.9185
31,chair,maple_tree,forest,cockroach,Q2,0.773469,0.777778,random,17,0.28,1.1957
31,chair,maple_tree,forest,cockroach,Q2,0.773469,0.777778,centroid,18,0.8067,0.2311
31,chair,maple_tree,forest,cockroach,Q2,0.773469,0.777778,exemplar_knn_k3,18,0.7733,1.0853
31,chair,maple_tree,forest,cockroach,Q2,0.773469,0.777778,logreg,18,0.76,0.5299
31,chair,maple_tree,forest,cockroach,Q2,0.773469,0.777778,random,18,0.32,1.3455
31,chair,maple_tree,forest,cockroach,Q2,0.773469,0.777778,centroid,19,0.8533,0.2509
31,chair,maple_tree,forest,cockroach,Q2,0.773469,0.777778,exemplar_knn_k3,19,0.8267,1.2611
31,chair,maple_tree,forest,cockroach,Q2,0.773469,0.777778,logreg,19,0.7933,0.5959
31,chair,maple_tree,forest,cockroach,Q2,0.773469,0.777778,random,19,0.34,1.247
31,chair,maple_tree,forest,cockroach,Q2,0.773469,0.777778,centroid,20,0.8067,0.4509
31,chair,maple_tree,forest,cockroach,Q2,0.773469,0.777778,exemplar_knn_k3,20,0.8067,1.471
31,chair,maple_tree,forest,cockroach,Q2,0.773469,0.777778,logreg,20,0.7933,0.9194
31,chair,maple_tree,forest,cockroach,Q2,0.773469,0.777778,random,20,0.3933,1.142
31,chair,maple_tree,forest,cockroach,Q2,0.773469,0.777778,centroid,21,0.86,0.2401
31,chair,maple_tree,forest,cockroach,Q2,0.773469,0.777778,exemplar_knn_k3,21,0.6667,1.073
31,chair,maple_tree,forest,cockroach,Q2,0.773469,0.777778,logreg,21,0.8133,0.525
31,chair,maple_tree,forest,cockroach,Q2,0.773469,0.777778,random,21,0.3733,1.0909
31,chair,maple_tree,forest,cockroach,Q2,0.773469,0.777778,centroid,22,0.8133,0.4706
31,chair,maple_tree,forest,cockroach,Q2,0.773469,0.777778,exemplar_knn_k3,22,0.82,1.574
31,chair,maple_tree,forest,cockroach,Q2,0.773469,0.777778,logreg,22,0.8133,0.9368
31,chair,maple_tree,forest,cockroach,Q2,0.773469,0.777778,random,22,0.28,1.3054
31,chair,maple_tree,forest,cockroach,Q2,0.773469,0.777778,centroid,23,0.82,0.4043
31,chair,maple_tree,forest,cockroach,Q2,0.773469,0.777778,exemplar_knn_k3,23,0.82,1.3378
31,chair,maple_tree,forest,cockroach,Q2,0.773469,0.777778,logreg,23,0.8067,0.8394
31,chair,maple_tree,forest,cockroach,Q2,0.773469,0.777778,random,23,0.3867,1.1632
31,chair,maple_tree,forest,cockroach,Q2,0.773469,0.777778,centroid,24,0.82,0.4632
31,chair,maple_tree,forest,cockroach,Q2,0.773469,0.777778,exemplar_knn_k3,24,0.82,1.5567
31,chair,maple_tree,forest,cockroach,Q2,0.773469,0.777778,logreg,24,0.82,0.9268
31,chair,maple_tree,forest,cockroach,Q2,0.773469,0.777778,random,24,0.3133,1.0611
31,chair,maple_tree,forest,cockroach,Q2,0.773469,0.777778,centroid,25,0.82,0.4487
31,chair,maple_tree,forest,cockroach,Q2,0.773469,0.777778,exemplar_knn_k3,25,0.8133,1.5095
31,chair,maple_tree,forest,cockroach,Q2,0.773469,0.777778,logreg,25,0.82,0.88
31,chair,maple_tree,forest,cockroach,Q2,0.773469,0.777778,random,25,0.3133,1.1797
31,chair,maple_tree,forest,cockroach,Q2,0.773469,0.777778,centroid,26,0.8133,0.4586
31,chair,maple_tree,forest,cockroach,Q2,0.773469,0.777778,exemplar_knn_k3,26,0.8133,1.5554
31,chair,maple_tree,forest,cockroach,Q2,0.773469,0.777778,logreg,26,0.8133,0.933
31,chair,maple_tree,forest,cockroach,Q2,0.773469,0.777778,random,26,0.2733,1.241
31,chair,maple_tree,forest,cockroach,Q2,0.773469,0.777778,centroid,27,0.8133,0.4235
31,chair,maple_tree,forest,cockroach,Q2,0.773469,0.777778,exemplar_knn_k3,27,0.8133,1.3952
31,chair,maple_tree,forest,cockroach,Q2,0.773469,0.777778,logreg,27,0.8067,0.8747
31,chair,maple_tree,forest,cockroach,Q2,0.773469,0.777778,random,27,0.36,1.155
31,chair,maple_tree,forest,cockroach,Q2,0.773469,0.777778,centroid,28,0.9467,0.2393
31,chair,maple_tree,forest,cockroach,Q2,0.773469,0.777778,exemplar_knn_k3,28,0.9,1.0483
31,chair,maple_tree,forest,cockroach,Q2,0.773469,0.777778,logreg,28,0.94,0.5019
31,chair,maple_tree,forest,cockroach,Q2,0.773469,0.777778,random,28,0.3267,1.166
31,chair,maple_tree,forest,cockroach,Q2,0.773469,0.777778,centroid,29,0.8267,0.4279
31,chair,maple_tree,forest,cockroach,Q2,0.773469,0.777778,exemplar_knn_k3,29,0.8267,1.4099
31,chair,maple_tree,forest,cockroach,Q2,0.773469,0.777778,logreg,29,0.82,0.8841
31,chair,maple_tree,forest,cockroach,Q2,0.773469,0.777778,random,29,0.3533,1.0794
32,chimpanzee,skyscraper,orchid,otter,Q2,0.762193,0.666667,centroid,0,0.8267,0.2496
32,chimpanzee,skyscraper,orchid,otter,Q2,0.762193,0.666667,exemplar_knn_k3,0,0.8,0.902
32,chimpanzee,skyscraper,orchid,otter,Q2,0.762193,0.666667,logreg,0,0.8,0.5371
32,chimpanzee,skyscraper,orchid,otter,Q2,0.762193,0.666667,random,0,0.2467,1.2244
32,chimpanzee,skyscraper,orchid,otter,Q2,0.762193,0.666667,centroid,1,0.8067,0.287
32,chimpanzee,skyscraper,orchid,otter,Q2,0.762193,0.666667,exemplar_knn_k3,1,0.8,0.9713
32,chimpanzee,skyscraper,orchid,otter,Q2,0.762193,0.666667,logreg,1,0.8133,0.5584
32,chimpanzee,skyscraper,orchid,otter,Q2,0.762193,0.666667,random,1,0.38,1.3857
32,chimpanzee,skyscraper,orchid,otter,Q2,0.762193,0.666667,centroid,2,0.8467,0.2663
32,chimpanzee,skyscraper,orchid,otter,Q2,0.762193,0.666667,exemplar_knn_k3,2,0.8533,0.976
32,chimpanzee,skyscraper,orchid,otter,Q2,0.762193,0.666667,logreg,2,0.7933,0.5818
32,chimpanzee,skyscraper,orchid,otter,Q2,0.762193,0.666667,random,2,0.28,1.2829
32,chimpanzee,skyscraper,orchid,otter,Q2,0.762193,0.666667,centroid,3,0.8133,0.2711
32,chimpanzee,skyscraper,orchid,otter,Q2,0.762193,0.666667,exemplar_knn_k3,3,0.8067,0.9403
32,chimpanzee,skyscraper,orchid,otter,Q2,0.762193,0.666667,logreg,3,0.8133,0.535
32,chimpanzee,skyscraper,orchid,otter,Q2,0.762193,0.666667,random,3,0.2733,1.1252
32,chimpanzee,skyscraper,orchid,otter,Q2,0.762193,0.666667,centroid,4,0.76,0.1986
32,chimpanzee,skyscraper,orchid,otter,Q2,0.762193,0.666667,exemplar_knn_k3,4,0.7733,0.7497
32,chimpanzee,skyscraper,orchid,otter,Q2,0.762193,0.666667,logreg,4,0.7667,0.4532
32,chimpanzee,skyscraper,orchid,otter,Q2,0.762193,0.666667,random,4,0.38,1.2388
32,chimpanzee,skyscraper,orchid,otter,Q2,0.762193,0.666667,centroid,5,0.82,0.2331
32,chimpanzee,skyscraper,orchid,otter,Q2,0.762193,0.666667,exemplar_knn_k3,5,0.8067,0.7742
32,chimpanzee,skyscraper,orchid,otter,Q2,0.762193,0.666667,logreg,5,0.82,0.5107
32,chimpanzee,skyscraper,orchid,otter,Q2,0.762193,0.666667,random,5,0.36,1.2966
32,chimpanzee,skyscraper,orchid,otter,Q2,0.762193,0.666667,centroid,6,0.82,0.32
32,chimpanzee,skyscraper,orchid,otter,Q2,0.762193,0.666667,exemplar_knn_k3,6,0.82,1.0806
32,chimpanzee,skyscraper,orchid,otter,Q2,0.762193,0.666667,logreg,6,0.82,0.5998
32,chimpanzee,skyscraper,orchid,otter,Q2,0.762193,0.666667,random,6,0.3533,1.3017
32,chimpanzee,skyscraper,orchid,otter,Q2,0.762193,0.666667,centroid,7,0.8333,0.2377
32,chimpanzee,skyscraper,orchid,otter,Q2,0.762193,0.666667,exemplar_knn_k3,7,0.82,0.882
32,chimpanzee,skyscraper,orchid,otter,Q2,0.762193,0.666667,logreg,7,0.8,0.5097
32,chimpanzee,skyscraper,orchid,otter,Q2,0.762193,0.666667,random,7,0.3333,1.2225
32,chimpanzee,skyscraper,orchid,otter,Q2,0.762193,0.666667,centroid,8,0.8067,0.265
32,chimpanzee,skyscraper,orchid,otter,Q2,0.762193,0.666667,exemplar_knn_k3,8,0.8133,0.9086
32,chimpanzee,skyscraper,orchid,otter,Q2,0.762193,0.666667,logreg,8,0.8067,0.5454
32,chimpanzee,skyscraper,orchid,otter,Q2,0.762193,0.666667,random,8,0.2933,1.0847
32,chimpanzee,skyscraper,orchid,otter,Q2,0.762193,0.666667,centroid,9,0.8,0.2617
32,chimpanzee,skyscraper,orchid,otter,Q2,0.762193,0.666667,exemplar_knn_k3,9,0.8,0.9982
32,chimpanzee,skyscraper,orchid,otter,Q2,0.762193,0.666667,logreg,9,0.8,0.5405
32,chimpanzee,skyscraper,orchid,otter,Q2,0.762193,0.666667,random,9,0.2667,1.1379
32,chimpanzee,skyscraper,orchid,otter,Q2,0.762193,0.666667,centroid,10,0.82,0.2859
32,chimpanzee,skyscraper,orchid,otter,Q2,0.762193,0.666667,exemplar_knn_k3,10,0.8133,0.9532
32,chimpanzee,skyscraper,orchid,otter,Q2,0.762193,0.666667,logreg,10,0.82,0.5711
32,chimpanzee,skyscraper,orchid,otter,Q2,0.762193,0.666667,random,10,0.3133,1.2755
32,chimpanzee,skyscraper,orchid,otter,Q2,0.762193,0.666667,centroid,11,0.7933,0.2802
32,chimpanzee,skyscraper,orchid,otter,Q2,0.762193,0.666667,exemplar_knn_k3,11,0.8133,1.0178
32,chimpanzee,skyscraper,orchid,otter,Q2,0.762193,0.666667,logreg,11,0.7667,0.5994
32,chimpanzee,skyscraper,orchid,otter,Q2,0.762193,0.666667,random,11,0.32,1.2874
32,chimpanzee,skyscraper,orchid,otter,Q2,0.762193,0.666667,centroid,12,0.8067,0.2575
32,chimpanzee,skyscraper,orchid,otter,Q2,0.762193,0.666667,exemplar_knn_k3,12,0.82,0.9186
32,chimpanzee,skyscraper,orchid,otter,Q2,0.762193,0.666667,logreg,12,0.84,0.4767
32,chimpanzee,skyscraper,orchid,otter,Q2,0.762193,0.666667,random,12,0.38,1.1674
32,chimpanzee,skyscraper,orchid,otter,Q2,0.762193,0.666667,centroid,13,0.82,0.2876
32,chimpanzee,skyscraper,orchid,otter,Q2,0.762193,0.666667,exemplar_knn_k3,13,0.8267,0.9948
32,chimpanzee,skyscraper,orchid,otter,Q2,0.762193,0.666667,logreg,13,0.82,0.5833
32,chimpanzee,skyscraper,orchid,otter,Q2,0.762193,0.666667,random,13,0.4333,1.2739
32,chimpanzee,skyscraper,orchid,otter,Q2,0.762193,0.666667,centroid,14,0.82,0.2898
32,chimpanzee,skyscraper,orchid,otter,Q2,0.762193,0.666667,exemplar_knn_k3,14,0.8133,0.9942
32,chimpanzee,skyscraper,orchid,otter,Q2,0.762193,0.666667,logreg,14,0.82,0.5826
32,chimpanzee,skyscraper,orchid,otter,Q2,0.762193,0.666667,random,14,0.32,1.1769
32,chimpanzee,skyscraper,orchid,otter,Q2,0.762193,0.666667,centroid,15,0.8267,0.2496
32,chimpanzee,skyscraper,orchid,otter,Q2,0.762193,0.666667,exemplar_knn_k3,15,0.7933,0.9302
32,chimpanzee,skyscraper,orchid,otter,Q2,0.762193,0.666667,logreg,15,0.8067,0.5386
32,chimpanzee,skyscraper,orchid,otter,Q2,0.762193,0.666667,random,15,0.3067,1.223
32,chimpanzee,skyscraper,orchid,otter,Q2,0.762193,0.666667,centroid,16,0.8133,0.2419
32,chimpanzee,skyscraper,orchid,otter,Q2,0.762193,0.666667,exemplar_knn_k3,16,0.8067,0.8526
32,chimpanzee,skyscraper,orchid,otter,Q2,0.762193,0.666667,logreg,16,0.8,0.5238
32,chimpanzee,skyscraper,orchid,otter,Q2,0.762193,0.666667,random,16,0.32,1.2244
32,chimpanzee,skyscraper,orchid,otter,Q2,0.762193,0.666667,centroid,17,0.8067,0.2692
32,chimpanzee,skyscraper,orchid,otter,Q2,0.762193,0.666667,exemplar_knn_k3,17,0.8133,0.9811
32,chimpanzee,skyscraper,orchid,otter,Q2,0.762193,0.666667,logreg,17,0.8067,0.5768
32,chimpanzee,skyscraper,orchid,otter,Q2,0.762193,0.666667,random,17,0.34,1.0929
32,chimpanzee,skyscraper,orchid,otter,Q2,0.762193,0.666667,centroid,18,0.82,0.2376
32,chimpanzee,skyscraper,orchid,otter,Q2,0.762193,0.666667,exemplar_knn_k3,18,0.84,0.9242
32,chimpanzee,skyscraper,orchid,otter,Q2,0.762193,0.666667,logreg,18,0.82,0.4997
32,chimpanzee,skyscraper,orchid,otter,Q2,0.762193,0.666667,random,18,0.3067,1.3217
32,chimpanzee,skyscraper,orchid,otter,Q2,0.762193,0.666667,centroid,19,0.8067,0.2602
32,chimpanzee,skyscraper,orchid,otter,Q2,0.762193,0.666667,exemplar_knn_k3,19,0.8067,0.9416
32,chimpanzee,skyscraper,orchid,otter,Q2,0.762193,0.666667,logreg,19,0.8133,0.5019
32,chimpanzee,skyscraper,orchid,otter,Q2,0.762193,0.666667,random,19,0.3067,1.3148
32,chimpanzee,skyscraper,orchid,otter,Q2,0.762193,0.666667,centroid,20,0.8267,0.2358
32,chimpanzee,skyscraper,orchid,otter,Q2,0.762193,0.666667,exemplar_knn_k3,20,0.86,0.8821
32,chimpanzee,skyscraper,orchid,otter,Q2,0.762193,0.666667,logreg,20,0.8133,0.5233
32,chimpanzee,skyscraper,orchid,otter,Q2,0.762193,0.666667,random,20,0.2933,1.3773
32,chimpanzee,skyscraper,orchid,otter,Q2,0.762193,0.666667,centroid,21,0.8133,0.2397
32,chimpanzee,skyscraper,orchid,otter,Q2,0.762193,0.666667,exemplar_knn_k3,21,0.8133,0.7836
32,chimpanzee,skyscraper,orchid,otter,Q2,0.762193,0.666667,logreg,21,0.8133,0.4819
32,chimpanzee,skyscraper,orchid,otter,Q2,0.762193,0.666667,random,21,0.3133,1.2125
32,chimpanzee,skyscraper,orchid,otter,Q2,0.762193,0.666667,centroid,22,0.9,0.1966
32,chimpanzee,skyscraper,orchid,otter,Q2,0.762193,0.666667,exemplar_knn_k3,22,0.8733,0.7633
32,chimpanzee,skyscraper,orchid,otter,Q2,0.762193,0.666667,logreg,22,0.8533,0.4203
32,chimpanzee,skyscraper,orchid,otter,Q2,0.762193,0.666667,random,22,0.2867,1.1637
32,chimpanzee,skyscraper,orchid,otter,Q2,0.762193,0.666667,centroid,23,0.8,0.2624
32,chimpanzee,skyscraper,orchid,otter,Q2,0.762193,0.666667,exemplar_knn_k3,23,0.8267,1.0011
32,chimpanzee,skyscraper,orchid,otter,Q2,0.762193,0.666667,logreg,23,0.8067,0.5932
32,chimpanzee,skyscraper,orchid,otter,Q2,0.762193,0.666667,random,23,0.3867,1.2971
32,chimpanzee,skyscraper,orchid,otter,Q2,0.762193,0.666667,centroid,24,0.8067,0.2704
32,chimpanzee,skyscraper,orchid,otter,Q2,0.762193,0.666667,exemplar_knn_k3,24,0.8,1.0273
32,chimpanzee,skyscraper,orchid,otter,Q2,0.762193,0.666667,logreg,24,0.8067,0.5687
32,chimpanzee,skyscraper,orchid,otter,Q2,0.762193,0.666667,random,24,0.2867,1.2861
32,chimpanzee,skyscraper,orchid,otter,Q2,0.762193,0.666667,centroid,25,0.78,0.2966
32,chimpanzee,skyscraper,orchid,otter,Q2,0.762193,0.666667,exemplar_knn_k3,25,0.78,1.0609
32,chimpanzee,skyscraper,orchid,otter,Q2,0.762193,0.666667,logreg,25,0.7667,0.6
32,chimpanzee,skyscraper,orchid,otter,Q2,0.762193,0.666667,random,25,0.3133,1.229
32,chimpanzee,skyscraper,orchid,otter,Q2,0.762193,0.666667,centroid,26,0.8267,0.2289
32,chimpanzee,skyscraper,orchid,otter,Q2,0.762193,0.666667,exemplar_knn_k3,26,0.8533,0.9389
32,chimpanzee,skyscraper,orchid,otter,Q2,0.762193,0.666667,logreg,26,0.8267,0.4894
32,chimpanzee,skyscraper,orchid,otter,Q2,0.762193,0.666667,random,26,0.3067,1.1623
32,chimpanzee,skyscraper,orchid,otter,Q2,0.762193,0.666667,centroid,27,0.8267,0.2212
32,chimpanzee,skyscraper,orchid,otter,Q2,0.762193,0.666667,exemplar_knn_k3,27,0.8533,0.9134
32,chimpanzee,skyscraper,orchid,otter,Q2,0.762193,0.666667,logreg,27,0.8067,0.4864
32,chimpanzee,skyscraper,orchid,otter,Q2,0.762193,0.666667,random,27,0.34,1.2263
32,chimpanzee,skyscraper,orchid,otter,Q2,0.762193,0.666667,centroid,28,0.82,0.2985
32,chimpanzee,skyscraper,orchid,otter,Q2,0.762193,0.666667,exemplar_knn_k3,28,0.82,1.0425
32,chimpanzee,skyscraper,orchid,otter,Q2,0.762193,0.666667,logreg,28,0.8133,0.5918
32,chimpanzee,skyscraper,orchid,otter,Q2,0.762193,0.666667,random,28,0.2733,1.395
32,chimpanzee,skyscraper,orchid,otter,Q2,0.762193,0.666667,centroid,29,0.8067,0.2447
32,chimpanzee,skyscraper,orchid,otter,Q2,0.762193,0.666667,exemplar_knn_k3,29,0.8,0.9228
32,chimpanzee,skyscraper,orchid,otter,Q2,0.762193,0.666667,logreg,29,0.8,0.5307
32,chimpanzee,skyscraper,orchid,otter,Q2,0.762193,0.666667,random,29,0.36,1.114
33,chimpanzee,wardrobe,oak_tree,flatfish,Q2,0.807476,0.68,centroid,0,0.8133,0.3184
33,chimpanzee,wardrobe,oak_tree,flatfish,Q2,0.807476,0.68,exemplar_knn_k3,0,0.7933,1.2123
33,chimpanzee,wardrobe,oak_tree,flatfish,Q2,0.807476,0.68,logreg,0,0.8067,0.6896
33,chimpanzee,wardrobe,oak_tree,flatfish,Q2,0.807476,0.68,random,0,0.3867,1.1759
33,chimpanzee,wardrobe,oak_tree,flatfish,Q2,0.807476,0.68,centroid,1,0.8067,0.303
33,chimpanzee,wardrobe,oak_tree,flatfish,Q2,0.807476,0.68,exemplar_knn_k3,1,0.8067,1.1783
33,chimpanzee,wardrobe,oak_tree,flatfish,Q2,0.807476,0.68,logreg,1,0.8133,0.6804
33,chimpanzee,wardrobe,oak_tree,flatfish,Q2,0.807476,0.68,random,1,0.3133,1.139
33,chimpanzee,wardrobe,oak_tree,flatfish,Q2,0.807476,0.68,centroid,2,0.8267,0.3022
33,chimpanzee,wardrobe,oak_tree,flatfish,Q2,0.807476,0.68,exemplar_knn_k3,2,0.8067,1.2863
33,chimpanzee,wardrobe,oak_tree,flatfish,Q2,0.807476,0.68,logreg,2,0.8133,0.6833
33,chimpanzee,wardrobe,oak_tree,flatfish,Q2,0.807476,0.68,random,2,0.34,1.1429
33,chimpanzee,wardrobe,oak_tree,flatfish,Q2,0.807476,0.68,centroid,3,0.8067,0.2574
33,chimpanzee,wardrobe,oak_tree,flatfish,Q2,0.807476,0.68,exemplar_knn_k3,3,0.78,1.1117
33,chimpanzee,wardrobe,oak_tree,flatfish,Q2,0.807476,0.68,logreg,3,0.8,0.6157
33,chimpanzee,wardrobe,oak_tree,flatfish,Q2,0.807476,0.68,random,3,0.34,1.0802
33,chimpanzee,wardrobe,oak_tree,flatfish,Q2,0.807476,0.68,centroid,4,0.8133,0.2969
33,chimpanzee,wardrobe,oak_tree,flatfish,Q2,0.807476,0.68,exemplar_knn_k3,4,0.8067,1.2492
33,chimpanzee,wardrobe,oak_tree,flatfish,Q2,0.807476,0.68,logreg,4,0.8267,0.618
33,chimpanzee,wardrobe,oak_tree,flatfish,Q2,0.807476,0.68,random,4,0.36,1.2892
33,chimpanzee,wardrobe,oak_tree,flatfish,Q2,0.807476,0.68,centroid,5,0.8333,0.3212
33,chimpanzee,wardrobe,oak_tree,flatfish,Q2,0.807476,0.68,exemplar_knn_k3,5,0.7933,1.2053
33,chimpanzee,wardrobe,oak_tree,flatfish,Q2,0.807476,0.68,logreg,5,0.82,0.6787
33,chimpanzee,wardrobe,oak_tree,flatfish,Q2,0.807476,0.68,random,5,0.34,1.1479
33,chimpanzee,wardrobe,oak_tree,flatfish,Q2,0.807476,0.68,centroid,6,0.7933,0.2977
33,chimpanzee,wardrobe,oak_tree,flatfish,Q2,0.807476,0.68,exemplar_knn_k3,6,0.78,1.146
33,chimpanzee,wardrobe,oak_tree,flatfish,Q2,0.807476,0.68,logreg,6,0.8133,0.6358
33,chimpanzee,wardrobe,oak_tree,flatfish,Q2,0.807476,0.68,random,6,0.36,1.2696
33,chimpanzee,wardrobe,oak_tree,flatfish,Q2,0.807476,0.68,centroid,7,0.8067,0.3128
33,chimpanzee,wardrobe,oak_tree,flatfish,Q2,0.807476,0.68,exemplar_knn_k3,7,0.82,1.2052
33,chimpanzee,wardrobe,oak_tree,flatfish,Q2,0.807476,0.68,logreg,7,0.82,0.6779
33,chimpanzee,wardrobe,oak_tree,flatfish,Q2,0.807476,0.68,random,7,0.4533,1.3374
33,chimpanzee,wardrobe,oak_tree,flatfish,Q2,0.807476,0.68,centroid,8,0.7733,0.3229
33,chimpanzee,wardrobe,oak_tree,flatfish,Q2,0.807476,0.68,exemplar_knn_k3,8,0.74,1.2274
33,chimpanzee,wardrobe,oak_tree,flatfish,Q2,0.807476,0.68,logreg,8,0.8,0.6666
33,chimpanzee,wardrobe,oak_tree,flatfish,Q2,0.807476,0.68,random,8,0.32,1.2542
33,chimpanzee,wardrobe,oak_tree,flatfish,Q2,0.807476,0.68,centroid,9,0.8067,0.2792
33,chimpanzee,wardrobe,oak_tree,flatfish,Q2,0.807476,0.68,exemplar_knn_k3,9,0.8067,1.2023
33,chimpanzee,wardrobe,oak_tree,flatfish,Q2,0.807476,0.68,logreg,9,0.8133,0.6327
33,chimpanzee,wardrobe,oak_tree,flatfish,Q2,0.807476,0.68,random,9,0.34,1.1766
33,chimpanzee,wardrobe,oak_tree,flatfish,Q2,0.807476,0.68,centroid,10,0.8,0.3112
33,chimpanzee,wardrobe,oak_tree,flatfish,Q2,0.807476,0.68,exemplar_knn_k3,10,0.7933,1.2417
33,chimpanzee,wardrobe,oak_tree,flatfish,Q2,0.807476,0.68,logreg,10,0.8067,0.6815
33,chimpanzee,wardrobe,oak_tree,flatfish,Q2,0.807476,0.68,random,10,0.38,1.1532
33,chimpanzee,wardrobe,oak_tree,flatfish,Q2,0.807476,0.68,centroid,11,0.8,0.2905
33,chimpanzee,wardrobe,oak_tree,flatfish,Q2,0.807476,0.68,exemplar_knn_k3,11,0.7867,1.2356
33,chimpanzee,wardrobe,oak_tree,flatfish,Q2,0.807476,0.68,logreg,11,0.8,0.6171
33,chimpanzee,wardrobe,oak_tree,flatfish,Q2,0.807476,0.68,random,11,0.3467,1.1571
33,chimpanzee,wardrobe,oak_tree,flatfish,Q2,0.807476,0.68,centroid,12,0.8133,0.3156
33,chimpanzee,wardrobe,oak_tree,flatfish,Q2,0.807476,0.68,exemplar_knn_k3,12,0.8133,1.2605
33,chimpanzee,wardrobe,oak_tree,flatfish,Q2,0.807476,0.68,logreg,12,0.8133,0.6857
33,chimpanzee,wardrobe,oak_tree,flatfish,Q2,0.807476,0.68,random,12,0.34,1.2398
33,chimpanzee,wardrobe,oak_tree,flatfish,Q2,0.807476,0.68,centroid,13,0.8067,0.3028
33,chimpanzee,wardrobe,oak_tree,flatfish,Q2,0.807476,0.68,exemplar_knn_k3,13,0.7867,1.2348
33,chimpanzee,wardrobe,oak_tree,flatfish,Q2,0.807476,0.68,logreg,13,0.8067,0.6593
33,chimpanzee,wardrobe,oak_tree,flatfish,Q2,0.807476,0.68,random,13,0.3733,1.2076
33,chimpanzee,wardrobe,oak_tree,flatfish,Q2,0.807476,0.68,centroid,14,0.8133,0.3028
33,chimpanzee,wardrobe,oak_tree,flatfish,Q2,0.807476,0.68,exemplar_knn_k3,14,0.7867,1.2656
33,chimpanzee,wardrobe,oak_tree,flatfish,Q2,0.807476,0.68,logreg,14,0.8333,0.6394
33,chimpanzee,wardrobe,oak_tree,flatfish,Q2,0.807476,0.68,random,14,0.3067,1.4131
33,chimpanzee,wardrobe,oak_tree,flatfish,Q2,0.807476,0.68,centroid,15,0.82,0.3191
33,chimpanzee,wardrobe,oak_tree,flatfish,Q2,0.807476,0.68,exemplar_knn_k3,15,0.8,1.2253
33,chimpanzee,wardrobe,oak_tree,flatfish,Q2,0.807476,0.68,logreg,15,0.8267,0.6655
33,chimpanzee,wardrobe,oak_tree,flatfish,Q2,0.807476,0.68,random,15,0.3267,1.2499
33,chimpanzee,wardrobe,oak_tree,flatfish,Q2,0.807476,0.68,centroid,16,0.8267,0.3178
33,chimpanzee,wardrobe,oak_tree,flatfish,Q2,0.807476,0.68,exemplar_knn_k3,16,0.7733,1.1551
33,chimpanzee,wardrobe,oak_tree,flatfish,Q2,0.807476,0.68,logreg,16,0.8133,0.6433
33,chimpanzee,wardrobe,oak_tree,flatfish,Q2,0.807476,0.68,random,16,0.28,1.185
33,chimpanzee,wardrobe,oak_tree,flatfish,Q2,0.807476,0.68,centroid,17,0.8133,0.3013
33,chimpanzee,wardrobe,oak_tree,flatfish,Q2,0.807476,0.68,exemplar_knn_k3,17,0.7733,1.1661
33,chimpanzee,wardrobe,oak_tree,flatfish,Q2,0.807476,0.68,logreg,17,0.8267,0.6202
33,chimpanzee,wardrobe,oak_tree,flatfish,Q2,0.807476,0.68,random,17,0.3467,1.124
33,chimpanzee,wardrobe,oak_tree,flatfish,Q2,0.807476,0.68,centroid,18,0.8,0.2948
33,chimpanzee,wardrobe,oak_tree,flatfish,Q2,0.807476,0.68,exemplar_knn_k3,18,0.78,1.1804
33,chimpanzee,wardrobe,oak_tree,flatfish,Q2,0.807476,0.68,logreg,18,0.8067,0.6466
33,chimpanzee,wardrobe,oak_tree,flatfish,Q2,0.807476,0.68,random,18,0.32,1.3045
33,chimpanzee,wardrobe,oak_tree,flatfish,Q2,0.807476,0.68,centroid,19,0.8133,0.3176
33,chimpanzee,wardrobe,oak_tree,flatfish,Q2,0.807476,0.68,exemplar_knn_k3,19,0.7867,1.2459
33,chimpanzee,wardrobe,oak_tree,flatfish,Q2,0.807476,0.68,logreg,19,0.8333,0.7015
33,chimpanzee,wardrobe,oak_tree,flatfish,Q2,0.807476,0.68,random,19,0.2933,1.083
33,chimpanzee,wardrobe,oak_tree,flatfish,Q2,0.807476,0.68,centroid,20,0.8,0.2978
33,chimpanzee,wardrobe,oak_tree,flatfish,Q2,0.807476,0.68,exemplar_knn_k3,20,0.78,1.1833
33,chimpanzee,wardrobe,oak_tree,flatfish,Q2,0.807476,0.68,logreg,20,0.8067,0.6326
33,chimpanzee,wardrobe,oak_tree,flatfish,Q2,0.807476,0.68,random,20,0.2333,1.2897
33,chimpanzee,wardrobe,oak_tree,flatfish,Q2,0.807476,0.68,centroid,21,0.8133,0.3188
33,chimpanzee,wardrobe,oak_tree,flatfish,Q2,0.807476,0.68,exemplar_knn_k3,21,0.8133,1.2791
33,chimpanzee,wardrobe,oak_tree,flatfish,Q2,0.807476,0.68,logreg,21,0.8133,0.6849
33,chimpanzee,wardrobe,oak_tree,flatfish,Q2,0.807476,0.68,random,21,0.36,1.1047
33,chimpanzee,wardrobe,oak_tree,flatfish,Q2,0.807476,0.68,centroid,22,0.8267,0.2529
33,chimpanzee,wardrobe,oak_tree,flatfish,Q2,0.807476,0.68,exemplar_knn_k3,22,0.8133,1.1451
33,chimpanzee,wardrobe,oak_tree,flatfish,Q2,0.807476,0.68,logreg,22,0.82,0.5457
33,chimpanzee,wardrobe,oak_tree,flatfish,Q2,0.807476,0.68,random,22,0.3333,1.1888
33,chimpanzee,wardrobe,oak_tree,flatfish,Q2,0.807476,0.68,centroid,23,0.8067,0.3116
33,chimpanzee,wardrobe,oak_tree,flatfish,Q2,0.807476,0.68,exemplar_knn_k3,23,0.8,1.2515
33,chimpanzee,wardrobe,oak_tree,flatfish,Q2,0.807476,0.68,logreg,23,0.8133,0.6482
33,chimpanzee,wardrobe,oak_tree,flatfish,Q2,0.807476,0.68,random,23,0.32,1.2296
33,chimpanzee,wardrobe,oak_tree,flatfish,Q2,0.807476,0.68,centroid,24,0.82,0.3111
33,chimpanzee,wardrobe,oak_tree,flatfish,Q2,0.807476,0.68,exemplar_knn_k3,24,0.8067,1.2293
33,chimpanzee,wardrobe,oak_tree,flatfish,Q2,0.807476,0.68,logreg,24,0.8067,0.6594
33,chimpanzee,wardrobe,oak_tree,flatfish,Q2,0.807476,0.68,random,24,0.36,1.2976
33,chimpanzee,wardrobe,oak_tree,flatfish,Q2,0.807476,0.68,centroid,25,0.8067,0.2927
33,chimpanzee,wardrobe,oak_tree,flatfish,Q2,0.807476,0.68,exemplar_knn_k3,25,0.8,1.1998
33,chimpanzee,wardrobe,oak_tree,flatfish,Q2,0.807476,0.68,logreg,25,0.8067,0.6103
33,chimpanzee,wardrobe,oak_tree,flatfish,Q2,0.807476,0.68,random,25,0.3333,1.3605
33,chimpanzee,wardrobe,oak_tree,flatfish,Q2,0.807476,0.68,centroid,26,0.82,0.2835
33,chimpanzee,wardrobe,oak_tree,flatfish,Q2,0.807476,0.68,exemplar_knn_k3,26,0.8333,1.083
33,chimpanzee,wardrobe,oak_tree,flatfish,Q2,0.807476,0.68,logreg,26,0.82,0.5894
33,chimpanzee,wardrobe,oak_tree,flatfish,Q2,0.807476,0.68,random,26,0.3133,1.142
33,chimpanzee,wardrobe,oak_tree,flatfish,Q2,0.807476,0.68,centroid,27,0.8067,0.2972
33,chimpanzee,wardrobe,oak_tree,flatfish,Q2,0.807476,0.68,exemplar_knn_k3,27,0.7733,1.1858
33,chimpanzee,wardrobe,oak_tree,flatfish,Q2,0.807476,0.68,logreg,27,0.8067,0.6345
33,chimpanzee,wardrobe,oak_tree,flatfish,Q2,0.807476,0.68,random,27,0.28,1.2528
33,chimpanzee,wardrobe,oak_tree,flatfish,Q2,0.807476,0.68,centroid,28,0.82,0.2679
33,chimpanzee,wardrobe,oak_tree,flatfish,Q2,0.807476,0.68,exemplar_knn_k3,28,0.8067,1.1407
33,chimpanzee,wardrobe,oak_tree,flatfish,Q2,0.807476,0.68,logreg,28,0.88,0.5707
33,chimpanzee,wardrobe,oak_tree,flatfish,Q2,0.807476,0.68,random,28,0.4067,1.3394
33,chimpanzee,wardrobe,oak_tree,flatfish,Q2,0.807476,0.68,centroid,29,0.82,0.3077
33,chimpanzee,wardrobe,oak_tree,flatfish,Q2,0.807476,0.68,exemplar_knn_k3,29,0.8067,1.2533
33,chimpanzee,wardrobe,oak_tree,flatfish,Q2,0.807476,0.68,logreg,29,0.8333,0.6311
33,chimpanzee,wardrobe,oak_tree,flatfish,Q2,0.807476,0.68,random,29,0.3067,1.0956
34,clock,forest,ray,pine_tree,Q2,0.806727,0.882353,centroid,0,0.8133,0.3688
34,clock,forest,ray,pine_tree,Q2,0.806727,0.882353,exemplar_knn_k3,0,0.8133,1.382
34,clock,forest,ray,pine_tree,Q2,0.806727,0.882353,logreg,0,0.8133,0.7242
34,clock,forest,ray,pine_tree,Q2,0.806727,0.882353,random,0,0.3,1.1596
34,clock,forest,ray,pine_tree,Q2,0.806727,0.882353,centroid,1,0.78,0.1536
34,clock,forest,ray,pine_tree,Q2,0.806727,0.882353,exemplar_knn_k3,1,0.78,0.8267
34,clock,forest,ray,pine_tree,Q2,0.806727,0.882353,logreg,1,0.7867,0.3684
34,clock,forest,ray,pine_tree,Q2,0.806727,0.882353,random,1,0.3267,1.2618
34,clock,forest,ray,pine_tree,Q2,0.806727,0.882353,centroid,2,0.8067,0.3435
34,clock,forest,ray,pine_tree,Q2,0.806727,0.882353,exemplar_knn_k3,2,0.7933,1.353
34,clock,forest,ray,pine_tree,Q2,0.806727,0.882353,logreg,2,0.8,0.7139
34,clock,forest,ray,pine_tree,Q2,0.806727,0.882353,random,2,0.3267,1.2959
34,clock,forest,ray,pine_tree,Q2,0.806727,0.882353,centroid,3,0.78,0.1973
34,clock,forest,ray,pine_tree,Q2,0.806727,0.882353,exemplar_knn_k3,3,0.7733,0.9943
34,clock,forest,ray,pine_tree,Q2,0.806727,0.882353,logreg,3,0.7467,0.4812
34,clock,forest,ray,pine_tree,Q2,0.806727,0.882353,random,3,0.3867,1.2915
34,clock,forest,ray,pine_tree,Q2,0.806727,0.882353,centroid,4,0.7933,0.3928
34,clock,forest,ray,pine_tree,Q2,0.806727,0.882353,exemplar_knn_k3,4,0.8,1.42
34,clock,forest,ray,pine_tree,Q2,0.806727,0.882353,logreg,4,0.7867,0.7635
34,clock,forest,ray,pine_tree,Q2,0.806727,0.882353,random,4,0.3467,1.2043
34,clock,forest,ray,pine_tree,Q2,0.806727,0.882353,centroid,5,0.8133,0.349
34,clock,forest,ray,pine_tree,Q2,0.806727,0.882353,exemplar_knn_k3,5,0.8067,1.3451
34,clock,forest,ray,pine_tree,Q2,0.806727,0.882353,logreg,5,0.8133,0.6994
34,clock,forest,ray,pine_tree,Q2,0.806727,0.882353,random,5,0.3467,1.2041
34,clock,forest,ray,pine_tree,Q2,0.806727,0.882353,centroid,6,0.8067,0.1707
34,clock,forest,ray,pine_tree,Q2,0.806727,0.882353,exemplar_knn_k3,6,0.7733,1.0074
34,clock,forest,ray,pine_tree,Q2,0.806727,0.882353,logreg,6,0.78,0.4242
34,clock,forest,ray,pine_tree,Q2,0.806727,0.882353,random,6,0.3133,1.1802
34,clock,forest,ray,pine_tree,Q2,0.806727,0.882353,centroid,7,0.8133,0.3355
34,clock,forest,ray,pine_tree,Q2,0.806727,0.882353,exemplar_knn_k3,7,0.82,1.2999
34,clock,forest,ray,pine_tree,Q2,0.806727,0.882353,logreg,7,0.8133,0.6637
34,clock,forest,ray,pine_tree,Q2,0.806727,0.882353,random,7,0.3133,1.2358
34,clock,forest,ray,pine_tree,Q2,0.806727,0.882353,centroid,8,0.8133,0.4025
34,clock,forest,ray,pine_tree,Q2,0.806727,0.882353,exemplar_knn_k3,8,0.8133,1.4321
34,clock,forest,ray,pine_tree,Q2,0.806727,0.882353,logreg,8,0.8,0.809
34,clock,forest,ray,pine_tree,Q2,0.806727,0.882353,random,8,0.3467,1.2298
34,clock,forest,ray,pine_tree,Q2,0.806727,0.882353,centroid,9,0.7933,0.1756
34,clock,forest,ray,pine_tree,Q2,0.806727,0.882353,exemplar_knn_k3,9,0.78,0.9399
34,clock,forest,ray,pine_tree,Q2,0.806727,0.882353,logreg,9,0.76,0.4426
34,clock,forest,ray,pine_tree,Q2,0.806727,0.882353,random,9,0.3533,1.2619
34,clock,forest,ray,pine_tree,Q2,0.806727,0.882353,centroid,10,0.7733,0.1651
34,clock,forest,ray,pine_tree,Q2,0.806727,0.882353,exemplar_knn_k3,10,0.7067,0.8811
34,clock,forest,ray,pine_tree,Q2,0.806727,0.882353,logreg,10,0.7467,0.4176
34,clock,forest,ray,pine_tree,Q2,0.806727,0.882353,random,10,0.3267,1.2409
34,clock,forest,ray,pine_tree,Q2,0.806727,0.882353,centroid,11,0.82,0.3763
34,clock,forest,ray,pine_tree,Q2,0.806727,0.882353,exemplar_knn_k3,11,0.8133,1.4033
34,clock,forest,ray,pine_tree,Q2,0.806727,0.882353,logreg,11,0.82,0.7182
34,clock,forest,ray,pine_tree,Q2,0.806727,0.882353,random,11,0.3267,1.1771
34,clock,forest,ray,pine_tree,Q2,0.806727,0.882353,centroid,12,0.84,0.182
34,clock,forest,ray,pine_tree,Q2,0.806727,0.882353,exemplar_knn_k3,12,0.7867,0.9525
34,clock,forest,ray,pine_tree,Q2,0.806727,0.882353,logreg,12,0.86,0.4091
34,clock,forest,ray,pine_tree,Q2,0.806727,0.882353,random,12,0.3133,1.2972
34,clock,forest,ray,pine_tree,Q2,0.806727,0.882353,centroid,13,0.76,0.1776
34,clock,forest,ray,pine_tree,Q2,0.806727,0.882353,exemplar_knn_k3,13,0.7867,0.9373
34,clock,forest,ray,pine_tree,Q2,0.806727,0.882353,logreg,13,0.7,0.4414
34,clock,forest,ray,pine_tree,Q2,0.806727,0.882353,random,13,0.3267,1.0836
34,clock,forest,ray,pine_tree,Q2,0.806727,0.882353,centroid,14,0.8,0.19
34,clock,forest,ray,pine_tree,Q2,0.806727,0.882353,exemplar_knn_k3,14,0.8333,1.0092
34,clock,forest,ray,pine_tree,Q2,0.806727,0.882353,logreg,14,0.7933,0.4547
34,clock,forest,ray,pine_tree,Q2,0.806727,0.882353,random,14,0.32,1.3096
34,clock,forest,ray,pine_tree,Q2,0.806727,0.882353,centroid,15,0.82,0.3739
34,clock,forest,ray,pine_tree,Q2,0.806727,0.882353,exemplar_knn_k3,15,0.82,1.3846
34,clock,forest,ray,pine_tree,Q2,0.806727,0.882353,logreg,15,0.82,0.7565
34,clock,forest,ray,pine_tree,Q2,0.806727,0.882353,random,15,0.2933,1.086
34,clock,forest,ray,pine_tree,Q2,0.806727,0.882353,centroid,16,0.8067,0.3275
34,clock,forest,ray,pine_tree,Q2,0.806727,0.882353,exemplar_knn_k3,16,0.8133,1.3163
34,clock,forest,ray,pine_tree,Q2,0.806727,0.882353,logreg,16,0.8,0.6639
34,clock,forest,ray,pine_tree,Q2,0.806727,0.882353,random,16,0.38,1.2561
34,clock,forest,ray,pine_tree,Q2,0.806727,0.882353,centroid,17,0.82,0.3526
34,clock,forest,ray,pine_tree,Q2,0.806727,0.882353,exemplar_knn_k3,17,0.82,1.3659
34,clock,forest,ray,pine_tree,Q2,0.806727,0.882353,logreg,17,0.82,0.7258
34,clock,forest,ray,pine_tree,Q2,0.806727,0.882353,random,17,0.3533,1.1183
34,clock,forest,ray,pine_tree,Q2,0.806727,0.882353,centroid,18,0.7667,0.1707
34,clock,forest,ray,pine_tree,Q2,0.806727,0.882353,exemplar_knn_k3,18,0.78,0.9318
34,clock,forest,ray,pine_tree,Q2,0.806727,0.882353,logreg,18,0.7467,0.4465
34,clock,forest,ray,pine_tree,Q2,0.806727,0.882353,random,18,0.26,1.1628
34,clock,forest,ray,pine_tree,Q2,0.806727,0.882353,centroid,19,0.6,0.1905
34,clock,forest,ray,pine_tree,Q2,0.806727,0.882353,exemplar_knn_k3,19,0.5933,0.9328
34,clock,forest,ray,pine_tree,Q2,0.806727,0.882353,logreg,19,0.58,0.4093
34,clock,forest,ray,pine_tree,Q2,0.806727,0.882353,random,19,0.32,1.2522
34,clock,forest,ray,pine_tree,Q2,0.806727,0.882353,centroid,20,0.8067,0.3534
34,clock,forest,ray,pine_tree,Q2,0.806727,0.882353,exemplar_knn_k3,20,0.8,1.4038
34,clock,forest,ray,pine_tree,Q2,0.806727,0.882353,logreg,20,0.8067,0.7056
34,clock,forest,ray,pine_tree,Q2,0.806727,0.882353,random,20,0.3,1.0978
34,clock,forest,ray,pine_tree,Q2,0.806727,0.882353,centroid,21,0.7733,0.1542
34,clock,forest,ray,pine_tree,Q2,0.806727,0.882353,exemplar_knn_k3,21,0.7333,0.8664
34,clock,forest,ray,pine_tree,Q2,0.806727,0.882353,logreg,21,0.7667,0.3578
34,clock,forest,ray,pine_tree,Q2,0.806727,0.882353,random,21,0.3333,1.2833
34,clock,forest,ray,pine_tree,Q2,0.806727,0.882353,centroid,22,0.8133,0.3753
34,clock,forest,ray,pine_tree,Q2,0.806727,0.882353,exemplar_knn_k3,22,0.8133,1.4325
34,clock,forest,ray,pine_tree,Q2,0.806727,0.882353,logreg,22,0.8133,0.7631
34,clock,forest,ray,pine_tree,Q2,0.806727,0.882353,random,22,0.4067,1.3277
34,clock,forest,ray,pine_tree,Q2,0.806727,0.882353,centroid,23,0.8133,0.3363
34,clock,forest,ray,pine_tree,Q2,0.806727,0.882353,exemplar_knn_k3,23,0.8067,1.3051
34,clock,forest,ray,pine_tree,Q2,0.806727,0.882353,logreg,23,0.8067,0.6901
34,clock,forest,ray,pine_tree,Q2,0.806727,0.882353,random,23,0.2867,1.3
34,clock,forest,ray,pine_tree,Q2,0.806727,0.882353,centroid,24,0.8133,0.3587
34,clock,forest,ray,pine_tree,Q2,0.806727,0.882353,exemplar_knn_k3,24,0.8133,1.3609
34,clock,forest,ray,pine_tree,Q2,0.806727,0.882353,logreg,24,0.8133,0.7311
34,clock,forest,ray,pine_tree,Q2,0.806727,0.882353,random,24,0.3,1.2741
34,clock,forest,ray,pine_tree,Q2,0.806727,0.882353,centroid,25,0.8133,0.366
34,clock,forest,ray,pine_tree,Q2,0.806727,0.882353,exemplar_knn_k3,25,0.8133,1.2658
34,clock,forest,ray,pine_tree,Q2,0.806727,0.882353,logreg,25,0.82,0.7383
34,clock,forest,ray,pine_tree,Q2,0.806727,0.882353,random,25,0.3667,1.2827
34,clock,forest,ray,pine_tree,Q2,0.806727,0.882353,centroid,26,0.8067,0.3397
34,clock,forest,ray,pine_tree,Q2,0.806727,0.882353,exemplar_knn_k3,26,0.8067,1.3278
34,clock,forest,ray,pine_tree,Q2,0.806727,0.882353,logreg,26,0.8067,0.6782
34,clock,forest,ray,pine_tree,Q2,0.806727,0.882353,random,26,0.32,1.2685
34,clock,forest,ray,pine_tree,Q2,0.806727,0.882353,centroid,27,0.8067,0.369
34,clock,forest,ray,pine_tree,Q2,0.806727,0.882353,exemplar_knn_k3,27,0.8,1.4079
34,clock,forest,ray,pine_tree,Q2,0.806727,0.882353,logreg,27,0.8067,0.7307
34,clock,forest,ray,pine_tree,Q2,0.806727,0.882353,random,27,0.3267,1.1
34,clock,forest,ray,pine_tree,Q2,0.806727,0.882353,centroid,28,0.8,0.171
34,clock,forest,ray,pine_tree,Q2,0.806727,0.882353,exemplar_knn_k3,28,0.7867,1.0508
34,clock,forest,ray,pine_tree,Q2,0.806727,0.882353,logreg,28,0.88,0.3816
34,clock,forest,ray,pine_tree,Q2,0.806727,0.882353,random,28,0.4,1.1485
34,clock,forest,ray,pine_tree,Q2,0.806727,0.882353,centroid,29,0.8067,0.3378
34,clock,forest,ray,pine_tree,Q2,0.806727,0.882353,exemplar_knn_k3,29,0.8,1.2819
34,clock,forest,ray,pine_tree,Q2,0.806727,0.882353,logreg,29,0.8,0.6435
34,clock,forest,ray,pine_tree,Q2,0.806727,0.882353,random,29,0.3067,1.2495
35,cloud,rose,raccoon,skunk,Q2,0.759335,0.777778,centroid,0,0.88,0.182
35,cloud,rose,raccoon,skunk,Q2,0.759335,0.777778,exemplar_knn_k3,0,0.8333,1.0705
35,cloud,rose,raccoon,skunk,Q2,0.759335,0.777778,logreg,0,0.8267,0.432
35,cloud,rose,raccoon,skunk,Q2,0.759335,0.777778,random,0,0.3467,1.2426
35,cloud,rose,raccoon,skunk,Q2,0.759335,0.777778,centroid,1,0.76,0.2178
35,cloud,rose,raccoon,skunk,Q2,0.759335,0.777778,exemplar_knn_k3,1,0.7533,1.0489
35,cloud,rose,raccoon,skunk,Q2,0.759335,0.777778,logreg,1,0.8,0.4746
35,cloud,rose,raccoon,skunk,Q2,0.759335,0.777778,random,1,0.4133,1.3092
35,cloud,rose,raccoon,skunk,Q2,0.759335,0.777778,centroid,2,0.9333,0.2318
35,cloud,rose,raccoon,skunk,Q2,0.759335,0.777778,exemplar_knn_k3,2,0.8867,1.0506
35,cloud,rose,raccoon,skunk,Q2,0.759335,0.777778,logreg,2,0.8667,0.4765
35,cloud,rose,raccoon,skunk,Q2,0.759335,0.777778,random,2,0.4133,1.2675
35,cloud,rose,raccoon,skunk,Q2,0.759335,0.777778,centroid,3,0.78,0.1912
35,cloud,rose,raccoon,skunk,Q2,0.759335,0.777778,exemplar_knn_k3,3,0.7667,1.0523
35,cloud,rose,raccoon,skunk,Q2,0.759335,0.777778,logreg,3,0.7933,0.4526
35,cloud,rose,raccoon,skunk,Q2,0.759335,0.777778,random,3,0.3467,1.1423
35,cloud,rose,raccoon,skunk,Q2,0.759335,0.777778,centroid,4,0.88,0.2203
35,cloud,rose,raccoon,skunk,Q2,0.759335,0.777778,exemplar_knn_k3,4,0.8467,1.0258
35,cloud,rose,raccoon,skunk,Q2,0.759335,0.777778,logreg,4,0.88,0.4753
35,cloud,rose,raccoon,skunk,Q2,0.759335,0.777778,random,4,0.3267,1.0977
35,cloud,rose,raccoon,skunk,Q2,0.759335,0.777778,centroid,5,0.8667,0.1938
35,cloud,rose,raccoon,skunk,Q2,0.759335,0.777778,exemplar_knn_k3,5,0.8667,1.0612
35,cloud,rose,raccoon,skunk,Q2,0.759335,0.777778,logreg,5,0.8,0.4307
35,cloud,rose,raccoon,skunk,Q2,0.759335,0.777778,random,5,0.26,1.1859
35,cloud,rose,raccoon,skunk,Q2,0.759335,0.777778,centroid,6,0.8067,0.2
35,cloud,rose,raccoon,skunk,Q2,0.759335,0.777778,exemplar_knn_k3,6,0.82,1.0938
35,cloud,rose,raccoon,skunk,Q2,0.759335,0.777778,logreg,6,0.9467,0.4926
35,cloud,rose,raccoon,skunk,Q2,0.759335,0.777778,random,6,0.3267,1.259
35,cloud,rose,raccoon,skunk,Q2,0.759335,0.777778,centroid,7,0.8133,0.184
35,cloud,rose,raccoon,skunk,Q2,0.759335,0.777778,exemplar_knn_k3,7,0.7933,0.9308
35,cloud,rose,raccoon,skunk,Q2,0.759335,0.777778,logreg,7,0.8533,0.4194
35,cloud,rose,raccoon,skunk,Q2,0.759335,0.777778,random,7,0.3667,1.0989
35,cloud,rose,raccoon,skunk,Q2,0.759335,0.777778,centroid,8,0.7333,0.1446
35,cloud,rose,raccoon,skunk,Q2,0.759335,0.777778,exemplar_knn_k3,8,0.78,0.7954
35,cloud,rose,raccoon,skunk,Q2,0.759335,0.777778,logreg,8,0.72,0.3206
35,cloud,rose,raccoon,skunk,Q2,0.759335,0.777778,random,8,0.32,1.0957
35,cloud,rose,raccoon,skunk,Q2,0.759335,0.777778,centroid,9,0.86,0.219
35,cloud,rose,raccoon,skunk,Q2,0.759335,0.777778,exemplar_knn_k3,9,0.8533,1.0146
35,cloud,rose,raccoon,skunk,Q2,0.759335,0.777778,logreg,9,0.9133,0.4917
35,cloud,rose,raccoon,skunk,Q2,0.759335,0.777778,random,9,0.34,1.2666
35,cloud,rose,raccoon,skunk,Q2,0.759335,0.777778,centroid,10,0.8067,0.2006
35,cloud,rose,raccoon,skunk,Q2,0.759335,0.777778,exemplar_knn_k3,10,0.7533,1.0397
35,cloud,rose,raccoon,skunk,Q2,0.759335,0.777778,logreg,10,0.8267,0.4573
35,cloud,rose,raccoon,skunk,Q2,0.759335,0.777778,random,10,0.3267,1.1152
35,cloud,rose,raccoon,skunk,Q2,0.759335,0.777778,centroid,11,0.84,0.2037
35,cloud,rose,raccoon,skunk,Q2,0.759335,0.777778,exemplar_knn_k3,11,0.86,1.0089
35,cloud,rose,raccoon,skunk,Q2,0.759335,0.777778,logreg,11,0.86,0.4455
35,cloud,rose,raccoon,skunk,Q2,0.759335,0.777778,random,11,0.3867,1.4512
35,cloud,rose,raccoon,skunk,Q2,0.759335,0.777778,centroid,12,0.82,0.2004
35,cloud,rose,raccoon,skunk,Q2,0.759335,0.777778,exemplar_knn_k3,12,0.7933,1.0279
35,cloud,rose,raccoon,skunk,Q2,0.759335,0.777778,logreg,12,0.9067,0.473
35,cloud,rose,raccoon,skunk,Q2,0.759335,0.777778,random,12,0.2533,1.2793
35,cloud,rose,raccoon,skunk,Q2,0.759335,0.777778,centroid,13,0.8867,0.2015
35,cloud,rose,raccoon,skunk,Q2,0.759335,0.777778,exemplar_knn_k3,13,0.8933,1.0669
35,cloud,rose,raccoon,skunk,Q2,0.759335,0.777778,logreg,13,0.98,0.4889
35,cloud,rose,raccoon,skunk,Q2,0.759335,0.777778,random,13,0.3933,1.2556
35,cloud,rose,raccoon,skunk,Q2,0.759335,0.777778,centroid,14,0.8467,0.1845
35,cloud,rose,raccoon,skunk,Q2,0.759335,0.777778,exemplar_knn_k3,14,0.8133,0.9467
35,cloud,rose,raccoon,skunk,Q2,0.759335,0.777778,logreg,14,0.9133,0.4348
35,cloud,rose,raccoon,skunk,Q2,0.759335,0.777778,random,14,0.3667,1.2823
35,cloud,rose,raccoon,skunk,Q2,0.759335,0.777778,centroid,15,0.9133,0.1884
35,cloud,rose,raccoon,skunk,Q2,0.759335,0.777778,exemplar_knn_k3,15,0.8733,0.9328
35,cloud,rose,raccoon,skunk,Q2,0.759335,0.777778,logreg,15,0.82,0.4226
35,cloud,rose,raccoon,skunk,Q2,0.759335,0.777778,random,15,0.3667,1.1173
35,cloud,rose,raccoon,skunk,Q2,0.759335,0.777778,centroid,16,0.82,0.1937
35,cloud,rose,raccoon,skunk,Q2,0.759335,0.777778,exemplar_knn_k3,16,0.8133,0.9705
35,cloud,rose,raccoon,skunk,Q2,0.759335,0.777778,logreg,16,0.8333,0.4347
35,cloud,rose,raccoon,skunk,Q2,0.759335,0.777778,random,16,0.3867,1.2072
35,cloud,rose,raccoon,skunk,Q2,0.759335,0.777778,centroid,17,0.9067,0.1965
35,cloud,rose,raccoon,skunk,Q2,0.759335,0.777778,exemplar_knn_k3,17,0.8867,1.0905
35,cloud,rose,raccoon,skunk,Q2,0.759335,0.777778,logreg,17,0.96,0.4887
35,cloud,rose,raccoon,skunk,Q2,0.759335,0.777778,random,17,0.3467,1.1101
35,cloud,rose,raccoon,skunk,Q2,0.759335,0.777778,centroid,18,0.7267,0.2352
35,cloud,rose,raccoon,skunk,Q2,0.759335,0.777778,exemplar_knn_k3,18,0.74,1.1832
35,cloud,rose,raccoon,skunk,Q2,0.759335,0.777778,logreg,18,0.7467,0.4959
35,cloud,rose,raccoon,skunk,Q2,0.759335,0.777778,random,18,0.3333,1.1169
35,cloud,rose,raccoon,skunk,Q2,0.759335,0.777778,centroid,19,0.9,0.2358
35,cloud,rose,raccoon,skunk,Q2,0.759335,0.777778,exemplar_knn_k3,19,0.7867,1.038
35,cloud,rose,raccoon,skunk,Q2,0.759335,0.777778,logreg,19,0.96,0.5419
35,cloud,rose,raccoon,skunk,Q2,0.759335,0.777778,random,19,0.3933,1.2545
35,cloud,rose,raccoon,skunk,Q2,0.759335,0.777778,centroid,20,0.9,0.2158
35,cloud,rose,raccoon,skunk,Q2,0.759335,0.777778,exemplar_knn_k3,20,0.86,1.0481
35,cloud,rose,raccoon,skunk,Q2,0.759335,0.777778,logreg,20,0.9,0.4892
35,cloud,rose,raccoon,skunk,Q2,0.759335,0.777778,random,20,0.36,1.1074
35,cloud,rose,raccoon,skunk,Q2,0.759335,0.777778,centroid,21,0.7467,0.2057
35,cloud,rose,raccoon,skunk,Q2,0.759335,0.777778,exemplar_knn_k3,21,0.74,1.0256
35,cloud,rose,raccoon,skunk,Q2,0.759335,0.777778,logreg,21,0.7533,0.4578
35,cloud,rose,raccoon,skunk,Q2,0.759335,0.777778,random,21,0.3333,1.2356
35,cloud,rose,raccoon,skunk,Q2,0.759335,0.777778,centroid,22,0.9333,0.2169
35,cloud,rose,raccoon,skunk,Q2,0.759335,0.777778,exemplar_knn_k3,22,0.88,1.1221
35,cloud,rose,raccoon,skunk,Q2,0.759335,0.777778,logreg,22,0.88,0.4842
35,cloud,rose,raccoon,skunk,Q2,0.759335,0.777778,random,22,0.3133,1.0533
35,cloud,rose,raccoon,skunk,Q2,0.759335,0.777778,centroid,23,0.9,0.1834
35,cloud,rose,raccoon,skunk,Q2,0.759335,0.777778,exemplar_knn_k3,23,0.8867,1.0078
35,cloud,rose,raccoon,skunk,Q2,0.759335,0.777778,logreg,23,0.8867,0.4121
35,cloud,rose,raccoon,skunk,Q2,0.759335,0.777778,random,23,0.3333,1.219
35,cloud,rose,raccoon,skunk,Q2,0.759335,0.777778,centroid,24,0.8733,0.1926
35,cloud,rose,raccoon,skunk,Q2,0.759335,0.777778,exemplar_knn_k3,24,0.8267,1.0088
35,cloud,rose,raccoon,skunk,Q2,0.759335,0.777778,logreg,24,0.8667,0.4277
35,cloud,rose,raccoon,skunk,Q2,0.759335,0.777778,random,24,0.3467,1.1964
35,cloud,rose,raccoon,skunk,Q2,0.759335,0.777778,centroid,25,0.88,0.2052
35,cloud,rose,raccoon,skunk,Q2,0.759335,0.777778,exemplar_knn_k3,25,0.84,1.0735
35,cloud,rose,raccoon,skunk,Q2,0.759335,0.777778,logreg,25,0.8,0.4558
35,cloud,rose,raccoon,skunk,Q2,0.759335,0.777778,random,25,0.3467,1.2723
35,cloud,rose,raccoon,skunk,Q2,0.759335,0.777778,centroid,26,0.8667,0.1911
35,cloud,rose,raccoon,skunk,Q2,0.759335,0.777778,exemplar_knn_k3,26,0.82,0.9664
35,cloud,rose,raccoon,skunk,Q2,0.759335,0.777778,logreg,26,0.82,0.4167
35,cloud,rose,raccoon,skunk,Q2,0.759335,0.777778,random,26,0.24,1.1443
35,cloud,rose,raccoon,skunk,Q2,0.759335,0.777778,centroid,27,0.82,0.1963
35,cloud,rose,raccoon,skunk,Q2,0.759335,0.777778,exemplar_knn_k3,27,0.8267,1.0277
35,cloud,rose,raccoon,skunk,Q2,0.759335,0.777778,logreg,27,0.8667,0.4493
35,cloud,rose,raccoon,skunk,Q2,0.759335,0.777778,random,27,0.3733,1.263
35,cloud,rose,raccoon,skunk,Q2,0.759335,0.777778,centroid,28,0.7867,0.2182
35,cloud,rose,raccoon,skunk,Q2,0.759335,0.777778,exemplar_knn_k3,28,0.7467,1.1222
35,cloud,rose,raccoon,skunk,Q2,0.759335,0.777778,logreg,28,0.92,0.5238
35,cloud,rose,raccoon,skunk,Q2,0.759335,0.777778,random,28,0.3133,1.1176
35,cloud,rose,raccoon,skunk,Q2,0.759335,0.777778,centroid,29,0.9,0.2086
35,cloud,rose,raccoon,skunk,Q2,0.759335,0.777778,exemplar_knn_k3,29,0.84,0.9435
35,cloud,rose,raccoon,skunk,Q2,0.759335,0.777778,logreg,29,0.82,0.4565
35,cloud,rose,raccoon,skunk,Q2,0.759335,0.777778,random,29,0.3933,1.2209
36,crab,maple_tree,cup,pear,Q2,0.721649,0.8,centroid,0,0.9667,0.2788
36,crab,maple_tree,cup,pear,Q2,0.721649,0.8,exemplar_knn_k3,0,0.9133,1.028
36,crab,maple_tree,cup,pear,Q2,0.721649,0.8,logreg,0,0.96,0.5598
36,crab,maple_tree,cup,pear,Q2,0.721649,0.8,random,0,0.3533,1.1103
36,crab,maple_tree,cup,pear,Q2,0.721649,0.8,centroid,1,0.8267,0.3119
36,crab,maple_tree,cup,pear,Q2,0.721649,0.8,exemplar_knn_k3,1,0.8533,1.1551
36,crab,maple_tree,cup,pear,Q2,0.721649,0.8,logreg,1,0.8133,0.6183
36,crab,maple_tree,cup,pear,Q2,0.721649,0.8,random,1,0.32,1.1944
36,crab,maple_tree,cup,pear,Q2,0.721649,0.8,centroid,2,0.8867,0.214
36,crab,maple_tree,cup,pear,Q2,0.721649,0.8,exemplar_knn_k3,2,0.8733,0.8184
36,crab,maple_tree,cup,pear,Q2,0.721649,0.8,logreg,2,0.74,0.462
36,crab,maple_tree,cup,pear,Q2,0.721649,0.8,random,2,0.2667,1.1757
36,crab,maple_tree,cup,pear,Q2,0.721649,0.8,centroid,3,0.8733,0.2837
36,crab,maple_tree,cup,pear,Q2,0.721649,0.8,exemplar_knn_k3,3,0.88,1.1079
36,crab,maple_tree,cup,pear,Q2,0.721649,0.8,logreg,3,0.8267,0.583
36,crab,maple_tree,cup,pear,Q2,0.721649,0.8,random,3,0.3733,1.1572
36,crab,maple_tree,cup,pear,Q2,0.721649,0.8,centroid,4,0.9333,0.3066
36,crab,maple_tree,cup,pear,Q2,0.721649,0.8,exemplar_knn_k3,4,0.9,1.1277
36,crab,maple_tree,cup,pear,Q2,0.721649,0.8,logreg,4,0.9733,0.6004
36,crab,maple_tree,cup,pear,Q2,0.721649,0.8,random,4,0.3733,1.1755
36,crab,maple_tree,cup,pear,Q2,0.721649,0.8,centroid,5,0.82,0.2551
36,crab,maple_tree,cup,pear,Q2,0.721649,0.8,exemplar_knn_k3,5,0.8467,0.9581
36,crab,maple_tree,cup,pear,Q2,0.721649,0.8,logreg,5,0.8133,0.5321
36,crab,maple_tree,cup,pear,Q2,0.721649,0.8,random,5,0.3467,1.2253
36,crab,maple_tree,cup,pear,Q2,0.721649,0.8,centroid,6,0.84,0.3278
36,crab,maple_tree,cup,pear,Q2,0.721649,0.8,exemplar_knn_k3,6,0.8733,1.1658
36,crab,maple_tree,cup,pear,Q2,0.721649,0.8,logreg,6,0.8267,0.6566
36,crab,maple_tree,cup,pear,Q2,0.721649,0.8,random,6,0.4,1.0944
36,crab,maple_tree,cup,pear,Q2,0.721649,0.8,centroid,7,0.8133,0.2886
36,crab,maple_tree,cup,pear,Q2,0.721649,0.8,exemplar_knn_k3,7,0.86,1.072
36,crab,maple_tree,cup,pear,Q2,0.721649,0.8,logreg,7,0.8,0.5772
36,crab,maple_tree,cup,pear,Q2,0.721649,0.8,random,7,0.38,1.182
36,crab,maple_tree,cup,pear,Q2,0.721649,0.8,centroid,8,0.98,0.3016
36,crab,maple_tree,cup,pear,Q2,0.721649,0.8,exemplar_knn_k3,8,0.98,1.0976
36,crab,maple_tree,cup,pear,Q2,0.721649,0.8,logreg,8,0.96,0.5825
36,crab,maple_tree,cup,pear,Q2,0.721649,0.8,random,8,0.3333,1.2231
36,crab,maple_tree,cup,pear,Q2,0.721649,0.8,centroid,9,0.82,0.2745
36,crab,maple_tree,cup,pear,Q2,0.721649,0.8,exemplar_knn_k3,9,0.8133,1.0782
36,crab,maple_tree,cup,pear,Q2,0.721649,0.8,logreg,9,0.8,0.6082
36,crab,maple_tree,cup,pear,Q2,0.721649,0.8,random,9,0.3467,1.3213
36,crab,maple_tree,cup,pear,Q2,0.721649,0.8,centroid,10,0.86,0.2752
36,crab,maple_tree,cup,pear,Q2,0.721649,0.8,exemplar_knn_k3,10,0.8467,1.0514
36,crab,maple_tree,cup,pear,Q2,0.721649,0.8,logreg,10,0.82,0.5572
36,crab,maple_tree,cup,pear,Q2,0.721649,0.8,random,10,0.28,1.3259
36,crab,maple_tree,cup,pear,Q2,0.721649,0.8,centroid,11,0.8133,0.2898
36,crab,maple_tree,cup,pear,Q2,0.721649,0.8,exemplar_knn_k3,11,0.8067,1.0499
36,crab,maple_tree,cup,pear,Q2,0.721649,0.8,logreg,11,0.8,0.5944
36,crab,maple_tree,cup,pear,Q2,0.721649,0.8,random,11,0.2867,1.1322
36,crab,maple_tree,cup,pear,Q2,0.721649,0.8,centroid,12,0.9,0.302
36,crab,maple_tree,cup,pear,Q2,0.721649,0.8,exemplar_knn_k3,12,0.9267,1.1332
36,crab,maple_tree,cup,pear,Q2,0.721649,0.8,logreg,12,0.8667,0.6052
36,crab,maple_tree,cup,pear,Q2,0.721649,0.8,random,12,0.34,1.1272
36,crab,maple_tree,cup,pear,Q2,0.721649,0.8,centroid,13,0.84,0.3045
36,crab,maple_tree,cup,pear,Q2,0.721649,0.8,exemplar_knn_k3,13,0.84,1.123
36,crab,maple_tree,cup,pear,Q2,0.721649,0.8,logreg,13,0.8333,0.6056
36,crab,maple_tree,cup,pear,Q2,0.721649,0.8,random,13,0.3533,1.1025
36,crab,maple_tree,cup,pear,Q2,0.721649,0.8,centroid,14,0.9067,0.3187
36,crab,maple_tree,cup,pear,Q2,0.721649,0.8,exemplar_knn_k3,14,0.8933,1.1823
36,crab,maple_tree,cup,pear,Q2,0.721649,0.8,logreg,14,0.8667,0.6493
36,crab,maple_tree,cup,pear,Q2,0.721649,0.8,random,14,0.3067,1.2633
36,crab,maple_tree,cup,pear,Q2,0.721649,0.8,centroid,15,0.8067,0.3004
36,crab,maple_tree,cup,pear,Q2,0.721649,0.8,exemplar_knn_k3,15,0.82,1.1223
36,crab,maple_tree,cup,pear,Q2,0.721649,0.8,logreg,15,0.8067,0.614
36,crab,maple_tree,cup,pear,Q2,0.721649,0.8,random,15,0.34,1.2687
36,crab,maple_tree,cup,pear,Q2,0.721649,0.8,centroid,16,0.8267,0.2534
36,crab,maple_tree,cup,pear,Q2,0.721649,0.8,exemplar_knn_k3,16,0.82,0.9888
36,crab,maple_tree,cup,pear,Q2,0.721649,0.8,logreg,16,0.8,0.5351
36,crab,maple_tree,cup,pear,Q2,0.721649,0.8,random,16,0.3467,1.078
36,crab,maple_tree,cup,pear,Q2,0.721649,0.8,centroid,17,0.8467,0.235
36,crab,maple_tree,cup,pear,Q2,0.721649,0.8,exemplar_knn_k3,17,0.8867,0.8756
36,crab,maple_tree,cup,pear,Q2,0.721649,0.8,logreg,17,0.8533,0.4678
36,crab,maple_tree,cup,pear,Q2,0.721649,0.8,random,17,0.4467,1.152
36,crab,maple_tree,cup,pear,Q2,0.721649,0.8,centroid,18,0.86,0.332
36,crab,maple_tree,cup,pear,Q2,0.721649,0.8,exemplar_knn_k3,18,0.8733,1.1571
36,crab,maple_tree,cup,pear,Q2,0.721649,0.8,logreg,18,0.7867,0.6613
36,crab,maple_tree,cup,pear,Q2,0.721649,0.8,random,18,0.2667,1.2186
36,crab,maple_tree,cup,pear,Q2,0.721649,0.8,centroid,19,0.8667,0.2797
36,crab,maple_tree,cup,pear,Q2,0.721649,0.8,exemplar_knn_k3,19,0.8533,1.06
36,crab,maple_tree,cup,pear,Q2,0.721649,0.8,logreg,19,0.8267,0.5751
36,crab,maple_tree,cup,pear,Q2,0.721649,0.8,random,19,0.2867,1.313
36,crab,maple_tree,cup,pear,Q2,0.721649,0.8,centroid,20,0.86,0.2825
36,crab,maple_tree,cup,pear,Q2,0.721649,0.8,exemplar_knn_k3,20,0.8667,1.0862
36,crab,maple_tree,cup,pear,Q2,0.721649,0.8,logreg,20,0.8267,0.5511
36,crab,maple_tree,cup,pear,Q2,0.721649,0.8,random,20,0.3867,1.3114
36,crab,maple_tree,cup,pear,Q2,0.721649,0.8,centroid,21,0.9,0.3045
36,crab,maple_tree,cup,pear,Q2,0.721649,0.8,exemplar_knn_k3,21,0.8867,1.1207
36,crab,maple_tree,cup,pear,Q2,0.721649,0.8,logreg,21,0.8333,0.6119
36,crab,maple_tree,cup,pear,Q2,0.721649,0.8,random,21,0.3467,1.1569
36,crab,maple_tree,cup,pear,Q2,0.721649,0.8,centroid,22,0.8,0.2661
36,crab,maple_tree,cup,pear,Q2,0.721649,0.8,exemplar_knn_k3,22,0.8467,1.0293
36,crab,maple_tree,cup,pear,Q2,0.721649,0.8,logreg,22,0.8067,0.539
36,crab,maple_tree,cup,pear,Q2,0.721649,0.8,random,22,0.2933,1.2947
36,crab,maple_tree,cup,pear,Q2,0.721649,0.8,centroid,23,0.8733,0.2666
36,crab,maple_tree,cup,pear,Q2,0.721649,0.8,exemplar_knn_k3,23,0.8867,1.0189
36,crab,maple_tree,cup,pear,Q2,0.721649,0.8,logreg,23,0.9067,0.5431
36,crab,maple_tree,cup,pear,Q2,0.721649,0.8,random,23,0.3067,1.1874
36,crab,maple_tree,cup,pear,Q2,0.721649,0.8,centroid,24,0.8133,0.2469
36,crab,maple_tree,cup,pear,Q2,0.721649,0.8,exemplar_knn_k3,24,0.8067,0.932
36,crab,maple_tree,cup,pear,Q2,0.721649,0.8,logreg,24,0.8,0.4919
36,crab,maple_tree,cup,pear,Q2,0.721649,0.8,random,24,0.3267,1.2106
36,crab,maple_tree,cup,pear,Q2,0.721649,0.8,centroid,25,0.86,0.2477
36,crab,maple_tree,cup,pear,Q2,0.721649,0.8,exemplar_knn_k3,25,0.8533,0.9506
36,crab,maple_tree,cup,pear,Q2,0.721649,0.8,logreg,25,0.84,0.4985
36,crab,maple_tree,cup,pear,Q2,0.721649,0.8,random,25,0.34,1.2473
36,crab,maple_tree,cup,pear,Q2,0.721649,0.8,centroid,26,0.9067,0.3035
36,crab,maple_tree,cup,pear,Q2,0.721649,0.8,exemplar_knn_k3,26,0.88,1.0931
36,crab,maple_tree,cup,pear,Q2,0.721649,0.8,logreg,26,0.8467,0.6036
36,crab,maple_tree,cup,pear,Q2,0.721649,0.8,random,26,0.36,1.2443
36,crab,maple_tree,cup,pear,Q2,0.721649,0.8,centroid,27,0.9133,0.2874
36,crab,maple_tree,cup,pear,Q2,0.721649,0.8,exemplar_knn_k3,27,0.9467,1.0626
36,crab,maple_tree,cup,pear,Q2,0.721649,0.8,logreg,27,0.9133,0.5789
36,crab,maple_tree,cup,pear,Q2,0.721649,0.8,random,27,0.3067,1.1068
36,crab,maple_tree,cup,pear,Q2,0.721649,0.8,centroid,28,0.9,0.2999
36,crab,maple_tree,cup,pear,Q2,0.721649,0.8,exemplar_knn_k3,28,0.8867,1.146
36,crab,maple_tree,cup,pear,Q2,0.721649,0.8,logreg,28,0.86,0.6231
36,crab,maple_tree,cup,pear,Q2,0.721649,0.8,random,28,0.3533,1.2674
36,crab,maple_tree,cup,pear,Q2,0.721649,0.8,centroid,29,0.9467,0.2531
36,crab,maple_tree,cup,pear,Q2,0.721649,0.8,exemplar_knn_k3,29,0.9133,1.0029
36,crab,maple_tree,cup,pear,Q2,0.721649,0.8,logreg,29,0.94,0.5044
36,crab,maple_tree,cup,pear,Q2,0.721649,0.8,random,29,0.36,1.2873
37,crab,pickup_truck,pine_tree,whale,Q2,0.745085,0.652174,centroid,0,0.8267,0.3375
37,crab,pickup_truck,pine_tree,whale,Q2,0.745085,0.652174,exemplar_knn_k3,0,0.8267,1.2576
37,crab,pickup_truck,pine_tree,whale,Q2,0.745085,0.652174,logreg,0,0.8733,0.6382
37,crab,pickup_truck,pine_tree,whale,Q2,0.745085,0.652174,random,0,0.3133,1.0378
37,crab,pickup_truck,pine_tree,whale,Q2,0.745085,0.652174,centroid,1,0.8333,0.291
37,crab,pickup_truck,pine_tree,whale,Q2,0.745085,0.652174,exemplar_knn_k3,1,0.8333,1.2124
37,crab,pickup_truck,pine_tree,whale,Q2,0.745085,0.652174,logreg,1,0.8333,0.6148
37,crab,pickup_truck,pine_tree,whale,Q2,0.745085,0.652174,random,1,0.3,1.2561
37,crab,pickup_truck,pine_tree,whale,Q2,0.745085,0.652174,centroid,2,0.8133,0.3312
37,crab,pickup_truck,pine_tree,whale,Q2,0.745085,0.652174,exemplar_knn_k3,2,0.8,1.2818
37,crab,pickup_truck,pine_tree,whale,Q2,0.745085,0.652174,logreg,2,0.8267,0.6564
37,crab,pickup_truck,pine_tree,whale,Q2,0.745085,0.652174,random,2,0.38,1.1637
37,crab,pickup_truck,pine_tree,whale,Q2,0.745085,0.652174,centroid,3,0.8933,0.2643
37,crab,pickup_truck,pine_tree,whale,Q2,0.745085,0.652174,exemplar_knn_k3,3,0.82,1.1337
37,crab,pickup_truck,pine_tree,whale,Q2,0.745085,0.652174,logreg,3,0.94,0.5552
37,crab,pickup_truck,pine_tree,whale,Q2,0.745085,0.652174,random,3,0.34,1.3066
37,crab,pickup_truck,pine_tree,whale,Q2,0.745085,0.652174,centroid,4,0.8133,0.3151
37,crab,pickup_truck,pine_tree,whale,Q2,0.745085,0.652174,exemplar_knn_k3,4,0.8,1.1929
37,crab,pickup_truck,pine_tree,whale,Q2,0.745085,0.652174,logreg,4,0.8267,0.6134
37,crab,pickup_truck,pine_tree,whale,Q2,0.745085,0.652174,random,4,0.34,1.1237
37,crab,pickup_truck,pine_tree,whale,Q2,0.745085,0.652174,centroid,5,0.82,0.3342
37,crab,pickup_truck,pine_tree,whale,Q2,0.745085,0.652174,exemplar_knn_k3,5,0.8133,1.2226
37,crab,pickup_truck,pine_tree,whale,Q2,0.745085,0.652174,logreg,5,0.84,0.6508
37,crab,pickup_truck,pine_tree,whale,Q2,0.745085,0.652174,random,5,0.3133,1.1313
37,crab,pickup_truck,pine_tree,whale,Q2,0.745085,0.652174,centroid,6,0.8533,0.2338
37,crab,pickup_truck,pine_tree,whale,Q2,0.745085,0.652174,exemplar_knn_k3,6,0.8467,0.9731
37,crab,pickup_truck,pine_tree,whale,Q2,0.745085,0.652174,logreg,6,0.8333,0.5091
37,crab,pickup_truck,pine_tree,whale,Q2,0.745085,0.652174,random,6,0.2867,1.1179
37,crab,pickup_truck,pine_tree,whale,Q2,0.745085,0.652174,centroid,7,0.8133,0.2995
37,crab,pickup_truck,pine_tree,whale,Q2,0.745085,0.652174,exemplar_knn_k3,7,0.82,1.1746
37,crab,pickup_truck,pine_tree,whale,Q2,0.745085,0.652174,logreg,7,0.8,0.5946
37,crab,pickup_truck,pine_tree,whale,Q2,0.745085,0.652174,random,7,0.34,1.1199
37,crab,pickup_truck,pine_tree,whale,Q2,0.745085,0.652174,centroid,8,0.8467,0.2767
37,crab,pickup_truck,pine_tree,whale,Q2,0.745085,0.652174,exemplar_knn_k3,8,0.8467,1.0659
37,crab,pickup_truck,pine_tree,whale,Q2,0.745085,0.652174,logreg,8,0.8533,0.5341
37,crab,pickup_truck,pine_tree,whale,Q2,0.745085,0.652174,random,8,0.2933,1.3188
37,crab,pickup_truck,pine_tree,whale,Q2,0.745085,0.652174,centroid,9,0.8867,0.277
37,crab,pickup_truck,pine_tree,whale,Q2,0.745085,0.652174,exemplar_knn_k3,9,0.86,1.1829
37,crab,pickup_truck,pine_tree,whale,Q2,0.745085,0.652174,logreg,9,0.8533,0.6042
37,crab,pickup_truck,pine_tree,whale,Q2,0.745085,0.652174,random,9,0.3067,1.227
37,crab,pickup_truck,pine_tree,whale,Q2,0.745085,0.652174,centroid,10,0.86,0.3146
37,crab,pickup_truck,pine_tree,whale,Q2,0.745085,0.652174,exemplar_knn_k3,10,0.84,1.2897
37,crab,pickup_truck,pine_tree,whale,Q2,0.745085,0.652174,logreg,10,0.84,0.6805
37,crab,pickup_truck,pine_tree,whale,Q2,0.745085,0.652174,random,10,0.3267,1.3436
37,crab,pickup_truck,pine_tree,whale,Q2,0.745085,0.652174,centroid,11,0.8133,0.3485
37,crab,pickup_truck,pine_tree,whale,Q2,0.745085,0.652174,exemplar_knn_k3,11,0.8,1.2508
37,crab,pickup_truck,pine_tree,whale,Q2,0.745085,0.652174,logreg,11,0.82,0.6799
37,crab,pickup_truck,pine_tree,whale,Q2,0.745085,0.652174,random,11,0.32,1.0913
37,crab,pickup_truck,pine_tree,whale,Q2,0.745085,0.652174,centroid,12,0.88,0.2811
37,crab,pickup_truck,pine_tree,whale,Q2,0.745085,0.652174,exemplar_knn_k3,12,0.86,1.1759
37,crab,pickup_truck,pine_tree,whale,Q2,0.745085,0.652174,logreg,12,0.84,0.6383
37,crab,pickup_truck,pine_tree,whale,Q2,0.745085,0.652174,random,12,0.2467,1.3613
37,crab,pickup_truck,pine_tree,whale,Q2,0.745085,0.652174,centroid,13,0.82,0.2729
37,crab,pickup_truck,pine_tree,whale,Q2,0.745085,0.652174,exemplar_knn_k3,13,0.82,1.1268
37,crab,pickup_truck,pine_tree,whale,Q2,0.745085,0.652174,logreg,13,0.8,0.6097
37,crab,pickup_truck,pine_tree,whale,Q2,0.745085,0.652174,random,13,0.3467,1.1077
37,crab,pickup_truck,pine_tree,whale,Q2,0.745085,0.652174,centroid,14,0.86,0.2824
37,crab,pickup_truck,pine_tree,whale,Q2,0.745085,0.652174,exemplar_knn_k3,14,0.84,1.2171
37,crab,pickup_truck,pine_tree,whale,Q2,0.745085,0.652174,logreg,14,0.96,0.5895
37,crab,pickup_truck,pine_tree,whale,Q2,0.745085,0.652174,random,14,0.3267,1.2426
37,crab,pickup_truck,pine_tree,whale,Q2,0.745085,0.652174,centroid,15,0.8,0.3496
37,crab,pickup_truck,pine_tree,whale,Q2,0.745085,0.652174,exemplar_knn_k3,15,0.82,1.1767
37,crab,pickup_truck,pine_tree,whale,Q2,0.745085,0.652174,logreg,15,0.8067,0.6974
37,crab,pickup_truck,pine_tree,whale,Q2,0.745085,0.652174,random,15,0.36,1.2025
37,crab,pickup_truck,pine_tree,whale,Q2,0.745085,0.652174,centroid,16,0.8,0.33
37,crab,pickup_truck,pine_tree,whale,Q2,0.745085,0.652174,exemplar_knn_k3,16,0.7933,1.1501
37,crab,pickup_truck,pine_tree,whale,Q2,0.745085,0.652174,logreg,16,0.8067,0.6481
37,crab,pickup_truck,pine_tree,whale,Q2,0.745085,0.652174,random,16,0.4067,1.1812
37,crab,pickup_truck,pine_tree,whale,Q2,0.745085,0.652174,centroid,17,0.8467,0.2769
37,crab,pickup_truck,pine_tree,whale,Q2,0.745085,0.652174,exemplar_knn_k3,17,0.8267,1.026
37,crab,pickup_truck,pine_tree,whale,Q2,0.745085,0.652174,logreg,17,0.94,0.5226
37,crab,pickup_truck,pine_tree,whale,Q2,0.745085,0.652174,random,17,0.3467,1.2601
37,crab,pickup_truck,pine_tree,whale,Q2,0.745085,0.652174,centroid,18,0.8667,0.2863
37,crab,pickup_truck,pine_tree,whale,Q2,0.745085,0.652174,exemplar_knn_k3,18,0.8467,1.2463
37,crab,pickup_truck,pine_tree,whale,Q2,0.745085,0.652174,logreg,18,0.88,0.6216
37,crab,pickup_truck,pine_tree,whale,Q2,0.745085,0.652174,random,18,0.32,1.3047
37,crab,pickup_truck,pine_tree,whale,Q2,0.745085,0.652174,centroid,19,0.9133,0.2679
37,crab,pickup_truck,pine_tree,whale,Q2,0.745085,0.652174,exemplar_knn_k3,19,0.8933,1.1283
37,crab,pickup_truck,pine_tree,whale,Q2,0.745085,0.652174,logreg,19,0.9333,0.5791
37,crab,pickup_truck,pine_tree,whale,Q2,0.745085,0.652174,random,19,0.3533,1.1938
37,crab,pickup_truck,pine_tree,whale,Q2,0.745085,0.652174,centroid,20,0.82,0.3253
37,crab,pickup_truck,pine_tree,whale,Q2,0.745085,0.652174,exemplar_knn_k3,20,0.82,1.2424
37,crab,pickup_truck,pine_tree,whale,Q2,0.745085,0.652174,logreg,20,0.82,0.6665
37,crab,pickup_truck,pine_tree,whale,Q2,0.745085,0.652174,random,20,0.28,1.2404
37,crab,pickup_truck,pine_tree,whale,Q2,0.745085,0.652174,centroid,21,0.8333,0.289
37,crab,pickup_truck,pine_tree,whale,Q2,0.745085,0.652174,exemplar_knn_k3,21,0.8467,1.0652
37,crab,pickup_truck,pine_tree,whale,Q2,0.745085,0.652174,logreg,21,0.8,0.615
37,crab,pickup_truck,pine_tree,whale,Q2,0.745085,0.652174,random,21,0.3267,1.3125
37,crab,pickup_truck,pine_tree,whale,Q2,0.745085,0.652174,centroid,22,0.8,0.3123
37,crab,pickup_truck,pine_tree,whale,Q2,0.745085,0.652174,exemplar_knn_k3,22,0.82,1.1698
37,crab,pickup_truck,pine_tree,whale,Q2,0.745085,0.652174,logreg,22,0.82,0.6108
37,crab,pickup_truck,pine_tree,whale,Q2,0.745085,0.652174,random,22,0.2933,1.2295
37,crab,pickup_truck,pine_tree,whale,Q2,0.745085,0.652174,centroid,23,0.8067,0.3114
37,crab,pickup_truck,pine_tree,whale,Q2,0.745085,0.652174,exemplar_knn_k3,23,0.8067,1.1791
37,crab,pickup_truck,pine_tree,whale,Q2,0.745085,0.652174,logreg,23,0.84,0.6275
37,crab,pickup_truck,pine_tree,whale,Q2,0.745085,0.652174,random,23,0.2933,1.1522
37,crab,pickup_truck,pine_tree,whale,Q2,0.745085,0.652174,centroid,24,0.84,0.3377
37,crab,pickup_truck,pine_tree,whale,Q2,0.745085,0.652174,exemplar_knn_k3,24,0.8467,1.2488
37,crab,pickup_truck,pine_tree,whale,Q2,0.745085,0.652174,logreg,24,0.8467,0.6806
37,crab,pickup_truck,pine_tree,whale,Q2,0.745085,0.652174,random,24,0.3667,1.2838
37,crab,pickup_truck,pine_tree,whale,Q2,0.745085,0.652174,centroid,25,0.8133,0.311
37,crab,pickup_truck,pine_tree,whale,Q2,0.745085,0.652174,exemplar_knn_k3,25,0.8133,1.1324
37,crab,pickup_truck,pine_tree,whale,Q2,0.745085,0.652174,logreg,25,0.8467,0.5785
37,crab,pickup_truck,pine_tree,whale,Q2,0.745085,0.652174,random,25,0.28,1.3579
37,crab,pickup_truck,pine_tree,whale,Q2,0.745085,0.652174,centroid,26,0.8267,0.3083
37,crab,pickup_truck,pine_tree,whale,Q2,0.745085,0.652174,exemplar_knn_k3,26,0.8133,1.1835
37,crab,pickup_truck,pine_tree,whale,Q2,0.745085,0.652174,logreg,26,0.8267,0.6394
37,crab,pickup_truck,pine_tree,whale,Q2,0.745085,0.652174,random,26,0.3333,1.2202
37,crab,pickup_truck,pine_tree,whale,Q2,0.745085,0.652174,centroid,27,0.82,0.3065
37,crab,pickup_truck,pine_tree,whale,Q2,0.745085,0.652174,exemplar_knn_k3,27,0.8267,1.1644
37,crab,pickup_truck,pine_tree,whale,Q2,0.745085,0.652174,logreg,27,0.82,0.6143
37,crab,pickup_truck,pine_tree,whale,Q2,0.745085,0.652174,random,27,0.32,1.0605
37,crab,pickup_truck,pine_tree,whale,Q2,0.745085,0.652174,centroid,28,0.8667,0.2805
37,crab,pickup_truck,pine_tree,whale,Q2,0.745085,0.652174,exemplar_knn_k3,28,0.8333,1.1812
37,crab,pickup_truck,pine_tree,whale,Q2,0.745085,0.652174,logreg,28,0.8267,0.6227
37,crab,pickup_truck,pine_tree,whale,Q2,0.745085,0.652174,random,28,0.22,1.2612
37,crab,pickup_truck,pine_tree,whale,Q2,0.745085,0.652174,centroid,29,0.82,0.2995
37,crab,pickup_truck,pine_tree,whale,Q2,0.745085,0.652174,exemplar_knn_k3,29,0.8133,1.2257
37,crab,pickup_truck,pine_tree,whale,Q2,0.745085,0.652174,logreg,29,0.8467,0.618
37,crab,pickup_truck,pine_tree,whale,Q2,0.745085,0.652174,random,29,0.36,1.0732
38,crocodile,cup,beaver,porcupine,Q2,0.747225,0.619048,centroid,0,0.6933,0.0933
38,crocodile,cup,beaver,porcupine,Q2,0.747225,0.619048,exemplar_knn_k3,0,0.6533,0.5552
38,crocodile,cup,beaver,porcupine,Q2,0.747225,0.619048,logreg,0,0.6933,0.2166
38,crocodile,cup,beaver,porcupine,Q2,0.747225,0.619048,random,0,0.34,1.2261
38,crocodile,cup,beaver,porcupine,Q2,0.747225,0.619048,centroid,1,0.7533,0.1861
38,crocodile,cup,beaver,porcupine,Q2,0.747225,0.619048,exemplar_knn_k3,1,0.76,0.88
38,crocodile,cup,beaver,porcupine,Q2,0.747225,0.619048,logreg,1,0.7267,0.4135
38,crocodile,cup,beaver,porcupine,Q2,0.747225,0.619048,random,1,0.3467,1.077
38,crocodile,cup,beaver,porcupine,Q2,0.747225,0.619048,centroid,2,0.78,0.1082
38,crocodile,cup,beaver,porcupine,Q2,0.747225,0.619048,exemplar_knn_k3,2,0.76,0.7072
38,crocodile,cup,beaver,porcupine,Q2,0.747225,0.619048,logreg,2,0.7667,0.2597
38,crocodile,cup,beaver,porcupine,Q2,0.747225,0.619048,random,2,0.38,1.1651
38,crocodile,cup,beaver,porcupine,Q2,0.747225,0.619048,centroid,3,0.7133,0.1664
38,crocodile,cup,beaver,porcupine,Q2,0.747225,0.619048,exemplar_knn_k3,3,0.6867,0.7989
38,crocodile,cup,beaver,porcupine,Q2,0.747225,0.619048,logreg,3,0.7133,0.3562
38,crocodile,cup,beaver,porcupine,Q2,0.747225,0.619048,random,3,0.3,1.2747
38,crocodile,cup,beaver,porcupine,Q2,0.747225,0.619048,centroid,4,0.7867,0.0994
38,crocodile,cup,beaver,porcupine,Q2,0.747225,0.619048,exemplar_knn_k3,4,0.7467,0.6554
38,crocodile,cup,beaver,porcupine,Q2,0.747225,0.619048,logreg,4,0.78,0.2434
38,crocodile,cup,beaver,porcupine,Q2,0.747225,0.619048,random,4,0.3267,1.2224
38,crocodile,cup,beaver,porcupine,Q2,0.747225,0.619048,centroid,5,0.6733,0.1
38,crocodile,cup,beaver,porcupine,Q2,0.747225,0.619048,exemplar_knn_k3,5,0.6533,0.5347
38,crocodile,cup,beaver,porcupine,Q2,0.747225,0.619048,logreg,5,0.7,0.2286
38,crocodile,cup,beaver,porcupine,Q2,0.747225,0.619048,random,5,0.3,1.262
38,crocodile,cup,beaver,porcupine,Q2,0.747225,0.619048,centroid,6,0.7533,0.152
38,crocodile,cup,beaver,porcupine,Q2,0.747225,0.619048,exemplar_knn_k3,6,0.76,0.8014
38,crocodile,cup,beaver,porcupine,Q2,0.747225,0.619048,logreg,6,0.7467,0.3491
38,crocodile,cup,beaver,porcupine,Q2,0.747225,0.619048,random,6,0.2667,1.1469
38,crocodile,cup,beaver,porcupine,Q2,0.747225,0.619048,centroid,7,0.74,0.0985
38,crocodile,cup,beaver,porcupine,Q2,0.747225,0.619048,exemplar_knn_k3,7,0.6333,0.6159
38,crocodile,cup,beaver,porcupine,Q2,0.747225,0.619048,logreg,7,0.7933,0.2464
38,crocodile,cup,beaver,porcupine,Q2,0.747225,0.619048,random,7,0.2933,1.1496
38,crocodile,cup,beaver,porcupine,Q2,0.747225,0.619048,centroid,8,0.78,0.1058
38,crocodile,cup,beaver,porcupine,Q2,0.747225,0.619048,exemplar_knn_k3,8,0.7667,0.592
38,crocodile,cup,beaver,porcupine,Q2,0.747225,0.619048,logreg,8,0.7867,0.2541
38,crocodile,cup,beaver,porcupine,Q2,0.747225,0.619048,random,8,0.3733,1.2019
38,crocodile,cup,beaver,porcupine,Q2,0.747225,0.619048,centroid,9,0.7267,0.1183
38,crocodile,cup,beaver,porcupine,Q2,0.747225,0.619048,exemplar_knn_k3,9,0.68,0.6904
38,crocodile,cup,beaver,porcupine,Q2,0.747225,0.619048,logreg,9,0.7267,0.2643
38,crocodile,cup,beaver,porcupine,Q2,0.747225,0.619048,random,9,0.2133,1.2329
38,crocodile,cup,beaver,porcupine,Q2,0.747225,0.619048,centroid,10,0.74,0.158
38,crocodile,cup,beaver,porcupine,Q2,0.747225,0.619048,exemplar_knn_k3,10,0.7067,0.9372
38,crocodile,cup,beaver,porcupine,Q2,0.747225,0.619048,logreg,10,0.76,0.3686
38,crocodile,cup,beaver,porcupine,Q2,0.747225,0.619048,random,10,0.32,1.2155
38,crocodile,cup,beaver,porcupine,Q2,0.747225,0.619048,centroid,11,0.6867,0.1009
38,crocodile,cup,beaver,porcupine,Q2,0.747225,0.619048,exemplar_knn_k3,11,0.66,0.5216
38,crocodile,cup,beaver,porcupine,Q2,0.747225,0.619048,logreg,11,0.7,0.233
38,crocodile,cup,beaver,porcupine,Q2,0.747225,0.619048,random,11,0.3533,1.107
38,crocodile,cup,beaver,porcupine,Q2,0.747225,0.619048,centroid,12,0.66,0.1696
38,crocodile,cup,beaver,porcupine,Q2,0.747225,0.619048,exemplar_knn_k3,12,0.6467,0.8873
38,crocodile,cup,beaver,porcupine,Q2,0.747225,0.619048,logreg,12,0.6533,0.3638
38,crocodile,cup,beaver,porcupine,Q2,0.747225,0.619048,random,12,0.4133,1.2023
38,crocodile,cup,beaver,porcupine,Q2,0.747225,0.619048,centroid,13,0.74,0.1689
38,crocodile,cup,beaver,porcupine,Q2,0.747225,0.619048,exemplar_knn_k3,13,0.72,0.8546
38,crocodile,cup,beaver,porcupine,Q2,0.747225,0.619048,logreg,13,0.7267,0.3733
38,crocodile,cup,beaver,porcupine,Q2,0.747225,0.619048,random,13,0.3267,1.1681
38,crocodile,cup,beaver,porcupine,Q2,0.747225,0.619048,centroid,14,0.7133,0.1445
38,crocodile,cup,beaver,porcupine,Q2,0.747225,0.619048,exemplar_knn_k3,14,0.6733,0.697
38,crocodile,cup,beaver,porcupine,Q2,0.747225,0.619048,logreg,14,0.7133,0.3356
38,crocodile,cup,beaver,porcupine,Q2,0.747225,0.619048,random,14,0.3933,1.2927
38,crocodile,cup,beaver,porcupine,Q2,0.747225,0.619048,centroid,15,0.6933,0.0929
38,crocodile,cup,beaver,porcupine,Q2,0.747225,0.619048,exemplar_knn_k3,15,0.6467,0.598
38,crocodile,cup,beaver,porcupine,Q2,0.747225,0.619048,logreg,15,0.7,0.221
38,crocodile,cup,beaver,porcupine,Q2,0.747225,0.619048,random,15,0.36,1.2787
38,crocodile,cup,beaver,porcupine,Q2,0.747225,0.619048,centroid,16,0.6733,0.0949
38,crocodile,cup,beaver,porcupine,Q2,0.747225,0.619048,exemplar_knn_k3,16,0.6067,0.5234
38,crocodile,cup,beaver,porcupine,Q2,0.747225,0.619048,logreg,16,0.6133,0.2205
38,crocodile,cup,beaver,porcupine,Q2,0.747225,0.619048,random,16,0.2733,1.1794
38,crocodile,cup,beaver,porcupine,Q2,0.747225,0.619048,centroid,17,0.6733,0.0743
38,crocodile,cup,beaver,porcupine,Q2,0.747225,0.619048,exemplar_knn_k3,17,0.6133,0.4825
38,crocodile,cup,beaver,porcupine,Q2,0.747225,0.619048,logreg,17,0.6733,0.1741
38,crocodile,cup,beaver,porcupine,Q2,0.747225,0.619048,random,17,0.3333,1.1856
38,crocodile,cup,beaver,porcupine,Q2,0.747225,0.619048,centroid,18,0.7333,0.1843
38,crocodile,cup,beaver,porcupine,Q2,0.747225,0.619048,exemplar_knn_k3,18,0.6467,0.9359
38,crocodile,cup,beaver,porcupine,Q2,0.747225,0.619048,logreg,18,0.72,0.3832
38,crocodile,cup,beaver,porcupine,Q2,0.747225,0.619048,random,18,0.3867,1.2428
38,crocodile,cup,beaver,porcupine,Q2,0.747225,0.619048,centroid,19,0.74,0.1652
38,crocodile,cup,beaver,porcupine,Q2,0.747225,0.619048,exemplar_knn_k3,19,0.7133,0.8418
38,crocodile,cup,beaver,porcupine,Q2,0.747225,0.619048,logreg,19,0.7467,0.3671
38,crocodile,cup,beaver,porcupine,Q2,0.747225,0.619048,random,19,0.3267,1.1381
38,crocodile,cup,beaver,porcupine,Q2,0.747225,0.619048,centroid,20,0.7067,0.0801
38,crocodile,cup,beaver,porcupine,Q2,0.747225,0.619048,exemplar_knn_k3,20,0.6,0.4154
38,crocodile,cup,beaver,porcupine,Q2,0.747225,0.619048,logreg,20,0.7267,0.188
38,crocodile,cup,beaver,porcupine,Q2,0.747225,0.619048,random,20,0.3267,1.3798
38,crocodile,cup,beaver,porcupine,Q2,0.747225,0.619048,centroid,21,0.5533,0.1317
38,crocodile,cup,beaver,porcupine,Q2,0.747225,0.619048,exemplar_knn_k3,21,0.56,0.6763
38,crocodile,cup,beaver,porcupine,Q2,0.747225,0.619048,logreg,21,0.5867,0.2847
38,crocodile,cup,beaver,porcupine,Q2,0.747225,0.619048,random,21,0.32,1.0531
38,crocodile,cup,beaver,porcupine,Q2,0.747225,0.619048,centroid,22,0.7467,0.0835
38,crocodile,cup,beaver,porcupine,Q2,0.747225,0.619048,exemplar_knn_k3,22,0.64,0.474
38,crocodile,cup,beaver,porcupine,Q2,0.747225,0.619048,logreg,22,0.78,0.217
38,crocodile,cup,beaver,porcupine,Q2,0.747225,0.619048,random,22,0.2667,1.1503
38,crocodile,cup,beaver,porcupine,Q2,0.747225,0.619048,centroid,23,0.6667,0.0814
38,crocodile,cup,beaver,porcupine,Q2,0.747225,0.619048,exemplar_knn_k3,23,0.5933,0.4537
38,crocodile,cup,beaver,porcupine,Q2,0.747225,0.619048,logreg,23,0.6467,0.1984
38,crocodile,cup,beaver,porcupine,Q2,0.747225,0.619048,random,23,0.3067,1.2669
38,crocodile,cup,beaver,porcupine,Q2,0.747225,0.619048,centroid,24,0.7,0.1125
38,crocodile,cup,beaver,porcupine,Q2,0.747225,0.619048,exemplar_knn_k3,24,0.6667,0.7109
38,crocodile,cup,beaver,porcupine,Q2,0.747225,0.619048,logreg,24,0.74,0.2601
38,crocodile,cup,beaver,porcupine,Q2,0.747225,0.619048,random,24,0.3333,1.371
38,crocodile,cup,beaver,porcupine,Q2,0.747225,0.619048,centroid,25,0.6667,0.0919
38,crocodile,cup,beaver,porcupine,Q2,0.747225,0.619048,exemplar_knn_k3,25,0.66,0.5374
38,crocodile,cup,beaver,porcupine,Q2,0.747225,0.619048,logreg,25,0.7667,0.2104
38,crocodile,cup,beaver,porcupine,Q2,0.747225,0.619048,random,25,0.4,1.166
38,crocodile,cup,beaver,porcupine,Q2,0.747225,0.619048,centroid,26,0.6867,0.0886
38,crocodile,cup,beaver,porcupine,Q2,0.747225,0.619048,exemplar_knn_k3,26,0.6333,0.5742
38,crocodile,cup,beaver,porcupine,Q2,0.747225,0.619048,logreg,26,0.72,0.2174
38,crocodile,cup,beaver,porcupine,Q2,0.747225,0.619048,random,26,0.3133,1.2856
38,crocodile,cup,beaver,porcupine,Q2,0.747225,0.619048,centroid,27,0.7733,0.1101
38,crocodile,cup,beaver,porcupine,Q2,0.747225,0.619048,exemplar_knn_k3,27,0.74,0.6263
38,crocodile,cup,beaver,porcupine,Q2,0.747225,0.619048,logreg,27,0.76,0.2588
38,crocodile,cup,beaver,porcupine,Q2,0.747225,0.619048,random,27,0.38,1.2333
38,crocodile,cup,beaver,porcupine,Q2,0.747225,0.619048,centroid,28,0.74,0.1412
38,crocodile,cup,beaver,porcupine,Q2,0.747225,0.619048,exemplar_knn_k3,28,0.6533,0.6496
38,crocodile,cup,beaver,porcupine,Q2,0.747225,0.619048,logreg,28,0.7267,0.2983
38,crocodile,cup,beaver,porcupine,Q2,0.747225,0.619048,random,28,0.3267,1.2824
38,crocodile,cup,beaver,porcupine,Q2,0.747225,0.619048,centroid,29,0.7067,0.0905
38,crocodile,cup,beaver,porcupine,Q2,0.747225,0.619048,exemplar_knn_k3,29,0.6333,0.5114
38,crocodile,cup,beaver,porcupine,Q2,0.747225,0.619048,logreg,29,0.6733,0.2164
38,crocodile,cup,beaver,porcupine,Q2,0.747225,0.619048,random,29,0.3467,1.2501
39,cup,wolf,snail,couch,Q2,0.806575,0.636364,centroid,0,0.8067,0.3117
39,cup,wolf,snail,couch,Q2,0.806575,0.636364,exemplar_knn_k3,0,0.8133,1.1232
39,cup,wolf,snail,couch,Q2,0.806575,0.636364,logreg,0,0.8067,0.6338
39,cup,wolf,snail,couch,Q2,0.806575,0.636364,random,0,0.3133,1.3199
39,cup,wolf,snail,couch,Q2,0.806575,0.636364,centroid,1,0.8733,0.2992
39,cup,wolf,snail,couch,Q2,0.806575,0.636364,exemplar_knn_k3,1,0.8733,1.1168
39,cup,wolf,snail,couch,Q2,0.806575,0.636364,logreg,1,0.94,0.5731
39,cup,wolf,snail,couch,Q2,0.806575,0.636364,random,1,0.3533,1.1887
39,cup,wolf,snail,couch,Q2,0.806575,0.636364,centroid,2,0.82,0.2833
39,cup,wolf,snail,couch,Q2,0.806575,0.636364,exemplar_knn_k3,2,0.84,1.1253
39,cup,wolf,snail,couch,Q2,0.806575,0.636364,logreg,2,0.8533,0.5638
39,cup,wolf,snail,couch,Q2,0.806575,0.636364,random,2,0.32,1.3477
39,cup,wolf,snail,couch,Q2,0.806575,0.636364,centroid,3,0.8067,0.2901
39,cup,wolf,snail,couch,Q2,0.806575,0.636364,exemplar_knn_k3,3,0.84,1.0534
39,cup,wolf,snail,couch,Q2,0.806575,0.636364,logreg,3,0.8,0.6086
39,cup,wolf,snail,couch,Q2,0.806575,0.636364,random,3,0.36,1.1009
39,cup,wolf,snail,couch,Q2,0.806575,0.636364,centroid,4,0.84,0.3142
39,cup,wolf,snail,couch,Q2,0.806575,0.636364,exemplar_knn_k3,4,0.82,1.1209
39,cup,wolf,snail,couch,Q2,0.806575,0.636364,logreg,4,0.86,0.6153
39,cup,wolf,snail,couch,Q2,0.806575,0.636364,random,4,0.2933,1.4519
39,cup,wolf,snail,couch,Q2,0.806575,0.636364,centroid,5,0.8067,0.3261
39,cup,wolf,snail,couch,Q2,0.806575,0.636364,exemplar_knn_k3,5,0.82,1.0987
39,cup,wolf,snail,couch,Q2,0.806575,0.636364,logreg,5,0.7933,0.6603
39,cup,wolf,snail,couch,Q2,0.806575,0.636364,random,5,0.3267,1.2144
39,cup,wolf,snail,couch,Q2,0.806575,0.636364,centroid,6,0.8333,0.355
39,cup,wolf,snail,couch,Q2,0.806575,0.636364,exemplar_knn_k3,6,0.8133,1.1387
39,cup,wolf,snail,couch,Q2,0.806575,0.636364,logreg,6,0.7933,0.6917
39,cup,wolf,snail,couch,Q2,0.806575,0.636364,random,6,0.3933,1.2372
39,cup,wolf,snail,couch,Q2,0.806575,0.636364,centroid,7,0.8067,0.2458
39,cup,wolf,snail,couch,Q2,0.806575,0.636364,exemplar_knn_k3,7,0.82,0.9115
39,cup,wolf,snail,couch,Q2,0.806575,0.636364,logreg,7,0.8067,0.4956
39,cup,wolf,snail,couch,Q2,0.806575,0.636364,random,7,0.3333,1.2473
39,cup,wolf,snail,couch,Q2,0.806575,0.636364,centroid,8,0.8133,0.3188
39,cup,wolf,snail,couch,Q2,0.806575,0.636364,exemplar_knn_k3,8,0.8133,1.1137
39,cup,wolf,snail,couch,Q2,0.806575,0.636364,logreg,8,0.8133,0.6417
39,cup,wolf,snail,couch,Q2,0.806575,0.636364,random,8,0.3333,1.1934
39,cup,wolf,snail,couch,Q2,0.806575,0.636364,centroid,9,0.8333,0.2906
39,cup,wolf,snail,couch,Q2,0.806575,0.636364,exemplar_knn_k3,9,0.8,1.042
39,cup,wolf,snail,couch,Q2,0.806575,0.636364,logreg,9,0.82,0.5943
39,cup,wolf,snail,couch,Q2,0.806575,0.636364,random,9,0.3267,1.3102
39,cup,wolf,snail,couch,Q2,0.806575,0.636364,centroid,10,0.8267,0.298
39,cup,wolf,snail,couch,Q2,0.806575,0.636364,exemplar_knn_k3,10,0.8333,1.1059
39,cup,wolf,snail,couch,Q2,0.806575,0.636364,logreg,10,0.8467,0.597
39,cup,wolf,snail,couch,Q2,0.806575,0.636364,random,10,0.34,1.0937
39,cup,wolf,snail,couch,Q2,0.806575,0.636364,centroid,11,0.8,0.2765
39,cup,wolf,snail,couch,Q2,0.806575,0.636364,exemplar_knn_k3,11,0.7867,1.0163
39,cup,wolf,snail,couch,Q2,0.806575,0.636364,logreg,11,0.8067,0.5691
39,cup,wolf,snail,couch,Q2,0.806575,0.636364,random,11,0.3267,1.2125
39,cup,wolf,snail,couch,Q2,0.806575,0.636364,centroid,12,0.8533,0.3117
39,cup,wolf,snail,couch,Q2,0.806575,0.636364,exemplar_knn_k3,12,0.8333,1.0502
39,cup,wolf,snail,couch,Q2,0.806575,0.636364,logreg,12,0.8667,0.6044
39,cup,wolf,snail,couch,Q2,0.806575,0.636364,random,12,0.36,1.187
39,cup,wolf,snail,couch,Q2,0.806575,0.636364,centroid,13,0.8333,0.3118
39,cup,wolf,snail,couch,Q2,0.806575,0.636364,exemplar_knn_k3,13,0.8133,1.0358
39,cup,wolf,snail,couch,Q2,0.806575,0.636364,logreg,13,0.82,0.6368
39,cup,wolf,snail,couch,Q2,0.806575,0.636364,random,13,0.2667,1.0637
39,cup,wolf,snail,couch,Q2,0.806575,0.636364,centroid,14,0.84,0.3217
39,cup,wolf,snail,couch,Q2,0.806575,0.636364,exemplar_knn_k3,14,0.8467,1.1144
39,cup,wolf,snail,couch,Q2,0.806575,0.636364,logreg,14,0.8667,0.6253
39,cup,wolf,snail,couch,Q2,0.806575,0.636364,random,14,0.4133,1.2942
39,cup,wolf,snail,couch,Q2,0.806575,0.636364,centroid,15,0.8667,0.2978
39,cup,wolf,snail,couch,Q2,0.806575,0.636364,exemplar_knn_k3,15,0.9,1.0795
39,cup,wolf,snail,couch,Q2,0.806575,0.636364,logreg,15,0.82,0.6352
39,cup,wolf,snail,couch,Q2,0.806575,0.636364,random,15,0.3333,1.2848
39,cup,wolf,snail,couch,Q2,0.806575,0.636364,centroid,16,0.8267,0.2923
39,cup,wolf,snail,couch,Q2,0.806575,0.636364,exemplar_knn_k3,16,0.8133,1.0661
39,cup,wolf,snail,couch,Q2,0.806575,0.636364,logreg,16,0.82,0.616
39,cup,wolf,snail,couch,Q2,0.806575,0.636364,random,16,0.38,1.2872
39,cup,wolf,snail,couch,Q2,0.806575,0.636364,centroid,17,0.8333,0.302
39,cup,wolf,snail,couch,Q2,0.806575,0.636364,exemplar_knn_k3,17,0.8533,1.0764
39,cup,wolf,snail,couch,Q2,0.806575,0.636364,logreg,17,0.8133,0.6178
39,cup,wolf,snail,couch,Q2,0.806575,0.636364,random,17,0.4133,1.2496
39,cup,wolf,snail,couch,Q2,0.806575,0.636364,centroid,18,0.8,0.3182
39,cup,wolf,snail,couch,Q2,0.806575,0.636364,exemplar_knn_k3,18,0.8067,1.0737
39,cup,wolf,snail,couch,Q2,0.806575,0.636364,logreg,18,0.7867,0.6457
39,cup,wolf,snail,couch,Q2,0.806575,0.636364,random,18,0.38,1.3459
39,cup,wolf,snail,couch,Q2,0.806575,0.636364,centroid,19,0.8267,0.3135
39,cup,wolf,snail,couch,Q2,0.806575,0.636364,exemplar_knn_k3,19,0.82,1.1156
39,cup,wolf,snail,couch,Q2,0.806575,0.636364,logreg,19,0.82,0.6282
39,cup,wolf,snail,couch,Q2,0.806575,0.636364,random,19,0.36,1.3909
39,cup,wolf,snail,couch,Q2,0.806575,0.636364,centroid,20,0.8333,0.3173
39,cup,wolf,snail,couch,Q2,0.806575,0.636364,exemplar_knn_k3,20,0.84,1.0918
39,cup,wolf,snail,couch,Q2,0.806575,0.636364,logreg,20,0.8133,0.6456
39,cup,wolf,snail,couch,Q2,0.806575,0.636364,random,20,0.36,1.2016
39,cup,wolf,snail,couch,Q2,0.806575,0.636364,centroid,21,0.84,0.3255
39,cup,wolf,snail,couch,Q2,0.806575,0.636364,exemplar_knn_k3,21,0.8333,1.0786
39,cup,wolf,snail,couch,Q2,0.806575,0.636364,logreg,21,0.8467,0.6432
39,cup,wolf,snail,couch,Q2,0.806575,0.636364,random,21,0.3733,1.1911
39,cup,wolf,snail,couch,Q2,0.806575,0.636364,centroid,22,0.8,0.2892
39,cup,wolf,snail,couch,Q2,0.806575,0.636364,exemplar_knn_k3,22,0.8,1.0618
39,cup,wolf,snail,couch,Q2,0.806575,0.636364,logreg,22,0.8,0.5722
39,cup,wolf,snail,couch,Q2,0.806575,0.636364,random,22,0.2867,1.1997
39,cup,wolf,snail,couch,Q2,0.806575,0.636364,centroid,23,0.8267,0.3055
39,cup,wolf,snail,couch,Q2,0.806575,0.636364,exemplar_knn_k3,23,0.8133,1.0929
39,cup,wolf,snail,couch,Q2,0.806575,0.636364,logreg,23,0.8333,0.6142
39,cup,wolf,snail,couch,Q2,0.806575,0.636364,random,23,0.3533,1.2405
39,cup,wolf,snail,couch,Q2,0.806575,0.636364,centroid,24,0.8067,0.3123
39,cup,wolf,snail,couch,Q2,0.806575,0.636364,exemplar_knn_k3,24,0.8,1.0899
39,cup,wolf,snail,couch,Q2,0.806575,0.636364,logreg,24,0.8133,0.6197
39,cup,wolf,snail,couch,Q2,0.806575,0.636364,random,24,0.3133,1.1517
39,cup,wolf,snail,couch,Q2,0.806575,0.636364,centroid,25,0.8267,0.304
39,cup,wolf,snail,couch,Q2,0.806575,0.636364,exemplar_knn_k3,25,0.8533,1.096
39,cup,wolf,snail,couch,Q2,0.806575,0.636364,logreg,25,0.82,0.6339
39,cup,wolf,snail,couch,Q2,0.806575,0.636364,random,25,0.3733,1.1904
39,cup,wolf,snail,couch,Q2,0.806575,0.636364,centroid,26,0.8533,0.3043
39,cup,wolf,snail,couch,Q2,0.806575,0.636364,exemplar_knn_k3,26,0.86,1.1067
39,cup,wolf,snail,couch,Q2,0.806575,0.636364,logreg,26,0.8933,0.5821
39,cup,wolf,snail,couch,Q2,0.806575,0.636364,random,26,0.2933,1.2667
39,cup,wolf,snail,couch,Q2,0.806575,0.636364,centroid,27,0.84,0.3284
39,cup,wolf,snail,couch,Q2,0.806575,0.636364,exemplar_knn_k3,27,0.8533,1.1414
39,cup,wolf,snail,couch,Q2,0.806575,0.636364,logreg,27,0.8333,0.6506
39,cup,wolf,snail,couch,Q2,0.806575,0.636364,random,27,0.3267,1.1373
39,cup,wolf,snail,couch,Q2,0.806575,0.636364,centroid,28,0.8333,0.2898
39,cup,wolf,snail,couch,Q2,0.806575,0.636364,exemplar_knn_k3,28,0.8333,1.0345
39,cup,wolf,snail,couch,Q2,0.806575,0.636364,logreg,28,0.82,0.5938
39,cup,wolf,snail,couch,Q2,0.806575,0.636364,random,28,0.3333,1.1229
39,cup,wolf,snail,couch,Q2,0.806575,0.636364,centroid,29,0.82,0.3087
39,cup,wolf,snail,couch,Q2,0.806575,0.636364,exemplar_knn_k3,29,0.8133,1.0942
39,cup,wolf,snail,couch,Q2,0.806575,0.636364,logreg,29,0.9133,0.5823
39,cup,wolf,snail,couch,Q2,0.806575,0.636364,random,29,0.3467,1.1707
40,forest,telephone,boy,otter,Q2,0.835355,0.866667,centroid,0,0.8,0.1669
40,forest,telephone,boy,otter,Q2,0.835355,0.866667,exemplar_knn_k3,0,0.7667,0.7652
40,forest,telephone,boy,otter,Q2,0.835355,0.866667,logreg,0,0.8067,0.3869
40,forest,telephone,boy,otter,Q2,0.835355,0.866667,random,0,0.3333,1.2637
40,forest,telephone,boy,otter,Q2,0.835355,0.866667,centroid,1,0.8067,0.2206
40,forest,telephone,boy,otter,Q2,0.835355,0.866667,exemplar_knn_k3,1,0.7933,0.8331
40,forest,telephone,boy,otter,Q2,0.835355,0.866667,logreg,1,0.7933,0.447
40,forest,telephone,boy,otter,Q2,0.835355,0.866667,random,1,0.2867,1.3302
40,forest,telephone,boy,otter,Q2,0.835355,0.866667,centroid,2,0.7933,0.1999
40,forest,telephone,boy,otter,Q2,0.835355,0.866667,exemplar_knn_k3,2,0.7733,0.8936
40,forest,telephone,boy,otter,Q2,0.835355,0.866667,logreg,2,0.7733,0.4427
40,forest,telephone,boy,otter,Q2,0.835355,0.866667,random,2,0.34,1.3349
40,forest,telephone,boy,otter,Q2,0.835355,0.866667,centroid,3,0.8067,0.2397
40,forest,telephone,boy,otter,Q2,0.835355,0.866667,exemplar_knn_k3,3,0.82,0.9083
40,forest,telephone,boy,otter,Q2,0.835355,0.866667,logreg,3,0.8067,0.4935
40,forest,telephone,boy,otter,Q2,0.835355,0.866667,random,3,0.3267,1.2078
40,forest,telephone,boy,otter,Q2,0.835355,0.866667,centroid,4,0.8,0.1712
40,forest,telephone,boy,otter,Q2,0.835355,0.866667,exemplar_knn_k3,4,0.7733,0.8215
40,forest,telephone,boy,otter,Q2,0.835355,0.866667,logreg,4,0.8,0.3696
40,forest,telephone,boy,otter,Q2,0.835355,0.866667,random,4,0.36,1.1737
40,forest,telephone,boy,otter,Q2,0.835355,0.866667,centroid,5,0.78,0.1868
40,forest,telephone,boy,otter,Q2,0.835355,0.866667,exemplar_knn_k3,5,0.7267,0.7968
40,forest,telephone,boy,otter,Q2,0.835355,0.866667,logreg,5,0.8,0.4164
40,forest,telephone,boy,otter,Q2,0.835355,0.866667,random,5,0.34,1.2175
40,forest,telephone,boy,otter,Q2,0.835355,0.866667,centroid,6,0.8067,0.2468
40,forest,telephone,boy,otter,Q2,0.835355,0.866667,exemplar_knn_k3,6,0.8067,0.9924
40,forest,telephone,boy,otter,Q2,0.835355,0.866667,logreg,6,0.8133,0.5123
40,forest,telephone,boy,otter,Q2,0.835355,0.866667,random,6,0.3467,1.198
40,forest,telephone,boy,otter,Q2,0.835355,0.866667,centroid,7,0.78,0.1999
40,forest,telephone,boy,otter,Q2,0.835355,0.866667,exemplar_knn_k3,7,0.7133,0.8984
40,forest,telephone,boy,otter,Q2,0.835355,0.866667,logreg,7,0.7867,0.4434
40,forest,telephone,boy,otter,Q2,0.835355,0.866667,random,7,0.3467,1.2409
40,forest,telephone,boy,otter,Q2,0.835355,0.866667,centroid,8,0.7533,0.1776
40,forest,telephone,boy,otter,Q2,0.835355,0.866667,exemplar_knn_k3,8,0.76,0.8038
40,forest,telephone,boy,otter,Q2,0.835355,0.866667,logreg,8,0.76,0.3936
40,forest,telephone,boy,otter,Q2,0.835355,0.866667,random,8,0.2733,1.3082
40,forest,telephone,boy,otter,Q2,0.835355,0.866667,centroid,9,0.8133,0.2476
40,forest,telephone,boy,otter,Q2,0.835355,0.866667,exemplar_knn_k3,9,0.8267,1.0584
40,forest,telephone,boy,otter,Q2,0.835355,0.866667,logreg,9,0.8133,0.5268
40,forest,telephone,boy,otter,Q2,0.835355,0.866667,random,9,0.3267,1.0382
40,forest,telephone,boy,otter,Q2,0.835355,0.866667,centroid,10,0.82,0.228
40,forest,telephone,boy,otter,Q2,0.835355,0.866667,exemplar_knn_k3,10,0.8133,0.8904
40,forest,telephone,boy,otter,Q2,0.835355,0.866667,logreg,10,0.82,0.4717
40,forest,telephone,boy,otter,Q2,0.835355,0.866667,random,10,0.28,1.27
40,forest,telephone,boy,otter,Q2,0.835355,0.866667,centroid,11,0.8067,0.1998
40,forest,telephone,boy,otter,Q2,0.835355,0.866667,exemplar_knn_k3,11,0.8,0.8592
40,forest,telephone,boy,otter,Q2,0.835355,0.866667,logreg,11,0.8067,0.4386
40,forest,telephone,boy,otter,Q2,0.835355,0.866667,random,11,0.3133,1.2579
40,forest,telephone,boy,otter,Q2,0.835355,0.866667,centroid,12,0.8133,0.2204
40,forest,telephone,boy,otter,Q2,0.835355,0.866667,exemplar_knn_k3,12,0.8,0.8933
40,forest,telephone,boy,otter,Q2,0.835355,0.866667,logreg,12,0.82,0.4569
40,forest,telephone,boy,otter,Q2,0.835355,0.866667,random,12,0.3733,1.1576
40,forest,telephone,boy,otter,Q2,0.835355,0.866667,centroid,13,0.8133,0.1942
40,forest,telephone,boy,otter,Q2,0.835355,0.866667,exemplar_knn_k3,13,0.7867,0.8271
40,forest,telephone,boy,otter,Q2,0.835355,0.866667,logreg,13,0.8133,0.4091
40,forest,telephone,boy,otter,Q2,0.835355,0.866667,random,13,0.3867,1.319
40,forest,telephone,boy,otter,Q2,0.835355,0.866667,centroid,14,0.8067,0.2383
40,forest,telephone,boy,otter,Q2,0.835355,0.866667,exemplar_knn_k3,14,0.8067,0.967
40,forest,telephone,boy,otter,Q2,0.835355,0.866667,logreg,14,0.8,0.5102
40,forest,telephone,boy,otter,Q2,0.835355,0.866667,random,14,0.36,1.2452
40,forest,telephone,boy,otter,Q2,0.835355,0.866667,centroid,15,0.8667,0.1837
40,forest,telephone,boy,otter,Q2,0.835355,0.866667,exemplar_knn_k3,15,0.8533,0.85
40,forest,telephone,boy,otter,Q2,0.835355,0.866667,logreg,15,0.7933,0.4261
40,forest,telephone,boy,otter,Q2,0.835355,0.866667,random,15,0.3267,1.2338
40,forest,telephone,boy,otter,Q2,0.835355,0.866667,centroid,16,0.7267,0.1895
40,forest,telephone,boy,otter,Q2,0.835355,0.866667,exemplar_knn_k3,16,0.6933,0.8398
40,forest,telephone,boy,otter,Q2,0.835355,0.866667,logreg,16,0.74,0.4133
40,forest,telephone,boy,otter,Q2,0.835355,0.866667,random,16,0.2867,1.1809
40,forest,telephone,boy,otter,Q2,0.835355,0.866667,centroid,17,0.8,0.217
40,forest,telephone,boy,otter,Q2,0.835355,0.866667,exemplar_knn_k3,17,0.7867,0.937
40,forest,telephone,boy,otter,Q2,0.835355,0.866667,logreg,17,0.7733,0.4743
40,forest,telephone,boy,otter,Q2,0.835355,0.866667,random,17,0.36,1.2629
40,forest,telephone,boy,otter,Q2,0.835355,0.866667,centroid,18,0.82,0.2171
40,forest,telephone,boy,otter,Q2,0.835355,0.866667,exemplar_knn_k3,18,0.8133,0.9799
40,forest,telephone,boy,otter,Q2,0.835355,0.866667,logreg,18,0.8067,0.4449
40,forest,telephone,boy,otter,Q2,0.835355,0.866667,random,18,0.34,1.2754
40,forest,telephone,boy,otter,Q2,0.835355,0.866667,centroid,19,0.8067,0.2411
40,forest,telephone,boy,otter,Q2,0.835355,0.866667,exemplar_knn_k3,19,0.8,0.944
40,forest,telephone,boy,otter,Q2,0.835355,0.866667,logreg,19,0.8067,0.5033
40,forest,telephone,boy,otter,Q2,0.835355,0.866667,random,19,0.3267,1.1891
40,forest,telephone,boy,otter,Q2,0.835355,0.866667,centroid,20,0.8133,0.1703
40,forest,telephone,boy,otter,Q2,0.835355,0.866667,exemplar_knn_k3,20,0.78,0.7256
40,forest,telephone,boy,otter,Q2,0.835355,0.866667,logreg,20,0.8,0.3769
40,forest,telephone,boy,otter,Q2,0.835355,0.866667,random,20,0.3733,1.3384
40,forest,telephone,boy,otter,Q2,0.835355,0.866667,centroid,21,0.8133,0.2232
40,forest,telephone,boy,otter,Q2,0.835355,0.866667,exemplar_knn_k3,21,0.8,0.861
40,forest,telephone,boy,otter,Q2,0.835355,0.866667,logreg,21,0.8133,0.4417
40,forest,telephone,boy,otter,Q2,0.835355,0.866667,random,21,0.2667,1.1579
40,forest,telephone,boy,otter,Q2,0.835355,0.866667,centroid,22,0.7867,0.192
40,forest,telephone,boy,otter,Q2,0.835355,0.866667,exemplar_knn_k3,22,0.76,0.7716
40,forest,telephone,boy,otter,Q2,0.835355,0.866667,logreg,22,0.7867,0.4061
40,forest,telephone,boy,otter,Q2,0.835355,0.866667,random,22,0.3,1.1834
40,forest,telephone,boy,otter,Q2,0.835355,0.866667,centroid,23,0.8133,0.187
40,forest,telephone,boy,otter,Q2,0.835355,0.866667,exemplar_knn_k3,23,0.8067,0.8982
40,forest,telephone,boy,otter,Q2,0.835355,0.866667,logreg,23,0.8,0.406
40,forest,telephone,boy,otter,Q2,0.835355,0.866667,random,23,0.2867,1.3281
40,forest,telephone,boy,otter,Q2,0.835355,0.866667,centroid,24,0.7933,0.163
40,forest,telephone,boy,otter,Q2,0.835355,0.866667,exemplar_knn_k3,24,0.76,0.7843
40,forest,telephone,boy,otter,Q2,0.835355,0.866667,logreg,24,0.7667,0.3941
40,forest,telephone,boy,otter,Q2,0.835355,0.866667,random,24,0.2867,1.2764
40,forest,telephone,boy,otter,Q2,0.835355,0.866667,centroid,25,0.8667,0.1659
40,forest,telephone,boy,otter,Q2,0.835355,0.866667,exemplar_knn_k3,25,0.82,0.7795
40,forest,telephone,boy,otter,Q2,0.835355,0.866667,logreg,25,0.8933,0.3686
40,forest,telephone,boy,otter,Q2,0.835355,0.866667,random,25,0.3067,1.1487
40,forest,telephone,boy,otter,Q2,0.835355,0.866667,centroid,26,0.8,0.1629
40,forest,telephone,boy,otter,Q2,0.835355,0.866667,exemplar_knn_k3,26,0.7733,0.8412
40,forest,telephone,boy,otter,Q2,0.835355,0.866667,logreg,26,0.7867,0.374
40,forest,telephone,boy,otter,Q2,0.835355,0.866667,random,26,0.3467,1.3254
40,forest,telephone,boy,otter,Q2,0.835355,0.866667,centroid,27,0.84,0.188
40,forest,telephone,boy,otter,Q2,0.835355,0.866667,exemplar_knn_k3,27,0.8467,0.8894
40,forest,telephone,boy,otter,Q2,0.835355,0.866667,logreg,27,0.8667,0.4037
40,forest,telephone,boy,otter,Q2,0.835355,0.866667,random,27,0.2933,1.1316
40,forest,telephone,boy,otter,Q2,0.835355,0.866667,centroid,28,0.8133,0.2238
40,forest,telephone,boy,otter,Q2,0.835355,0.866667,exemplar_knn_k3,28,0.8067,0.9586
40,forest,telephone,boy,otter,Q2,0.835355,0.866667,logreg,28,0.82,0.4544
40,forest,telephone,boy,otter,Q2,0.835355,0.866667,random,28,0.2933,1.2758
40,forest,telephone,boy,otter,Q2,0.835355,0.866667,centroid,29,0.8133,0.2139
40,forest,telephone,boy,otter,Q2,0.835355,0.866667,exemplar_knn_k3,29,0.8267,0.8356
40,forest,telephone,boy,otter,Q2,0.835355,0.866667,logreg,29,0.8133,0.4507
40,forest,telephone,boy,otter,Q2,0.835355,0.866667,random,29,0.3333,1.179
41,lion,turtle,beetle,squirrel,Q2,0.716742,0.68,centroid,0,0.7467,0.2016
41,lion,turtle,beetle,squirrel,Q2,0.716742,0.68,exemplar_knn_k3,0,0.7267,0.8999
41,lion,turtle,beetle,squirrel,Q2,0.716742,0.68,logreg,0,0.7467,0.4407
41,lion,turtle,beetle,squirrel,Q2,0.716742,0.68,random,0,0.3333,1.3279
41,lion,turtle,beetle,squirrel,Q2,0.716742,0.68,centroid,1,0.7467,0.2296
41,lion,turtle,beetle,squirrel,Q2,0.716742,0.68,exemplar_knn_k3,1,0.74,0.9248
41,lion,turtle,beetle,squirrel,Q2,0.716742,0.68,logreg,1,0.76,0.4689
41,lion,turtle,beetle,squirrel,Q2,0.716742,0.68,random,1,0.34,1.2323
41,lion,turtle,beetle,squirrel,Q2,0.716742,0.68,centroid,2,0.7667,0.215
41,lion,turtle,beetle,squirrel,Q2,0.716742,0.68,exemplar_knn_k3,2,0.7733,0.9797
41,lion,turtle,beetle,squirrel,Q2,0.716742,0.68,logreg,2,0.7467,0.4961
41,lion,turtle,beetle,squirrel,Q2,0.716742,0.68,random,2,0.3933,1.088
41,lion,turtle,beetle,squirrel,Q2,0.716742,0.68,centroid,3,0.7133,0.1785
41,lion,turtle,beetle,squirrel,Q2,0.716742,0.68,exemplar_knn_k3,3,0.6667,0.7085
41,lion,turtle,beetle,squirrel,Q2,0.716742,0.68,logreg,3,0.72,0.3753
41,lion,turtle,beetle,squirrel,Q2,0.716742,0.68,random,3,0.3867,1.2586
41,lion,turtle,beetle,squirrel,Q2,0.716742,0.68,centroid,4,0.82,0.2026
41,lion,turtle,beetle,squirrel,Q2,0.716742,0.68,exemplar_knn_k3,4,0.8133,0.8879
41,lion,turtle,beetle,squirrel,Q2,0.716742,0.68,logreg,4,0.8,0.4321
41,lion,turtle,beetle,squirrel,Q2,0.716742,0.68,random,4,0.34,1.2677
41,lion,turtle,beetle,squirrel,Q2,0.716742,0.68,centroid,5,0.7733,0.2223
41,lion,turtle,beetle,squirrel,Q2,0.716742,0.68,exemplar_knn_k3,5,0.8,1.0103
41,lion,turtle,beetle,squirrel,Q2,0.716742,0.68,logreg,5,0.7867,0.4909
41,lion,turtle,beetle,squirrel,Q2,0.716742,0.68,random,5,0.3467,1.3945
41,lion,turtle,beetle,squirrel,Q2,0.716742,0.68,centroid,6,0.78,0.224
41,lion,turtle,beetle,squirrel,Q2,0.716742,0.68,exemplar_knn_k3,6,0.78,0.98
41,lion,turtle,beetle,squirrel,Q2,0.716742,0.68,logreg,6,0.7867,0.4898
41,lion,turtle,beetle,squirrel,Q2,0.716742,0.68,random,6,0.3733,1.2214
41,lion,turtle,beetle,squirrel,Q2,0.716742,0.68,centroid,7,0.8533,0.1968
41,lion,turtle,beetle,squirrel,Q2,0.716742,0.68,exemplar_knn_k3,7,0.78,0.8448
41,lion,turtle,beetle,squirrel,Q2,0.716742,0.68,logreg,7,0.7733,0.4618
41,lion,turtle,beetle,squirrel,Q2,0.716742,0.68,random,7,0.36,1.2375
41,lion,turtle,beetle,squirrel,Q2,0.716742,0.68,centroid,8,0.7867,0.2178
41,lion,turtle,beetle,squirrel,Q2,0.716742,0.68,exemplar_knn_k3,8,0.7467,0.9524
41,lion,turtle,beetle,squirrel,Q2,0.716742,0.68,logreg,8,0.7867,0.4804
41,lion,turtle,beetle,squirrel,Q2,0.716742,0.68,random,8,0.3333,1.1383
41,lion,turtle,beetle,squirrel,Q2,0.716742,0.68,centroid,9,0.7467,0.2191
41,lion,turtle,beetle,squirrel,Q2,0.716742,0.68,exemplar_knn_k3,9,0.7533,0.9432
41,lion,turtle,beetle,squirrel,Q2,0.716742,0.68,logreg,9,0.7667,0.4617
41,lion,turtle,beetle,squirrel,Q2,0.716742,0.68,random,9,0.34,1.255
41,lion,turtle,beetle,squirrel,Q2,0.716742,0.68,centroid,10,0.7733,0.1783
41,lion,turtle,beetle,squirrel,Q2,0.716742,0.68,exemplar_knn_k3,10,0.7867,0.8441
41,lion,turtle,beetle,squirrel,Q2,0.716742,0.68,logreg,10,0.7667,0.388
41,lion,turtle,beetle,squirrel,Q2,0.716742,0.68,random,10,0.38,1.0896
41,lion,turtle,beetle,squirrel,Q2,0.716742,0.68,centroid,11,0.76,0.2093
41,lion,turtle,beetle,squirrel,Q2,0.716742,0.68,exemplar_knn_k3,11,0.76,0.9201
41,lion,turtle,beetle,squirrel,Q2,0.716742,0.68,logreg,11,0.76,0.4624
41,lion,turtle,beetle,squirrel,Q2,0.716742,0.68,random,11,0.3867,1.1353
41,lion,turtle,beetle,squirrel,Q2,0.716742,0.68,centroid,12,0.76,0.2073
41,lion,turtle,beetle,squirrel,Q2,0.716742,0.68,exemplar_knn_k3,12,0.76,0.8983
41,lion,turtle,beetle,squirrel,Q2,0.716742,0.68,logreg,12,0.7667,0.4376
41,lion,turtle,beetle,squirrel,Q2,0.716742,0.68,random,12,0.2733,1.1862
41,lion,turtle,beetle,squirrel,Q2,0.716742,0.68,centroid,13,0.7933,0.1916
41,lion,turtle,beetle,squirrel,Q2,0.716742,0.68,exemplar_knn_k3,13,0.7867,0.9236
41,lion,turtle,beetle,squirrel,Q2,0.716742,0.68,logreg,13,0.7867,0.4207
41,lion,turtle,beetle,squirrel,Q2,0.716742,0.68,random,13,0.34,1.0626
41,lion,turtle,beetle,squirrel,Q2,0.716742,0.68,centroid,14,0.78,0.2221
41,lion,turtle,beetle,squirrel,Q2,0.716742,0.68,exemplar_knn_k3,14,0.76,0.921
41,lion,turtle,beetle,squirrel,Q2,0.716742,0.68,logreg,14,0.7533,0.4661
41,lion,turtle,beetle,squirrel,Q2,0.716742,0.68,random,14,0.2133,1.3154
41,lion,turtle,beetle,squirrel,Q2,0.716742,0.68,centroid,15,0.7933,0.2215
41,lion,turtle,beetle,squirrel,Q2,0.716742,0.68,exemplar_knn_k3,15,0.82,0.8823
41,lion,turtle,beetle,squirrel,Q2,0.716742,0.68,logreg,15,0.7533,0.5306
41,lion,turtle,beetle,squirrel,Q2,0.716742,0.68,random,15,0.3267,1.2828
41,lion,turtle,beetle,squirrel,Q2,0.716742,0.68,centroid,16,0.8133,0.2259
41,lion,turtle,beetle,squirrel,Q2,0.716742,0.68,exemplar_knn_k3,16,0.7933,0.9898
41,lion,turtle,beetle,squirrel,Q2,0.716742,0.68,logreg,16,0.8067,0.4937
41,lion,turtle,beetle,squirrel,Q2,0.716742,0.68,random,16,0.3,1.3069
41,lion,turtle,beetle,squirrel,Q2,0.716742,0.68,centroid,17,0.7867,0.1802
41,lion,turtle,beetle,squirrel,Q2,0.716742,0.68,exemplar_knn_k3,17,0.7867,0.8265
41,lion,turtle,beetle,squirrel,Q2,0.716742,0.68,logreg,17,0.7867,0.4244
41,lion,turtle,beetle,squirrel,Q2,0.716742,0.68,random,17,0.28,1.2082
41,lion,turtle,beetle,squirrel,Q2,0.716742,0.68,centroid,18,0.7733,0.2014
41,lion,turtle,beetle,squirrel,Q2,0.716742,0.68,exemplar_knn_k3,18,0.7667,0.8234
41,lion,turtle,beetle,squirrel,Q2,0.716742,0.68,logreg,18,0.7533,0.4394
41,lion,turtle,beetle,squirrel,Q2,0.716742,0.68,random,18,0.3867,1.3262
41,lion,turtle,beetle,squirrel,Q2,0.716742,0.68,centroid,19,0.7733,0.2409
41,lion,turtle,beetle,squirrel,Q2,0.716742,0.68,exemplar_knn_k3,19,0.7667,0.886
41,lion,turtle,beetle,squirrel,Q2,0.716742,0.68,logreg,19,0.7733,0.5147
41,lion,turtle,beetle,squirrel,Q2,0.716742,0.68,random,19,0.3067,1.3574
41,lion,turtle,beetle,squirrel,Q2,0.716742,0.68,centroid,20,0.8,0.2084
41,lion,turtle,beetle,squirrel,Q2,0.716742,0.68,exemplar_knn_k3,20,0.78,0.8853
41,lion,turtle,beetle,squirrel,Q2,0.716742,0.68,logreg,20,0.8,0.4621
41,lion,turtle,beetle,squirrel,Q2,0.716742,0.68,random,20,0.3,1.2633
41,lion,turtle,beetle,squirrel,Q2,0.716742,0.68,centroid,21,0.8067,0.2252
41,lion,turtle,beetle,squirrel,Q2,0.716742,0.68,exemplar_knn_k3,21,0.8,0.9969
41,lion,turtle,beetle,squirrel,Q2,0.716742,0.68,logreg,21,0.8067,0.4769
41,lion,turtle,beetle,squirrel,Q2,0.716742,0.68,random,21,0.3733,1.3481
41,lion,turtle,beetle,squirrel,Q2,0.716742,0.68,centroid,22,0.7867,0.2054
41,lion,turtle,beetle,squirrel,Q2,0.716742,0.68,exemplar_knn_k3,22,0.7867,0.8726
41,lion,turtle,beetle,squirrel,Q2,0.716742,0.68,logreg,22,0.7933,0.4511
41,lion,turtle,beetle,squirrel,Q2,0.716742,0.68,random,22,0.3133,1.3186
41,lion,turtle,beetle,squirrel,Q2,0.716742,0.68,centroid,23,0.7867,0.1958
41,lion,turtle,beetle,squirrel,Q2,0.716742,0.68,exemplar_knn_k3,23,0.7733,0.8135
41,lion,turtle,beetle,squirrel,Q2,0.716742,0.68,logreg,23,0.7933,0.461
41,lion,turtle,beetle,squirrel,Q2,0.716742,0.68,random,23,0.3333,1.2561
41,lion,turtle,beetle,squirrel,Q2,0.716742,0.68,centroid,24,0.82,0.1863
41,lion,turtle,beetle,squirrel,Q2,0.716742,0.68,exemplar_knn_k3,24,0.82,0.8584
41,lion,turtle,beetle,squirrel,Q2,0.716742,0.68,logreg,24,0.7933,0.4167
41,lion,turtle,beetle,squirrel,Q2,0.716742,0.68,random,24,0.36,1.1782
41,lion,turtle,beetle,squirrel,Q2,0.716742,0.68,centroid,25,0.8133,0.1996
41,lion,turtle,beetle,squirrel,Q2,0.716742,0.68,exemplar_knn_k3,25,0.7933,0.7655
41,lion,turtle,beetle,squirrel,Q2,0.716742,0.68,logreg,25,0.7933,0.4348
41,lion,turtle,beetle,squirrel,Q2,0.716742,0.68,random,25,0.3667,1.0882
41,lion,turtle,beetle,squirrel,Q2,0.716742,0.68,centroid,26,0.8,0.2557
41,lion,turtle,beetle,squirrel,Q2,0.716742,0.68,exemplar_knn_k3,26,0.8,1.0342
41,lion,turtle,beetle,squirrel,Q2,0.716742,0.68,logreg,26,0.78,0.5637
41,lion,turtle,beetle,squirrel,Q2,0.716742,0.68,random,26,0.32,1.356
41,lion,turtle,beetle,squirrel,Q2,0.716742,0.68,centroid,27,0.8133,0.2176
41,lion,turtle,beetle,squirrel,Q2,0.716742,0.68,exemplar_knn_k3,27,0.8267,0.8905
41,lion,turtle,beetle,squirrel,Q2,0.716742,0.68,logreg,27,0.8067,0.4919
41,lion,turtle,beetle,squirrel,Q2,0.716742,0.68,random,27,0.2867,1.2178
41,lion,turtle,beetle,squirrel,Q2,0.716742,0.68,centroid,28,0.76,0.2109
41,lion,turtle,beetle,squirrel,Q2,0.716742,0.68,exemplar_knn_k3,28,0.7533,0.8835
41,lion,turtle,beetle,squirrel,Q2,0.716742,0.68,logreg,28,0.76,0.4471
41,lion,turtle,beetle,squirrel,Q2,0.716742,0.68,random,28,0.3267,1.3029
41,lion,turtle,beetle,squirrel,Q2,0.716742,0.68,centroid,29,0.7867,0.1757
41,lion,turtle,beetle,squirrel,Q2,0.716742,0.68,exemplar_knn_k3,29,0.7733,0.7979
41,lion,turtle,beetle,squirrel,Q2,0.716742,0.68,logreg,29,0.7867,0.3708
41,lion,turtle,beetle,squirrel,Q2,0.716742,0.68,random,29,0.3,1.2282
42,mouse,palm_tree,keyboard,lion,Q2,0.774515,0.8,centroid,0,0.9133,0.2964
42,mouse,palm_tree,keyboard,lion,Q2,0.774515,0.8,exemplar_knn_k3,0,0.9333,1.1031
42,mouse,palm_tree,keyboard,lion,Q2,0.774515,0.8,logreg,0,0.94,0.6196
42,mouse,palm_tree,keyboard,lion,Q2,0.774515,0.8,random,0,0.3267,1.1004
42,mouse,palm_tree,keyboard,lion,Q2,0.774515,0.8,centroid,1,0.8733,0.3502
42,mouse,palm_tree,keyboard,lion,Q2,0.774515,0.8,exemplar_knn_k3,1,0.8533,1.2447
42,mouse,palm_tree,keyboard,lion,Q2,0.774515,0.8,logreg,1,0.84,0.7165
42,mouse,palm_tree,keyboard,lion,Q2,0.774515,0.8,random,1,0.2533,1.3482
42,mouse,palm_tree,keyboard,lion,Q2,0.774515,0.8,centroid,2,0.8133,0.2954
42,mouse,palm_tree,keyboard,lion,Q2,0.774515,0.8,exemplar_knn_k3,2,0.86,1.0868
42,mouse,palm_tree,keyboard,lion,Q2,0.774515,0.8,logreg,2,0.88,0.5966
42,mouse,palm_tree,keyboard,lion,Q2,0.774515,0.8,random,2,0.3333,1.3208
42,mouse,palm_tree,keyboard,lion,Q2,0.774515,0.8,centroid,3,0.8267,0.3774
42,mouse,palm_tree,keyboard,lion,Q2,0.774515,0.8,exemplar_knn_k3,3,0.82,1.2823
42,mouse,palm_tree,keyboard,lion,Q2,0.774515,0.8,logreg,3,0.8133,0.7634
42,mouse,palm_tree,keyboard,lion,Q2,0.774515,0.8,random,3,0.3333,1.1612
42,mouse,palm_tree,keyboard,lion,Q2,0.774515,0.8,centroid,4,0.8533,0.3117
42,mouse,palm_tree,keyboard,lion,Q2,0.774515,0.8,exemplar_knn_k3,4,0.8667,1.1388
42,mouse,palm_tree,keyboard,lion,Q2,0.774515,0.8,logreg,4,0.9267,0.6131
42,mouse,palm_tree,keyboard,lion,Q2,0.774515,0.8,random,4,0.26,1.2603
42,mouse,palm_tree,keyboard,lion,Q2,0.774515,0.8,centroid,5,0.8067,0.3116
42,mouse,palm_tree,keyboard,lion,Q2,0.774515,0.8,exemplar_knn_k3,5,0.8067,1.1769
42,mouse,palm_tree,keyboard,lion,Q2,0.774515,0.8,logreg,5,0.8067,0.6549
42,mouse,palm_tree,keyboard,lion,Q2,0.774515,0.8,random,5,0.42,1.1344
42,mouse,palm_tree,keyboard,lion,Q2,0.774515,0.8,centroid,6,0.8667,0.3559
42,mouse,palm_tree,keyboard,lion,Q2,0.774515,0.8,exemplar_knn_k3,6,0.86,1.232
42,mouse,palm_tree,keyboard,lion,Q2,0.774515,0.8,logreg,6,0.8533,0.7318
42,mouse,palm_tree,keyboard,lion,Q2,0.774515,0.8,random,6,0.2867,1.2112
42,mouse,palm_tree,keyboard,lion,Q2,0.774515,0.8,centroid,7,0.9133,0.2821
42,mouse,palm_tree,keyboard,lion,Q2,0.774515,0.8,exemplar_knn_k3,7,0.9267,1.0975
42,mouse,palm_tree,keyboard,lion,Q2,0.774515,0.8,logreg,7,0.8667,0.6114
42,mouse,palm_tree,keyboard,lion,Q2,0.774515,0.8,random,7,0.3267,1.2597
42,mouse,palm_tree,keyboard,lion,Q2,0.774515,0.8,centroid,8,0.88,0.29
42,mouse,palm_tree,keyboard,lion,Q2,0.774515,0.8,exemplar_knn_k3,8,0.8933,1.0984
42,mouse,palm_tree,keyboard,lion,Q2,0.774515,0.8,logreg,8,0.8867,0.6099
42,mouse,palm_tree,keyboard,lion,Q2,0.774515,0.8,random,8,0.32,1.197
42,mouse,palm_tree,keyboard,lion,Q2,0.774515,0.8,centroid,9,0.8733,0.365
42,mouse,palm_tree,keyboard,lion,Q2,0.774515,0.8,exemplar_knn_k3,9,0.8733,1.3005
42,mouse,palm_tree,keyboard,lion,Q2,0.774515,0.8,logreg,9,0.8533,0.7447
42,mouse,palm_tree,keyboard,lion,Q2,0.774515,0.8,random,9,0.36,1.3444
42,mouse,palm_tree,keyboard,lion,Q2,0.774515,0.8,centroid,10,0.8267,0.3632
42,mouse,palm_tree,keyboard,lion,Q2,0.774515,0.8,exemplar_knn_k3,10,0.8333,1.2037
42,mouse,palm_tree,keyboard,lion,Q2,0.774515,0.8,logreg,10,0.8267,0.7457
42,mouse,palm_tree,keyboard,lion,Q2,0.774515,0.8,random,10,0.36,1.2679
42,mouse,palm_tree,keyboard,lion,Q2,0.774515,0.8,centroid,11,0.8267,0.3114
42,mouse,palm_tree,keyboard,lion,Q2,0.774515,0.8,exemplar_knn_k3,11,0.82,1.1457
42,mouse,palm_tree,keyboard,lion,Q2,0.774515,0.8,logreg,11,0.84,0.616
42,mouse,palm_tree,keyboard,lion,Q2,0.774515,0.8,random,11,0.3,1.1823
42,mouse,palm_tree,keyboard,lion,Q2,0.774515,0.8,centroid,12,0.8333,0.3654
42,mouse,palm_tree,keyboard,lion,Q2,0.774515,0.8,exemplar_knn_k3,12,0.8267,1.2502
42,mouse,palm_tree,keyboard,lion,Q2,0.774515,0.8,logreg,12,0.82,0.7744
42,mouse,palm_tree,keyboard,lion,Q2,0.774515,0.8,random,12,0.3267,1.291
42,mouse,palm_tree,keyboard,lion,Q2,0.774515,0.8,centroid,13,0.84,0.3749
42,mouse,palm_tree,keyboard,lion,Q2,0.774515,0.8,exemplar_knn_k3,13,0.8133,1.2744
42,mouse,palm_tree,keyboard,lion,Q2,0.774515,0.8,logreg,13,0.84,0.7496
42,mouse,palm_tree,keyboard,lion,Q2,0.774515,0.8,random,13,0.34,1.3035
42,mouse,palm_tree,keyboard,lion,Q2,0.774515,0.8,centroid,14,0.82,0.3937
42,mouse,palm_tree,keyboard,lion,Q2,0.774515,0.8,exemplar_knn_k3,14,0.8333,1.3571
42,mouse,palm_tree,keyboard,lion,Q2,0.774515,0.8,logreg,14,0.82,0.8107
42,mouse,palm_tree,keyboard,lion,Q2,0.774515,0.8,random,14,0.3267,1.152
42,mouse,palm_tree,keyboard,lion,Q2,0.774515,0.8,centroid,15,0.8533,0.332
42,mouse,palm_tree,keyboard,lion,Q2,0.774515,0.8,exemplar_knn_k3,15,0.86,1.2055
42,mouse,palm_tree,keyboard,lion,Q2,0.774515,0.8,logreg,15,0.9067,0.6419
42,mouse,palm_tree,keyboard,lion,Q2,0.774515,0.8,random,15,0.3867,1.2812
42,mouse,palm_tree,keyboard,lion,Q2,0.774515,0.8,centroid,16,0.8267,0.3252
42,mouse,palm_tree,keyboard,lion,Q2,0.774515,0.8,exemplar_knn_k3,16,0.8333,1.1881
42,mouse,palm_tree,keyboard,lion,Q2,0.774515,0.8,logreg,16,0.8,0.6674
42,mouse,palm_tree,keyboard,lion,Q2,0.774515,0.8,random,16,0.3067,1.1643
42,mouse,palm_tree,keyboard,lion,Q2,0.774515,0.8,centroid,17,0.88,0.318
42,mouse,palm_tree,keyboard,lion,Q2,0.774515,0.8,exemplar_knn_k3,17,0.8867,1.16
42,mouse,palm_tree,keyboard,lion,Q2,0.774515,0.8,logreg,17,0.9,0.6578
42,mouse,palm_tree,keyboard,lion,Q2,0.774515,0.8,random,17,0.2733,1.3682
42,mouse,palm_tree,keyboard,lion,Q2,0.774515,0.8,centroid,18,0.8267,0.3697
42,mouse,palm_tree,keyboard,lion,Q2,0.774515,0.8,exemplar_knn_k3,18,0.8533,1.3133
42,mouse,palm_tree,keyboard,lion,Q2,0.774515,0.8,logreg,18,0.8267,0.7329
42,mouse,palm_tree,keyboard,lion,Q2,0.774515,0.8,random,18,0.3267,1.0903
42,mouse,palm_tree,keyboard,lion,Q2,0.774515,0.8,centroid,19,0.8733,0.3578
42,mouse,palm_tree,keyboard,lion,Q2,0.774515,0.8,exemplar_knn_k3,19,0.88,1.2454
42,mouse,palm_tree,keyboard,lion,Q2,0.774515,0.8,logreg,19,0.88,0.6942
42,mouse,palm_tree,keyboard,lion,Q2,0.774515,0.8,random,19,0.3067,1.245
42,mouse,palm_tree,keyboard,lion,Q2,0.774515,0.8,centroid,20,0.8467,0.27
42,mouse,palm_tree,keyboard,lion,Q2,0.774515,0.8,exemplar_knn_k3,20,0.8533,1.0502
42,mouse,palm_tree,keyboard,lion,Q2,0.774515,0.8,logreg,20,0.9333,0.543
42,mouse,palm_tree,keyboard,lion,Q2,0.774515,0.8,random,20,0.36,1.2232
42,mouse,palm_tree,keyboard,lion,Q2,0.774515,0.8,centroid,21,0.8333,0.3715
42,mouse,palm_tree,keyboard,lion,Q2,0.774515,0.8,exemplar_knn_k3,21,0.8333,1.3604
42,mouse,palm_tree,keyboard,lion,Q2,0.774515,0.8,logreg,21,0.8333,0.7662
42,mouse,palm_tree,keyboard,lion,Q2,0.774515,0.8,random,21,0.2667,1.3431
42,mouse,palm_tree,keyboard,lion,Q2,0.774515,0.8,centroid,22,0.8133,0.316
42,mouse,palm_tree,keyboard,lion,Q2,0.774515,0.8,exemplar_knn_k3,22,0.8267,1.2363
42,mouse,palm_tree,keyboard,lion,Q2,0.774515,0.8,logreg,22,0.8133,0.6484
42,mouse,palm_tree,keyboard,lion,Q2,0.774515,0.8,random,22,0.3467,1.3248
42,mouse,palm_tree,keyboard,lion,Q2,0.774515,0.8,centroid,23,0.8533,0.2716
42,mouse,palm_tree,keyboard,lion,Q2,0.774515,0.8,exemplar_knn_k3,23,0.8467,1.0294
42,mouse,palm_tree,keyboard,lion,Q2,0.774515,0.8,logreg,23,0.8733,0.552
42,mouse,palm_tree,keyboard,lion,Q2,0.774515,0.8,random,23,0.3133,1.2255
42,mouse,palm_tree,keyboard,lion,Q2,0.774515,0.8,centroid,24,0.8267,0.349
42,mouse,palm_tree,keyboard,lion,Q2,0.774515,0.8,exemplar_knn_k3,24,0.8333,1.2359
42,mouse,palm_tree,keyboard,lion,Q2,0.774515,0.8,logreg,24,0.8133,0.7079
42,mouse,palm_tree,keyboard,lion,Q2,0.774515,0.8,random,24,0.4333,1.2382
42,mouse,palm_tree,keyboard,lion,Q2,0.774515,0.8,centroid,25,0.8067,0.3098
42,mouse,palm_tree,keyboard,lion,Q2,0.774515,0.8,exemplar_knn_k3,25,0.8,1.1353
42,mouse,palm_tree,keyboard,lion,Q2,0.774515,0.8,logreg,25,0.8067,0.6501
42,mouse,palm_tree,keyboard,lion,Q2,0.774515,0.8,random,25,0.3867,1.2363
42,mouse,palm_tree,keyboard,lion,Q2,0.774515,0.8,centroid,26,0.8733,0.2887
42,mouse,palm_tree,keyboard,lion,Q2,0.774515,0.8,exemplar_knn_k3,26,0.84,1.1253
42,mouse,palm_tree,keyboard,lion,Q2,0.774515,0.8,logreg,26,0.9467,0.5676
42,mouse,palm_tree,keyboard,lion,Q2,0.774515,0.8,random,26,0.3133,1.1937
42,mouse,palm_tree,keyboard,lion,Q2,0.774515,0.8,centroid,27,0.8533,0.2571
42,mouse,palm_tree,keyboard,lion,Q2,0.774515,0.8,exemplar_knn_k3,27,0.86,1.0376
42,mouse,palm_tree,keyboard,lion,Q2,0.774515,0.8,logreg,27,0.9067,0.5493
42,mouse,palm_tree,keyboard,lion,Q2,0.774515,0.8,random,27,0.3067,1.1373
42,mouse,palm_tree,keyboard,lion,Q2,0.774515,0.8,centroid,28,0.88,0.3383
42,mouse,palm_tree,keyboard,lion,Q2,0.774515,0.8,exemplar_knn_k3,28,0.8733,1.1744
42,mouse,palm_tree,keyboard,lion,Q2,0.774515,0.8,logreg,28,0.8267,0.7096
42,mouse,palm_tree,keyboard,lion,Q2,0.774515,0.8,random,28,0.3533,1.1972
42,mouse,palm_tree,keyboard,lion,Q2,0.774515,0.8,centroid,29,0.84,0.3067
42,mouse,palm_tree,keyboard,lion,Q2,0.774515,0.8,exemplar_knn_k3,29,0.8533,1.1453
42,mouse,palm_tree,keyboard,lion,Q2,0.774515,0.8,logreg,29,0.8867,0.579
42,mouse,palm_tree,keyboard,lion,Q2,0.774515,0.8,random,29,0.3333,1.2251
43,mouse,streetcar,possum,oak_tree,Q2,0.745843,0.652174,centroid,0,0.72,0.2396
43,mouse,streetcar,possum,oak_tree,Q2,0.745843,0.652174,exemplar_knn_k3,0,0.72,1.1626
43,mouse,streetcar,possum,oak_tree,Q2,0.745843,0.652174,logreg,0,0.7533,0.4971
43,mouse,streetcar,possum,oak_tree,Q2,0.745843,0.652174,random,0,0.3667,1.0993
43,mouse,streetcar,possum,oak_tree,Q2,0.745843,0.652174,centroid,1,0.8,0.3551
43,mouse,streetcar,possum,oak_tree,Q2,0.745843,0.652174,exemplar_knn_k3,1,0.8,1.4446
43,mouse,streetcar,possum,oak_tree,Q2,0.745843,0.652174,logreg,1,0.8067,0.7888
43,mouse,streetcar,possum,oak_tree,Q2,0.745843,0.652174,random,1,0.2733,1.1651
43,mouse,streetcar,possum,oak_tree,Q2,0.745843,0.652174,centroid,2,0.6733,0.2555
43,mouse,streetcar,possum,oak_tree,Q2,0.745843,0.652174,exemplar_knn_k3,2,0.6933,1.1697
43,mouse,streetcar,possum,oak_tree,Q2,0.745843,0.652174,logreg,2,0.7,0.5029
43,mouse,streetcar,possum,oak_tree,Q2,0.745843,0.652174,random,2,0.4267,1.318
43,mouse,streetcar,possum,oak_tree,Q2,0.745843,0.652174,centroid,3,0.8067,0.3165
43,mouse,streetcar,possum,oak_tree,Q2,0.745843,0.652174,exemplar_knn_k3,3,0.7933,1.4104
43,mouse,streetcar,possum,oak_tree,Q2,0.745843,0.652174,logreg,3,0.8133,0.7358
43,mouse,streetcar,possum,oak_tree,Q2,0.745843,0.652174,random,3,0.3533,1.1786
43,mouse,streetcar,possum,oak_tree,Q2,0.745843,0.652174,centroid,4,0.7333,0.2545
43,mouse,streetcar,possum,oak_tree,Q2,0.745843,0.652174,exemplar_knn_k3,4,0.76,1.1923
43,mouse,streetcar,possum,oak_tree,Q2,0.745843,0.652174,logreg,4,0.8,0.486
43,mouse,streetcar,possum,oak_tree,Q2,0.745843,0.652174,random,4,0.2867,1.2509
43,mouse,streetcar,possum,oak_tree,Q2,0.745843,0.652174,centroid,5,0.7133,0.2286
43,mouse,streetcar,possum,oak_tree,Q2,0.745843,0.652174,exemplar_knn_k3,5,0.6,1.141
43,mouse,streetcar,possum,oak_tree,Q2,0.745843,0.652174,logreg,5,0.7267,0.4526
43,mouse,streetcar,possum,oak_tree,Q2,0.745843,0.652174,random,5,0.3867,0.9465
43,mouse,streetcar,possum,oak_tree,Q2,0.745843,0.652174,centroid,6,0.8133,0.3189
43,mouse,streetcar,possum,oak_tree,Q2,0.745843,0.652174,exemplar_knn_k3,6,0.7933,1.4386
43,mouse,streetcar,possum,oak_tree,Q2,0.745843,0.652174,logreg,6,0.8133,0.7451
43,mouse,streetcar,possum,oak_tree,Q2,0.745843,0.652174,random,6,0.2733,1.224
43,mouse,streetcar,possum,oak_tree,Q2,0.745843,0.652174,centroid,7,0.74,0.2352
43,mouse,streetcar,possum,oak_tree,Q2,0.745843,0.652174,exemplar_knn_k3,7,0.7133,1.1238
43,mouse,streetcar,possum,oak_tree,Q2,0.745843,0.652174,logreg,7,0.7533,0.4985
43,mouse,streetcar,possum,oak_tree,Q2,0.745843,0.652174,random,7,0.32,1.2809
43,mouse,streetcar,possum,oak_tree,Q2,0.745843,0.652174,centroid,8,0.7533,0.2423
43,mouse,streetcar,possum,oak_tree,Q2,0.745843,0.652174,exemplar_knn_k3,8,0.7267,1.2368
43,mouse,streetcar,possum,oak_tree,Q2,0.745843,0.652174,logreg,8,0.7667,0.5065
43,mouse,streetcar,possum,oak_tree,Q2,0.745843,0.652174,random,8,0.24,1.213
43,mouse,streetcar,possum,oak_tree,Q2,0.745843,0.652174,centroid,9,0.8,0.3299
43,mouse,streetcar,possum,oak_tree,Q2,0.745843,0.652174,exemplar_knn_k3,9,0.7867,1.4326
43,mouse,streetcar,possum,oak_tree,Q2,0.745843,0.652174,logreg,9,0.8,0.7596
43,mouse,streetcar,possum,oak_tree,Q2,0.745843,0.652174,random,9,0.34,1.1458
43,mouse,streetcar,possum,oak_tree,Q2,0.745843,0.652174,centroid,10,0.82,0.3605
43,mouse,streetcar,possum,oak_tree,Q2,0.745843,0.652174,exemplar_knn_k3,10,0.82,1.4666
43,mouse,streetcar,possum,oak_tree,Q2,0.745843,0.652174,logreg,10,0.82,0.7942
43,mouse,streetcar,possum,oak_tree,Q2,0.745843,0.652174,random,10,0.3333,1.4112
43,mouse,streetcar,possum,oak_tree,Q2,0.745843,0.652174,centroid,11,0.7267,0.2419
43,mouse,streetcar,possum,oak_tree,Q2,0.745843,0.652174,exemplar_knn_k3,11,0.6933,1.1829
43,mouse,streetcar,possum,oak_tree,Q2,0.745843,0.652174,logreg,11,0.7333,0.4918
43,mouse,streetcar,possum,oak_tree,Q2,0.745843,0.652174,random,11,0.4,1.183
43,mouse,streetcar,possum,oak_tree,Q2,0.745843,0.652174,centroid,12,0.8133,0.3627
43,mouse,streetcar,possum,oak_tree,Q2,0.745843,0.652174,exemplar_knn_k3,12,0.8067,1.4379
43,mouse,streetcar,possum,oak_tree,Q2,0.745843,0.652174,logreg,12,0.8267,0.7624
43,mouse,streetcar,possum,oak_tree,Q2,0.745843,0.652174,random,12,0.38,1.2569
43,mouse,streetcar,possum,oak_tree,Q2,0.745843,0.652174,centroid,13,0.8067,0.3287
43,mouse,streetcar,possum,oak_tree,Q2,0.745843,0.652174,exemplar_knn_k3,13,0.8,1.3268
43,mouse,streetcar,possum,oak_tree,Q2,0.745843,0.652174,logreg,13,0.8133,0.7304
43,mouse,streetcar,possum,oak_tree,Q2,0.745843,0.652174,random,13,0.3333,1.2946
43,mouse,streetcar,possum,oak_tree,Q2,0.745843,0.652174,centroid,14,0.8067,0.3586
43,mouse,streetcar,possum,oak_tree,Q2,0.745843,0.652174,exemplar_knn_k3,14,0.8067,1.4241
43,mouse,streetcar,possum,oak_tree,Q2,0.745843,0.652174,logreg,14,0.8133,0.8022
43,mouse,streetcar,possum,oak_tree,Q2,0.745843,0.652174,random,14,0.38,1.2389
43,mouse,streetcar,possum,oak_tree,Q2,0.745843,0.652174,centroid,15,0.7333,0.2452
43,mouse,streetcar,possum,oak_tree,Q2,0.745843,0.652174,exemplar_knn_k3,15,0.7067,1.144
43,mouse,streetcar,possum,oak_tree,Q2,0.745843,0.652174,logreg,15,0.7733,0.4931
43,mouse,streetcar,possum,oak_tree,Q2,0.745843,0.652174,random,15,0.32,1.1829
43,mouse,streetcar,possum,oak_tree,Q2,0.745843,0.652174,centroid,16,0.74,0.2593
43,mouse,streetcar,possum,oak_tree,Q2,0.745843,0.652174,exemplar_knn_k3,16,0.7467,1.1844
43,mouse,streetcar,possum,oak_tree,Q2,0.745843,0.652174,logreg,16,0.7667,0.5268
43,mouse,streetcar,possum,oak_tree,Q2,0.745843,0.652174,random,16,0.3333,1.1791
43,mouse,streetcar,possum,oak_tree,Q2,0.745843,0.652174,centroid,17,0.7667,0.2398
43,mouse,streetcar,possum,oak_tree,Q2,0.745843,0.652174,exemplar_knn_k3,17,0.7333,1.1079
43,mouse,streetcar,possum,oak_tree,Q2,0.745843,0.652174,logreg,17,0.7667,0.5116
43,mouse,streetcar,possum,oak_tree,Q2,0.745843,0.652174,random,17,0.3,1.2602
43,mouse,streetcar,possum,oak_tree,Q2,0.745843,0.652174,centroid,18,0.8133,0.3475
43,mouse,streetcar,possum,oak_tree,Q2,0.745843,0.652174,exemplar_knn_k3,18,0.8,1.437
43,mouse,streetcar,possum,oak_tree,Q2,0.745843,0.652174,logreg,18,0.8133,0.7452
43,mouse,streetcar,possum,oak_tree,Q2,0.745843,0.652174,random,18,0.3267,1.2104
43,mouse,streetcar,possum,oak_tree,Q2,0.745843,0.652174,centroid,19,0.8067,0.3547
43,mouse,streetcar,possum,oak_tree,Q2,0.745843,0.652174,exemplar_knn_k3,19,0.8,1.4302
43,mouse,streetcar,possum,oak_tree,Q2,0.745843,0.652174,logreg,19,0.8067,0.8069
43,mouse,streetcar,possum,oak_tree,Q2,0.745843,0.652174,random,19,0.3,1.2048
43,mouse,streetcar,possum,oak_tree,Q2,0.745843,0.652174,centroid,20,0.7067,0.2628
43,mouse,streetcar,possum,oak_tree,Q2,0.745843,0.652174,exemplar_knn_k3,20,0.72,1.2297
43,mouse,streetcar,possum,oak_tree,Q2,0.745843,0.652174,logreg,20,0.7533,0.5337
43,mouse,streetcar,possum,oak_tree,Q2,0.745843,0.652174,random,20,0.32,1.2266
43,mouse,streetcar,possum,oak_tree,Q2,0.745843,0.652174,centroid,21,0.8,0.3534
43,mouse,streetcar,possum,oak_tree,Q2,0.745843,0.652174,exemplar_knn_k3,21,0.8,1.432
43,mouse,streetcar,possum,oak_tree,Q2,0.745843,0.652174,logreg,21,0.8067,0.7732
43,mouse,streetcar,possum,oak_tree,Q2,0.745843,0.652174,random,21,0.2267,1.3892
43,mouse,streetcar,possum,oak_tree,Q2,0.745843,0.652174,centroid,22,0.7533,0.2383
43,mouse,streetcar,possum,oak_tree,Q2,0.745843,0.652174,exemplar_knn_k3,22,0.6933,1.0593
43,mouse,streetcar,possum,oak_tree,Q2,0.745843,0.652174,logreg,22,0.7467,0.4964
43,mouse,streetcar,possum,oak_tree,Q2,0.745843,0.652174,random,22,0.3467,1.1056
43,mouse,streetcar,possum,oak_tree,Q2,0.745843,0.652174,centroid,23,0.68,0.2384
43,mouse,streetcar,possum,oak_tree,Q2,0.745843,0.652174,exemplar_knn_k3,23,0.6667,1.064
43,mouse,streetcar,possum,oak_tree,Q2,0.745843,0.652174,logreg,23,0.68,0.4827
43,mouse,streetcar,possum,oak_tree,Q2,0.745843,0.652174,random,23,0.32,1.1617
43,mouse,streetcar,possum,oak_tree,Q2,0.745843,0.652174,centroid,24,0.7,0.2982
43,mouse,streetcar,possum,oak_tree,Q2,0.745843,0.652174,exemplar_knn_k3,24,0.6933,1.2908
43,mouse,streetcar,possum,oak_tree,Q2,0.745843,0.652174,logreg,24,0.7,0.614
43,mouse,streetcar,possum,oak_tree,Q2,0.745843,0.652174,random,24,0.38,1.2686
43,mouse,streetcar,possum,oak_tree,Q2,0.745843,0.652174,centroid,25,0.7267,0.2631
43,mouse,streetcar,possum,oak_tree,Q2,0.745843,0.652174,exemplar_knn_k3,25,0.68,1.1227
43,mouse,streetcar,possum,oak_tree,Q2,0.745843,0.652174,logreg,25,0.7267,0.5649
43,mouse,streetcar,possum,oak_tree,Q2,0.745843,0.652174,random,25,0.3467,1.1512
43,mouse,streetcar,possum,oak_tree,Q2,0.745843,0.652174,centroid,26,0.6933,0.2306
43,mouse,streetcar,possum,oak_tree,Q2,0.745843,0.652174,exemplar_knn_k3,26,0.7067,0.9847
43,mouse,streetcar,possum,oak_tree,Q2,0.745843,0.652174,logreg,26,0.7067,0.4525
43,mouse,streetcar,possum,oak_tree,Q2,0.745843,0.652174,random,26,0.2933,1.273
43,mouse,streetcar,possum,oak_tree,Q2,0.745843,0.652174,centroid,27,0.74,0.2518
43,mouse,streetcar,possum,oak_tree,Q2,0.745843,0.652174,exemplar_knn_k3,27,0.7267,1.1744
43,mouse,streetcar,possum,oak_tree,Q2,0.745843,0.652174,logreg,27,0.76,0.5088
43,mouse,streetcar,possum,oak_tree,Q2,0.745843,0.652174,random,27,0.3333,1.2134
43,mouse,streetcar,possum,oak_tree,Q2,0.745843,0.652174,centroid,28,0.8067,0.3239
43,mouse,streetcar,possum,oak_tree,Q2,0.745843,0.652174,exemplar_knn_k3,28,0.8067,1.4381
43,mouse,streetcar,possum,oak_tree,Q2,0.745843,0.652174,logreg,28,0.8067,0.7222
43,mouse,streetcar,possum,oak_tree,Q2,0.745843,0.652174,random,28,0.26,1.1805
43,mouse,streetcar,possum,oak_tree,Q2,0.745843,0.652174,centroid,29,0.7333,0.2569
43,mouse,streetcar,possum,oak_tree,Q2,0.745843,0.652174,exemplar_knn_k3,29,0.7267,1.2146
43,mouse,streetcar,possum,oak_tree,Q2,0.745843,0.652174,logreg,29,0.7667,0.5088
43,mouse,streetcar,possum,oak_tree,Q2,0.745843,0.652174,random,29,0.36,1.1324
44,oak_tree,orange,raccoon,plain,Q2,0.821873,0.647059,centroid,0,0.9,0.205
44,oak_tree,orange,raccoon,plain,Q2,0.821873,0.647059,exemplar_knn_k3,0,0.8667,1.1472
44,oak_tree,orange,raccoon,plain,Q2,0.821873,0.647059,logreg,0,0.8,0.5795
44,oak_tree,orange,raccoon,plain,Q2,0.821873,0.647059,random,0,0.3667,1.1951
44,oak_tree,orange,raccoon,plain,Q2,0.821873,0.647059,centroid,1,0.82,0.426
44,oak_tree,orange,raccoon,plain,Q2,0.821873,0.647059,exemplar_knn_k3,1,0.8133,1.4454
44,oak_tree,orange,raccoon,plain,Q2,0.821873,0.647059,logreg,1,0.8133,0.8461
44,oak_tree,orange,raccoon,plain,Q2,0.821873,0.647059,random,1,0.38,1.2956
44,oak_tree,orange,raccoon,plain,Q2,0.821873,0.647059,centroid,2,0.8467,0.223
44,oak_tree,orange,raccoon,plain,Q2,0.821873,0.647059,exemplar_knn_k3,2,0.82,1.095
44,oak_tree,orange,raccoon,plain,Q2,0.821873,0.647059,logreg,2,0.8133,0.5645
44,oak_tree,orange,raccoon,plain,Q2,0.821873,0.647059,random,2,0.32,1.3653
44,oak_tree,orange,raccoon,plain,Q2,0.821873,0.647059,centroid,3,0.8133,0.3707
44,oak_tree,orange,raccoon,plain,Q2,0.821873,0.647059,exemplar_knn_k3,3,0.8133,1.4618
44,oak_tree,orange,raccoon,plain,Q2,0.821873,0.647059,logreg,3,0.8133,0.7667
44,oak_tree,orange,raccoon,plain,Q2,0.821873,0.647059,random,3,0.4133,1.0606
44,oak_tree,orange,raccoon,plain,Q2,0.821873,0.647059,centroid,4,0.8533,0.2116
44,oak_tree,orange,raccoon,plain,Q2,0.821873,0.647059,exemplar_knn_k3,4,0.84,1.1617
44,oak_tree,orange,raccoon,plain,Q2,0.821873,0.647059,logreg,4,0.7933,0.5601
44,oak_tree,orange,raccoon,plain,Q2,0.821873,0.647059,random,4,0.2333,1.1339
44,oak_tree,orange,raccoon,plain,Q2,0.821873,0.647059,centroid,5,0.82,0.2015
44,oak_tree,orange,raccoon,plain,Q2,0.821873,0.647059,exemplar_knn_k3,5,0.78,1.0925
44,oak_tree,orange,raccoon,plain,Q2,0.821873,0.647059,logreg,5,0.7933,0.5397
44,oak_tree,orange,raccoon,plain,Q2,0.821873,0.647059,random,5,0.38,1.1092
44,oak_tree,orange,raccoon,plain,Q2,0.821873,0.647059,centroid,6,0.8067,0.4128
44,oak_tree,orange,raccoon,plain,Q2,0.821873,0.647059,exemplar_knn_k3,6,0.8,1.4819
44,oak_tree,orange,raccoon,plain,Q2,0.821873,0.647059,logreg,6,0.82,0.8254
44,oak_tree,orange,raccoon,plain,Q2,0.821873,0.647059,random,6,0.3467,1.2288
44,oak_tree,orange,raccoon,plain,Q2,0.821873,0.647059,centroid,7,0.8667,0.1946
44,oak_tree,orange,raccoon,plain,Q2,0.821873,0.647059,exemplar_knn_k3,7,0.9,1.0733
44,oak_tree,orange,raccoon,plain,Q2,0.821873,0.647059,logreg,7,0.8,0.5028
44,oak_tree,orange,raccoon,plain,Q2,0.821873,0.647059,random,7,0.3867,1.1787
44,oak_tree,orange,raccoon,plain,Q2,0.821873,0.647059,centroid,8,0.8,0.1865
44,oak_tree,orange,raccoon,plain,Q2,0.821873,0.647059,exemplar_knn_k3,8,0.8,1.1252
44,oak_tree,orange,raccoon,plain,Q2,0.821873,0.647059,logreg,8,0.7733,0.5842
44,oak_tree,orange,raccoon,plain,Q2,0.821873,0.647059,random,8,0.26,1.1972
44,oak_tree,orange,raccoon,plain,Q2,0.821873,0.647059,centroid,9,0.8133,0.3787
44,oak_tree,orange,raccoon,plain,Q2,0.821873,0.647059,exemplar_knn_k3,9,0.8133,1.4485
44,oak_tree,orange,raccoon,plain,Q2,0.821873,0.647059,logreg,9,0.82,0.7695
44,oak_tree,orange,raccoon,plain,Q2,0.821873,0.647059,random,9,0.38,1.1585
44,oak_tree,orange,raccoon,plain,Q2,0.821873,0.647059,centroid,10,0.82,0.3465
44,oak_tree,orange,raccoon,plain,Q2,0.821873,0.647059,exemplar_knn_k3,10,0.82,1.2829
44,oak_tree,orange,raccoon,plain,Q2,0.821873,0.647059,logreg,10,0.82,0.7079
44,oak_tree,orange,raccoon,plain,Q2,0.821873,0.647059,random,10,0.3667,1.2112
44,oak_tree,orange,raccoon,plain,Q2,0.821873,0.647059,centroid,11,0.8667,0.1979
44,oak_tree,orange,raccoon,plain,Q2,0.821873,0.647059,exemplar_knn_k3,11,0.8733,1.0711
44,oak_tree,orange,raccoon,plain,Q2,0.821873,0.647059,logreg,11,0.8133,0.5105
44,oak_tree,orange,raccoon,plain,Q2,0.821873,0.647059,random,11,0.3867,1.2956
44,oak_tree,orange,raccoon,plain,Q2,0.821873,0.647059,centroid,12,0.82,0.3849
44,oak_tree,orange,raccoon,plain,Q2,0.821873,0.647059,exemplar_knn_k3,12,0.82,1.4181
44,oak_tree,orange,raccoon,plain,Q2,0.821873,0.647059,logreg,12,0.82,0.7669
44,oak_tree,orange,raccoon,plain,Q2,0.821873,0.647059,random,12,0.3,1.1863
44,oak_tree,orange,raccoon,plain,Q2,0.821873,0.647059,centroid,13,0.82,0.4092
44,oak_tree,orange,raccoon,plain,Q2,0.821873,0.647059,exemplar_knn_k3,13,0.8133,1.447
44,oak_tree,orange,raccoon,plain,Q2,0.821873,0.647059,logreg,13,0.8133,0.8077
44,oak_tree,orange,raccoon,plain,Q2,0.821873,0.647059,random,13,0.32,1.1933
44,oak_tree,orange,raccoon,plain,Q2,0.821873,0.647059,centroid,14,0.82,0.3737
44,oak_tree,orange,raccoon,plain,Q2,0.821873,0.647059,exemplar_knn_k3,14,0.82,1.384
44,oak_tree,orange,raccoon,plain,Q2,0.821873,0.647059,logreg,14,0.82,0.7811
44,oak_tree,orange,raccoon,plain,Q2,0.821873,0.647059,random,14,0.3267,1.1785
44,oak_tree,orange,raccoon,plain,Q2,0.821873,0.647059,centroid,15,0.8467,0.1852
44,oak_tree,orange,raccoon,plain,Q2,0.821873,0.647059,exemplar_knn_k3,15,0.9067,1.1235
44,oak_tree,orange,raccoon,plain,Q2,0.821873,0.647059,logreg,15,0.8,0.5376
44,oak_tree,orange,raccoon,plain,Q2,0.821873,0.647059,random,15,0.3467,1.2355
44,oak_tree,orange,raccoon,plain,Q2,0.821873,0.647059,centroid,16,0.94,0.2057
44,oak_tree,orange,raccoon,plain,Q2,0.821873,0.647059,exemplar_knn_k3,16,0.9267,1.1707
44,oak_tree,orange,raccoon,plain,Q2,0.821873,0.647059,logreg,16,0.8133,0.5956
44,oak_tree,orange,raccoon,plain,Q2,0.821873,0.647059,random,16,0.4067,1.0936
44,oak_tree,orange,raccoon,plain,Q2,0.821873,0.647059,centroid,17,0.9067,0.1949
44,oak_tree,orange,raccoon,plain,Q2,0.821873,0.647059,exemplar_knn_k3,17,0.8667,0.9491
44,oak_tree,orange,raccoon,plain,Q2,0.821873,0.647059,logreg,17,0.8133,0.4948
44,oak_tree,orange,raccoon,plain,Q2,0.821873,0.647059,random,17,0.3867,1.44
44,oak_tree,orange,raccoon,plain,Q2,0.821873,0.647059,centroid,18,0.78,0.3989
44,oak_tree,orange,raccoon,plain,Q2,0.821873,0.647059,exemplar_knn_k3,18,0.78,1.373
44,oak_tree,orange,raccoon,plain,Q2,0.821873,0.647059,logreg,18,0.78,0.7765
44,oak_tree,orange,raccoon,plain,Q2,0.821873,0.647059,random,18,0.4,1.0921
44,oak_tree,orange,raccoon,plain,Q2,0.821873,0.647059,centroid,19,0.8,0.4227
44,oak_tree,orange,raccoon,plain,Q2,0.821873,0.647059,exemplar_knn_k3,19,0.8,1.4686
44,oak_tree,orange,raccoon,plain,Q2,0.821873,0.647059,logreg,19,0.7933,0.8289
44,oak_tree,orange,raccoon,plain,Q2,0.821873,0.647059,random,19,0.4,1.3235
44,oak_tree,orange,raccoon,plain,Q2,0.821873,0.647059,centroid,20,0.84,0.1942
44,oak_tree,orange,raccoon,plain,Q2,0.821873,0.647059,exemplar_knn_k3,20,0.8267,0.9496
44,oak_tree,orange,raccoon,plain,Q2,0.821873,0.647059,logreg,20,0.8,0.4915
44,oak_tree,orange,raccoon,plain,Q2,0.821873,0.647059,random,20,0.3533,1.2485
44,oak_tree,orange,raccoon,plain,Q2,0.821873,0.647059,centroid,21,0.7933,0.3622
44,oak_tree,orange,raccoon,plain,Q2,0.821873,0.647059,exemplar_knn_k3,21,0.8,1.331
44,oak_tree,orange,raccoon,plain,Q2,0.821873,0.647059,logreg,21,0.8,0.7342
44,oak_tree,orange,raccoon,plain,Q2,0.821873,0.647059,random,21,0.4467,1.2899
44,oak_tree,orange,raccoon,plain,Q2,0.821873,0.647059,centroid,22,0.7333,0.1956
44,oak_tree,orange,raccoon,plain,Q2,0.821873,0.647059,exemplar_knn_k3,22,0.6933,1.0474
44,oak_tree,orange,raccoon,plain,Q2,0.821873,0.647059,logreg,22,0.7267,0.5017
44,oak_tree,orange,raccoon,plain,Q2,0.821873,0.647059,random,22,0.3067,1.0817
44,oak_tree,orange,raccoon,plain,Q2,0.821873,0.647059,centroid,23,0.86,0.1942
44,oak_tree,orange,raccoon,plain,Q2,0.821873,0.647059,exemplar_knn_k3,23,0.84,1.1083
44,oak_tree,orange,raccoon,plain,Q2,0.821873,0.647059,logreg,23,0.8067,0.5244
44,oak_tree,orange,raccoon,plain,Q2,0.821873,0.647059,random,23,0.3,1.2254
44,oak_tree,orange,raccoon,plain,Q2,0.821873,0.647059,centroid,24,0.7733,0.1743
44,oak_tree,orange,raccoon,plain,Q2,0.821873,0.647059,exemplar_knn_k3,24,0.7533,0.994
44,oak_tree,orange,raccoon,plain,Q2,0.821873,0.647059,logreg,24,0.78,0.4802
44,oak_tree,orange,raccoon,plain,Q2,0.821873,0.647059,random,24,0.3533,1.2569
44,oak_tree,orange,raccoon,plain,Q2,0.821873,0.647059,centroid,25,0.8667,0.1831
44,oak_tree,orange,raccoon,plain,Q2,0.821873,0.647059,exemplar_knn_k3,25,0.82,0.9819
44,oak_tree,orange,raccoon,plain,Q2,0.821873,0.647059,logreg,25,0.7667,0.4689
44,oak_tree,orange,raccoon,plain,Q2,0.821873,0.647059,random,25,0.3467,1.1657
44,oak_tree,orange,raccoon,plain,Q2,0.821873,0.647059,centroid,26,0.7867,0.1795
44,oak_tree,orange,raccoon,plain,Q2,0.821873,0.647059,exemplar_knn_k3,26,0.7667,1.0026
44,oak_tree,orange,raccoon,plain,Q2,0.821873,0.647059,logreg,26,0.7933,0.4673
44,oak_tree,orange,raccoon,plain,Q2,0.821873,0.647059,random,26,0.3,1.2956
44,oak_tree,orange,raccoon,plain,Q2,0.821873,0.647059,centroid,27,0.76,0.21
44,oak_tree,orange,raccoon,plain,Q2,0.821873,0.647059,exemplar_knn_k3,27,0.78,1.0229
44,oak_tree,orange,raccoon,plain,Q2,0.821873,0.647059,logreg,27,0.7667,0.5215
44,oak_tree,orange,raccoon,plain,Q2,0.821873,0.647059,random,27,0.32,1.3044
44,oak_tree,orange,raccoon,plain,Q2,0.821873,0.647059,centroid,28,0.8133,0.4067
44,oak_tree,orange,raccoon,plain,Q2,0.821873,0.647059,exemplar_knn_k3,28,0.8067,1.3751
44,oak_tree,orange,raccoon,plain,Q2,0.821873,0.647059,logreg,28,0.8133,0.8261
44,oak_tree,orange,raccoon,plain,Q2,0.821873,0.647059,random,28,0.36,1.1322
44,oak_tree,orange,raccoon,plain,Q2,0.821873,0.647059,centroid,29,0.84,0.1936
44,oak_tree,orange,raccoon,plain,Q2,0.821873,0.647059,exemplar_knn_k3,29,0.8133,1.049
44,oak_tree,orange,raccoon,plain,Q2,0.821873,0.647059,logreg,29,0.7933,0.5571
44,oak_tree,orange,raccoon,plain,Q2,0.821873,0.647059,random,29,0.38,1.1914
45,orange,porcupine,dinosaur,lawn_mower,Q2,0.885331,0.68,centroid,0,0.82,0.3823
45,orange,porcupine,dinosaur,lawn_mower,Q2,0.885331,0.68,exemplar_knn_k3,0,0.8333,1.3087
45,orange,porcupine,dinosaur,lawn_mower,Q2,0.885331,0.68,logreg,0,0.82,0.7607
45,orange,porcupine,dinosaur,lawn_mower,Q2,0.885331,0.68,random,0,0.3667,1.301
45,orange,porcupine,dinosaur,lawn_mower,Q2,0.885331,0.68,centroid,1,0.8733,0.2684
45,orange,porcupine,dinosaur,lawn_mower,Q2,0.885331,0.68,exemplar_knn_k3,1,0.8467,1.068
45,orange,porcupine,dinosaur,lawn_mower,Q2,0.885331,0.68,logreg,1,0.9733,0.5361
45,orange,porcupine,dinosaur,lawn_mower,Q2,0.885331,0.68,random,1,0.42,1.1499
45,orange,porcupine,dinosaur,lawn_mower,Q2,0.885331,0.68,centroid,2,0.82,0.359
45,orange,porcupine,dinosaur,lawn_mower,Q2,0.885331,0.68,exemplar_knn_k3,2,0.82,1.2087
45,orange,porcupine,dinosaur,lawn_mower,Q2,0.885331,0.68,logreg,2,0.82,0.697
45,orange,porcupine,dinosaur,lawn_mower,Q2,0.885331,0.68,random,2,0.38,1.2591
45,orange,porcupine,dinosaur,lawn_mower,Q2,0.885331,0.68,centroid,3,0.8133,0.2843
45,orange,porcupine,dinosaur,lawn_mower,Q2,0.885331,0.68,exemplar_knn_k3,3,0.8,1.0622
45,orange,porcupine,dinosaur,lawn_mower,Q2,0.885331,0.68,logreg,3,0.8133,0.5753
45,orange,porcupine,dinosaur,lawn_mower,Q2,0.885331,0.68,random,3,0.3333,1.2501
45,orange,porcupine,dinosaur,lawn_mower,Q2,0.885331,0.68,centroid,4,0.82,0.382
45,orange,porcupine,dinosaur,lawn_mower,Q2,0.885331,0.68,exemplar_knn_k3,4,0.82,1.2529
45,orange,porcupine,dinosaur,lawn_mower,Q2,0.885331,0.68,logreg,4,0.8133,0.7688
45,orange,porcupine,dinosaur,lawn_mower,Q2,0.885331,0.68,random,4,0.3333,1.402
45,orange,porcupine,dinosaur,lawn_mower,Q2,0.885331,0.68,centroid,5,0.8133,0.4007
45,orange,porcupine,dinosaur,lawn_mower,Q2,0.885331,0.68,exemplar_knn_k3,5,0.82,1.3198
45,orange,porcupine,dinosaur,lawn_mower,Q2,0.885331,0.68,logreg,5,0.8,0.7514
45,orange,porcupine,dinosaur,lawn_mower,Q2,0.885331,0.68,random,5,0.28,1.1686
45,orange,porcupine,dinosaur,lawn_mower,Q2,0.885331,0.68,centroid,6,0.82,0.2855
45,orange,porcupine,dinosaur,lawn_mower,Q2,0.885331,0.68,exemplar_knn_k3,6,0.8133,1.0744
45,orange,porcupine,dinosaur,lawn_mower,Q2,0.885331,0.68,logreg,6,0.82,0.5897
45,orange,porcupine,dinosaur,lawn_mower,Q2,0.885331,0.68,random,6,0.2867,1.2121
45,orange,porcupine,dinosaur,lawn_mower,Q2,0.885331,0.68,centroid,7,0.82,0.3792
45,orange,porcupine,dinosaur,lawn_mower,Q2,0.885331,0.68,exemplar_knn_k3,7,0.8133,1.2519
45,orange,porcupine,dinosaur,lawn_mower,Q2,0.885331,0.68,logreg,7,0.82,0.7495
45,orange,porcupine,dinosaur,lawn_mower,Q2,0.885331,0.68,random,7,0.3333,1.1746
45,orange,porcupine,dinosaur,lawn_mower,Q2,0.885331,0.68,centroid,8,0.8333,0.3853
45,orange,porcupine,dinosaur,lawn_mower,Q2,0.885331,0.68,exemplar_knn_k3,8,0.8267,1.2401
45,orange,porcupine,dinosaur,lawn_mower,Q2,0.885331,0.68,logreg,8,0.8467,0.737
45,orange,porcupine,dinosaur,lawn_mower,Q2,0.885331,0.68,random,8,0.3933,1.1853
45,orange,porcupine,dinosaur,lawn_mower,Q2,0.885331,0.68,centroid,9,0.8333,0.2643
45,orange,porcupine,dinosaur,lawn_mower,Q2,0.885331,0.68,exemplar_knn_k3,9,0.8133,1.0353
45,orange,porcupine,dinosaur,lawn_mower,Q2,0.885331,0.68,logreg,9,0.86,0.5628
45,orange,porcupine,dinosaur,lawn_mower,Q2,0.885331,0.68,random,9,0.32,1.138
45,orange,porcupine,dinosaur,lawn_mower,Q2,0.885331,0.68,centroid,10,0.8533,0.2761
45,orange,porcupine,dinosaur,lawn_mower,Q2,0.885331,0.68,exemplar_knn_k3,10,0.86,1.0353
45,orange,porcupine,dinosaur,lawn_mower,Q2,0.885331,0.68,logreg,10,0.9133,0.5478
45,orange,porcupine,dinosaur,lawn_mower,Q2,0.885331,0.68,random,10,0.3,1.2676
45,orange,porcupine,dinosaur,lawn_mower,Q2,0.885331,0.68,centroid,11,0.8333,0.3742
45,orange,porcupine,dinosaur,lawn_mower,Q2,0.885331,0.68,exemplar_knn_k3,11,0.8267,1.2045
45,orange,porcupine,dinosaur,lawn_mower,Q2,0.885331,0.68,logreg,11,0.8333,0.7256
45,orange,porcupine,dinosaur,lawn_mower,Q2,0.885331,0.68,random,11,0.3467,1.2375
45,orange,porcupine,dinosaur,lawn_mower,Q2,0.885331,0.68,centroid,12,0.8533,0.2894
45,orange,porcupine,dinosaur,lawn_mower,Q2,0.885331,0.68,exemplar_knn_k3,12,0.84,1.1295
45,orange,porcupine,dinosaur,lawn_mower,Q2,0.885331,0.68,logreg,12,0.8533,0.5949
45,orange,porcupine,dinosaur,lawn_mower,Q2,0.885331,0.68,random,12,0.34,1.1609
45,orange,porcupine,dinosaur,lawn_mower,Q2,0.885331,0.68,centroid,13,0.9,0.2851
45,orange,porcupine,dinosaur,lawn_mower,Q2,0.885331,0.68,exemplar_knn_k3,13,0.92,1.0641
45,orange,porcupine,dinosaur,lawn_mower,Q2,0.885331,0.68,logreg,13,0.8933,0.5864
45,orange,porcupine,dinosaur,lawn_mower,Q2,0.885331,0.68,random,13,0.32,1.1765
45,orange,porcupine,dinosaur,lawn_mower,Q2,0.885331,0.68,centroid,14,0.88,0.3098
45,orange,porcupine,dinosaur,lawn_mower,Q2,0.885331,0.68,exemplar_knn_k3,14,0.86,1.0592
45,orange,porcupine,dinosaur,lawn_mower,Q2,0.885331,0.68,logreg,14,0.8933,0.6326
45,orange,porcupine,dinosaur,lawn_mower,Q2,0.885331,0.68,random,14,0.4,1.34
45,orange,porcupine,dinosaur,lawn_mower,Q2,0.885331,0.68,centroid,15,0.82,0.3848
45,orange,porcupine,dinosaur,lawn_mower,Q2,0.885331,0.68,exemplar_knn_k3,15,0.82,1.2686
45,orange,porcupine,dinosaur,lawn_mower,Q2,0.885331,0.68,logreg,15,0.82,0.7695
45,orange,porcupine,dinosaur,lawn_mower,Q2,0.885331,0.68,random,15,0.38,1.1773
45,orange,porcupine,dinosaur,lawn_mower,Q2,0.885331,0.68,centroid,16,0.84,0.3688
45,orange,porcupine,dinosaur,lawn_mower,Q2,0.885331,0.68,exemplar_knn_k3,16,0.8333,1.1969
45,orange,porcupine,dinosaur,lawn_mower,Q2,0.885331,0.68,logreg,16,0.84,0.7133
45,orange,porcupine,dinosaur,lawn_mower,Q2,0.885331,0.68,random,16,0.3333,1.1465
45,orange,porcupine,dinosaur,lawn_mower,Q2,0.885331,0.68,centroid,17,0.8333,0.3327
45,orange,porcupine,dinosaur,lawn_mower,Q2,0.885331,0.68,exemplar_knn_k3,17,0.82,1.1491
45,orange,porcupine,dinosaur,lawn_mower,Q2,0.885331,0.68,logreg,17,0.8467,0.6862
45,orange,porcupine,dinosaur,lawn_mower,Q2,0.885331,0.68,random,17,0.3333,1.1613
45,orange,porcupine,dinosaur,lawn_mower,Q2,0.885331,0.68,centroid,18,0.8067,0.309
45,orange,porcupine,dinosaur,lawn_mower,Q2,0.885331,0.68,exemplar_knn_k3,18,0.8267,1.1643
45,orange,porcupine,dinosaur,lawn_mower,Q2,0.885331,0.68,logreg,18,0.8067,0.618
45,orange,porcupine,dinosaur,lawn_mower,Q2,0.885331,0.68,random,18,0.3333,1.2985
45,orange,porcupine,dinosaur,lawn_mower,Q2,0.885331,0.68,centroid,19,0.8267,0.2865
45,orange,porcupine,dinosaur,lawn_mower,Q2,0.885331,0.68,exemplar_knn_k3,19,0.8467,1.1458
45,orange,porcupine,dinosaur,lawn_mower,Q2,0.885331,0.68,logreg,19,0.88,0.5731
45,orange,porcupine,dinosaur,lawn_mower,Q2,0.885331,0.68,random,19,0.3867,1.277
45,orange,porcupine,dinosaur,lawn_mower,Q2,0.885331,0.68,centroid,20,0.8133,0.3947
45,orange,porcupine,dinosaur,lawn_mower,Q2,0.885331,0.68,exemplar_knn_k3,20,0.8133,1.3109
45,orange,porcupine,dinosaur,lawn_mower,Q2,0.885331,0.68,logreg,20,0.8,0.7725
45,orange,porcupine,dinosaur,lawn_mower,Q2,0.885331,0.68,random,20,0.34,1.2279
45,orange,porcupine,dinosaur,lawn_mower,Q2,0.885331,0.68,centroid,21,0.82,0.292
45,orange,porcupine,dinosaur,lawn_mower,Q2,0.885331,0.68,exemplar_knn_k3,21,0.8,1.0718
45,orange,porcupine,dinosaur,lawn_mower,Q2,0.885331,0.68,logreg,21,0.82,0.5658
45,orange,porcupine,dinosaur,lawn_mower,Q2,0.885331,0.68,random,21,0.32,1.3015
45,orange,porcupine,dinosaur,lawn_mower,Q2,0.885331,0.68,centroid,22,0.8067,0.3796
45,orange,porcupine,dinosaur,lawn_mower,Q2,0.885331,0.68,exemplar_knn_k3,22,0.82,1.2739
45,orange,porcupine,dinosaur,lawn_mower,Q2,0.885331,0.68,logreg,22,0.8067,0.7326
45,orange,porcupine,dinosaur,lawn_mower,Q2,0.885331,0.68,random,22,0.3267,1.1847
45,orange,porcupine,dinosaur,lawn_mower,Q2,0.885331,0.68,centroid,23,0.82,0.3743
45,orange,porcupine,dinosaur,lawn_mower,Q2,0.885331,0.68,exemplar_knn_k3,23,0.8,1.2499
45,orange,porcupine,dinosaur,lawn_mower,Q2,0.885331,0.68,logreg,23,0.8133,0.7345
45,orange,porcupine,dinosaur,lawn_mower,Q2,0.885331,0.68,random,23,0.3467,1.2708
45,orange,porcupine,dinosaur,lawn_mower,Q2,0.885331,0.68,centroid,24,0.8333,0.3884
45,orange,porcupine,dinosaur,lawn_mower,Q2,0.885331,0.68,exemplar_knn_k3,24,0.82,1.2928
45,orange,porcupine,dinosaur,lawn_mower,Q2,0.885331,0.68,logreg,24,0.8267,0.7617
45,orange,porcupine,dinosaur,lawn_mower,Q2,0.885331,0.68,random,24,0.3067,1.2735
45,orange,porcupine,dinosaur,lawn_mower,Q2,0.885331,0.68,centroid,25,0.8267,0.3616
45,orange,porcupine,dinosaur,lawn_mower,Q2,0.885331,0.68,exemplar_knn_k3,25,0.82,1.241
45,orange,porcupine,dinosaur,lawn_mower,Q2,0.885331,0.68,logreg,25,0.82,0.7014
45,orange,porcupine,dinosaur,lawn_mower,Q2,0.885331,0.68,random,25,0.3467,1.2114
45,orange,porcupine,dinosaur,lawn_mower,Q2,0.885331,0.68,centroid,26,0.86,0.3785
45,orange,porcupine,dinosaur,lawn_mower,Q2,0.885331,0.68,exemplar_knn_k3,26,0.84,1.2919
45,orange,porcupine,dinosaur,lawn_mower,Q2,0.885331,0.68,logreg,26,0.9467,0.711
45,orange,porcupine,dinosaur,lawn_mower,Q2,0.885331,0.68,random,26,0.2933,1.3363
45,orange,porcupine,dinosaur,lawn_mower,Q2,0.885331,0.68,centroid,27,0.82,0.3976
45,orange,porcupine,dinosaur,lawn_mower,Q2,0.885331,0.68,exemplar_knn_k3,27,0.8067,1.2922
45,orange,porcupine,dinosaur,lawn_mower,Q2,0.885331,0.68,logreg,27,0.82,0.7727
45,orange,porcupine,dinosaur,lawn_mower,Q2,0.885331,0.68,random,27,0.3267,1.2704
45,orange,porcupine,dinosaur,lawn_mower,Q2,0.885331,0.68,centroid,28,0.8333,0.268
45,orange,porcupine,dinosaur,lawn_mower,Q2,0.885331,0.68,exemplar_knn_k3,28,0.9333,1.0504
45,orange,porcupine,dinosaur,lawn_mower,Q2,0.885331,0.68,logreg,28,0.8467,0.4967
45,orange,porcupine,dinosaur,lawn_mower,Q2,0.885331,0.68,random,28,0.4467,1.258
45,orange,porcupine,dinosaur,lawn_mower,Q2,0.885331,0.68,centroid,29,0.82,0.3965
45,orange,porcupine,dinosaur,lawn_mower,Q2,0.885331,0.68,exemplar_knn_k3,29,0.82,1.278
45,orange,porcupine,dinosaur,lawn_mower,Q2,0.885331,0.68,logreg,29,0.82,0.8057
45,orange,porcupine,dinosaur,lawn_mower,Q2,0.885331,0.68,random,29,0.32,1.2444
46,orchid,sea,fox,pine_tree,Q2,0.861732,0.764706,centroid,0,0.7867,0.3649
46,orchid,sea,fox,pine_tree,Q2,0.861732,0.764706,exemplar_knn_k3,0,0.8,1.3664
46,orchid,sea,fox,pine_tree,Q2,0.861732,0.764706,logreg,0,0.8,0.7305
46,orchid,sea,fox,pine_tree,Q2,0.861732,0.764706,random,0,0.3733,1.107
46,orchid,sea,fox,pine_tree,Q2,0.861732,0.764706,centroid,1,0.86,0.2454
46,orchid,sea,fox,pine_tree,Q2,0.861732,0.764706,exemplar_knn_k3,1,0.8267,1.0434
46,orchid,sea,fox,pine_tree,Q2,0.861732,0.764706,logreg,1,0.8067,0.5274
46,orchid,sea,fox,pine_tree,Q2,0.861732,0.764706,random,1,0.3933,1.1433
46,orchid,sea,fox,pine_tree,Q2,0.861732,0.764706,centroid,2,0.8133,0.3897
46,orchid,sea,fox,pine_tree,Q2,0.861732,0.764706,exemplar_knn_k3,2,0.8067,1.3536
46,orchid,sea,fox,pine_tree,Q2,0.861732,0.764706,logreg,2,0.8133,0.7335
46,orchid,sea,fox,pine_tree,Q2,0.861732,0.764706,random,2,0.3067,1.2588
46,orchid,sea,fox,pine_tree,Q2,0.861732,0.764706,centroid,3,0.84,0.2433
46,orchid,sea,fox,pine_tree,Q2,0.861732,0.764706,exemplar_knn_k3,3,0.8267,0.9879
46,orchid,sea,fox,pine_tree,Q2,0.861732,0.764706,logreg,3,0.82,0.5743
46,orchid,sea,fox,pine_tree,Q2,0.861732,0.764706,random,3,0.3467,1.2096
46,orchid,sea,fox,pine_tree,Q2,0.861732,0.764706,centroid,4,0.82,0.3855
46,orchid,sea,fox,pine_tree,Q2,0.861732,0.764706,exemplar_knn_k3,4,0.8067,1.3829
46,orchid,sea,fox,pine_tree,Q2,0.861732,0.764706,logreg,4,0.82,0.7622
46,orchid,sea,fox,pine_tree,Q2,0.861732,0.764706,random,4,0.3,1.4329
46,orchid,sea,fox,pine_tree,Q2,0.861732,0.764706,centroid,5,0.8133,0.3664
46,orchid,sea,fox,pine_tree,Q2,0.861732,0.764706,exemplar_knn_k3,5,0.8133,1.3404
46,orchid,sea,fox,pine_tree,Q2,0.861732,0.764706,logreg,5,0.8133,0.7396
46,orchid,sea,fox,pine_tree,Q2,0.861732,0.764706,random,5,0.3333,1.2863
46,orchid,sea,fox,pine_tree,Q2,0.861732,0.764706,centroid,6,0.8267,0.27
46,orchid,sea,fox,pine_tree,Q2,0.861732,0.764706,exemplar_knn_k3,6,0.8267,1.2334
46,orchid,sea,fox,pine_tree,Q2,0.861732,0.764706,logreg,6,0.7867,0.6079
46,orchid,sea,fox,pine_tree,Q2,0.861732,0.764706,random,6,0.3667,1.2001
46,orchid,sea,fox,pine_tree,Q2,0.861732,0.764706,centroid,7,0.82,0.3579
46,orchid,sea,fox,pine_tree,Q2,0.861732,0.764706,exemplar_knn_k3,7,0.82,1.2758
46,orchid,sea,fox,pine_tree,Q2,0.861732,0.764706,logreg,7,0.8267,0.7114
46,orchid,sea,fox,pine_tree,Q2,0.861732,0.764706,random,7,0.32,1.3463
46,orchid,sea,fox,pine_tree,Q2,0.861732,0.764706,centroid,8,0.8133,0.3848
46,orchid,sea,fox,pine_tree,Q2,0.861732,0.764706,exemplar_knn_k3,8,0.8067,1.3701
46,orchid,sea,fox,pine_tree,Q2,0.861732,0.764706,logreg,8,0.8133,0.7786
46,orchid,sea,fox,pine_tree,Q2,0.861732,0.764706,random,8,0.34,1.2242
46,orchid,sea,fox,pine_tree,Q2,0.861732,0.764706,centroid,9,0.84,0.2631
46,orchid,sea,fox,pine_tree,Q2,0.861732,0.764706,exemplar_knn_k3,9,0.8133,1.1786
46,orchid,sea,fox,pine_tree,Q2,0.861732,0.764706,logreg,9,0.8267,0.5911
46,orchid,sea,fox,pine_tree,Q2,0.861732,0.764706,random,9,0.3733,1.1985
46,orchid,sea,fox,pine_tree,Q2,0.861732,0.764706,centroid,10,0.8467,0.2209
46,orchid,sea,fox,pine_tree,Q2,0.861732,0.764706,exemplar_knn_k3,10,0.8133,0.9865
46,orchid,sea,fox,pine_tree,Q2,0.861732,0.764706,logreg,10,0.82,0.5025
46,orchid,sea,fox,pine_tree,Q2,0.861732,0.764706,random,10,0.3267,1.2708
46,orchid,sea,fox,pine_tree,Q2,0.861732,0.764706,centroid,11,0.8133,0.3571
46,orchid,sea,fox,pine_tree,Q2,0.861732,0.764706,exemplar_knn_k3,11,0.8133,1.3141
46,orchid,sea,fox,pine_tree,Q2,0.861732,0.764706,logreg,11,0.8133,0.6846
46,orchid,sea,fox,pine_tree,Q2,0.861732,0.764706,random,11,0.32,1.0489
46,orchid,sea,fox,pine_tree,Q2,0.861732,0.764706,centroid,12,0.84,0.2875
46,orchid,sea,fox,pine_tree,Q2,0.861732,0.764706,exemplar_knn_k3,12,0.8333,1.2436
46,orchid,sea,fox,pine_tree,Q2,0.861732,0.764706,logreg,12,0.8867,0.6201
46,orchid,sea,fox,pine_tree,Q2,0.861732,0.764706,random,12,0.3133,1.1781
46,orchid,sea,fox,pine_tree,Q2,0.861732,0.764706,centroid,13,0.8133,0.2565
46,orchid,sea,fox,pine_tree,Q2,0.861732,0.764706,exemplar_knn_k3,13,0.8067,1.1272
46,orchid,sea,fox,pine_tree,Q2,0.861732,0.764706,logreg,13,0.7933,0.576
46,orchid,sea,fox,pine_tree,Q2,0.861732,0.764706,random,13,0.3667,1.1802
46,orchid,sea,fox,pine_tree,Q2,0.861732,0.764706,centroid,14,0.8067,0.2677
46,orchid,sea,fox,pine_tree,Q2,0.861732,0.764706,exemplar_knn_k3,14,0.7933,1.1934
46,orchid,sea,fox,pine_tree,Q2,0.861732,0.764706,logreg,14,0.82,0.578
46,orchid,sea,fox,pine_tree,Q2,0.861732,0.764706,random,14,0.28,1.1879
46,orchid,sea,fox,pine_tree,Q2,0.861732,0.764706,centroid,15,0.82,0.3693
46,orchid,sea,fox,pine_tree,Q2,0.861732,0.764706,exemplar_knn_k3,15,0.82,1.3459
46,orchid,sea,fox,pine_tree,Q2,0.861732,0.764706,logreg,15,0.82,0.7534
46,orchid,sea,fox,pine_tree,Q2,0.861732,0.764706,random,15,0.3467,1.0859
46,orchid,sea,fox,pine_tree,Q2,0.861732,0.764706,centroid,16,0.82,0.3651
46,orchid,sea,fox,pine_tree,Q2,0.861732,0.764706,exemplar_knn_k3,16,0.8133,1.3281
46,orchid,sea,fox,pine_tree,Q2,0.861732,0.764706,logreg,16,0.82,0.7095
46,orchid,sea,fox,pine_tree,Q2,0.861732,0.764706,random,16,0.3333,1.0985
46,orchid,sea,fox,pine_tree,Q2,0.861732,0.764706,centroid,17,0.8067,0.3899
46,orchid,sea,fox,pine_tree,Q2,0.861732,0.764706,exemplar_knn_k3,17,0.8067,1.4013
46,orchid,sea,fox,pine_tree,Q2,0.861732,0.764706,logreg,17,0.8133,0.7556
46,orchid,sea,fox,pine_tree,Q2,0.861732,0.764706,random,17,0.3133,1.0631
46,orchid,sea,fox,pine_tree,Q2,0.861732,0.764706,centroid,18,0.8667,0.2967
46,orchid,sea,fox,pine_tree,Q2,0.861732,0.764706,exemplar_knn_k3,18,0.8533,1.2252
46,orchid,sea,fox,pine_tree,Q2,0.861732,0.764706,logreg,18,0.88,0.6482
46,orchid,sea,fox,pine_tree,Q2,0.861732,0.764706,random,18,0.2667,1.2436
46,orchid,sea,fox,pine_tree,Q2,0.861732,0.764706,centroid,19,0.7933,0.2247
46,orchid,sea,fox,pine_tree,Q2,0.861732,0.764706,exemplar_knn_k3,19,0.76,0.9255
46,orchid,sea,fox,pine_tree,Q2,0.861732,0.764706,logreg,19,0.7867,0.4736
46,orchid,sea,fox,pine_tree,Q2,0.861732,0.764706,random,19,0.32,1.1138
46,orchid,sea,fox,pine_tree,Q2,0.861732,0.764706,centroid,20,0.8067,0.3593
46,orchid,sea,fox,pine_tree,Q2,0.861732,0.764706,exemplar_knn_k3,20,0.8,1.3637
46,orchid,sea,fox,pine_tree,Q2,0.861732,0.764706,logreg,20,0.82,0.7276
46,orchid,sea,fox,pine_tree,Q2,0.861732,0.764706,random,20,0.36,1.2525
46,orchid,sea,fox,pine_tree,Q2,0.861732,0.764706,centroid,21,0.8133,0.2208
46,orchid,sea,fox,pine_tree,Q2,0.861732,0.764706,exemplar_knn_k3,21,0.8,1.007
46,orchid,sea,fox,pine_tree,Q2,0.861732,0.764706,logreg,21,0.8,0.4897
46,orchid,sea,fox,pine_tree,Q2,0.861732,0.764706,random,21,0.3467,1.2448
46,orchid,sea,fox,pine_tree,Q2,0.861732,0.764706,centroid,22,0.82,0.4057
46,orchid,sea,fox,pine_tree,Q2,0.861732,0.764706,exemplar_knn_k3,22,0.82,1.4343
46,orchid,sea,fox,pine_tree,Q2,0.861732,0.764706,logreg,22,0.82,0.7948
46,orchid,sea,fox,pine_tree,Q2,0.861732,0.764706,random,22,0.38,1.3754
46,orchid,sea,fox,pine_tree,Q2,0.861732,0.764706,centroid,23,0.8,0.3506
46,orchid,sea,fox,pine_tree,Q2,0.861732,0.764706,exemplar_knn_k3,23,0.8,1.3004
46,orchid,sea,fox,pine_tree,Q2,0.861732,0.764706,logreg,23,0.8,0.7028
46,orchid,sea,fox,pine_tree,Q2,0.861732,0.764706,random,23,0.3333,1.2177
46,orchid,sea,fox,pine_tree,Q2,0.861732,0.764706,centroid,24,0.8133,0.3604
46,orchid,sea,fox,pine_tree,Q2,0.861732,0.764706,exemplar_knn_k3,24,0.7933,1.3113
46,orchid,sea,fox,pine_tree,Q2,0.861732,0.764706,logreg,24,0.82,0.734
46,orchid,sea,fox,pine_tree,Q2,0.861732,0.764706,random,24,0.34,1.3359
46,orchid,sea,fox,pine_tree,Q2,0.861732,0.764706,centroid,25,0.8067,0.3499
46,orchid,sea,fox,pine_tree,Q2,0.861732,0.764706,exemplar_knn_k3,25,0.8067,1.1674
46,orchid,sea,fox,pine_tree,Q2,0.861732,0.764706,logreg,25,0.8133,0.7083
46,orchid,sea,fox,pine_tree,Q2,0.861732,0.764706,random,25,0.4067,1.236
46,orchid,sea,fox,pine_tree,Q2,0.861732,0.764706,centroid,26,0.8267,0.3525
46,orchid,sea,fox,pine_tree,Q2,0.861732,0.764706,exemplar_knn_k3,26,0.82,1.3356
46,orchid,sea,fox,pine_tree,Q2,0.861732,0.764706,logreg,26,0.9067,0.661
46,orchid,sea,fox,pine_tree,Q2,0.861732,0.764706,random,26,0.3133,1.4341
46,orchid,sea,fox,pine_tree,Q2,0.861732,0.764706,centroid,27,0.8067,0.3768
46,orchid,sea,fox,pine_tree,Q2,0.861732,0.764706,exemplar_knn_k3,27,0.8067,1.395
46,orchid,sea,fox,pine_tree,Q2,0.861732,0.764706,logreg,27,0.8067,0.7701
46,orchid,sea,fox,pine_tree,Q2,0.861732,0.764706,random,27,0.42,1.1608
46,orchid,sea,fox,pine_tree,Q2,0.861732,0.764706,centroid,28,0.8667,0.2434
46,orchid,sea,fox,pine_tree,Q2,0.861732,0.764706,exemplar_knn_k3,28,0.82,1.1929
46,orchid,sea,fox,pine_tree,Q2,0.861732,0.764706,logreg,28,0.8067,0.6124
46,orchid,sea,fox,pine_tree,Q2,0.861732,0.764706,random,28,0.3933,1.15
46,orchid,sea,fox,pine_tree,Q2,0.861732,0.764706,centroid,29,0.8133,0.3262
46,orchid,sea,fox,pine_tree,Q2,0.861732,0.764706,exemplar_knn_k3,29,0.8133,1.2801
46,orchid,sea,fox,pine_tree,Q2,0.861732,0.764706,logreg,29,0.8133,0.6761
46,orchid,sea,fox,pine_tree,Q2,0.861732,0.764706,random,29,0.2933,1.4032
47,ray,sweet_pepper,tulip,forest,Q2,0.764475,0.888889,centroid,0,0.8133,0.3
47,ray,sweet_pepper,tulip,forest,Q2,0.764475,0.888889,exemplar_knn_k3,0,0.8467,1.0921
47,ray,sweet_pepper,tulip,forest,Q2,0.764475,0.888889,logreg,0,0.8133,0.6082
47,ray,sweet_pepper,tulip,forest,Q2,0.764475,0.888889,random,0,0.2667,1.2939
47,ray,sweet_pepper,tulip,forest,Q2,0.764475,0.888889,centroid,1,0.8667,0.2736
47,ray,sweet_pepper,tulip,forest,Q2,0.764475,0.888889,exemplar_knn_k3,1,0.8467,0.9578
47,ray,sweet_pepper,tulip,forest,Q2,0.764475,0.888889,logreg,1,0.86,0.5199
47,ray,sweet_pepper,tulip,forest,Q2,0.764475,0.888889,random,1,0.3067,1.1561
47,ray,sweet_pepper,tulip,forest,Q2,0.764475,0.888889,centroid,2,0.8067,0.318
47,ray,sweet_pepper,tulip,forest,Q2,0.764475,0.888889,exemplar_knn_k3,2,0.8,1.1432
47,ray,sweet_pepper,tulip,forest,Q2,0.764475,0.888889,logreg,2,0.7933,0.6611
47,ray,sweet_pepper,tulip,forest,Q2,0.764475,0.888889,random,2,0.32,1.2108
47,ray,sweet_pepper,tulip,forest,Q2,0.764475,0.888889,centroid,3,0.8467,0.3198
47,ray,sweet_pepper,tulip,forest,Q2,0.764475,0.888889,exemplar_knn_k3,3,0.86,1.1148
47,ray,sweet_pepper,tulip,forest,Q2,0.764475,0.888889,logreg,3,0.8133,0.6248
47,ray,sweet_pepper,tulip,forest,Q2,0.764475,0.888889,random,3,0.36,1.2917
47,ray,sweet_pepper,tulip,forest,Q2,0.764475,0.888889,centroid,4,0.86,0.3374
47,ray,sweet_pepper,tulip,forest,Q2,0.764475,0.888889,exemplar_knn_k3,4,0.8467,1.2405
47,ray,sweet_pepper,tulip,forest,Q2,0.764475,0.888889,logreg,4,0.84,0.7034
47,ray,sweet_pepper,tulip,forest,Q2,0.764475,0.888889,random,4,0.34,1.2817
47,ray,sweet_pepper,tulip,forest,Q2,0.764475,0.888889,centroid,5,0.82,0.31
47,ray,sweet_pepper,tulip,forest,Q2,0.764475,0.888889,exemplar_knn_k3,5,0.8133,1.1606
47,ray,sweet_pepper,tulip,forest,Q2,0.764475,0.888889,logreg,5,0.8133,0.6593
47,ray,sweet_pepper,tulip,forest,Q2,0.764475,0.888889,random,5,0.2867,1.2131
47,ray,sweet_pepper,tulip,forest,Q2,0.764475,0.888889,centroid,6,0.8867,0.3042
47,ray,sweet_pepper,tulip,forest,Q2,0.764475,0.888889,exemplar_knn_k3,6,0.86,1.0271
47,ray,sweet_pepper,tulip,forest,Q2,0.764475,0.888889,logreg,6,0.88,0.595
47,ray,sweet_pepper,tulip,forest,Q2,0.764475,0.888889,random,6,0.3467,1.062
47,ray,sweet_pepper,tulip,forest,Q2,0.764475,0.888889,centroid,7,0.8467,0.3218
47,ray,sweet_pepper,tulip,forest,Q2,0.764475,0.888889,exemplar_knn_k3,7,0.8267,1.0841
47,ray,sweet_pepper,tulip,forest,Q2,0.764475,0.888889,logreg,7,0.84,0.6677
47,ray,sweet_pepper,tulip,forest,Q2,0.764475,0.888889,random,7,0.34,1.2042
47,ray,sweet_pepper,tulip,forest,Q2,0.764475,0.888889,centroid,8,0.8533,0.2993
47,ray,sweet_pepper,tulip,forest,Q2,0.764475,0.888889,exemplar_knn_k3,8,0.8467,1.0991
47,ray,sweet_pepper,tulip,forest,Q2,0.764475,0.888889,logreg,8,0.86,0.605
47,ray,sweet_pepper,tulip,forest,Q2,0.764475,0.888889,random,8,0.3733,1.119
47,ray,sweet_pepper,tulip,forest,Q2,0.764475,0.888889,centroid,9,0.8267,0.3283
47,ray,sweet_pepper,tulip,forest,Q2,0.764475,0.888889,exemplar_knn_k3,9,0.82,1.1523
47,ray,sweet_pepper,tulip,forest,Q2,0.764475,0.888889,logreg,9,0.82,0.6467
47,ray,sweet_pepper,tulip,forest,Q2,0.764475,0.888889,random,9,0.3733,1.3293
47,ray,sweet_pepper,tulip,forest,Q2,0.764475,0.888889,centroid,10,0.8133,0.259
47,ray,sweet_pepper,tulip,forest,Q2,0.764475,0.888889,exemplar_knn_k3,10,0.8067,1.0763
47,ray,sweet_pepper,tulip,forest,Q2,0.764475,0.888889,logreg,10,0.8,0.5464
47,ray,sweet_pepper,tulip,forest,Q2,0.764475,0.888889,random,10,0.4,1.2519
47,ray,sweet_pepper,tulip,forest,Q2,0.764475,0.888889,centroid,11,0.84,0.2565
47,ray,sweet_pepper,tulip,forest,Q2,0.764475,0.888889,exemplar_knn_k3,11,0.84,0.9493
47,ray,sweet_pepper,tulip,forest,Q2,0.764475,0.888889,logreg,11,0.8133,0.5355
47,ray,sweet_pepper,tulip,forest,Q2,0.764475,0.888889,random,11,0.3667,1.224
47,ray,sweet_pepper,tulip,forest,Q2,0.764475,0.888889,centroid,12,0.84,0.3174
47,ray,sweet_pepper,tulip,forest,Q2,0.764475,0.888889,exemplar_knn_k3,12,0.8267,1.1021
47,ray,sweet_pepper,tulip,forest,Q2,0.764475,0.888889,logreg,12,0.8133,0.6401
47,ray,sweet_pepper,tulip,forest,Q2,0.764475,0.888889,random,12,0.3267,1.1751
47,ray,sweet_pepper,tulip,forest,Q2,0.764475,0.888889,centroid,13,0.82,0.2759
47,ray,sweet_pepper,tulip,forest,Q2,0.764475,0.888889,exemplar_knn_k3,13,0.8333,1.0145
47,ray,sweet_pepper,tulip,forest,Q2,0.764475,0.888889,logreg,13,0.8133,0.5655
47,ray,sweet_pepper,tulip,forest,Q2,0.764475,0.888889,random,13,0.3,1.4385
47,ray,sweet_pepper,tulip,forest,Q2,0.764475,0.888889,centroid,14,0.8267,0.3032
47,ray,sweet_pepper,tulip,forest,Q2,0.764475,0.888889,exemplar_knn_k3,14,0.84,1.1223
47,ray,sweet_pepper,tulip,forest,Q2,0.764475,0.888889,logreg,14,0.8267,0.5985
47,ray,sweet_pepper,tulip,forest,Q2,0.764475,0.888889,random,14,0.34,1.1884
47,ray,sweet_pepper,tulip,forest,Q2,0.764475,0.888889,centroid,15,0.86,0.3367
47,ray,sweet_pepper,tulip,forest,Q2,0.764475,0.888889,exemplar_knn_k3,15,0.8533,1.1637
47,ray,sweet_pepper,tulip,forest,Q2,0.764475,0.888889,logreg,15,0.8133,0.7004
47,ray,sweet_pepper,tulip,forest,Q2,0.764475,0.888889,random,15,0.32,1.1643
47,ray,sweet_pepper,tulip,forest,Q2,0.764475,0.888889,centroid,16,0.8067,0.2965
47,ray,sweet_pepper,tulip,forest,Q2,0.764475,0.888889,exemplar_knn_k3,16,0.8333,1.0557
47,ray,sweet_pepper,tulip,forest,Q2,0.764475,0.888889,logreg,16,0.7867,0.6115
47,ray,sweet_pepper,tulip,forest,Q2,0.764475,0.888889,random,16,0.3867,1.1233
47,ray,sweet_pepper,tulip,forest,Q2,0.764475,0.888889,centroid,17,0.8267,0.3333
47,ray,sweet_pepper,tulip,forest,Q2,0.764475,0.888889,exemplar_knn_k3,17,0.86,1.1021
47,ray,sweet_pepper,tulip,forest,Q2,0.764475,0.888889,logreg,17,0.8067,0.713
47,ray,sweet_pepper,tulip,forest,Q2,0.764475,0.888889,random,17,0.3867,1.2746
47,ray,sweet_pepper,tulip,forest,Q2,0.764475,0.888889,centroid,18,0.88,0.3144
47,ray,sweet_pepper,tulip,forest,Q2,0.764475,0.888889,exemplar_knn_k3,18,0.8933,1.1229
47,ray,sweet_pepper,tulip,forest,Q2,0.764475,0.888889,logreg,18,0.8133,0.6492
47,ray,sweet_pepper,tulip,forest,Q2,0.764475,0.888889,random,18,0.32,1.3107
47,ray,sweet_pepper,tulip,forest,Q2,0.764475,0.888889,centroid,19,0.8733,0.2945
47,ray,sweet_pepper,tulip,forest,Q2,0.764475,0.888889,exemplar_knn_k3,19,0.88,1.0698
47,ray,sweet_pepper,tulip,forest,Q2,0.764475,0.888889,logreg,19,0.82,0.5893
47,ray,sweet_pepper,tulip,forest,Q2,0.764475,0.888889,random,19,0.3267,1.1298
47,ray,sweet_pepper,tulip,forest,Q2,0.764475,0.888889,centroid,20,0.8867,0.3082
47,ray,sweet_pepper,tulip,forest,Q2,0.764475,0.888889,exemplar_knn_k3,20,0.9133,1.0851
47,ray,sweet_pepper,tulip,forest,Q2,0.764475,0.888889,logreg,20,0.8667,0.6191
47,ray,sweet_pepper,tulip,forest,Q2,0.764475,0.888889,random,20,0.3267,1.2809
47,ray,sweet_pepper,tulip,forest,Q2,0.764475,0.888889,centroid,21,0.8533,0.3235
47,ray,sweet_pepper,tulip,forest,Q2,0.764475,0.888889,exemplar_knn_k3,21,0.8467,1.2271
47,ray,sweet_pepper,tulip,forest,Q2,0.764475,0.888889,logreg,21,0.82,0.6465
47,ray,sweet_pepper,tulip,forest,Q2,0.764475,0.888889,random,21,0.36,1.2318
47,ray,sweet_pepper,tulip,forest,Q2,0.764475,0.888889,centroid,22,0.8267,0.2805
47,ray,sweet_pepper,tulip,forest,Q2,0.764475,0.888889,exemplar_knn_k3,22,0.8467,1.0467
47,ray,sweet_pepper,tulip,forest,Q2,0.764475,0.888889,logreg,22,0.8067,0.5827
47,ray,sweet_pepper,tulip,forest,Q2,0.764475,0.888889,random,22,0.2933,1.3244
47,ray,sweet_pepper,tulip,forest,Q2,0.764475,0.888889,centroid,23,0.8667,0.2903
47,ray,sweet_pepper,tulip,forest,Q2,0.764475,0.888889,exemplar_knn_k3,23,0.88,1.0923
47,ray,sweet_pepper,tulip,forest,Q2,0.764475,0.888889,logreg,23,0.86,0.6083
47,ray,sweet_pepper,tulip,forest,Q2,0.764475,0.888889,random,23,0.32,1.2197
47,ray,sweet_pepper,tulip,forest,Q2,0.764475,0.888889,centroid,24,0.8133,0.2922
47,ray,sweet_pepper,tulip,forest,Q2,0.764475,0.888889,exemplar_knn_k3,24,0.8067,1.0815
47,ray,sweet_pepper,tulip,forest,Q2,0.764475,0.888889,logreg,24,0.8133,0.6217
47,ray,sweet_pepper,tulip,forest,Q2,0.764475,0.888889,random,24,0.3733,1.2491
47,ray,sweet_pepper,tulip,forest,Q2,0.764475,0.888889,centroid,25,0.8533,0.2874
47,ray,sweet_pepper,tulip,forest,Q2,0.764475,0.888889,exemplar_knn_k3,25,0.8467,1.1115
47,ray,sweet_pepper,tulip,forest,Q2,0.764475,0.888889,logreg,25,0.84,0.6264
47,ray,sweet_pepper,tulip,forest,Q2,0.764475,0.888889,random,25,0.36,1.2373
47,ray,sweet_pepper,tulip,forest,Q2,0.764475,0.888889,centroid,26,0.82,0.3169
47,ray,sweet_pepper,tulip,forest,Q2,0.764475,0.888889,exemplar_knn_k3,26,0.8133,1.1034
47,ray,sweet_pepper,tulip,forest,Q2,0.764475,0.888889,logreg,26,0.82,0.6667
47,ray,sweet_pepper,tulip,forest,Q2,0.764475,0.888889,random,26,0.44,1.2754
47,ray,sweet_pepper,tulip,forest,Q2,0.764475,0.888889,centroid,27,0.82,0.2847
47,ray,sweet_pepper,tulip,forest,Q2,0.764475,0.888889,exemplar_knn_k3,27,0.82,1.0521
47,ray,sweet_pepper,tulip,forest,Q2,0.764475,0.888889,logreg,27,0.82,0.5641
47,ray,sweet_pepper,tulip,forest,Q2,0.764475,0.888889,random,27,0.3,1.2105
47,ray,sweet_pepper,tulip,forest,Q2,0.764475,0.888889,centroid,28,0.8333,0.3329
47,ray,sweet_pepper,tulip,forest,Q2,0.764475,0.888889,exemplar_knn_k3,28,0.8333,1.1429
47,ray,sweet_pepper,tulip,forest,Q2,0.764475,0.888889,logreg,28,0.8067,0.663
47,ray,sweet_pepper,tulip,forest,Q2,0.764475,0.888889,random,28,0.3733,1.1804
47,ray,sweet_pepper,tulip,forest,Q2,0.764475,0.888889,centroid,29,0.82,0.2937
47,ray,sweet_pepper,tulip,forest,Q2,0.764475,0.888889,exemplar_knn_k3,29,0.8,1.0595
47,ray,sweet_pepper,tulip,forest,Q2,0.764475,0.888889,logreg,29,0.8267,0.5834
47,ray,sweet_pepper,tulip,forest,Q2,0.764475,0.888889,random,29,0.3467,1.1491
48,rose,sea,worm,house,Q2,0.79536,0.75,centroid,0,0.8067,0.3126
48,rose,sea,worm,house,Q2,0.79536,0.75,exemplar_knn_k3,0,0.8,1.1177
48,rose,sea,worm,house,Q2,0.79536,0.75,logreg,0,0.8467,0.6155
48,rose,sea,worm,house,Q2,0.79536,0.75,random,0,0.3733,1.1738
48,rose,sea,worm,house,Q2,0.79536,0.75,centroid,1,0.84,0.2953
48,rose,sea,worm,house,Q2,0.79536,0.75,exemplar_knn_k3,1,0.8333,1.1994
48,rose,sea,worm,house,Q2,0.79536,0.75,logreg,1,0.8467,0.6252
48,rose,sea,worm,house,Q2,0.79536,0.75,random,1,0.24,1.1766
48,rose,sea,worm,house,Q2,0.79536,0.75,centroid,2,0.82,0.3438
48,rose,sea,worm,house,Q2,0.79536,0.75,exemplar_knn_k3,2,0.84,1.1696
48,rose,sea,worm,house,Q2,0.79536,0.75,logreg,2,0.82,0.6516
48,rose,sea,worm,house,Q2,0.79536,0.75,random,2,0.3667,1.1945
48,rose,sea,worm,house,Q2,0.79536,0.75,centroid,3,0.8467,0.2756
48,rose,sea,worm,house,Q2,0.79536,0.75,exemplar_knn_k3,3,0.8333,1.069
48,rose,sea,worm,house,Q2,0.79536,0.75,logreg,3,0.8267,0.5901
48,rose,sea,worm,house,Q2,0.79536,0.75,random,3,0.4267,1.195
48,rose,sea,worm,house,Q2,0.79536,0.75,centroid,4,0.82,0.3458
48,rose,sea,worm,house,Q2,0.79536,0.75,exemplar_knn_k3,4,0.82,1.138
48,rose,sea,worm,house,Q2,0.79536,0.75,logreg,4,0.8133,0.6824
48,rose,sea,worm,house,Q2,0.79536,0.75,random,4,0.3467,1.0542
48,rose,sea,worm,house,Q2,0.79536,0.75,centroid,5,0.8067,0.3458
48,rose,sea,worm,house,Q2,0.79536,0.75,exemplar_knn_k3,5,0.8,1.1759
48,rose,sea,worm,house,Q2,0.79536,0.75,logreg,5,0.8067,0.6892
48,rose,sea,worm,house,Q2,0.79536,0.75,random,5,0.3667,1.2005
48,rose,sea,worm,house,Q2,0.79536,0.75,centroid,6,0.84,0.309
48,rose,sea,worm,house,Q2,0.79536,0.75,exemplar_knn_k3,6,0.8533,1.1868
48,rose,sea,worm,house,Q2,0.79536,0.75,logreg,6,0.7933,0.6537
48,rose,sea,worm,house,Q2,0.79536,0.75,random,6,0.3467,1.19
48,rose,sea,worm,house,Q2,0.79536,0.75,centroid,7,0.8133,0.3012
48,rose,sea,worm,house,Q2,0.79536,0.75,exemplar_knn_k3,7,0.8133,1.0547
48,rose,sea,worm,house,Q2,0.79536,0.75,logreg,7,0.8133,0.6204
48,rose,sea,worm,house,Q2,0.79536,0.75,random,7,0.38,1.1034
48,rose,sea,worm,house,Q2,0.79536,0.75,centroid,8,0.82,0.3247
48,rose,sea,worm,house,Q2,0.79536,0.75,exemplar_knn_k3,8,0.8267,1.1569
48,rose,sea,worm,house,Q2,0.79536,0.75,logreg,8,0.82,0.6769
48,rose,sea,worm,house,Q2,0.79536,0.75,random,8,0.34,1.2541
48,rose,sea,worm,house,Q2,0.79536,0.75,centroid,9,0.8467,0.2997
48,rose,sea,worm,house,Q2,0.79536,0.75,exemplar_knn_k3,9,0.8533,1.1992
48,rose,sea,worm,house,Q2,0.79536,0.75,logreg,9,0.8467,0.6185
48,rose,sea,worm,house,Q2,0.79536,0.75,random,9,0.3533,1.3794
48,rose,sea,worm,house,Q2,0.79536,0.75,centroid,10,0.8733,0.268
48,rose,sea,worm,house,Q2,0.79536,0.75,exemplar_knn_k3,10,0.88,1.0577
48,rose,sea,worm,house,Q2,0.79536,0.75,logreg,10,0.8333,0.5851
48,rose,sea,worm,house,Q2,0.79536,0.75,random,10,0.3267,1.1986
48,rose,sea,worm,house,Q2,0.79536,0.75,centroid,11,0.82,0.3458
48,rose,sea,worm,house,Q2,0.79536,0.75,exemplar_knn_k3,11,0.82,1.2087
48,rose,sea,worm,house,Q2,0.79536,0.75,logreg,11,0.82,0.6706
48,rose,sea,worm,house,Q2,0.79536,0.75,random,11,0.3667,1.3014
48,rose,sea,worm,house,Q2,0.79536,0.75,centroid,12,0.8133,0.2767
48,rose,sea,worm,house,Q2,0.79536,0.75,exemplar_knn_k3,12,0.8133,1.1022
48,rose,sea,worm,house,Q2,0.79536,0.75,logreg,12,0.8133,0.6094
48,rose,sea,worm,house,Q2,0.79536,0.75,random,12,0.2867,1.3625
48,rose,sea,worm,house,Q2,0.79536,0.75,centroid,13,0.8333,0.2583
48,rose,sea,worm,house,Q2,0.79536,0.75,exemplar_knn_k3,13,0.84,1.0816
48,rose,sea,worm,house,Q2,0.79536,0.75,logreg,13,0.82,0.5942
48,rose,sea,worm,house,Q2,0.79536,0.75,random,13,0.34,1.1058
48,rose,sea,worm,house,Q2,0.79536,0.75,centroid,14,0.8133,0.2979
48,rose,sea,worm,house,Q2,0.79536,0.75,exemplar_knn_k3,14,0.8,1.1059
48,rose,sea,worm,house,Q2,0.79536,0.75,logreg,14,0.82,0.6251
48,rose,sea,worm,house,Q2,0.79536,0.75,random,14,0.3467,1.0426
48,rose,sea,worm,house,Q2,0.79536,0.75,centroid,15,0.8067,0.3596
48,rose,sea,worm,house,Q2,0.79536,0.75,exemplar_knn_k3,15,0.8067,1.2247
48,rose,sea,worm,house,Q2,0.79536,0.75,logreg,15,0.8,0.7228
48,rose,sea,worm,house,Q2,0.79536,0.75,random,15,0.32,1.2375
48,rose,sea,worm,house,Q2,0.79536,0.75,centroid,16,0.8133,0.34
48,rose,sea,worm,house,Q2,0.79536,0.75,exemplar_knn_k3,16,0.8133,1.206
48,rose,sea,worm,house,Q2,0.79536,0.75,logreg,16,0.82,0.6745
48,rose,sea,worm,house,Q2,0.79536,0.75,random,16,0.3333,1.1313
48,rose,sea,worm,house,Q2,0.79536,0.75,centroid,17,0.8133,0.3116
48,rose,sea,worm,house,Q2,0.79536,0.75,exemplar_knn_k3,17,0.8133,1.1379
48,rose,sea,worm,house,Q2,0.79536,0.75,logreg,17,0.8133,0.6394
48,rose,sea,worm,house,Q2,0.79536,0.75,random,17,0.38,1.1042
48,rose,sea,worm,house,Q2,0.79536,0.75,centroid,18,0.8267,0.2614
48,rose,sea,worm,house,Q2,0.79536,0.75,exemplar_knn_k3,18,0.84,1.1476
48,rose,sea,worm,house,Q2,0.79536,0.75,logreg,18,0.8333,0.5742
48,rose,sea,worm,house,Q2,0.79536,0.75,random,18,0.3467,1.1935
48,rose,sea,worm,house,Q2,0.79536,0.75,centroid,19,0.8533,0.2775
48,rose,sea,worm,house,Q2,0.79536,0.75,exemplar_knn_k3,19,0.82,1.0713
48,rose,sea,worm,house,Q2,0.79536,0.75,logreg,19,0.82,0.6035
48,rose,sea,worm,house,Q2,0.79536,0.75,random,19,0.36,1.1103
48,rose,sea,worm,house,Q2,0.79536,0.75,centroid,20,0.8133,0.3276
48,rose,sea,worm,house,Q2,0.79536,0.75,exemplar_knn_k3,20,0.8,1.1049
48,rose,sea,worm,house,Q2,0.79536,0.75,logreg,20,0.8,0.6454
48,rose,sea,worm,house,Q2,0.79536,0.75,random,20,0.2667,1.2722
48,rose,sea,worm,house,Q2,0.79536,0.75,centroid,21,0.8267,0.2515
48,rose,sea,worm,house,Q2,0.79536,0.75,exemplar_knn_k3,21,0.8133,1.0983
48,rose,sea,worm,house,Q2,0.79536,0.75,logreg,21,0.8267,0.5544
48,rose,sea,worm,house,Q2,0.79536,0.75,random,21,0.3,1.2118
48,rose,sea,worm,house,Q2,0.79536,0.75,centroid,22,0.82,0.3456
48,rose,sea,worm,house,Q2,0.79536,0.75,exemplar_knn_k3,22,0.82,1.1991
48,rose,sea,worm,house,Q2,0.79536,0.75,logreg,22,0.82,0.7033
48,rose,sea,worm,house,Q2,0.79536,0.75,random,22,0.3533,1.221
48,rose,sea,worm,house,Q2,0.79536,0.75,centroid,23,0.82,0.3618
48,rose,sea,worm,house,Q2,0.79536,0.75,exemplar_knn_k3,23,0.82,1.253
48,rose,sea,worm,house,Q2,0.79536,0.75,logreg,23,0.84,0.6992
48,rose,sea,worm,house,Q2,0.79536,0.75,random,23,0.3267,0.9977
48,rose,sea,worm,house,Q2,0.79536,0.75,centroid,24,0.8133,0.3437
48,rose,sea,worm,house,Q2,0.79536,0.75,exemplar_knn_k3,24,0.8133,1.2018
48,rose,sea,worm,house,Q2,0.79536,0.75,logreg,24,0.82,0.6942
48,rose,sea,worm,house,Q2,0.79536,0.75,random,24,0.3533,1.3181
48,rose,sea,worm,house,Q2,0.79536,0.75,centroid,25,0.8133,0.3292
48,rose,sea,worm,house,Q2,0.79536,0.75,exemplar_knn_k3,25,0.8133,1.1336
48,rose,sea,worm,house,Q2,0.79536,0.75,logreg,25,0.8067,0.6529
48,rose,sea,worm,house,Q2,0.79536,0.75,random,25,0.32,1.2701
48,rose,sea,worm,house,Q2,0.79536,0.75,centroid,26,0.8067,0.3406
48,rose,sea,worm,house,Q2,0.79536,0.75,exemplar_knn_k3,26,0.7933,1.204
48,rose,sea,worm,house,Q2,0.79536,0.75,logreg,26,0.8067,0.6764
48,rose,sea,worm,house,Q2,0.79536,0.75,random,26,0.2733,1.2269
48,rose,sea,worm,house,Q2,0.79536,0.75,centroid,27,0.8133,0.3484
48,rose,sea,worm,house,Q2,0.79536,0.75,exemplar_knn_k3,27,0.82,1.2598
48,rose,sea,worm,house,Q2,0.79536,0.75,logreg,27,0.8267,0.6768
48,rose,sea,worm,house,Q2,0.79536,0.75,random,27,0.36,1.0604
48,rose,sea,worm,house,Q2,0.79536,0.75,centroid,28,0.82,0.2786
48,rose,sea,worm,house,Q2,0.79536,0.75,exemplar_knn_k3,28,0.82,1.1571
48,rose,sea,worm,house,Q2,0.79536,0.75,logreg,28,0.82,0.6343
48,rose,sea,worm,house,Q2,0.79536,0.75,random,28,0.3333,1.1968
48,rose,sea,worm,house,Q2,0.79536,0.75,centroid,29,0.8133,0.3333
48,rose,sea,worm,house,Q2,0.79536,0.75,exemplar_knn_k3,29,0.8133,1.1213
48,rose,sea,worm,house,Q2,0.79536,0.75,logreg,29,0.82,0.6539
48,rose,sea,worm,house,Q2,0.79536,0.75,random,29,0.3067,1.3048
49,squirrel,telephone,seal,lizard,Q2,0.764119,0.636364,centroid,0,0.68,0.1264
49,squirrel,telephone,seal,lizard,Q2,0.764119,0.636364,exemplar_knn_k3,0,0.6533,0.6175
49,squirrel,telephone,seal,lizard,Q2,0.764119,0.636364,logreg,0,0.7933,0.2723
49,squirrel,telephone,seal,lizard,Q2,0.764119,0.636364,random,0,0.2867,1.2824
49,squirrel,telephone,seal,lizard,Q2,0.764119,0.636364,centroid,1,0.8,0.2286
49,squirrel,telephone,seal,lizard,Q2,0.764119,0.636364,exemplar_knn_k3,1,0.78,0.9533
49,squirrel,telephone,seal,lizard,Q2,0.764119,0.636364,logreg,1,0.7933,0.4698
49,squirrel,telephone,seal,lizard,Q2,0.764119,0.636364,random,1,0.34,1.3114
49,squirrel,telephone,seal,lizard,Q2,0.764119,0.636364,centroid,2,0.7133,0.1218
49,squirrel,telephone,seal,lizard,Q2,0.764119,0.636364,exemplar_knn_k3,2,0.7333,0.5722
49,squirrel,telephone,seal,lizard,Q2,0.764119,0.636364,logreg,2,0.7133,0.2991
49,squirrel,telephone,seal,lizard,Q2,0.764119,0.636364,random,2,0.3333,1.1322
49,squirrel,telephone,seal,lizard,Q2,0.764119,0.636364,centroid,3,0.76,0.2106
49,squirrel,telephone,seal,lizard,Q2,0.764119,0.636364,exemplar_knn_k3,3,0.74,0.8934
49,squirrel,telephone,seal,lizard,Q2,0.764119,0.636364,logreg,3,0.7667,0.4341
49,squirrel,telephone,seal,lizard,Q2,0.764119,0.636364,random,3,0.38,1.1031
49,squirrel,telephone,seal,lizard,Q2,0.764119,0.636364,centroid,4,0.7933,0.1214
49,squirrel,telephone,seal,lizard,Q2,0.764119,0.636364,exemplar_knn_k3,4,0.74,0.6332
49,squirrel,telephone,seal,lizard,Q2,0.764119,0.636364,logreg,4,0.7533,0.3025
49,squirrel,telephone,seal,lizard,Q2,0.764119,0.636364,random,4,0.3333,1.3122
49,squirrel,telephone,seal,lizard,Q2,0.764119,0.636364,centroid,5,0.7467,0.1342
49,squirrel,telephone,seal,lizard,Q2,0.764119,0.636364,exemplar_knn_k3,5,0.7867,0.7279
49,squirrel,telephone,seal,lizard,Q2,0.764119,0.636364,logreg,5,0.72,0.3317
49,squirrel,telephone,seal,lizard,Q2,0.764119,0.636364,random,5,0.3133,1.197
49,squirrel,telephone,seal,lizard,Q2,0.764119,0.636364,centroid,6,0.76,0.2085
49,squirrel,telephone,seal,lizard,Q2,0.764119,0.636364,exemplar_knn_k3,6,0.7467,0.8584
49,squirrel,telephone,seal,lizard,Q2,0.764119,0.636364,logreg,6,0.7667,0.4241
49,squirrel,telephone,seal,lizard,Q2,0.764119,0.636364,random,6,0.3467,1.2559
49,squirrel,telephone,seal,lizard,Q2,0.764119,0.636364,centroid,7,0.7667,0.1213
49,squirrel,telephone,seal,lizard,Q2,0.764119,0.636364,exemplar_knn_k3,7,0.74,0.5657
49,squirrel,telephone,seal,lizard,Q2,0.764119,0.636364,logreg,7,0.7533,0.2786
49,squirrel,telephone,seal,lizard,Q2,0.764119,0.636364,random,7,0.3267,1.2769
49,squirrel,telephone,seal,lizard,Q2,0.764119,0.636364,centroid,8,0.6733,0.139
49,squirrel,telephone,seal,lizard,Q2,0.764119,0.636364,exemplar_knn_k3,8,0.6133,0.6523
49,squirrel,telephone,seal,lizard,Q2,0.764119,0.636364,logreg,8,0.6667,0.309
49,squirrel,telephone,seal,lizard,Q2,0.764119,0.636364,random,8,0.3,1.3399
49,squirrel,telephone,seal,lizard,Q2,0.764119,0.636364,centroid,9,0.7867,0.2436
49,squirrel,telephone,seal,lizard,Q2,0.764119,0.636364,exemplar_knn_k3,9,0.7533,0.8528
49,squirrel,telephone,seal,lizard,Q2,0.764119,0.636364,logreg,9,0.7867,0.4769
49,squirrel,telephone,seal,lizard,Q2,0.764119,0.636364,random,9,0.32,1.1883
49,squirrel,telephone,seal,lizard,Q2,0.764119,0.636364,centroid,10,0.78,0.196
49,squirrel,telephone,seal,lizard,Q2,0.764119,0.636364,exemplar_knn_k3,10,0.8,0.8533
49,squirrel,telephone,seal,lizard,Q2,0.764119,0.636364,logreg,10,0.78,0.4331
49,squirrel,telephone,seal,lizard,Q2,0.764119,0.636364,random,10,0.3467,1.3339
49,squirrel,telephone,seal,lizard,Q2,0.764119,0.636364,centroid,11,0.7733,0.125
49,squirrel,telephone,seal,lizard,Q2,0.764119,0.636364,exemplar_knn_k3,11,0.7467,0.5637
49,squirrel,telephone,seal,lizard,Q2,0.764119,0.636364,logreg,11,0.7733,0.2809
49,squirrel,telephone,seal,lizard,Q2,0.764119,0.636364,random,11,0.2867,1.1405
49,squirrel,telephone,seal,lizard,Q2,0.764119,0.636364,centroid,12,0.7733,0.2188
49,squirrel,telephone,seal,lizard,Q2,0.764119,0.636364,exemplar_knn_k3,12,0.7867,0.8377
49,squirrel,telephone,seal,lizard,Q2,0.764119,0.636364,logreg,12,0.7667,0.4382
49,squirrel,telephone,seal,lizard,Q2,0.764119,0.636364,random,12,0.3333,1.388
49,squirrel,telephone,seal,lizard,Q2,0.764119,0.636364,centroid,13,0.7267,0.1821
49,squirrel,telephone,seal,lizard,Q2,0.764119,0.636364,exemplar_knn_k3,13,0.72,0.7842
49,squirrel,telephone,seal,lizard,Q2,0.764119,0.636364,logreg,13,0.74,0.3745
49,squirrel,telephone,seal,lizard,Q2,0.764119,0.636364,random,13,0.3267,1.2755
49,squirrel,telephone,seal,lizard,Q2,0.764119,0.636364,centroid,14,0.7467,0.2267
49,squirrel,telephone,seal,lizard,Q2,0.764119,0.636364,exemplar_knn_k3,14,0.7267,0.8894
49,squirrel,telephone,seal,lizard,Q2,0.764119,0.636364,logreg,14,0.7667,0.4524
49,squirrel,telephone,seal,lizard,Q2,0.764119,0.636364,random,14,0.3533,1.4241
49,squirrel,telephone,seal,lizard,Q2,0.764119,0.636364,centroid,15,0.7467,0.1558
49,squirrel,telephone,seal,lizard,Q2,0.764119,0.636364,exemplar_knn_k3,15,0.7667,0.7251
49,squirrel,telephone,seal,lizard,Q2,0.764119,0.636364,logreg,15,0.7333,0.3482
49,squirrel,telephone,seal,lizard,Q2,0.764119,0.636364,random,15,0.3267,1.284
49,squirrel,telephone,seal,lizard,Q2,0.764119,0.636364,centroid,16,0.7067,0.1109
49,squirrel,telephone,seal,lizard,Q2,0.764119,0.636364,exemplar_knn_k3,16,0.7,0.5657
49,squirrel,telephone,seal,lizard,Q2,0.764119,0.636364,logreg,16,0.68,0.2846
49,squirrel,telephone,seal,lizard,Q2,0.764119,0.636364,random,16,0.36,1.1471
49,squirrel,telephone,seal,lizard,Q2,0.764119,0.636364,centroid,17,0.6533,0.1106
49,squirrel,telephone,seal,lizard,Q2,0.764119,0.636364,exemplar_knn_k3,17,0.6467,0.5612
49,squirrel,telephone,seal,lizard,Q2,0.764119,0.636364,logreg,17,0.6733,0.2662
49,squirrel,telephone,seal,lizard,Q2,0.764119,0.636364,random,17,0.34,1.2573
49,squirrel,telephone,seal,lizard,Q2,0.764119,0.636364,centroid,18,0.78,0.2095
49,squirrel,telephone,seal,lizard,Q2,0.764119,0.636364,exemplar_knn_k3,18,0.7667,0.8085
49,squirrel,telephone,seal,lizard,Q2,0.764119,0.636364,logreg,18,0.7933,0.4263
49,squirrel,telephone,seal,lizard,Q2,0.764119,0.636364,random,18,0.3533,1.0861
49,squirrel,telephone,seal,lizard,Q2,0.764119,0.636364,centroid,19,0.7867,0.1957
49,squirrel,telephone,seal,lizard,Q2,0.764119,0.636364,exemplar_knn_k3,19,0.78,0.8242
49,squirrel,telephone,seal,lizard,Q2,0.764119,0.636364,logreg,19,0.7733,0.401
49,squirrel,telephone,seal,lizard,Q2,0.764119,0.636364,random,19,0.3467,1.138
49,squirrel,telephone,seal,lizard,Q2,0.764119,0.636364,centroid,20,0.74,0.1157
49,squirrel,telephone,seal,lizard,Q2,0.764119,0.636364,exemplar_knn_k3,20,0.7333,0.6401
49,squirrel,telephone,seal,lizard,Q2,0.764119,0.636364,logreg,20,0.7533,0.2666
49,squirrel,telephone,seal,lizard,Q2,0.764119,0.636364,random,20,0.4533,1.2931
49,squirrel,telephone,seal,lizard,Q2,0.764119,0.636364,centroid,21,0.7733,0.2093
49,squirrel,telephone,seal,lizard,Q2,0.764119,0.636364,exemplar_knn_k3,21,0.7733,0.861
49,squirrel,telephone,seal,lizard,Q2,0.764119,0.636364,logreg,21,0.76,0.4236
49,squirrel,telephone,seal,lizard,Q2,0.764119,0.636364,random,21,0.38,1.2255
49,squirrel,telephone,seal,lizard,Q2,0.764119,0.636364,centroid,22,0.7267,0.1412
49,squirrel,telephone,seal,lizard,Q2,0.764119,0.636364,exemplar_knn_k3,22,0.6933,0.6914
49,squirrel,telephone,seal,lizard,Q2,0.764119,0.636364,logreg,22,0.7133,0.3256
49,squirrel,telephone,seal,lizard,Q2,0.764119,0.636364,random,22,0.36,1.2411
49,squirrel,telephone,seal,lizard,Q2,0.764119,0.636364,centroid,23,0.72,0.1074
49,squirrel,telephone,seal,lizard,Q2,0.764119,0.636364,exemplar_knn_k3,23,0.6133,0.507
49,squirrel,telephone,seal,lizard,Q2,0.764119,0.636364,logreg,23,0.72,0.2642
49,squirrel,telephone,seal,lizard,Q2,0.764119,0.636364,random,23,0.2933,1.2612
49,squirrel,telephone,seal,lizard,Q2,0.764119,0.636364,centroid,24,0.72,0.1363
49,squirrel,telephone,seal,lizard,Q2,0.764119,0.636364,exemplar_knn_k3,24,0.72,0.5781
49,squirrel,telephone,seal,lizard,Q2,0.764119,0.636364,logreg,24,0.7133,0.2935
49,squirrel,telephone,seal,lizard,Q2,0.764119,0.636364,random,24,0.3533,1.125
49,squirrel,telephone,seal,lizard,Q2,0.764119,0.636364,centroid,25,0.7733,0.1371
49,squirrel,telephone,seal,lizard,Q2,0.764119,0.636364,exemplar_knn_k3,25,0.7067,0.6171
49,squirrel,telephone,seal,lizard,Q2,0.764119,0.636364,logreg,25,0.7333,0.308
49,squirrel,telephone,seal,lizard,Q2,0.764119,0.636364,random,25,0.3067,1.262
49,squirrel,telephone,seal,lizard,Q2,0.764119,0.636364,centroid,26,0.7333,0.1448
49,squirrel,telephone,seal,lizard,Q2,0.764119,0.636364,exemplar_knn_k3,26,0.7133,0.6759
49,squirrel,telephone,seal,lizard,Q2,0.764119,0.636364,logreg,26,0.72,0.322
49,squirrel,telephone,seal,lizard,Q2,0.764119,0.636364,random,26,0.3667,1.2998
49,squirrel,telephone,seal,lizard,Q2,0.764119,0.636364,centroid,27,0.7267,0.1292
49,squirrel,telephone,seal,lizard,Q2,0.764119,0.636364,exemplar_knn_k3,27,0.7,0.5865
49,squirrel,telephone,seal,lizard,Q2,0.764119,0.636364,logreg,27,0.7333,0.2916
49,squirrel,telephone,seal,lizard,Q2,0.764119,0.636364,random,27,0.3267,1.2427
49,squirrel,telephone,seal,lizard,Q2,0.764119,0.636364,centroid,28,0.76,0.1734
49,squirrel,telephone,seal,lizard,Q2,0.764119,0.636364,exemplar_knn_k3,28,0.72,0.733
49,squirrel,telephone,seal,lizard,Q2,0.764119,0.636364,logreg,28,0.72,0.3757
49,squirrel,telephone,seal,lizard,Q2,0.764119,0.636364,random,28,0.3733,1.1675
49,squirrel,telephone,seal,lizard,Q2,0.764119,0.636364,centroid,29,0.7133,0.1156
49,squirrel,telephone,seal,lizard,Q2,0.764119,0.636364,exemplar_knn_k3,29,0.6933,0.6258
49,squirrel,telephone,seal,lizard,Q2,0.764119,0.636364,logreg,29,0.7333,0.2711
49,squirrel,telephone,seal,lizard,Q2,0.764119,0.636364,random,29,0.3467,1.2946
50,apple,cup,crocodile,keyboard,Q3,0.716807,0.578947,centroid,0,0.8333,0.3464
50,apple,cup,crocodile,keyboard,Q3,0.716807,0.578947,exemplar_knn_k3,0,0.8467,1.1537
50,apple,cup,crocodile,keyboard,Q3,0.716807,0.578947,logreg,0,0.8067,0.6964
50,apple,cup,crocodile,keyboard,Q3,0.716807,0.578947,random,0,0.3133,1.1859
50,apple,cup,crocodile,keyboard,Q3,0.716807,0.578947,centroid,1,0.9733,0.3471
50,apple,cup,crocodile,keyboard,Q3,0.716807,0.578947,exemplar_knn_k3,1,0.98,1.1075
50,apple,cup,crocodile,keyboard,Q3,0.716807,0.578947,logreg,1,0.9867,0.6679
50,apple,cup,crocodile,keyboard,Q3,0.716807,0.578947,random,1,0.3667,1.2104
50,apple,cup,crocodile,keyboard,Q3,0.716807,0.578947,centroid,2,0.9333,0.2728
50,apple,cup,crocodile,keyboard,Q3,0.716807,0.578947,exemplar_knn_k3,2,0.9533,1.0209
50,apple,cup,crocodile,keyboard,Q3,0.716807,0.578947,logreg,2,0.9133,0.559
50,apple,cup,crocodile,keyboard,Q3,0.716807,0.578947,random,2,0.3733,1.177
50,apple,cup,crocodile,keyboard,Q3,0.716807,0.578947,centroid,3,0.92,0.3168
50,apple,cup,crocodile,keyboard,Q3,0.716807,0.578947,exemplar_knn_k3,3,0.92,1.0554
50,apple,cup,crocodile,keyboard,Q3,0.716807,0.578947,logreg,3,0.8667,0.6303
50,apple,cup,crocodile,keyboard,Q3,0.716807,0.578947,random,3,0.3133,1.2586
50,apple,cup,crocodile,keyboard,Q3,0.716807,0.578947,centroid,4,0.9267,0.3048
50,apple,cup,crocodile,keyboard,Q3,0.716807,0.578947,exemplar_knn_k3,4,0.96,1.0434
50,apple,cup,crocodile,keyboard,Q3,0.716807,0.578947,logreg,4,0.8333,0.6232
50,apple,cup,crocodile,keyboard,Q3,0.716807,0.578947,random,4,0.3333,1.2935
50,apple,cup,crocodile,keyboard,Q3,0.716807,0.578947,centroid,5,0.9333,0.3301
50,apple,cup,crocodile,keyboard,Q3,0.716807,0.578947,exemplar_knn_k3,5,0.94,1.1131
50,apple,cup,crocodile,keyboard,Q3,0.716807,0.578947,logreg,5,0.94,0.6479
50,apple,cup,crocodile,keyboard,Q3,0.716807,0.578947,random,5,0.3467,1.2376
50,apple,cup,crocodile,keyboard,Q3,0.716807,0.578947,centroid,6,0.8933,0.2935
50,apple,cup,crocodile,keyboard,Q3,0.716807,0.578947,exemplar_knn_k3,6,0.8867,1.0696
50,apple,cup,crocodile,keyboard,Q3,0.716807,0.578947,logreg,6,0.8333,0.6016
50,apple,cup,crocodile,keyboard,Q3,0.716807,0.578947,random,6,0.2933,1.0899
50,apple,cup,crocodile,keyboard,Q3,0.716807,0.578947,centroid,7,0.9,0.3066
50,apple,cup,crocodile,keyboard,Q3,0.716807,0.578947,exemplar_knn_k3,7,0.94,1.0823
50,apple,cup,crocodile,keyboard,Q3,0.716807,0.578947,logreg,7,0.8467,0.6194
50,apple,cup,crocodile,keyboard,Q3,0.716807,0.578947,random,7,0.3333,1.1661
50,apple,cup,crocodile,keyboard,Q3,0.716807,0.578947,centroid,8,0.8933,0.3181
50,apple,cup,crocodile,keyboard,Q3,0.716807,0.578947,exemplar_knn_k3,8,0.9067,1.0798
50,apple,cup,crocodile,keyboard,Q3,0.716807,0.578947,logreg,8,0.8867,0.6384
50,apple,cup,crocodile,keyboard,Q3,0.716807,0.578947,random,8,0.36,1.112
50,apple,cup,crocodile,keyboard,Q3,0.716807,0.578947,centroid,9,0.9133,0.3229
50,apple,cup,crocodile,keyboard,Q3,0.716807,0.578947,exemplar_knn_k3,9,0.9133,1.089
50,apple,cup,crocodile,keyboard,Q3,0.716807,0.578947,logreg,9,0.9267,0.6334
50,apple,cup,crocodile,keyboard,Q3,0.716807,0.578947,random,9,0.3867,1.2348
50,apple,cup,crocodile,keyboard,Q3,0.716807,0.578947,centroid,10,0.94,0.2829
50,apple,cup,crocodile,keyboard,Q3,0.716807,0.578947,exemplar_knn_k3,10,0.9467,1.0212
50,apple,cup,crocodile,keyboard,Q3,0.716807,0.578947,logreg,10,0.9667,0.5663
50,apple,cup,crocodile,keyboard,Q3,0.716807,0.578947,random,10,0.3467,1.3543
50,apple,cup,crocodile,keyboard,Q3,0.716807,0.578947,centroid,11,0.9267,0.3445
50,apple,cup,crocodile,keyboard,Q3,0.716807,0.578947,exemplar_knn_k3,11,0.96,1.1596
50,apple,cup,crocodile,keyboard,Q3,0.716807,0.578947,logreg,11,0.84,0.6901
50,apple,cup,crocodile,keyboard,Q3,0.716807,0.578947,random,11,0.32,1.0492
50,apple,cup,crocodile,keyboard,Q3,0.716807,0.578947,centroid,12,0.9267,0.3266
50,apple,cup,crocodile,keyboard,Q3,0.716807,0.578947,exemplar_knn_k3,12,0.94,1.0768
50,apple,cup,crocodile,keyboard,Q3,0.716807,0.578947,logreg,12,0.8667,0.644
50,apple,cup,crocodile,keyboard,Q3,0.716807,0.578947,random,12,0.3533,1.1091
50,apple,cup,crocodile,keyboard,Q3,0.716807,0.578947,centroid,13,0.8933,0.3307
50,apple,cup,crocodile,keyboard,Q3,0.716807,0.578947,exemplar_knn_k3,13,0.92,1.1009
50,apple,cup,crocodile,keyboard,Q3,0.716807,0.578947,logreg,13,0.8267,0.6644
50,apple,cup,crocodile,keyboard,Q3,0.716807,0.578947,random,13,0.36,1.3653
50,apple,cup,crocodile,keyboard,Q3,0.716807,0.578947,centroid,14,0.9467,0.3231
50,apple,cup,crocodile,keyboard,Q3,0.716807,0.578947,exemplar_knn_k3,14,0.9333,1.0695
50,apple,cup,crocodile,keyboard,Q3,0.716807,0.578947,logreg,14,0.9467,0.6401
50,apple,cup,crocodile,keyboard,Q3,0.716807,0.578947,random,14,0.3733,1.357
50,apple,cup,crocodile,keyboard,Q3,0.716807,0.578947,centroid,15,0.9133,0.3172
50,apple,cup,crocodile,keyboard,Q3,0.716807,0.578947,exemplar_knn_k3,15,0.9467,1.062
50,apple,cup,crocodile,keyboard,Q3,0.716807,0.578947,logreg,15,0.8533,0.6343
50,apple,cup,crocodile,keyboard,Q3,0.716807,0.578947,random,15,0.2867,1.2366
50,apple,cup,crocodile,keyboard,Q3,0.716807,0.578947,centroid,16,0.9467,0.3162
50,apple,cup,crocodile,keyboard,Q3,0.716807,0.578947,exemplar_knn_k3,16,0.94,1.0598
50,apple,cup,crocodile,keyboard,Q3,0.716807,0.578947,logreg,16,0.8667,0.6178
50,apple,cup,crocodile,keyboard,Q3,0.716807,0.578947,random,16,0.3533,1.0754
50,apple,cup,crocodile,keyboard,Q3,0.716807,0.578947,centroid,17,0.9133,0.3252
50,apple,cup,crocodile,keyboard,Q3,0.716807,0.578947,exemplar_knn_k3,17,0.9467,1.09
50,apple,cup,crocodile,keyboard,Q3,0.716807,0.578947,logreg,17,0.86,0.6437
50,apple,cup,crocodile,keyboard,Q3,0.716807,0.578947,random,17,0.32,1.2364
50,apple,cup,crocodile,keyboard,Q3,0.716807,0.578947,centroid,18,0.9133,0.3345
50,apple,cup,crocodile,keyboard,Q3,0.716807,0.578947,exemplar_knn_k3,18,0.9333,1.1114
50,apple,cup,crocodile,keyboard,Q3,0.716807,0.578947,logreg,18,0.8267,0.6534
50,apple,cup,crocodile,keyboard,Q3,0.716807,0.578947,random,18,0.28,1.2556
50,apple,cup,crocodile,keyboard,Q3,0.716807,0.578947,centroid,19,0.8667,0.3334
50,apple,cup,crocodile,keyboard,Q3,0.716807,0.578947,exemplar_knn_k3,19,0.8667,1.1327
50,apple,cup,crocodile,keyboard,Q3,0.716807,0.578947,logreg,19,0.8533,0.6607
50,apple,cup,crocodile,keyboard,Q3,0.716807,0.578947,random,19,0.3067,1.3012
50,apple,cup,crocodile,keyboard,Q3,0.716807,0.578947,centroid,20,0.9867,0.3441
50,apple,cup,crocodile,keyboard,Q3,0.716807,0.578947,exemplar_knn_k3,20,0.98,1.1313
50,apple,cup,crocodile,keyboard,Q3,0.716807,0.578947,logreg,20,0.98,0.6917
50,apple,cup,crocodile,keyboard,Q3,0.716807,0.578947,random,20,0.3667,1.2492
50,apple,cup,crocodile,keyboard,Q3,0.716807,0.578947,centroid,21,0.9667,0.3375
50,apple,cup,crocodile,keyboard,Q3,0.716807,0.578947,exemplar_knn_k3,21,0.94,1.1195
50,apple,cup,crocodile,keyboard,Q3,0.716807,0.578947,logreg,21,0.9733,0.6512
50,apple,cup,crocodile,keyboard,Q3,0.716807,0.578947,random,21,0.3333,1.121
50,apple,cup,crocodile,keyboard,Q3,0.716807,0.578947,centroid,22,0.9933,0.3392
50,apple,cup,crocodile,keyboard,Q3,0.716807,0.578947,exemplar_knn_k3,22,0.9933,1.12
50,apple,cup,crocodile,keyboard,Q3,0.716807,0.578947,logreg,22,0.98,0.6607
50,apple,cup,crocodile,keyboard,Q3,0.716807,0.578947,random,22,0.3,1.1771
50,apple,cup,crocodile,keyboard,Q3,0.716807,0.578947,centroid,23,0.94,0.3453
50,apple,cup,crocodile,keyboard,Q3,0.716807,0.578947,exemplar_knn_k3,23,0.9533,1.1781
50,apple,cup,crocodile,keyboard,Q3,0.716807,0.578947,logreg,23,0.8733,0.6996
50,apple,cup,crocodile,keyboard,Q3,0.716807,0.578947,random,23,0.3533,1.4012
50,apple,cup,crocodile,keyboard,Q3,0.716807,0.578947,centroid,24,0.9867,0.3297
50,apple,cup,crocodile,keyboard,Q3,0.716807,0.578947,exemplar_knn_k3,24,1.0,1.1408
50,apple,cup,crocodile,keyboard,Q3,0.716807,0.578947,logreg,24,0.9667,0.6524
50,apple,cup,crocodile,keyboard,Q3,0.716807,0.578947,random,24,0.38,1.1962
50,apple,cup,crocodile,keyboard,Q3,0.716807,0.578947,centroid,25,0.8933,0.3146
50,apple,cup,crocodile,keyboard,Q3,0.716807,0.578947,exemplar_knn_k3,25,0.9133,1.0492
50,apple,cup,crocodile,keyboard,Q3,0.716807,0.578947,logreg,25,0.8333,0.631
50,apple,cup,crocodile,keyboard,Q3,0.716807,0.578947,random,25,0.2933,0.9887
50,apple,cup,crocodile,keyboard,Q3,0.716807,0.578947,centroid,26,0.9667,0.3333
50,apple,cup,crocodile,keyboard,Q3,0.716807,0.578947,exemplar_knn_k3,26,0.9467,1.1177
50,apple,cup,crocodile,keyboard,Q3,0.716807,0.578947,logreg,26,0.8667,0.6699
50,apple,cup,crocodile,keyboard,Q3,0.716807,0.578947,random,26,0.3,1.1629
50,apple,cup,crocodile,keyboard,Q3,0.716807,0.578947,centroid,27,0.92,0.3271
50,apple,cup,crocodile,keyboard,Q3,0.716807,0.578947,exemplar_knn_k3,27,0.94,1.1147
50,apple,cup,crocodile,keyboard,Q3,0.716807,0.578947,logreg,27,0.8333,0.6726
50,apple,cup,crocodile,keyboard,Q3,0.716807,0.578947,random,27,0.3667,1.1822
50,apple,cup,crocodile,keyboard,Q3,0.716807,0.578947,centroid,28,0.92,0.3189
50,apple,cup,crocodile,keyboard,Q3,0.716807,0.578947,exemplar_knn_k3,28,0.92,1.0543
50,apple,cup,crocodile,keyboard,Q3,0.716807,0.578947,logreg,28,0.9267,0.6218
50,apple,cup,crocodile,keyboard,Q3,0.716807,0.578947,random,28,0.3333,1.2452
50,apple,cup,crocodile,keyboard,Q3,0.716807,0.578947,centroid,29,0.9067,0.3061
50,apple,cup,crocodile,keyboard,Q3,0.716807,0.578947,exemplar_knn_k3,29,0.9067,1.0522
50,apple,cup,crocodile,keyboard,Q3,0.716807,0.578947,logreg,29,0.9067,0.6115
50,apple,cup,crocodile,keyboard,Q3,0.716807,0.578947,random,29,0.3667,1.194
51,aquarium_fish,elephant,cup,willow_tree,Q3,0.792498,0.25,centroid,0,0.8133,0.3589
51,aquarium_fish,elephant,cup,willow_tree,Q3,0.792498,0.25,exemplar_knn_k3,0,0.82,1.2844
51,aquarium_fish,elephant,cup,willow_tree,Q3,0.792498,0.25,logreg,0,0.8133,0.7109
51,aquarium_fish,elephant,cup,willow_tree,Q3,0.792498,0.25,random,0,0.3267,1.1105
51,aquarium_fish,elephant,cup,willow_tree,Q3,0.792498,0.25,centroid,1,0.86,0.2729
51,aquarium_fish,elephant,cup,willow_tree,Q3,0.792498,0.25,exemplar_knn_k3,1,0.8867,1.1062
51,aquarium_fish,elephant,cup,willow_tree,Q3,0.792498,0.25,logreg,1,0.8533,0.5771
51,aquarium_fish,elephant,cup,willow_tree,Q3,0.792498,0.25,random,1,0.3133,1.2277
51,aquarium_fish,elephant,cup,willow_tree,Q3,0.792498,0.25,centroid,2,0.8067,0.3181
51,aquarium_fish,elephant,cup,willow_tree,Q3,0.792498,0.25,exemplar_knn_k3,2,0.8067,1.1849
51,aquarium_fish,elephant,cup,willow_tree,Q3,0.792498,0.25,logreg,2,0.8067,0.6284
51,aquarium_fish,elephant,cup,willow_tree,Q3,0.792498,0.25,random,2,0.3,1.2337
51,aquarium_fish,elephant,cup,willow_tree,Q3,0.792498,0.25,centroid,3,0.88,0.2717
51,aquarium_fish,elephant,cup,willow_tree,Q3,0.792498,0.25,exemplar_knn_k3,3,0.9,1.1126
51,aquarium_fish,elephant,cup,willow_tree,Q3,0.792498,0.25,logreg,3,0.82,0.6037
51,aquarium_fish,elephant,cup,willow_tree,Q3,0.792498,0.25,random,3,0.2867,1.1987
51,aquarium_fish,elephant,cup,willow_tree,Q3,0.792498,0.25,centroid,4,0.82,0.364
51,aquarium_fish,elephant,cup,willow_tree,Q3,0.792498,0.25,exemplar_knn_k3,4,0.8267,1.3087
51,aquarium_fish,elephant,cup,willow_tree,Q3,0.792498,0.25,logreg,4,0.82,0.7466
51,aquarium_fish,elephant,cup,willow_tree,Q3,0.792498,0.25,random,4,0.42,1.1436
51,aquarium_fish,elephant,cup,willow_tree,Q3,0.792498,0.25,centroid,5,0.8267,0.3565
51,aquarium_fish,elephant,cup,willow_tree,Q3,0.792498,0.25,exemplar_knn_k3,5,0.82,1.2559
51,aquarium_fish,elephant,cup,willow_tree,Q3,0.792498,0.25,logreg,5,0.8267,0.714
51,aquarium_fish,elephant,cup,willow_tree,Q3,0.792498,0.25,random,5,0.38,1.2424
51,aquarium_fish,elephant,cup,willow_tree,Q3,0.792498,0.25,centroid,6,0.8467,0.2889
51,aquarium_fish,elephant,cup,willow_tree,Q3,0.792498,0.25,exemplar_knn_k3,6,0.8467,1.2401
51,aquarium_fish,elephant,cup,willow_tree,Q3,0.792498,0.25,logreg,6,0.82,0.6756
51,aquarium_fish,elephant,cup,willow_tree,Q3,0.792498,0.25,random,6,0.3533,1.2257
51,aquarium_fish,elephant,cup,willow_tree,Q3,0.792498,0.25,centroid,7,0.84,0.3429
51,aquarium_fish,elephant,cup,willow_tree,Q3,0.792498,0.25,exemplar_knn_k3,7,0.84,1.2265
51,aquarium_fish,elephant,cup,willow_tree,Q3,0.792498,0.25,logreg,7,0.82,0.6814
51,aquarium_fish,elephant,cup,willow_tree,Q3,0.792498,0.25,random,7,0.3933,1.2472
51,aquarium_fish,elephant,cup,willow_tree,Q3,0.792498,0.25,centroid,8,0.8267,0.4074
51,aquarium_fish,elephant,cup,willow_tree,Q3,0.792498,0.25,exemplar_knn_k3,8,0.8267,1.4543
51,aquarium_fish,elephant,cup,willow_tree,Q3,0.792498,0.25,logreg,8,0.82,0.8342
51,aquarium_fish,elephant,cup,willow_tree,Q3,0.792498,0.25,random,8,0.3867,1.2996
51,aquarium_fish,elephant,cup,willow_tree,Q3,0.792498,0.25,centroid,9,0.84,0.2695
51,aquarium_fish,elephant,cup,willow_tree,Q3,0.792498,0.25,exemplar_knn_k3,9,0.8467,1.1874
51,aquarium_fish,elephant,cup,willow_tree,Q3,0.792498,0.25,logreg,9,0.8733,0.5998
51,aquarium_fish,elephant,cup,willow_tree,Q3,0.792498,0.25,random,9,0.3733,1.1512
51,aquarium_fish,elephant,cup,willow_tree,Q3,0.792498,0.25,centroid,10,0.8467,0.2749
51,aquarium_fish,elephant,cup,willow_tree,Q3,0.792498,0.25,exemplar_knn_k3,10,0.86,1.1351
51,aquarium_fish,elephant,cup,willow_tree,Q3,0.792498,0.25,logreg,10,0.82,0.6195
51,aquarium_fish,elephant,cup,willow_tree,Q3,0.792498,0.25,random,10,0.32,1.0939
51,aquarium_fish,elephant,cup,willow_tree,Q3,0.792498,0.25,centroid,11,0.8267,0.3658
51,aquarium_fish,elephant,cup,willow_tree,Q3,0.792498,0.25,exemplar_knn_k3,11,0.8267,1.3715
51,aquarium_fish,elephant,cup,willow_tree,Q3,0.792498,0.25,logreg,11,0.8733,0.6915
51,aquarium_fish,elephant,cup,willow_tree,Q3,0.792498,0.25,random,11,0.3333,1.2012
51,aquarium_fish,elephant,cup,willow_tree,Q3,0.792498,0.25,centroid,12,0.8933,0.3085
51,aquarium_fish,elephant,cup,willow_tree,Q3,0.792498,0.25,exemplar_knn_k3,12,0.9133,1.2044
51,aquarium_fish,elephant,cup,willow_tree,Q3,0.792498,0.25,logreg,12,0.8067,0.6467
51,aquarium_fish,elephant,cup,willow_tree,Q3,0.792498,0.25,random,12,0.3333,1.3801
51,aquarium_fish,elephant,cup,willow_tree,Q3,0.792498,0.25,centroid,13,0.8533,0.307
51,aquarium_fish,elephant,cup,willow_tree,Q3,0.792498,0.25,exemplar_knn_k3,13,0.84,1.1918
51,aquarium_fish,elephant,cup,willow_tree,Q3,0.792498,0.25,logreg,13,0.82,0.6771
51,aquarium_fish,elephant,cup,willow_tree,Q3,0.792498,0.25,random,13,0.3533,1.2877
51,aquarium_fish,elephant,cup,willow_tree,Q3,0.792498,0.25,centroid,14,0.8467,0.2857
51,aquarium_fish,elephant,cup,willow_tree,Q3,0.792498,0.25,exemplar_knn_k3,14,0.8533,1.1945
51,aquarium_fish,elephant,cup,willow_tree,Q3,0.792498,0.25,logreg,14,0.9,0.5902
51,aquarium_fish,elephant,cup,willow_tree,Q3,0.792498,0.25,random,14,0.3133,1.2405
51,aquarium_fish,elephant,cup,willow_tree,Q3,0.792498,0.25,centroid,15,0.82,0.3283
51,aquarium_fish,elephant,cup,willow_tree,Q3,0.792498,0.25,exemplar_knn_k3,15,0.8067,1.2581
51,aquarium_fish,elephant,cup,willow_tree,Q3,0.792498,0.25,logreg,15,0.8133,0.6855
51,aquarium_fish,elephant,cup,willow_tree,Q3,0.792498,0.25,random,15,0.3133,1.2342
51,aquarium_fish,elephant,cup,willow_tree,Q3,0.792498,0.25,centroid,16,0.8133,0.3541
51,aquarium_fish,elephant,cup,willow_tree,Q3,0.792498,0.25,exemplar_knn_k3,16,0.82,1.3375
51,aquarium_fish,elephant,cup,willow_tree,Q3,0.792498,0.25,logreg,16,0.8133,0.7325
51,aquarium_fish,elephant,cup,willow_tree,Q3,0.792498,0.25,random,16,0.3133,1.1451
51,aquarium_fish,elephant,cup,willow_tree,Q3,0.792498,0.25,centroid,17,0.8067,0.3709
51,aquarium_fish,elephant,cup,willow_tree,Q3,0.792498,0.25,exemplar_knn_k3,17,0.8067,1.3388
51,aquarium_fish,elephant,cup,willow_tree,Q3,0.792498,0.25,logreg,17,0.8133,0.7373
51,aquarium_fish,elephant,cup,willow_tree,Q3,0.792498,0.25,random,17,0.3733,1.1913
51,aquarium_fish,elephant,cup,willow_tree,Q3,0.792498,0.25,centroid,18,0.9467,0.2818
51,aquarium_fish,elephant,cup,willow_tree,Q3,0.792498,0.25,exemplar_knn_k3,18,0.9333,1.2662
51,aquarium_fish,elephant,cup,willow_tree,Q3,0.792498,0.25,logreg,18,0.88,0.63
51,aquarium_fish,elephant,cup,willow_tree,Q3,0.792498,0.25,random,18,0.36,1.243
51,aquarium_fish,elephant,cup,willow_tree,Q3,0.792498,0.25,centroid,19,0.84,0.3051
51,aquarium_fish,elephant,cup,willow_tree,Q3,0.792498,0.25,exemplar_knn_k3,19,0.8733,1.176
51,aquarium_fish,elephant,cup,willow_tree,Q3,0.792498,0.25,logreg,19,0.8067,0.6545
51,aquarium_fish,elephant,cup,willow_tree,Q3,0.792498,0.25,random,19,0.3733,1.3015
51,aquarium_fish,elephant,cup,willow_tree,Q3,0.792498,0.25,centroid,20,0.8133,0.3626
51,aquarium_fish,elephant,cup,willow_tree,Q3,0.792498,0.25,exemplar_knn_k3,20,0.8133,1.2776
51,aquarium_fish,elephant,cup,willow_tree,Q3,0.792498,0.25,logreg,20,0.8133,0.7318
51,aquarium_fish,elephant,cup,willow_tree,Q3,0.792498,0.25,random,20,0.3467,1.1678
51,aquarium_fish,elephant,cup,willow_tree,Q3,0.792498,0.25,centroid,21,0.8933,0.3039
51,aquarium_fish,elephant,cup,willow_tree,Q3,0.792498,0.25,exemplar_knn_k3,21,0.8667,1.2062
51,aquarium_fish,elephant,cup,willow_tree,Q3,0.792498,0.25,logreg,21,0.94,0.632
51,aquarium_fish,elephant,cup,willow_tree,Q3,0.792498,0.25,random,21,0.3067,1.1879
51,aquarium_fish,elephant,cup,willow_tree,Q3,0.792498,0.25,centroid,22,0.82,0.3426
51,aquarium_fish,elephant,cup,willow_tree,Q3,0.792498,0.25,exemplar_knn_k3,22,0.82,1.2695
51,aquarium_fish,elephant,cup,willow_tree,Q3,0.792498,0.25,logreg,22,0.82,0.6891
51,aquarium_fish,elephant,cup,willow_tree,Q3,0.792498,0.25,random,22,0.3467,1.3133
51,aquarium_fish,elephant,cup,willow_tree,Q3,0.792498,0.25,centroid,23,0.82,0.3186
51,aquarium_fish,elephant,cup,willow_tree,Q3,0.792498,0.25,exemplar_knn_k3,23,0.8333,1.172
51,aquarium_fish,elephant,cup,willow_tree,Q3,0.792498,0.25,logreg,23,0.8133,0.6427
51,aquarium_fish,elephant,cup,willow_tree,Q3,0.792498,0.25,random,23,0.36,1.1661
51,aquarium_fish,elephant,cup,willow_tree,Q3,0.792498,0.25,centroid,24,0.82,0.3579
51,aquarium_fish,elephant,cup,willow_tree,Q3,0.792498,0.25,exemplar_knn_k3,24,0.8133,1.2975
51,aquarium_fish,elephant,cup,willow_tree,Q3,0.792498,0.25,logreg,24,0.8133,0.7091
51,aquarium_fish,elephant,cup,willow_tree,Q3,0.792498,0.25,random,24,0.2867,1.4444
51,aquarium_fish,elephant,cup,willow_tree,Q3,0.792498,0.25,centroid,25,0.82,0.3629
51,aquarium_fish,elephant,cup,willow_tree,Q3,0.792498,0.25,exemplar_knn_k3,25,0.8267,1.3247
51,aquarium_fish,elephant,cup,willow_tree,Q3,0.792498,0.25,logreg,25,0.8267,0.7233
51,aquarium_fish,elephant,cup,willow_tree,Q3,0.792498,0.25,random,25,0.32,1.2466
51,aquarium_fish,elephant,cup,willow_tree,Q3,0.792498,0.25,centroid,26,0.82,0.4007
51,aquarium_fish,elephant,cup,willow_tree,Q3,0.792498,0.25,exemplar_knn_k3,26,0.8267,1.3796
51,aquarium_fish,elephant,cup,willow_tree,Q3,0.792498,0.25,logreg,26,0.82,0.7776
51,aquarium_fish,elephant,cup,willow_tree,Q3,0.792498,0.25,random,26,0.34,1.1974
51,aquarium_fish,elephant,cup,willow_tree,Q3,0.792498,0.25,centroid,27,0.8133,0.3751
51,aquarium_fish,elephant,cup,willow_tree,Q3,0.792498,0.25,exemplar_knn_k3,27,0.8333,1.3436
51,aquarium_fish,elephant,cup,willow_tree,Q3,0.792498,0.25,logreg,27,0.8067,0.7436
51,aquarium_fish,elephant,cup,willow_tree,Q3,0.792498,0.25,random,27,0.3467,1.1025
51,aquarium_fish,elephant,cup,willow_tree,Q3,0.792498,0.25,centroid,28,0.8133,0.2812
51,aquarium_fish,elephant,cup,willow_tree,Q3,0.792498,0.25,exemplar_knn_k3,28,0.8067,1.1728
51,aquarium_fish,elephant,cup,willow_tree,Q3,0.792498,0.25,logreg,28,0.8133,0.6301
51,aquarium_fish,elephant,cup,willow_tree,Q3,0.792498,0.25,random,28,0.3467,1.1733
51,aquarium_fish,elephant,cup,willow_tree,Q3,0.792498,0.25,centroid,29,0.8133,0.3618
51,aquarium_fish,elephant,cup,willow_tree,Q3,0.792498,0.25,exemplar_knn_k3,29,0.8067,1.2281
51,aquarium_fish,elephant,cup,willow_tree,Q3,0.792498,0.25,logreg,29,0.8133,0.7263
51,aquarium_fish,elephant,cup,willow_tree,Q3,0.792498,0.25,random,29,0.36,1.1441
52,bed,man,tiger,leopard,Q3,0.748537,0.578947,centroid,0,0.7067,0.1491
52,bed,man,tiger,leopard,Q3,0.748537,0.578947,exemplar_knn_k3,0,0.7333,0.8877
52,bed,man,tiger,leopard,Q3,0.748537,0.578947,logreg,0,0.7867,0.3505
52,bed,man,tiger,leopard,Q3,0.748537,0.578947,random,0,0.3,1.1559
52,bed,man,tiger,leopard,Q3,0.748537,0.578947,centroid,1,0.8133,0.1242
52,bed,man,tiger,leopard,Q3,0.748537,0.578947,exemplar_knn_k3,1,0.7867,0.7763
52,bed,man,tiger,leopard,Q3,0.748537,0.578947,logreg,1,0.8933,0.3162
52,bed,man,tiger,leopard,Q3,0.748537,0.578947,random,1,0.2467,1.1818
52,bed,man,tiger,leopard,Q3,0.748537,0.578947,centroid,2,0.6333,0.1476
52,bed,man,tiger,leopard,Q3,0.748537,0.578947,exemplar_knn_k3,2,0.6533,0.8417
52,bed,man,tiger,leopard,Q3,0.748537,0.578947,logreg,2,0.6933,0.3129
52,bed,man,tiger,leopard,Q3,0.748537,0.578947,random,2,0.3733,1.11
52,bed,man,tiger,leopard,Q3,0.748537,0.578947,centroid,3,0.7533,0.1298
52,bed,man,tiger,leopard,Q3,0.748537,0.578947,exemplar_knn_k3,3,0.74,0.8454
52,bed,man,tiger,leopard,Q3,0.748537,0.578947,logreg,3,0.88,0.3341
52,bed,man,tiger,leopard,Q3,0.748537,0.578947,random,3,0.2933,1.2565
52,bed,man,tiger,leopard,Q3,0.748537,0.578947,centroid,4,0.7467,0.1408
52,bed,man,tiger,leopard,Q3,0.748537,0.578947,exemplar_knn_k3,4,0.66,0.8386
52,bed,man,tiger,leopard,Q3,0.748537,0.578947,logreg,4,0.76,0.3234
52,bed,man,tiger,leopard,Q3,0.748537,0.578947,random,4,0.2933,1.2185
52,bed,man,tiger,leopard,Q3,0.748537,0.578947,centroid,5,0.7533,0.1665
52,bed,man,tiger,leopard,Q3,0.748537,0.578947,exemplar_knn_k3,5,0.7267,0.9536
52,bed,man,tiger,leopard,Q3,0.748537,0.578947,logreg,5,0.7933,0.3853
52,bed,man,tiger,leopard,Q3,0.748537,0.578947,random,5,0.38,1.1663
52,bed,man,tiger,leopard,Q3,0.748537,0.578947,centroid,6,0.6333,0.1101
52,bed,man,tiger,leopard,Q3,0.748537,0.578947,exemplar_knn_k3,6,0.64,0.7406
52,bed,man,tiger,leopard,Q3,0.748537,0.578947,logreg,6,0.68,0.2645
52,bed,man,tiger,leopard,Q3,0.748537,0.578947,random,6,0.34,1.1726
52,bed,man,tiger,leopard,Q3,0.748537,0.578947,centroid,7,0.6667,0.1516
52,bed,man,tiger,leopard,Q3,0.748537,0.578947,exemplar_knn_k3,7,0.7133,0.9394
52,bed,man,tiger,leopard,Q3,0.748537,0.578947,logreg,7,0.6867,0.3477
52,bed,man,tiger,leopard,Q3,0.748537,0.578947,random,7,0.3267,1.1066
52,bed,man,tiger,leopard,Q3,0.748537,0.578947,centroid,8,0.74,0.1419
52,bed,man,tiger,leopard,Q3,0.748537,0.578947,exemplar_knn_k3,8,0.7667,0.852
52,bed,man,tiger,leopard,Q3,0.748537,0.578947,logreg,8,0.84,0.3478
52,bed,man,tiger,leopard,Q3,0.748537,0.578947,random,8,0.36,1.2047
52,bed,man,tiger,leopard,Q3,0.748537,0.578947,centroid,9,0.8533,0.1305
52,bed,man,tiger,leopard,Q3,0.748537,0.578947,exemplar_knn_k3,9,0.8067,0.8494
52,bed,man,tiger,leopard,Q3,0.748537,0.578947,logreg,9,0.8667,0.3575
52,bed,man,tiger,leopard,Q3,0.748537,0.578947,random,9,0.3133,1.2946
52,bed,man,tiger,leopard,Q3,0.748537,0.578947,centroid,10,0.7667,0.1115
52,bed,man,tiger,leopard,Q3,0.748537,0.578947,exemplar_knn_k3,10,0.72,0.6889
52,bed,man,tiger,leopard,Q3,0.748537,0.578947,logreg,10,0.7933,0.3045
52,bed,man,tiger,leopard,Q3,0.748537,0.578947,random,10,0.2867,1.2107
52,bed,man,tiger,leopard,Q3,0.748537,0.578947,centroid,11,0.7067,0.1355
52,bed,man,tiger,leopard,Q3,0.748537,0.578947,exemplar_knn_k3,11,0.6933,0.8363
52,bed,man,tiger,leopard,Q3,0.748537,0.578947,logreg,11,0.7667,0.3158
52,bed,man,tiger,leopard,Q3,0.748537,0.578947,random,11,0.3667,1.1388
52,bed,man,tiger,leopard,Q3,0.748537,0.578947,centroid,12,0.7733,0.1277
52,bed,man,tiger,leopard,Q3,0.748537,0.578947,exemplar_knn_k3,12,0.7533,0.8456
52,bed,man,tiger,leopard,Q3,0.748537,0.578947,logreg,12,0.88,0.3502
52,bed,man,tiger,leopard,Q3,0.748537,0.578947,random,12,0.3067,1.1861
52,bed,man,tiger,leopard,Q3,0.748537,0.578947,centroid,13,0.82,0.1243
52,bed,man,tiger,leopard,Q3,0.748537,0.578947,exemplar_knn_k3,13,0.7867,0.8021
52,bed,man,tiger,leopard,Q3,0.748537,0.578947,logreg,13,0.8467,0.3393
52,bed,man,tiger,leopard,Q3,0.748537,0.578947,random,13,0.2933,1.1971
52,bed,man,tiger,leopard,Q3,0.748537,0.578947,centroid,14,0.8267,0.1168
52,bed,man,tiger,leopard,Q3,0.748537,0.578947,exemplar_knn_k3,14,0.7467,0.8081
52,bed,man,tiger,leopard,Q3,0.748537,0.578947,logreg,14,0.9,0.3083
52,bed,man,tiger,leopard,Q3,0.748537,0.578947,random,14,0.3267,1.0174
52,bed,man,tiger,leopard,Q3,0.748537,0.578947,centroid,15,0.7867,0.1425
52,bed,man,tiger,leopard,Q3,0.748537,0.578947,exemplar_knn_k3,15,0.7267,0.7486
52,bed,man,tiger,leopard,Q3,0.748537,0.578947,logreg,15,0.7867,0.3268
52,bed,man,tiger,leopard,Q3,0.748537,0.578947,random,15,0.28,1.1721
52,bed,man,tiger,leopard,Q3,0.748537,0.578947,centroid,16,0.7667,0.1408
52,bed,man,tiger,leopard,Q3,0.748537,0.578947,exemplar_knn_k3,16,0.72,0.8122
52,bed,man,tiger,leopard,Q3,0.748537,0.578947,logreg,16,0.8867,0.3446
52,bed,man,tiger,leopard,Q3,0.748537,0.578947,random,16,0.3467,1.2725
52,bed,man,tiger,leopard,Q3,0.748537,0.578947,centroid,17,0.8067,0.1434
52,bed,man,tiger,leopard,Q3,0.748537,0.578947,exemplar_knn_k3,17,0.7133,0.7813
52,bed,man,tiger,leopard,Q3,0.748537,0.578947,logreg,17,0.82,0.3401
52,bed,man,tiger,leopard,Q3,0.748537,0.578947,random,17,0.3867,1.3179
52,bed,man,tiger,leopard,Q3,0.748537,0.578947,centroid,18,0.8,0.1335
52,bed,man,tiger,leopard,Q3,0.748537,0.578947,exemplar_knn_k3,18,0.78,0.8272
52,bed,man,tiger,leopard,Q3,0.748537,0.578947,logreg,18,0.8933,0.3741
52,bed,man,tiger,leopard,Q3,0.748537,0.578947,random,18,0.2867,1.4098
52,bed,man,tiger,leopard,Q3,0.748537,0.578947,centroid,19,0.8,0.1337
52,bed,man,tiger,leopard,Q3,0.748537,0.578947,exemplar_knn_k3,19,0.7733,0.8482
52,bed,man,tiger,leopard,Q3,0.748537,0.578947,logreg,19,0.88,0.3666
52,bed,man,tiger,leopard,Q3,0.748537,0.578947,random,19,0.3533,1.1937
52,bed,man,tiger,leopard,Q3,0.748537,0.578947,centroid,20,0.7533,0.172
52,bed,man,tiger,leopard,Q3,0.748537,0.578947,exemplar_knn_k3,20,0.74,0.9667
52,bed,man,tiger,leopard,Q3,0.748537,0.578947,logreg,20,0.86,0.4071
52,bed,man,tiger,leopard,Q3,0.748537,0.578947,random,20,0.38,1.1273
52,bed,man,tiger,leopard,Q3,0.748537,0.578947,centroid,21,0.76,0.1267
52,bed,man,tiger,leopard,Q3,0.748537,0.578947,exemplar_knn_k3,21,0.72,0.7861
52,bed,man,tiger,leopard,Q3,0.748537,0.578947,logreg,21,0.8467,0.3181
52,bed,man,tiger,leopard,Q3,0.748537,0.578947,random,21,0.3467,1.1766
52,bed,man,tiger,leopard,Q3,0.748537,0.578947,centroid,22,0.74,0.1408
52,bed,man,tiger,leopard,Q3,0.748537,0.578947,exemplar_knn_k3,22,0.6733,0.8927
52,bed,man,tiger,leopard,Q3,0.748537,0.578947,logreg,22,0.8867,0.3518
52,bed,man,tiger,leopard,Q3,0.748537,0.578947,random,22,0.36,1.1778
52,bed,man,tiger,leopard,Q3,0.748537,0.578947,centroid,23,0.7533,0.1485
52,bed,man,tiger,leopard,Q3,0.748537,0.578947,exemplar_knn_k3,23,0.7467,0.8123
52,bed,man,tiger,leopard,Q3,0.748537,0.578947,logreg,23,0.76,0.3417
52,bed,man,tiger,leopard,Q3,0.748537,0.578947,random,23,0.28,1.2558
52,bed,man,tiger,leopard,Q3,0.748537,0.578947,centroid,24,0.7933,0.1521
52,bed,man,tiger,leopard,Q3,0.748537,0.578947,exemplar_knn_k3,24,0.76,0.8281
52,bed,man,tiger,leopard,Q3,0.748537,0.578947,logreg,24,0.8667,0.374
52,bed,man,tiger,leopard,Q3,0.748537,0.578947,random,24,0.3733,1.1774
52,bed,man,tiger,leopard,Q3,0.748537,0.578947,centroid,25,0.7333,0.1647
52,bed,man,tiger,leopard,Q3,0.748537,0.578947,exemplar_knn_k3,25,0.72,0.944
52,bed,man,tiger,leopard,Q3,0.748537,0.578947,logreg,25,0.74,0.3886
52,bed,man,tiger,leopard,Q3,0.748537,0.578947,random,25,0.3333,1.0539
52,bed,man,tiger,leopard,Q3,0.748537,0.578947,centroid,26,0.78,0.1542
52,bed,man,tiger,leopard,Q3,0.748537,0.578947,exemplar_knn_k3,26,0.76,0.8184
52,bed,man,tiger,leopard,Q3,0.748537,0.578947,logreg,26,0.8733,0.3583
52,bed,man,tiger,leopard,Q3,0.748537,0.578947,random,26,0.3133,1.3146
52,bed,man,tiger,leopard,Q3,0.748537,0.578947,centroid,27,0.7267,0.1067
52,bed,man,tiger,leopard,Q3,0.748537,0.578947,exemplar_knn_k3,27,0.64,0.6044
52,bed,man,tiger,leopard,Q3,0.748537,0.578947,logreg,27,0.7267,0.2328
52,bed,man,tiger,leopard,Q3,0.748537,0.578947,random,27,0.4,1.2521
52,bed,man,tiger,leopard,Q3,0.748537,0.578947,centroid,28,0.8267,0.1097
52,bed,man,tiger,leopard,Q3,0.748537,0.578947,exemplar_knn_k3,28,0.7667,0.684
52,bed,man,tiger,leopard,Q3,0.748537,0.578947,logreg,28,0.9,0.2984
52,bed,man,tiger,leopard,Q3,0.748537,0.578947,random,28,0.3667,1.305
52,bed,man,tiger,leopard,Q3,0.748537,0.578947,centroid,29,0.7467,0.1514
52,bed,man,tiger,leopard,Q3,0.748537,0.578947,exemplar_knn_k3,29,0.76,0.8677
52,bed,man,tiger,leopard,Q3,0.748537,0.578947,logreg,29,0.7867,0.3527
52,bed,man,tiger,leopard,Q3,0.748537,0.578947,random,29,0.3267,1.2189
53,bee,elephant,tiger,oak_tree,Q3,0.727096,0.44,centroid,0,0.8067,0.3586
53,bee,elephant,tiger,oak_tree,Q3,0.727096,0.44,exemplar_knn_k3,0,0.8133,1.4128
53,bee,elephant,tiger,oak_tree,Q3,0.727096,0.44,logreg,0,0.8733,0.6918
53,bee,elephant,tiger,oak_tree,Q3,0.727096,0.44,random,0,0.3133,1.2074
53,bee,elephant,tiger,oak_tree,Q3,0.727096,0.44,centroid,1,0.82,0.3118
53,bee,elephant,tiger,oak_tree,Q3,0.727096,0.44,exemplar_knn_k3,1,0.84,1.367
53,bee,elephant,tiger,oak_tree,Q3,0.727096,0.44,logreg,1,0.8333,0.6502
53,bee,elephant,tiger,oak_tree,Q3,0.727096,0.44,random,1,0.2867,1.0425
53,bee,elephant,tiger,oak_tree,Q3,0.727096,0.44,centroid,2,0.8267,0.3277
53,bee,elephant,tiger,oak_tree,Q3,0.727096,0.44,exemplar_knn_k3,2,0.84,1.2461
53,bee,elephant,tiger,oak_tree,Q3,0.727096,0.44,logreg,2,0.8733,0.6287
53,bee,elephant,tiger,oak_tree,Q3,0.727096,0.44,random,2,0.38,1.2428
53,bee,elephant,tiger,oak_tree,Q3,0.727096,0.44,centroid,3,0.8133,0.3337
53,bee,elephant,tiger,oak_tree,Q3,0.727096,0.44,exemplar_knn_k3,3,0.8133,1.4184
53,bee,elephant,tiger,oak_tree,Q3,0.727096,0.44,logreg,3,0.84,0.711
53,bee,elephant,tiger,oak_tree,Q3,0.727096,0.44,random,3,0.3467,1.2932
53,bee,elephant,tiger,oak_tree,Q3,0.727096,0.44,centroid,4,0.8133,0.3764
53,bee,elephant,tiger,oak_tree,Q3,0.727096,0.44,exemplar_knn_k3,4,0.8133,1.4166
53,bee,elephant,tiger,oak_tree,Q3,0.727096,0.44,logreg,4,0.82,0.7087
53,bee,elephant,tiger,oak_tree,Q3,0.727096,0.44,random,4,0.36,1.1864
53,bee,elephant,tiger,oak_tree,Q3,0.727096,0.44,centroid,5,0.8067,0.3738
53,bee,elephant,tiger,oak_tree,Q3,0.727096,0.44,exemplar_knn_k3,5,0.7733,1.3679
53,bee,elephant,tiger,oak_tree,Q3,0.727096,0.44,logreg,5,0.86,0.6669
53,bee,elephant,tiger,oak_tree,Q3,0.727096,0.44,random,5,0.34,1.1195
53,bee,elephant,tiger,oak_tree,Q3,0.727096,0.44,centroid,6,0.8333,0.327
53,bee,elephant,tiger,oak_tree,Q3,0.727096,0.44,exemplar_knn_k3,6,0.8267,1.3995
53,bee,elephant,tiger,oak_tree,Q3,0.727096,0.44,logreg,6,0.82,0.7191
53,bee,elephant,tiger,oak_tree,Q3,0.727096,0.44,random,6,0.3,1.2124
53,bee,elephant,tiger,oak_tree,Q3,0.727096,0.44,centroid,7,0.8067,0.3602
53,bee,elephant,tiger,oak_tree,Q3,0.727096,0.44,exemplar_knn_k3,7,0.7867,1.3197
53,bee,elephant,tiger,oak_tree,Q3,0.727096,0.44,logreg,7,0.8267,0.694
53,bee,elephant,tiger,oak_tree,Q3,0.727096,0.44,random,7,0.3667,1.2022
53,bee,elephant,tiger,oak_tree,Q3,0.727096,0.44,centroid,8,0.82,0.354
53,bee,elephant,tiger,oak_tree,Q3,0.727096,0.44,exemplar_knn_k3,8,0.8067,1.3502
53,bee,elephant,tiger,oak_tree,Q3,0.727096,0.44,logreg,8,0.8867,0.6642
53,bee,elephant,tiger,oak_tree,Q3,0.727096,0.44,random,8,0.3733,1.2697
53,bee,elephant,tiger,oak_tree,Q3,0.727096,0.44,centroid,9,0.8333,0.3281
53,bee,elephant,tiger,oak_tree,Q3,0.727096,0.44,exemplar_knn_k3,9,0.8267,1.4057
53,bee,elephant,tiger,oak_tree,Q3,0.727096,0.44,logreg,9,0.88,0.7067
53,bee,elephant,tiger,oak_tree,Q3,0.727096,0.44,random,9,0.3533,1.1814
53,bee,elephant,tiger,oak_tree,Q3,0.727096,0.44,centroid,10,0.8333,0.2938
53,bee,elephant,tiger,oak_tree,Q3,0.727096,0.44,exemplar_knn_k3,10,0.8333,1.2898
53,bee,elephant,tiger,oak_tree,Q3,0.727096,0.44,logreg,10,0.86,0.6475
53,bee,elephant,tiger,oak_tree,Q3,0.727096,0.44,random,10,0.2733,1.1062
53,bee,elephant,tiger,oak_tree,Q3,0.727096,0.44,centroid,11,0.8067,0.3503
53,bee,elephant,tiger,oak_tree,Q3,0.727096,0.44,exemplar_knn_k3,11,0.7933,1.3123
53,bee,elephant,tiger,oak_tree,Q3,0.727096,0.44,logreg,11,0.8467,0.6983
53,bee,elephant,tiger,oak_tree,Q3,0.727096,0.44,random,11,0.4267,0.952
53,bee,elephant,tiger,oak_tree,Q3,0.727096,0.44,centroid,12,0.8333,0.3264
53,bee,elephant,tiger,oak_tree,Q3,0.727096,0.44,exemplar_knn_k3,12,0.8267,1.3563
53,bee,elephant,tiger,oak_tree,Q3,0.727096,0.44,logreg,12,0.8267,0.7149
53,bee,elephant,tiger,oak_tree,Q3,0.727096,0.44,random,12,0.3467,1.3127
53,bee,elephant,tiger,oak_tree,Q3,0.727096,0.44,centroid,13,0.82,0.3415
53,bee,elephant,tiger,oak_tree,Q3,0.727096,0.44,exemplar_knn_k3,13,0.8267,1.3801
53,bee,elephant,tiger,oak_tree,Q3,0.727096,0.44,logreg,13,0.8333,0.744
53,bee,elephant,tiger,oak_tree,Q3,0.727096,0.44,random,13,0.3533,1.3043
53,bee,elephant,tiger,oak_tree,Q3,0.727096,0.44,centroid,14,0.82,0.3572
53,bee,elephant,tiger,oak_tree,Q3,0.727096,0.44,exemplar_knn_k3,14,0.82,1.3951
53,bee,elephant,tiger,oak_tree,Q3,0.727096,0.44,logreg,14,0.92,0.7015
53,bee,elephant,tiger,oak_tree,Q3,0.727096,0.44,random,14,0.3,1.1627
53,bee,elephant,tiger,oak_tree,Q3,0.727096,0.44,centroid,15,0.8133,0.3327
53,bee,elephant,tiger,oak_tree,Q3,0.727096,0.44,exemplar_knn_k3,15,0.82,1.3873
53,bee,elephant,tiger,oak_tree,Q3,0.727096,0.44,logreg,15,0.8533,0.6613
53,bee,elephant,tiger,oak_tree,Q3,0.727096,0.44,random,15,0.34,1.1767
53,bee,elephant,tiger,oak_tree,Q3,0.727096,0.44,centroid,16,0.8133,0.3461
53,bee,elephant,tiger,oak_tree,Q3,0.727096,0.44,exemplar_knn_k3,16,0.8067,1.4138
53,bee,elephant,tiger,oak_tree,Q3,0.727096,0.44,logreg,16,0.8467,0.6402
53,bee,elephant,tiger,oak_tree,Q3,0.727096,0.44,random,16,0.3467,1.2773
53,bee,elephant,tiger,oak_tree,Q3,0.727096,0.44,centroid,17,0.8067,0.3464
53,bee,elephant,tiger,oak_tree,Q3,0.727096,0.44,exemplar_knn_k3,17,0.8133,1.3306
53,bee,elephant,tiger,oak_tree,Q3,0.727096,0.44,logreg,17,0.8067,0.7045
53,bee,elephant,tiger,oak_tree,Q3,0.727096,0.44,random,17,0.4,1.1007
53,bee,elephant,tiger,oak_tree,Q3,0.727096,0.44,centroid,18,0.8333,0.3134
53,bee,elephant,tiger,oak_tree,Q3,0.727096,0.44,exemplar_knn_k3,18,0.8333,1.3982
53,bee,elephant,tiger,oak_tree,Q3,0.727096,0.44,logreg,18,0.8267,0.7164
53,bee,elephant,tiger,oak_tree,Q3,0.727096,0.44,random,18,0.3067,1.2058
53,bee,elephant,tiger,oak_tree,Q3,0.727096,0.44,centroid,19,0.82,0.3471
53,bee,elephant,tiger,oak_tree,Q3,0.727096,0.44,exemplar_knn_k3,19,0.8333,1.4495
53,bee,elephant,tiger,oak_tree,Q3,0.727096,0.44,logreg,19,0.82,0.745
53,bee,elephant,tiger,oak_tree,Q3,0.727096,0.44,random,19,0.2733,1.2581
53,bee,elephant,tiger,oak_tree,Q3,0.727096,0.44,centroid,20,0.8133,0.3801
53,bee,elephant,tiger,oak_tree,Q3,0.727096,0.44,exemplar_knn_k3,20,0.8067,1.4136
53,bee,elephant,tiger,oak_tree,Q3,0.727096,0.44,logreg,20,0.8467,0.7187
53,bee,elephant,tiger,oak_tree,Q3,0.727096,0.44,random,20,0.2933,1.2764
53,bee,elephant,tiger,oak_tree,Q3,0.727096,0.44,centroid,21,0.8333,0.3362
53,bee,elephant,tiger,oak_tree,Q3,0.727096,0.44,exemplar_knn_k3,21,0.8333,1.3989
53,bee,elephant,tiger,oak_tree,Q3,0.727096,0.44,logreg,21,0.8533,0.7125
53,bee,elephant,tiger,oak_tree,Q3,0.727096,0.44,random,21,0.2933,1.3071
53,bee,elephant,tiger,oak_tree,Q3,0.727096,0.44,centroid,22,0.8267,0.3851
53,bee,elephant,tiger,oak_tree,Q3,0.727096,0.44,exemplar_knn_k3,22,0.8133,1.435
53,bee,elephant,tiger,oak_tree,Q3,0.727096,0.44,logreg,22,0.88,0.7278
53,bee,elephant,tiger,oak_tree,Q3,0.727096,0.44,random,22,0.3467,1.1412
53,bee,elephant,tiger,oak_tree,Q3,0.727096,0.44,centroid,23,0.82,0.2923
53,bee,elephant,tiger,oak_tree,Q3,0.727096,0.44,exemplar_knn_k3,23,0.8333,1.2561
53,bee,elephant,tiger,oak_tree,Q3,0.727096,0.44,logreg,23,0.8933,0.5878
53,bee,elephant,tiger,oak_tree,Q3,0.727096,0.44,random,23,0.3133,1.1279
53,bee,elephant,tiger,oak_tree,Q3,0.727096,0.44,centroid,24,0.8133,0.3726
53,bee,elephant,tiger,oak_tree,Q3,0.727096,0.44,exemplar_knn_k3,24,0.8067,1.341
53,bee,elephant,tiger,oak_tree,Q3,0.727096,0.44,logreg,24,0.82,0.7309
53,bee,elephant,tiger,oak_tree,Q3,0.727096,0.44,random,24,0.38,1.2118
53,bee,elephant,tiger,oak_tree,Q3,0.727096,0.44,centroid,25,0.8067,0.3683
53,bee,elephant,tiger,oak_tree,Q3,0.727096,0.44,exemplar_knn_k3,25,0.8067,1.3774
53,bee,elephant,tiger,oak_tree,Q3,0.727096,0.44,logreg,25,0.84,0.6779
53,bee,elephant,tiger,oak_tree,Q3,0.727096,0.44,random,25,0.3467,1.1155
53,bee,elephant,tiger,oak_tree,Q3,0.727096,0.44,centroid,26,0.82,0.3217
53,bee,elephant,tiger,oak_tree,Q3,0.727096,0.44,exemplar_knn_k3,26,0.82,1.2918
53,bee,elephant,tiger,oak_tree,Q3,0.727096,0.44,logreg,26,0.8867,0.6151
53,bee,elephant,tiger,oak_tree,Q3,0.727096,0.44,random,26,0.2733,1.2758
53,bee,elephant,tiger,oak_tree,Q3,0.727096,0.44,centroid,27,0.8067,0.3154
53,bee,elephant,tiger,oak_tree,Q3,0.727096,0.44,exemplar_knn_k3,27,0.8133,1.2813
53,bee,elephant,tiger,oak_tree,Q3,0.727096,0.44,logreg,27,0.82,0.6313
53,bee,elephant,tiger,oak_tree,Q3,0.727096,0.44,random,27,0.2867,1.199
53,bee,elephant,tiger,oak_tree,Q3,0.727096,0.44,centroid,28,0.82,0.3289
53,bee,elephant,tiger,oak_tree,Q3,0.727096,0.44,exemplar_knn_k3,28,0.8133,1.4231
53,bee,elephant,tiger,oak_tree,Q3,0.727096,0.44,logreg,28,0.82,0.7213
53,bee,elephant,tiger,oak_tree,Q3,0.727096,0.44,random,28,0.3133,1.301
53,bee,elephant,tiger,oak_tree,Q3,0.727096,0.44,centroid,29,0.8067,0.3462
53,bee,elephant,tiger,oak_tree,Q3,0.727096,0.44,exemplar_knn_k3,29,0.8067,1.392
53,bee,elephant,tiger,oak_tree,Q3,0.727096,0.44,logreg,29,0.8933,0.6779
53,bee,elephant,tiger,oak_tree,Q3,0.727096,0.44,random,29,0.36,1.2389
54,bee,skyscraper,flatfish,lawn_mower,Q3,0.76619,0.6,centroid,0,0.82,0.2952
54,bee,skyscraper,flatfish,lawn_mower,Q3,0.76619,0.6,exemplar_knn_k3,0,0.8133,1.0281
54,bee,skyscraper,flatfish,lawn_mower,Q3,0.76619,0.6,logreg,0,0.8,0.576
54,bee,skyscraper,flatfish,lawn_mower,Q3,0.76619,0.6,random,0,0.3067,1.2636
54,bee,skyscraper,flatfish,lawn_mower,Q3,0.76619,0.6,centroid,1,0.8267,0.2542
54,bee,skyscraper,flatfish,lawn_mower,Q3,0.76619,0.6,exemplar_knn_k3,1,0.7933,0.9605
54,bee,skyscraper,flatfish,lawn_mower,Q3,0.76619,0.6,logreg,1,0.8333,0.5233
54,bee,skyscraper,flatfish,lawn_mower,Q3,0.76619,0.6,random,1,0.34,1.0804
54,bee,skyscraper,flatfish,lawn_mower,Q3,0.76619,0.6,centroid,2,0.8133,0.2502
54,bee,skyscraper,flatfish,lawn_mower,Q3,0.76619,0.6,exemplar_knn_k3,2,0.8,0.8961
54,bee,skyscraper,flatfish,lawn_mower,Q3,0.76619,0.6,logreg,2,0.8133,0.4715
54,bee,skyscraper,flatfish,lawn_mower,Q3,0.76619,0.6,random,2,0.3733,1.1155
54,bee,skyscraper,flatfish,lawn_mower,Q3,0.76619,0.6,centroid,3,0.8667,0.2528
54,bee,skyscraper,flatfish,lawn_mower,Q3,0.76619,0.6,exemplar_knn_k3,3,0.8467,0.9225
54,bee,skyscraper,flatfish,lawn_mower,Q3,0.76619,0.6,logreg,3,0.8667,0.5168
54,bee,skyscraper,flatfish,lawn_mower,Q3,0.76619,0.6,random,3,0.3667,1.3099
54,bee,skyscraper,flatfish,lawn_mower,Q3,0.76619,0.6,centroid,4,0.8133,0.2887
54,bee,skyscraper,flatfish,lawn_mower,Q3,0.76619,0.6,exemplar_knn_k3,4,0.82,1.0089
54,bee,skyscraper,flatfish,lawn_mower,Q3,0.76619,0.6,logreg,4,0.8267,0.5635
54,bee,skyscraper,flatfish,lawn_mower,Q3,0.76619,0.6,random,4,0.2867,1.4586
54,bee,skyscraper,flatfish,lawn_mower,Q3,0.76619,0.6,centroid,5,0.8133,0.2829
54,bee,skyscraper,flatfish,lawn_mower,Q3,0.76619,0.6,exemplar_knn_k3,5,0.8133,1.022
54,bee,skyscraper,flatfish,lawn_mower,Q3,0.76619,0.6,logreg,5,0.8067,0.5148
54,bee,skyscraper,flatfish,lawn_mower,Q3,0.76619,0.6,random,5,0.3,1.225
54,bee,skyscraper,flatfish,lawn_mower,Q3,0.76619,0.6,centroid,6,0.86,0.3263
54,bee,skyscraper,flatfish,lawn_mower,Q3,0.76619,0.6,exemplar_knn_k3,6,0.8467,1.1151
54,bee,skyscraper,flatfish,lawn_mower,Q3,0.76619,0.6,logreg,6,0.86,0.6135
54,bee,skyscraper,flatfish,lawn_mower,Q3,0.76619,0.6,random,6,0.2933,1.2536
54,bee,skyscraper,flatfish,lawn_mower,Q3,0.76619,0.6,centroid,7,0.8533,0.3122
54,bee,skyscraper,flatfish,lawn_mower,Q3,0.76619,0.6,exemplar_knn_k3,7,0.82,1.0542
54,bee,skyscraper,flatfish,lawn_mower,Q3,0.76619,0.6,logreg,7,0.94,0.5775
54,bee,skyscraper,flatfish,lawn_mower,Q3,0.76619,0.6,random,7,0.3067,1.1957
54,bee,skyscraper,flatfish,lawn_mower,Q3,0.76619,0.6,centroid,8,0.84,0.2831
54,bee,skyscraper,flatfish,lawn_mower,Q3,0.76619,0.6,exemplar_knn_k3,8,0.8533,0.9455
54,bee,skyscraper,flatfish,lawn_mower,Q3,0.76619,0.6,logreg,8,0.8533,0.543
54,bee,skyscraper,flatfish,lawn_mower,Q3,0.76619,0.6,random,8,0.3533,1.1221
54,bee,skyscraper,flatfish,lawn_mower,Q3,0.76619,0.6,centroid,9,0.84,0.2751
54,bee,skyscraper,flatfish,lawn_mower,Q3,0.76619,0.6,exemplar_knn_k3,9,0.8267,0.9992
54,bee,skyscraper,flatfish,lawn_mower,Q3,0.76619,0.6,logreg,9,0.8467,0.5655
54,bee,skyscraper,flatfish,lawn_mower,Q3,0.76619,0.6,random,9,0.34,1.2507
54,bee,skyscraper,flatfish,lawn_mower,Q3,0.76619,0.6,centroid,10,0.8333,0.2583
54,bee,skyscraper,flatfish,lawn_mower,Q3,0.76619,0.6,exemplar_knn_k3,10,0.8133,0.9092
54,bee,skyscraper,flatfish,lawn_mower,Q3,0.76619,0.6,logreg,10,0.8333,0.5009
54,bee,skyscraper,flatfish,lawn_mower,Q3,0.76619,0.6,random,10,0.3333,1.387
54,bee,skyscraper,flatfish,lawn_mower,Q3,0.76619,0.6,centroid,11,0.7933,0.2538
54,bee,skyscraper,flatfish,lawn_mower,Q3,0.76619,0.6,exemplar_knn_k3,11,0.7867,0.8332
54,bee,skyscraper,flatfish,lawn_mower,Q3,0.76619,0.6,logreg,11,0.7933,0.4994
54,bee,skyscraper,flatfish,lawn_mower,Q3,0.76619,0.6,random,11,0.3333,1.1706
54,bee,skyscraper,flatfish,lawn_mower,Q3,0.76619,0.6,centroid,12,0.8467,0.2849
54,bee,skyscraper,flatfish,lawn_mower,Q3,0.76619,0.6,exemplar_knn_k3,12,0.8867,0.9931
54,bee,skyscraper,flatfish,lawn_mower,Q3,0.76619,0.6,logreg,12,0.8467,0.5543
54,bee,skyscraper,flatfish,lawn_mower,Q3,0.76619,0.6,random,12,0.3533,1.2206
54,bee,skyscraper,flatfish,lawn_mower,Q3,0.76619,0.6,centroid,13,0.86,0.3019
54,bee,skyscraper,flatfish,lawn_mower,Q3,0.76619,0.6,exemplar_knn_k3,13,0.8533,0.9458
54,bee,skyscraper,flatfish,lawn_mower,Q3,0.76619,0.6,logreg,13,0.8533,0.5832
54,bee,skyscraper,flatfish,lawn_mower,Q3,0.76619,0.6,random,13,0.36,1.2627
54,bee,skyscraper,flatfish,lawn_mower,Q3,0.76619,0.6,centroid,14,0.84,0.2867
54,bee,skyscraper,flatfish,lawn_mower,Q3,0.76619,0.6,exemplar_knn_k3,14,0.8267,0.9283
54,bee,skyscraper,flatfish,lawn_mower,Q3,0.76619,0.6,logreg,14,0.82,0.5664
54,bee,skyscraper,flatfish,lawn_mower,Q3,0.76619,0.6,random,14,0.2733,1.4228
54,bee,skyscraper,flatfish,lawn_mower,Q3,0.76619,0.6,centroid,15,0.8133,0.2556
54,bee,skyscraper,flatfish,lawn_mower,Q3,0.76619,0.6,exemplar_knn_k3,15,0.8,0.9425
54,bee,skyscraper,flatfish,lawn_mower,Q3,0.76619,0.6,logreg,15,0.8133,0.5282
54,bee,skyscraper,flatfish,lawn_mower,Q3,0.76619,0.6,random,15,0.3867,1.317
54,bee,skyscraper,flatfish,lawn_mower,Q3,0.76619,0.6,centroid,16,0.8533,0.278
54,bee,skyscraper,flatfish,lawn_mower,Q3,0.76619,0.6,exemplar_knn_k3,16,0.8267,0.9426
54,bee,skyscraper,flatfish,lawn_mower,Q3,0.76619,0.6,logreg,16,0.9133,0.5322
54,bee,skyscraper,flatfish,lawn_mower,Q3,0.76619,0.6,random,16,0.3133,1.1563
54,bee,skyscraper,flatfish,lawn_mower,Q3,0.76619,0.6,centroid,17,0.8067,0.2796
54,bee,skyscraper,flatfish,lawn_mower,Q3,0.76619,0.6,exemplar_knn_k3,17,0.8067,1.0094
54,bee,skyscraper,flatfish,lawn_mower,Q3,0.76619,0.6,logreg,17,0.8067,0.5667
54,bee,skyscraper,flatfish,lawn_mower,Q3,0.76619,0.6,random,17,0.3867,1.2402
54,bee,skyscraper,flatfish,lawn_mower,Q3,0.76619,0.6,centroid,18,0.82,0.2693
54,bee,skyscraper,flatfish,lawn_mower,Q3,0.76619,0.6,exemplar_knn_k3,18,0.8333,1.006
54,bee,skyscraper,flatfish,lawn_mower,Q3,0.76619,0.6,logreg,18,0.8333,0.535
54,bee,skyscraper,flatfish,lawn_mower,Q3,0.76619,0.6,random,18,0.34,1.1822
54,bee,skyscraper,flatfish,lawn_mower,Q3,0.76619,0.6,centroid,19,0.8533,0.2746
54,bee,skyscraper,flatfish,lawn_mower,Q3,0.76619,0.6,exemplar_knn_k3,19,0.8267,0.9732
54,bee,skyscraper,flatfish,lawn_mower,Q3,0.76619,0.6,logreg,19,0.9133,0.5279
54,bee,skyscraper,flatfish,lawn_mower,Q3,0.76619,0.6,random,19,0.3133,1.2449
54,bee,skyscraper,flatfish,lawn_mower,Q3,0.76619,0.6,centroid,20,0.7933,0.3068
54,bee,skyscraper,flatfish,lawn_mower,Q3,0.76619,0.6,exemplar_knn_k3,20,0.7867,1.0899
54,bee,skyscraper,flatfish,lawn_mower,Q3,0.76619,0.6,logreg,20,0.78,0.584
54,bee,skyscraper,flatfish,lawn_mower,Q3,0.76619,0.6,random,20,0.3,1.2908
54,bee,skyscraper,flatfish,lawn_mower,Q3,0.76619,0.6,centroid,21,0.8333,0.2673
54,bee,skyscraper,flatfish,lawn_mower,Q3,0.76619,0.6,exemplar_knn_k3,21,0.8,0.9174
54,bee,skyscraper,flatfish,lawn_mower,Q3,0.76619,0.6,logreg,21,0.8533,0.5025
54,bee,skyscraper,flatfish,lawn_mower,Q3,0.76619,0.6,random,21,0.3067,1.3802
54,bee,skyscraper,flatfish,lawn_mower,Q3,0.76619,0.6,centroid,22,0.8333,0.291
54,bee,skyscraper,flatfish,lawn_mower,Q3,0.76619,0.6,exemplar_knn_k3,22,0.8133,1.0276
54,bee,skyscraper,flatfish,lawn_mower,Q3,0.76619,0.6,logreg,22,0.8333,0.5505
54,bee,skyscraper,flatfish,lawn_mower,Q3,0.76619,0.6,random,22,0.32,1.0696
54,bee,skyscraper,flatfish,lawn_mower,Q3,0.76619,0.6,centroid,23,0.92,0.2505
54,bee,skyscraper,flatfish,lawn_mower,Q3,0.76619,0.6,exemplar_knn_k3,23,0.9067,0.8919
54,bee,skyscraper,flatfish,lawn_mower,Q3,0.76619,0.6,logreg,23,0.9267,0.4956
54,bee,skyscraper,flatfish,lawn_mower,Q3,0.76619,0.6,random,23,0.28,1.3284
54,bee,skyscraper,flatfish,lawn_mower,Q3,0.76619,0.6,centroid,24,0.8133,0.2762
54,bee,skyscraper,flatfish,lawn_mower,Q3,0.76619,0.6,exemplar_knn_k3,24,0.7933,0.9611
54,bee,skyscraper,flatfish,lawn_mower,Q3,0.76619,0.6,logreg,24,0.8,0.5672
54,bee,skyscraper,flatfish,lawn_mower,Q3,0.76619,0.6,random,24,0.2933,1.1684
54,bee,skyscraper,flatfish,lawn_mower,Q3,0.76619,0.6,centroid,25,0.8467,0.2649
54,bee,skyscraper,flatfish,lawn_mower,Q3,0.76619,0.6,exemplar_knn_k3,25,0.84,0.8978
54,bee,skyscraper,flatfish,lawn_mower,Q3,0.76619,0.6,logreg,25,0.8933,0.5022
54,bee,skyscraper,flatfish,lawn_mower,Q3,0.76619,0.6,random,25,0.26,1.15
54,bee,skyscraper,flatfish,lawn_mower,Q3,0.76619,0.6,centroid,26,0.8933,0.2821
54,bee,skyscraper,flatfish,lawn_mower,Q3,0.76619,0.6,exemplar_knn_k3,26,0.84,0.9889
54,bee,skyscraper,flatfish,lawn_mower,Q3,0.76619,0.6,logreg,26,0.96,0.5522
54,bee,skyscraper,flatfish,lawn_mower,Q3,0.76619,0.6,random,26,0.2867,1.326
54,bee,skyscraper,flatfish,lawn_mower,Q3,0.76619,0.6,centroid,27,0.84,0.298
54,bee,skyscraper,flatfish,lawn_mower,Q3,0.76619,0.6,exemplar_knn_k3,27,0.82,1.0102
54,bee,skyscraper,flatfish,lawn_mower,Q3,0.76619,0.6,logreg,27,0.8667,0.5634
54,bee,skyscraper,flatfish,lawn_mower,Q3,0.76619,0.6,random,27,0.24,1.2203
54,bee,skyscraper,flatfish,lawn_mower,Q3,0.76619,0.6,centroid,28,0.82,0.3105
54,bee,skyscraper,flatfish,lawn_mower,Q3,0.76619,0.6,exemplar_knn_k3,28,0.8133,1.0931
54,bee,skyscraper,flatfish,lawn_mower,Q3,0.76619,0.6,logreg,28,0.8067,0.5471
54,bee,skyscraper,flatfish,lawn_mower,Q3,0.76619,0.6,random,28,0.3533,1.3867
54,bee,skyscraper,flatfish,lawn_mower,Q3,0.76619,0.6,centroid,29,0.8133,0.3235
54,bee,skyscraper,flatfish,lawn_mower,Q3,0.76619,0.6,exemplar_knn_k3,29,0.8133,1.1061
54,bee,skyscraper,flatfish,lawn_mower,Q3,0.76619,0.6,logreg,29,0.8133,0.6007
54,bee,skyscraper,flatfish,lawn_mower,Q3,0.76619,0.6,random,29,0.3333,1.0475
55,bottle,keyboard,tiger,snail,Q3,0.821888,0.333333,centroid,0,0.9333,0.3107
55,bottle,keyboard,tiger,snail,Q3,0.821888,0.333333,exemplar_knn_k3,0,0.9133,1.1901
55,bottle,keyboard,tiger,snail,Q3,0.821888,0.333333,logreg,0,0.9733,0.6558
55,bottle,keyboard,tiger,snail,Q3,0.821888,0.333333,random,0,0.3467,1.253
55,bottle,keyboard,tiger,snail,Q3,0.821888,0.333333,centroid,1,0.84,0.3104
55,bottle,keyboard,tiger,snail,Q3,0.821888,0.333333,exemplar_knn_k3,1,0.8467,1.174
55,bottle,keyboard,tiger,snail,Q3,0.821888,0.333333,logreg,1,0.8467,0.6406
55,bottle,keyboard,tiger,snail,Q3,0.821888,0.333333,random,1,0.2867,1.0881
55,bottle,keyboard,tiger,snail,Q3,0.821888,0.333333,centroid,2,0.9333,0.2992
55,bottle,keyboard,tiger,snail,Q3,0.821888,0.333333,exemplar_knn_k3,2,0.9067,1.139
55,bottle,keyboard,tiger,snail,Q3,0.821888,0.333333,logreg,2,0.98,0.6157
55,bottle,keyboard,tiger,snail,Q3,0.821888,0.333333,random,2,0.36,1.1237
55,bottle,keyboard,tiger,snail,Q3,0.821888,0.333333,centroid,3,0.8267,0.3352
55,bottle,keyboard,tiger,snail,Q3,0.821888,0.333333,exemplar_knn_k3,3,0.8133,1.2043
55,bottle,keyboard,tiger,snail,Q3,0.821888,0.333333,logreg,3,0.86,0.6689
55,bottle,keyboard,tiger,snail,Q3,0.821888,0.333333,random,3,0.3333,1.1732
55,bottle,keyboard,tiger,snail,Q3,0.821888,0.333333,centroid,4,0.92,0.2885
55,bottle,keyboard,tiger,snail,Q3,0.821888,0.333333,exemplar_knn_k3,4,0.8867,1.1181
55,bottle,keyboard,tiger,snail,Q3,0.821888,0.333333,logreg,4,0.9733,0.5912
55,bottle,keyboard,tiger,snail,Q3,0.821888,0.333333,random,4,0.3267,1.2257
55,bottle,keyboard,tiger,snail,Q3,0.821888,0.333333,centroid,5,0.8333,0.3093
55,bottle,keyboard,tiger,snail,Q3,0.821888,0.333333,exemplar_knn_k3,5,0.86,1.1266
55,bottle,keyboard,tiger,snail,Q3,0.821888,0.333333,logreg,5,0.7933,0.627
55,bottle,keyboard,tiger,snail,Q3,0.821888,0.333333,random,5,0.3933,1.1746
55,bottle,keyboard,tiger,snail,Q3,0.821888,0.333333,centroid,6,0.8533,0.3174
55,bottle,keyboard,tiger,snail,Q3,0.821888,0.333333,exemplar_knn_k3,6,0.86,1.1212
55,bottle,keyboard,tiger,snail,Q3,0.821888,0.333333,logreg,6,0.8933,0.6351
55,bottle,keyboard,tiger,snail,Q3,0.821888,0.333333,random,6,0.3467,1.0569
55,bottle,keyboard,tiger,snail,Q3,0.821888,0.333333,centroid,7,0.9533,0.3033
55,bottle,keyboard,tiger,snail,Q3,0.821888,0.333333,exemplar_knn_k3,7,0.94,1.1706
55,bottle,keyboard,tiger,snail,Q3,0.821888,0.333333,logreg,7,0.9667,0.6345
55,bottle,keyboard,tiger,snail,Q3,0.821888,0.333333,random,7,0.3267,1.1235
55,bottle,keyboard,tiger,snail,Q3,0.821888,0.333333,centroid,8,0.82,0.2912
55,bottle,keyboard,tiger,snail,Q3,0.821888,0.333333,exemplar_knn_k3,8,0.8533,1.0888
55,bottle,keyboard,tiger,snail,Q3,0.821888,0.333333,logreg,8,0.82,0.6188
55,bottle,keyboard,tiger,snail,Q3,0.821888,0.333333,random,8,0.3533,1.379
55,bottle,keyboard,tiger,snail,Q3,0.821888,0.333333,centroid,9,0.86,0.3328
55,bottle,keyboard,tiger,snail,Q3,0.821888,0.333333,exemplar_knn_k3,9,0.84,1.1876
55,bottle,keyboard,tiger,snail,Q3,0.821888,0.333333,logreg,9,0.88,0.6725
55,bottle,keyboard,tiger,snail,Q3,0.821888,0.333333,random,9,0.3067,1.2724
55,bottle,keyboard,tiger,snail,Q3,0.821888,0.333333,centroid,10,0.8267,0.2913
55,bottle,keyboard,tiger,snail,Q3,0.821888,0.333333,exemplar_knn_k3,10,0.8267,1.1253
55,bottle,keyboard,tiger,snail,Q3,0.821888,0.333333,logreg,10,0.82,0.6029
55,bottle,keyboard,tiger,snail,Q3,0.821888,0.333333,random,10,0.2867,1.2037
55,bottle,keyboard,tiger,snail,Q3,0.821888,0.333333,centroid,11,0.9267,0.2834
55,bottle,keyboard,tiger,snail,Q3,0.821888,0.333333,exemplar_knn_k3,11,0.9067,1.0862
55,bottle,keyboard,tiger,snail,Q3,0.821888,0.333333,logreg,11,0.9733,0.6029
55,bottle,keyboard,tiger,snail,Q3,0.821888,0.333333,random,11,0.3267,1.1526
55,bottle,keyboard,tiger,snail,Q3,0.821888,0.333333,centroid,12,0.8133,0.2723
55,bottle,keyboard,tiger,snail,Q3,0.821888,0.333333,exemplar_knn_k3,12,0.8067,1.0107
55,bottle,keyboard,tiger,snail,Q3,0.821888,0.333333,logreg,12,0.8133,0.5658
55,bottle,keyboard,tiger,snail,Q3,0.821888,0.333333,random,12,0.34,1.1755
55,bottle,keyboard,tiger,snail,Q3,0.821888,0.333333,centroid,13,0.8267,0.3039
55,bottle,keyboard,tiger,snail,Q3,0.821888,0.333333,exemplar_knn_k3,13,0.8467,1.1418
55,bottle,keyboard,tiger,snail,Q3,0.821888,0.333333,logreg,13,0.8,0.6374
55,bottle,keyboard,tiger,snail,Q3,0.821888,0.333333,random,13,0.3667,1.2976
55,bottle,keyboard,tiger,snail,Q3,0.821888,0.333333,centroid,14,0.8333,0.31
55,bottle,keyboard,tiger,snail,Q3,0.821888,0.333333,exemplar_knn_k3,14,0.8333,1.1473
55,bottle,keyboard,tiger,snail,Q3,0.821888,0.333333,logreg,14,0.86,0.6428
55,bottle,keyboard,tiger,snail,Q3,0.821888,0.333333,random,14,0.3,1.382
55,bottle,keyboard,tiger,snail,Q3,0.821888,0.333333,centroid,15,0.86,0.284
55,bottle,keyboard,tiger,snail,Q3,0.821888,0.333333,exemplar_knn_k3,15,0.86,1.0541
55,bottle,keyboard,tiger,snail,Q3,0.821888,0.333333,logreg,15,0.86,0.5886
55,bottle,keyboard,tiger,snail,Q3,0.821888,0.333333,random,15,0.3,1.1603
55,bottle,keyboard,tiger,snail,Q3,0.821888,0.333333,centroid,16,0.9267,0.3115
55,bottle,keyboard,tiger,snail,Q3,0.821888,0.333333,exemplar_knn_k3,16,0.9333,1.1513
55,bottle,keyboard,tiger,snail,Q3,0.821888,0.333333,logreg,16,0.9667,0.6416
55,bottle,keyboard,tiger,snail,Q3,0.821888,0.333333,random,16,0.24,1.2166
55,bottle,keyboard,tiger,snail,Q3,0.821888,0.333333,centroid,17,0.8667,0.2696
55,bottle,keyboard,tiger,snail,Q3,0.821888,0.333333,exemplar_knn_k3,17,0.8733,1.0242
55,bottle,keyboard,tiger,snail,Q3,0.821888,0.333333,logreg,17,0.8667,0.5627
55,bottle,keyboard,tiger,snail,Q3,0.821888,0.333333,random,17,0.3733,1.1355
55,bottle,keyboard,tiger,snail,Q3,0.821888,0.333333,centroid,18,0.8467,0.3073
55,bottle,keyboard,tiger,snail,Q3,0.821888,0.333333,exemplar_knn_k3,18,0.8533,1.1444
55,bottle,keyboard,tiger,snail,Q3,0.821888,0.333333,logreg,18,0.8267,0.6508
55,bottle,keyboard,tiger,snail,Q3,0.821888,0.333333,random,18,0.2733,1.3085
55,bottle,keyboard,tiger,snail,Q3,0.821888,0.333333,centroid,19,0.8467,0.3209
55,bottle,keyboard,tiger,snail,Q3,0.821888,0.333333,exemplar_knn_k3,19,0.8333,1.1561
55,bottle,keyboard,tiger,snail,Q3,0.821888,0.333333,logreg,19,0.88,0.6522
55,bottle,keyboard,tiger,snail,Q3,0.821888,0.333333,random,19,0.2867,1.3573
55,bottle,keyboard,tiger,snail,Q3,0.821888,0.333333,centroid,20,0.9067,0.2945
55,bottle,keyboard,tiger,snail,Q3,0.821888,0.333333,exemplar_knn_k3,20,0.88,1.1226
55,bottle,keyboard,tiger,snail,Q3,0.821888,0.333333,logreg,20,0.9267,0.62
55,bottle,keyboard,tiger,snail,Q3,0.821888,0.333333,random,20,0.3267,1.2438
55,bottle,keyboard,tiger,snail,Q3,0.821888,0.333333,centroid,21,0.82,0.3185
55,bottle,keyboard,tiger,snail,Q3,0.821888,0.333333,exemplar_knn_k3,21,0.8467,1.1801
55,bottle,keyboard,tiger,snail,Q3,0.821888,0.333333,logreg,21,0.8467,0.6424
55,bottle,keyboard,tiger,snail,Q3,0.821888,0.333333,random,21,0.2867,1.2284
55,bottle,keyboard,tiger,snail,Q3,0.821888,0.333333,centroid,22,0.86,0.3469
55,bottle,keyboard,tiger,snail,Q3,0.821888,0.333333,exemplar_knn_k3,22,0.86,1.2884
55,bottle,keyboard,tiger,snail,Q3,0.821888,0.333333,logreg,22,0.8667,0.7198
55,bottle,keyboard,tiger,snail,Q3,0.821888,0.333333,random,22,0.2867,1.2662
55,bottle,keyboard,tiger,snail,Q3,0.821888,0.333333,centroid,23,0.8267,0.2768
55,bottle,keyboard,tiger,snail,Q3,0.821888,0.333333,exemplar_knn_k3,23,0.8133,1.0519
55,bottle,keyboard,tiger,snail,Q3,0.821888,0.333333,logreg,23,0.8267,0.5672
55,bottle,keyboard,tiger,snail,Q3,0.821888,0.333333,random,23,0.32,1.2685
55,bottle,keyboard,tiger,snail,Q3,0.821888,0.333333,centroid,24,0.84,0.3068
55,bottle,keyboard,tiger,snail,Q3,0.821888,0.333333,exemplar_knn_k3,24,0.88,1.0728
55,bottle,keyboard,tiger,snail,Q3,0.821888,0.333333,logreg,24,0.8333,0.6328
55,bottle,keyboard,tiger,snail,Q3,0.821888,0.333333,random,24,0.34,1.2079
55,bottle,keyboard,tiger,snail,Q3,0.821888,0.333333,centroid,25,0.88,0.3381
55,bottle,keyboard,tiger,snail,Q3,0.821888,0.333333,exemplar_knn_k3,25,0.9067,1.1683
55,bottle,keyboard,tiger,snail,Q3,0.821888,0.333333,logreg,25,0.9267,0.6537
55,bottle,keyboard,tiger,snail,Q3,0.821888,0.333333,random,25,0.3667,1.0269
55,bottle,keyboard,tiger,snail,Q3,0.821888,0.333333,centroid,26,0.9467,0.284
55,bottle,keyboard,tiger,snail,Q3,0.821888,0.333333,exemplar_knn_k3,26,0.92,1.0904
55,bottle,keyboard,tiger,snail,Q3,0.821888,0.333333,logreg,26,0.98,0.5738
55,bottle,keyboard,tiger,snail,Q3,0.821888,0.333333,random,26,0.3067,1.2212
55,bottle,keyboard,tiger,snail,Q3,0.821888,0.333333,centroid,27,0.84,0.2385
55,bottle,keyboard,tiger,snail,Q3,0.821888,0.333333,exemplar_knn_k3,27,0.8933,0.9694
55,bottle,keyboard,tiger,snail,Q3,0.821888,0.333333,logreg,27,0.84,0.4958
55,bottle,keyboard,tiger,snail,Q3,0.821888,0.333333,random,27,0.3867,1.1224
55,bottle,keyboard,tiger,snail,Q3,0.821888,0.333333,centroid,28,0.82,0.3187
55,bottle,keyboard,tiger,snail,Q3,0.821888,0.333333,exemplar_knn_k3,28,0.82,1.1772
55,bottle,keyboard,tiger,snail,Q3,0.821888,0.333333,logreg,28,0.7867,0.6533
55,bottle,keyboard,tiger,snail,Q3,0.821888,0.333333,random,28,0.3667,1.3996
55,bottle,keyboard,tiger,snail,Q3,0.821888,0.333333,centroid,29,0.9,0.2592
55,bottle,keyboard,tiger,snail,Q3,0.821888,0.333333,exemplar_knn_k3,29,0.8667,1.0694
55,bottle,keyboard,tiger,snail,Q3,0.821888,0.333333,logreg,29,0.92,0.5797
55,bottle,keyboard,tiger,snail,Q3,0.821888,0.333333,random,29,0.3733,1.1194
56,boy,poppy,tank,porcupine,Q3,0.81003,0.428571,centroid,0,0.8133,0.2738
56,boy,poppy,tank,porcupine,Q3,0.81003,0.428571,exemplar_knn_k3,0,0.8133,1.0336
56,boy,poppy,tank,porcupine,Q3,0.81003,0.428571,logreg,0,0.9267,0.5364
56,boy,poppy,tank,porcupine,Q3,0.81003,0.428571,random,0,0.34,1.1706
56,boy,poppy,tank,porcupine,Q3,0.81003,0.428571,centroid,1,0.82,0.3102
56,boy,poppy,tank,porcupine,Q3,0.81003,0.428571,exemplar_knn_k3,1,0.8133,1.1406
56,boy,poppy,tank,porcupine,Q3,0.81003,0.428571,logreg,1,0.82,0.6373
56,boy,poppy,tank,porcupine,Q3,0.81003,0.428571,random,1,0.3067,1.1661
56,boy,poppy,tank,porcupine,Q3,0.81003,0.428571,centroid,2,0.8267,0.2753
56,boy,poppy,tank,porcupine,Q3,0.81003,0.428571,exemplar_knn_k3,2,0.8133,1.1016
56,boy,poppy,tank,porcupine,Q3,0.81003,0.428571,logreg,2,0.84,0.542
56,boy,poppy,tank,porcupine,Q3,0.81003,0.428571,random,2,0.38,1.218
56,boy,poppy,tank,porcupine,Q3,0.81003,0.428571,centroid,3,0.8133,0.2848
56,boy,poppy,tank,porcupine,Q3,0.81003,0.428571,exemplar_knn_k3,3,0.8,1.0054
56,boy,poppy,tank,porcupine,Q3,0.81003,0.428571,logreg,3,0.82,0.5794
56,boy,poppy,tank,porcupine,Q3,0.81003,0.428571,random,3,0.3133,1.1877
56,boy,poppy,tank,porcupine,Q3,0.81003,0.428571,centroid,4,0.86,0.2504
56,boy,poppy,tank,porcupine,Q3,0.81003,0.428571,exemplar_knn_k3,4,0.8533,1.052
56,boy,poppy,tank,porcupine,Q3,0.81003,0.428571,logreg,4,0.86,0.5442
56,boy,poppy,tank,porcupine,Q3,0.81003,0.428571,random,4,0.2933,1.2092
56,boy,poppy,tank,porcupine,Q3,0.81003,0.428571,centroid,5,0.8,0.2175
56,boy,poppy,tank,porcupine,Q3,0.81003,0.428571,exemplar_knn_k3,5,0.74,0.8022
56,boy,poppy,tank,porcupine,Q3,0.81003,0.428571,logreg,5,0.8133,0.4369
56,boy,poppy,tank,porcupine,Q3,0.81003,0.428571,random,5,0.2867,1.2726
56,boy,poppy,tank,porcupine,Q3,0.81003,0.428571,centroid,6,0.8067,0.2651
56,boy,poppy,tank,porcupine,Q3,0.81003,0.428571,exemplar_knn_k3,6,0.8067,1.1087
56,boy,poppy,tank,porcupine,Q3,0.81003,0.428571,logreg,6,0.8,0.5688
56,boy,poppy,tank,porcupine,Q3,0.81003,0.428571,random,6,0.32,1.1002
56,boy,poppy,tank,porcupine,Q3,0.81003,0.428571,centroid,7,0.84,0.256
56,boy,poppy,tank,porcupine,Q3,0.81003,0.428571,exemplar_knn_k3,7,0.8267,1.0618
56,boy,poppy,tank,porcupine,Q3,0.81003,0.428571,logreg,7,0.9067,0.543
56,boy,poppy,tank,porcupine,Q3,0.81003,0.428571,random,7,0.28,1.1305
56,boy,poppy,tank,porcupine,Q3,0.81003,0.428571,centroid,8,0.8533,0.2495
56,boy,poppy,tank,porcupine,Q3,0.81003,0.428571,exemplar_knn_k3,8,0.86,1.0259
56,boy,poppy,tank,porcupine,Q3,0.81003,0.428571,logreg,8,0.88,0.5225
56,boy,poppy,tank,porcupine,Q3,0.81003,0.428571,random,8,0.3733,1.3159
56,boy,poppy,tank,porcupine,Q3,0.81003,0.428571,centroid,9,0.8267,0.2479
56,boy,poppy,tank,porcupine,Q3,0.81003,0.428571,exemplar_knn_k3,9,0.82,1.0249
56,boy,poppy,tank,porcupine,Q3,0.81003,0.428571,logreg,9,0.8133,0.5286
56,boy,poppy,tank,porcupine,Q3,0.81003,0.428571,random,9,0.32,1.244
56,boy,poppy,tank,porcupine,Q3,0.81003,0.428571,centroid,10,0.82,0.2769
56,boy,poppy,tank,porcupine,Q3,0.81003,0.428571,exemplar_knn_k3,10,0.8333,1.0547
56,boy,poppy,tank,porcupine,Q3,0.81003,0.428571,logreg,10,0.8667,0.5675
56,boy,poppy,tank,porcupine,Q3,0.81003,0.428571,random,10,0.42,1.2702
56,boy,poppy,tank,porcupine,Q3,0.81003,0.428571,centroid,11,0.7733,0.2211
56,boy,poppy,tank,porcupine,Q3,0.81003,0.428571,exemplar_knn_k3,11,0.7667,0.9501
56,boy,poppy,tank,porcupine,Q3,0.81003,0.428571,logreg,11,0.8133,0.4866
56,boy,poppy,tank,porcupine,Q3,0.81003,0.428571,random,11,0.34,1.1959
56,boy,poppy,tank,porcupine,Q3,0.81003,0.428571,centroid,12,0.82,0.2762
56,boy,poppy,tank,porcupine,Q3,0.81003,0.428571,exemplar_knn_k3,12,0.82,1.0587
56,boy,poppy,tank,porcupine,Q3,0.81003,0.428571,logreg,12,0.8267,0.5531
56,boy,poppy,tank,porcupine,Q3,0.81003,0.428571,random,12,0.3667,1.1313
56,boy,poppy,tank,porcupine,Q3,0.81003,0.428571,centroid,13,0.82,0.2673
56,boy,poppy,tank,porcupine,Q3,0.81003,0.428571,exemplar_knn_k3,13,0.82,1.0525
56,boy,poppy,tank,porcupine,Q3,0.81003,0.428571,logreg,13,0.82,0.5489
56,boy,poppy,tank,porcupine,Q3,0.81003,0.428571,random,13,0.3733,1.3497
56,boy,poppy,tank,porcupine,Q3,0.81003,0.428571,centroid,14,0.8133,0.2936
56,boy,poppy,tank,porcupine,Q3,0.81003,0.428571,exemplar_knn_k3,14,0.8133,1.085
56,boy,poppy,tank,porcupine,Q3,0.81003,0.428571,logreg,14,0.8133,0.6004
56,boy,poppy,tank,porcupine,Q3,0.81003,0.428571,random,14,0.3733,1.2016
56,boy,poppy,tank,porcupine,Q3,0.81003,0.428571,centroid,15,0.8133,0.2231
56,boy,poppy,tank,porcupine,Q3,0.81003,0.428571,exemplar_knn_k3,15,0.8133,0.8908
56,boy,poppy,tank,porcupine,Q3,0.81003,0.428571,logreg,15,0.8467,0.489
56,boy,poppy,tank,porcupine,Q3,0.81003,0.428571,random,15,0.3333,1.1613
56,boy,poppy,tank,porcupine,Q3,0.81003,0.428571,centroid,16,0.8267,0.2627
56,boy,poppy,tank,porcupine,Q3,0.81003,0.428571,exemplar_knn_k3,16,0.8133,1.0281
56,boy,poppy,tank,porcupine,Q3,0.81003,0.428571,logreg,16,0.8267,0.5518
56,boy,poppy,tank,porcupine,Q3,0.81003,0.428571,random,16,0.32,1.2281
56,boy,poppy,tank,porcupine,Q3,0.81003,0.428571,centroid,17,0.82,0.2565
56,boy,poppy,tank,porcupine,Q3,0.81003,0.428571,exemplar_knn_k3,17,0.8133,1.0078
56,boy,poppy,tank,porcupine,Q3,0.81003,0.428571,logreg,17,0.8267,0.5264
56,boy,poppy,tank,porcupine,Q3,0.81003,0.428571,random,17,0.36,1.1756
56,boy,poppy,tank,porcupine,Q3,0.81003,0.428571,centroid,18,0.82,0.2775
56,boy,poppy,tank,porcupine,Q3,0.81003,0.428571,exemplar_knn_k3,18,0.8133,1.0483
56,boy,poppy,tank,porcupine,Q3,0.81003,0.428571,logreg,18,0.82,0.5754
56,boy,poppy,tank,porcupine,Q3,0.81003,0.428571,random,18,0.4,1.2461
56,boy,poppy,tank,porcupine,Q3,0.81003,0.428571,centroid,19,0.8133,0.281
56,boy,poppy,tank,porcupine,Q3,0.81003,0.428571,exemplar_knn_k3,19,0.82,1.0737
56,boy,poppy,tank,porcupine,Q3,0.81003,0.428571,logreg,19,0.8,0.5878
56,boy,poppy,tank,porcupine,Q3,0.81003,0.428571,random,19,0.2933,1.1047
56,boy,poppy,tank,porcupine,Q3,0.81003,0.428571,centroid,20,0.8533,0.2467
56,boy,poppy,tank,porcupine,Q3,0.81003,0.428571,exemplar_knn_k3,20,0.8533,0.9207
56,boy,poppy,tank,porcupine,Q3,0.81003,0.428571,logreg,20,0.8533,0.5122
56,boy,poppy,tank,porcupine,Q3,0.81003,0.428571,random,20,0.32,1.2673
56,boy,poppy,tank,porcupine,Q3,0.81003,0.428571,centroid,21,0.82,0.2517
56,boy,poppy,tank,porcupine,Q3,0.81003,0.428571,exemplar_knn_k3,21,0.8133,1.01
56,boy,poppy,tank,porcupine,Q3,0.81003,0.428571,logreg,21,0.8067,0.5134
56,boy,poppy,tank,porcupine,Q3,0.81003,0.428571,random,21,0.34,1.1046
56,boy,poppy,tank,porcupine,Q3,0.81003,0.428571,centroid,22,0.8533,0.2412
56,boy,poppy,tank,porcupine,Q3,0.81003,0.428571,exemplar_knn_k3,22,0.8467,0.9667
56,boy,poppy,tank,porcupine,Q3,0.81003,0.428571,logreg,22,0.8467,0.5136
56,boy,poppy,tank,porcupine,Q3,0.81003,0.428571,random,22,0.2667,1.139
56,boy,poppy,tank,porcupine,Q3,0.81003,0.428571,centroid,23,0.84,0.2329
56,boy,poppy,tank,porcupine,Q3,0.81003,0.428571,exemplar_knn_k3,23,0.8,0.9665
56,boy,poppy,tank,porcupine,Q3,0.81003,0.428571,logreg,23,0.84,0.4899
56,boy,poppy,tank,porcupine,Q3,0.81003,0.428571,random,23,0.3267,1.4362
56,boy,poppy,tank,porcupine,Q3,0.81003,0.428571,centroid,24,0.86,0.2468
56,boy,poppy,tank,porcupine,Q3,0.81003,0.428571,exemplar_knn_k3,24,0.84,0.9421
56,boy,poppy,tank,porcupine,Q3,0.81003,0.428571,logreg,24,0.8667,0.5069
56,boy,poppy,tank,porcupine,Q3,0.81003,0.428571,random,24,0.3067,1.191
56,boy,poppy,tank,porcupine,Q3,0.81003,0.428571,centroid,25,0.84,0.2557
56,boy,poppy,tank,porcupine,Q3,0.81003,0.428571,exemplar_knn_k3,25,0.8133,0.9647
56,boy,poppy,tank,porcupine,Q3,0.81003,0.428571,logreg,25,0.96,0.5225
56,boy,poppy,tank,porcupine,Q3,0.81003,0.428571,random,25,0.3133,1.18
56,boy,poppy,tank,porcupine,Q3,0.81003,0.428571,centroid,26,0.8267,0.2196
56,boy,poppy,tank,porcupine,Q3,0.81003,0.428571,exemplar_knn_k3,26,0.7867,0.9028
56,boy,poppy,tank,porcupine,Q3,0.81003,0.428571,logreg,26,0.8667,0.4642
56,boy,poppy,tank,porcupine,Q3,0.81003,0.428571,random,26,0.2667,1.2132
56,boy,poppy,tank,porcupine,Q3,0.81003,0.428571,centroid,27,0.8867,0.2748
56,boy,poppy,tank,porcupine,Q3,0.81003,0.428571,exemplar_knn_k3,27,0.8333,1.0207
56,boy,poppy,tank,porcupine,Q3,0.81003,0.428571,logreg,27,0.88,0.5571
56,boy,poppy,tank,porcupine,Q3,0.81003,0.428571,random,27,0.4267,1.2983
56,boy,poppy,tank,porcupine,Q3,0.81003,0.428571,centroid,28,0.82,0.3089
56,boy,poppy,tank,porcupine,Q3,0.81003,0.428571,exemplar_knn_k3,28,0.8333,1.1596
56,boy,poppy,tank,porcupine,Q3,0.81003,0.428571,logreg,28,0.82,0.6265
56,boy,poppy,tank,porcupine,Q3,0.81003,0.428571,random,28,0.3333,1.2856
56,boy,poppy,tank,porcupine,Q3,0.81003,0.428571,centroid,29,0.8867,0.253
56,boy,poppy,tank,porcupine,Q3,0.81003,0.428571,exemplar_knn_k3,29,0.88,0.9901
56,boy,poppy,tank,porcupine,Q3,0.81003,0.428571,logreg,29,0.9,0.5219
56,boy,poppy,tank,porcupine,Q3,0.81003,0.428571,random,29,0.44,1.344
57,bridge,snake,cattle,cup,Q3,0.790226,0.578947,centroid,0,0.82,0.2563
57,bridge,snake,cattle,cup,Q3,0.790226,0.578947,exemplar_knn_k3,0,0.82,0.8887
57,bridge,snake,cattle,cup,Q3,0.790226,0.578947,logreg,0,0.8133,0.5253
57,bridge,snake,cattle,cup,Q3,0.790226,0.578947,random,0,0.4,1.1251
57,bridge,snake,cattle,cup,Q3,0.790226,0.578947,centroid,1,0.92,0.2734
57,bridge,snake,cattle,cup,Q3,0.790226,0.578947,exemplar_knn_k3,1,0.92,0.9814
57,bridge,snake,cattle,cup,Q3,0.790226,0.578947,logreg,1,0.9267,0.5456
57,bridge,snake,cattle,cup,Q3,0.790226,0.578947,random,1,0.3333,1.256
57,bridge,snake,cattle,cup,Q3,0.790226,0.578947,centroid,2,0.9,0.3059
57,bridge,snake,cattle,cup,Q3,0.790226,0.578947,exemplar_knn_k3,2,0.8933,1.1136
57,bridge,snake,cattle,cup,Q3,0.790226,0.578947,logreg,2,0.9467,0.6096
57,bridge,snake,cattle,cup,Q3,0.790226,0.578947,random,2,0.3467,1.1415
57,bridge,snake,cattle,cup,Q3,0.790226,0.578947,centroid,3,0.82,0.2966
57,bridge,snake,cattle,cup,Q3,0.790226,0.578947,exemplar_knn_k3,3,0.82,1.0666
57,bridge,snake,cattle,cup,Q3,0.790226,0.578947,logreg,3,0.8067,0.6112
57,bridge,snake,cattle,cup,Q3,0.790226,0.578947,random,3,0.3,1.3325
57,bridge,snake,cattle,cup,Q3,0.790226,0.578947,centroid,4,0.8333,0.3097
57,bridge,snake,cattle,cup,Q3,0.790226,0.578947,exemplar_knn_k3,4,0.8,1.0734
57,bridge,snake,cattle,cup,Q3,0.790226,0.578947,logreg,4,0.8333,0.6149
57,bridge,snake,cattle,cup,Q3,0.790226,0.578947,random,4,0.2933,1.2793
57,bridge,snake,cattle,cup,Q3,0.790226,0.578947,centroid,5,0.84,0.2914
57,bridge,snake,cattle,cup,Q3,0.790226,0.578947,exemplar_knn_k3,5,0.8133,1.0726
57,bridge,snake,cattle,cup,Q3,0.790226,0.578947,logreg,5,0.9133,0.5855
57,bridge,snake,cattle,cup,Q3,0.790226,0.578947,random,5,0.36,1.1659
57,bridge,snake,cattle,cup,Q3,0.790226,0.578947,centroid,6,0.8133,0.2947
57,bridge,snake,cattle,cup,Q3,0.790226,0.578947,exemplar_knn_k3,6,0.82,1.0462
57,bridge,snake,cattle,cup,Q3,0.790226,0.578947,logreg,6,0.8,0.5867
57,bridge,snake,cattle,cup,Q3,0.790226,0.578947,random,6,0.28,1.291
57,bridge,snake,cattle,cup,Q3,0.790226,0.578947,centroid,7,0.8133,0.2937
57,bridge,snake,cattle,cup,Q3,0.790226,0.578947,exemplar_knn_k3,7,0.8067,1.0207
57,bridge,snake,cattle,cup,Q3,0.790226,0.578947,logreg,7,0.8133,0.5801
57,bridge,snake,cattle,cup,Q3,0.790226,0.578947,random,7,0.38,1.1959
57,bridge,snake,cattle,cup,Q3,0.790226,0.578947,centroid,8,0.82,0.2878
57,bridge,snake,cattle,cup,Q3,0.790226,0.578947,exemplar_knn_k3,8,0.8133,1.0532
57,bridge,snake,cattle,cup,Q3,0.790226,0.578947,logreg,8,0.86,0.5747
57,bridge,snake,cattle,cup,Q3,0.790226,0.578947,random,8,0.38,1.1407
57,bridge,snake,cattle,cup,Q3,0.790226,0.578947,centroid,9,0.8867,0.2873
57,bridge,snake,cattle,cup,Q3,0.790226,0.578947,exemplar_knn_k3,9,0.88,1.052
57,bridge,snake,cattle,cup,Q3,0.790226,0.578947,logreg,9,0.86,0.5872
57,bridge,snake,cattle,cup,Q3,0.790226,0.578947,random,9,0.36,1.2147
57,bridge,snake,cattle,cup,Q3,0.790226,0.578947,centroid,10,0.88,0.2962
57,bridge,snake,cattle,cup,Q3,0.790226,0.578947,exemplar_knn_k3,10,0.9067,1.0182
57,bridge,snake,cattle,cup,Q3,0.790226,0.578947,logreg,10,0.8733,0.6032
57,bridge,snake,cattle,cup,Q3,0.790226,0.578947,random,10,0.3333,1.2086
57,bridge,snake,cattle,cup,Q3,0.790226,0.578947,centroid,11,0.88,0.3229
57,bridge,snake,cattle,cup,Q3,0.790226,0.578947,exemplar_knn_k3,11,0.86,1.1135
57,bridge,snake,cattle,cup,Q3,0.790226,0.578947,logreg,11,0.8867,0.6388
57,bridge,snake,cattle,cup,Q3,0.790226,0.578947,random,11,0.34,1.3498
57,bridge,snake,cattle,cup,Q3,0.790226,0.578947,centroid,12,0.8333,0.2952
57,bridge,snake,cattle,cup,Q3,0.790226,0.578947,exemplar_knn_k3,12,0.82,1.0799
57,bridge,snake,cattle,cup,Q3,0.790226,0.578947,logreg,12,0.8067,0.6068
57,bridge,snake,cattle,cup,Q3,0.790226,0.578947,random,12,0.36,1.3209
57,bridge,snake,cattle,cup,Q3,0.790226,0.578947,centroid,13,0.86,0.2928
57,bridge,snake,cattle,cup,Q3,0.790226,0.578947,exemplar_knn_k3,13,0.8467,1.0911
57,bridge,snake,cattle,cup,Q3,0.790226,0.578947,logreg,13,0.9333,0.569
57,bridge,snake,cattle,cup,Q3,0.790226,0.578947,random,13,0.3533,1.2193
57,bridge,snake,cattle,cup,Q3,0.790226,0.578947,centroid,14,0.9267,0.3075
57,bridge,snake,cattle,cup,Q3,0.790226,0.578947,exemplar_knn_k3,14,0.8933,1.1103
57,bridge,snake,cattle,cup,Q3,0.790226,0.578947,logreg,14,0.98,0.5902
57,bridge,snake,cattle,cup,Q3,0.790226,0.578947,random,14,0.3533,1.2036
57,bridge,snake,cattle,cup,Q3,0.790226,0.578947,centroid,15,0.8467,0.3152
57,bridge,snake,cattle,cup,Q3,0.790226,0.578947,exemplar_knn_k3,15,0.8333,1.0721
57,bridge,snake,cattle,cup,Q3,0.790226,0.578947,logreg,15,0.8867,0.6138
57,bridge,snake,cattle,cup,Q3,0.790226,0.578947,random,15,0.3333,1.1892
57,bridge,snake,cattle,cup,Q3,0.790226,0.578947,centroid,16,0.8667,0.2988
57,bridge,snake,cattle,cup,Q3,0.790226,0.578947,exemplar_knn_k3,16,0.86,1.1062
57,bridge,snake,cattle,cup,Q3,0.790226,0.578947,logreg,16,0.8867,0.6008
57,bridge,snake,cattle,cup,Q3,0.790226,0.578947,random,16,0.3333,1.3998
57,bridge,snake,cattle,cup,Q3,0.790226,0.578947,centroid,17,0.8533,0.2965
57,bridge,snake,cattle,cup,Q3,0.790226,0.578947,exemplar_knn_k3,17,0.8267,1.0604
57,bridge,snake,cattle,cup,Q3,0.790226,0.578947,logreg,17,0.8533,0.6026
57,bridge,snake,cattle,cup,Q3,0.790226,0.578947,random,17,0.34,1.2132
57,bridge,snake,cattle,cup,Q3,0.790226,0.578947,centroid,18,0.8867,0.3023
57,bridge,snake,cattle,cup,Q3,0.790226,0.578947,exemplar_knn_k3,18,0.86,1.0568
57,bridge,snake,cattle,cup,Q3,0.790226,0.578947,logreg,18,0.9467,0.6041
57,bridge,snake,cattle,cup,Q3,0.790226,0.578947,random,18,0.3667,1.3058
57,bridge,snake,cattle,cup,Q3,0.790226,0.578947,centroid,19,0.8533,0.334
57,bridge,snake,cattle,cup,Q3,0.790226,0.578947,exemplar_knn_k3,19,0.8533,1.1098
57,bridge,snake,cattle,cup,Q3,0.790226,0.578947,logreg,19,0.8467,0.6572
57,bridge,snake,cattle,cup,Q3,0.790226,0.578947,random,19,0.36,1.123
57,bridge,snake,cattle,cup,Q3,0.790226,0.578947,centroid,20,0.9067,0.3121
57,bridge,snake,cattle,cup,Q3,0.790226,0.578947,exemplar_knn_k3,20,0.9,1.0905
57,bridge,snake,cattle,cup,Q3,0.790226,0.578947,logreg,20,0.92,0.6286
57,bridge,snake,cattle,cup,Q3,0.790226,0.578947,random,20,0.2867,1.1849
57,bridge,snake,cattle,cup,Q3,0.790226,0.578947,centroid,21,0.8333,0.3143
57,bridge,snake,cattle,cup,Q3,0.790226,0.578947,exemplar_knn_k3,21,0.8467,1.1369
57,bridge,snake,cattle,cup,Q3,0.790226,0.578947,logreg,21,0.8267,0.6212
57,bridge,snake,cattle,cup,Q3,0.790226,0.578947,random,21,0.36,1.2355
57,bridge,snake,cattle,cup,Q3,0.790226,0.578947,centroid,22,0.8733,0.2829
57,bridge,snake,cattle,cup,Q3,0.790226,0.578947,exemplar_knn_k3,22,0.8867,1.0413
57,bridge,snake,cattle,cup,Q3,0.790226,0.578947,logreg,22,0.92,0.5628
57,bridge,snake,cattle,cup,Q3,0.790226,0.578947,random,22,0.3467,1.1946
57,bridge,snake,cattle,cup,Q3,0.790226,0.578947,centroid,23,0.84,0.3084
57,bridge,snake,cattle,cup,Q3,0.790226,0.578947,exemplar_knn_k3,23,0.8333,1.0878
57,bridge,snake,cattle,cup,Q3,0.790226,0.578947,logreg,23,0.8133,0.621
57,bridge,snake,cattle,cup,Q3,0.790226,0.578947,random,23,0.28,1.1481
57,bridge,snake,cattle,cup,Q3,0.790226,0.578947,centroid,24,0.8533,0.2596
57,bridge,snake,cattle,cup,Q3,0.790226,0.578947,exemplar_knn_k3,24,0.8733,0.9661
57,bridge,snake,cattle,cup,Q3,0.790226,0.578947,logreg,24,0.86,0.5336
57,bridge,snake,cattle,cup,Q3,0.790226,0.578947,random,24,0.3467,1.2331
57,bridge,snake,cattle,cup,Q3,0.790226,0.578947,centroid,25,0.8533,0.2859
57,bridge,snake,cattle,cup,Q3,0.790226,0.578947,exemplar_knn_k3,25,0.8467,1.0345
57,bridge,snake,cattle,cup,Q3,0.790226,0.578947,logreg,25,0.9,0.5811
57,bridge,snake,cattle,cup,Q3,0.790226,0.578947,random,25,0.3467,1.1318
57,bridge,snake,cattle,cup,Q3,0.790226,0.578947,centroid,26,0.8667,0.2969
57,bridge,snake,cattle,cup,Q3,0.790226,0.578947,exemplar_knn_k3,26,0.84,1.0479
57,bridge,snake,cattle,cup,Q3,0.790226,0.578947,logreg,26,0.82,0.5976
57,bridge,snake,cattle,cup,Q3,0.790226,0.578947,random,26,0.4067,1.3625
57,bridge,snake,cattle,cup,Q3,0.790226,0.578947,centroid,27,0.86,0.2682
57,bridge,snake,cattle,cup,Q3,0.790226,0.578947,exemplar_knn_k3,27,0.8533,1.0201
57,bridge,snake,cattle,cup,Q3,0.790226,0.578947,logreg,27,0.9,0.5476
57,bridge,snake,cattle,cup,Q3,0.790226,0.578947,random,27,0.34,1.2165
57,bridge,snake,cattle,cup,Q3,0.790226,0.578947,centroid,28,0.8467,0.3003
57,bridge,snake,cattle,cup,Q3,0.790226,0.578947,exemplar_knn_k3,28,0.8467,1.0385
57,bridge,snake,cattle,cup,Q3,0.790226,0.578947,logreg,28,0.8133,0.5893
57,bridge,snake,cattle,cup,Q3,0.790226,0.578947,random,28,0.3667,1.2419
57,bridge,snake,cattle,cup,Q3,0.790226,0.578947,centroid,29,0.82,0.2676
57,bridge,snake,cattle,cup,Q3,0.790226,0.578947,exemplar_knn_k3,29,0.8067,0.9465
57,bridge,snake,cattle,cup,Q3,0.790226,0.578947,logreg,29,0.8267,0.5495
57,bridge,snake,cattle,cup,Q3,0.790226,0.578947,random,29,0.3867,1.2268
58,chimpanzee,spider,otter,mouse,Q3,0.733792,0.481481,centroid,0,0.7467,0.1652
58,chimpanzee,spider,otter,mouse,Q3,0.733792,0.481481,exemplar_knn_k3,0,0.7267,0.8195
58,chimpanzee,spider,otter,mouse,Q3,0.733792,0.481481,logreg,0,0.7267,0.3695
58,chimpanzee,spider,otter,mouse,Q3,0.733792,0.481481,random,0,0.3733,1.2457
58,chimpanzee,spider,otter,mouse,Q3,0.733792,0.481481,centroid,1,0.6867,0.1503
58,chimpanzee,spider,otter,mouse,Q3,0.733792,0.481481,exemplar_knn_k3,1,0.6733,0.7168
58,chimpanzee,spider,otter,mouse,Q3,0.733792,0.481481,logreg,1,0.7267,0.3407
58,chimpanzee,spider,otter,mouse,Q3,0.733792,0.481481,random,1,0.3333,1.126
58,chimpanzee,spider,otter,mouse,Q3,0.733792,0.481481,centroid,2,0.7333,0.1705
58,chimpanzee,spider,otter,mouse,Q3,0.733792,0.481481,exemplar_knn_k3,2,0.7,0.7559
58,chimpanzee,spider,otter,mouse,Q3,0.733792,0.481481,logreg,2,0.7467,0.3616
58,chimpanzee,spider,otter,mouse,Q3,0.733792,0.481481,random,2,0.34,1.1993
58,chimpanzee,spider,otter,mouse,Q3,0.733792,0.481481,centroid,3,0.7,0.2023
58,chimpanzee,spider,otter,mouse,Q3,0.733792,0.481481,exemplar_knn_k3,3,0.7133,0.888
58,chimpanzee,spider,otter,mouse,Q3,0.733792,0.481481,logreg,3,0.7,0.4185
58,chimpanzee,spider,otter,mouse,Q3,0.733792,0.481481,random,3,0.3067,1.2107
58,chimpanzee,spider,otter,mouse,Q3,0.733792,0.481481,centroid,4,0.6933,0.1396
58,chimpanzee,spider,otter,mouse,Q3,0.733792,0.481481,exemplar_knn_k3,4,0.66,0.6662
58,chimpanzee,spider,otter,mouse,Q3,0.733792,0.481481,logreg,4,0.6867,0.3229
58,chimpanzee,spider,otter,mouse,Q3,0.733792,0.481481,random,4,0.3267,1.2566
58,chimpanzee,spider,otter,mouse,Q3,0.733792,0.481481,centroid,5,0.76,0.132
58,chimpanzee,spider,otter,mouse,Q3,0.733792,0.481481,exemplar_knn_k3,5,0.7333,0.6445
58,chimpanzee,spider,otter,mouse,Q3,0.733792,0.481481,logreg,5,0.7133,0.3331
58,chimpanzee,spider,otter,mouse,Q3,0.733792,0.481481,random,5,0.2733,1.2973
58,chimpanzee,spider,otter,mouse,Q3,0.733792,0.481481,centroid,6,0.7533,0.1691
58,chimpanzee,spider,otter,mouse,Q3,0.733792,0.481481,exemplar_knn_k3,6,0.74,0.7593
58,chimpanzee,spider,otter,mouse,Q3,0.733792,0.481481,logreg,6,0.74,0.3518
58,chimpanzee,spider,otter,mouse,Q3,0.733792,0.481481,random,6,0.3133,1.3164
58,chimpanzee,spider,otter,mouse,Q3,0.733792,0.481481,centroid,7,0.7533,0.1921
58,chimpanzee,spider,otter,mouse,Q3,0.733792,0.481481,exemplar_knn_k3,7,0.72,0.868
58,chimpanzee,spider,otter,mouse,Q3,0.733792,0.481481,logreg,7,0.76,0.4252
58,chimpanzee,spider,otter,mouse,Q3,0.733792,0.481481,random,7,0.3467,1.3207
58,chimpanzee,spider,otter,mouse,Q3,0.733792,0.481481,centroid,8,0.7267,0.1543
58,chimpanzee,spider,otter,mouse,Q3,0.733792,0.481481,exemplar_knn_k3,8,0.7,0.7366
58,chimpanzee,spider,otter,mouse,Q3,0.733792,0.481481,logreg,8,0.7467,0.3297
58,chimpanzee,spider,otter,mouse,Q3,0.733792,0.481481,random,8,0.38,1.2019
58,chimpanzee,spider,otter,mouse,Q3,0.733792,0.481481,centroid,9,0.7667,0.2029
58,chimpanzee,spider,otter,mouse,Q3,0.733792,0.481481,exemplar_knn_k3,9,0.7467,0.8845
58,chimpanzee,spider,otter,mouse,Q3,0.733792,0.481481,logreg,9,0.7467,0.4359
58,chimpanzee,spider,otter,mouse,Q3,0.733792,0.481481,random,9,0.32,1.3331
58,chimpanzee,spider,otter,mouse,Q3,0.733792,0.481481,centroid,10,0.7533,0.1835
58,chimpanzee,spider,otter,mouse,Q3,0.733792,0.481481,exemplar_knn_k3,10,0.7533,0.7682
58,chimpanzee,spider,otter,mouse,Q3,0.733792,0.481481,logreg,10,0.7533,0.3883
58,chimpanzee,spider,otter,mouse,Q3,0.733792,0.481481,random,10,0.3267,1.1576
58,chimpanzee,spider,otter,mouse,Q3,0.733792,0.481481,centroid,11,0.74,0.1912
58,chimpanzee,spider,otter,mouse,Q3,0.733792,0.481481,exemplar_knn_k3,11,0.72,0.8573
58,chimpanzee,spider,otter,mouse,Q3,0.733792,0.481481,logreg,11,0.7267,0.4208
58,chimpanzee,spider,otter,mouse,Q3,0.733792,0.481481,random,11,0.3333,1.1373
58,chimpanzee,spider,otter,mouse,Q3,0.733792,0.481481,centroid,12,0.74,0.139
58,chimpanzee,spider,otter,mouse,Q3,0.733792,0.481481,exemplar_knn_k3,12,0.64,0.6979
58,chimpanzee,spider,otter,mouse,Q3,0.733792,0.481481,logreg,12,0.7467,0.318
58,chimpanzee,spider,otter,mouse,Q3,0.733792,0.481481,random,12,0.4067,1.2049
58,chimpanzee,spider,otter,mouse,Q3,0.733792,0.481481,centroid,13,0.6667,0.1222
58,chimpanzee,spider,otter,mouse,Q3,0.733792,0.481481,exemplar_knn_k3,13,0.6333,0.6702
58,chimpanzee,spider,otter,mouse,Q3,0.733792,0.481481,logreg,13,0.6733,0.2702
58,chimpanzee,spider,otter,mouse,Q3,0.733792,0.481481,random,13,0.3667,1.286
58,chimpanzee,spider,otter,mouse,Q3,0.733792,0.481481,centroid,14,0.74,0.1304
58,chimpanzee,spider,otter,mouse,Q3,0.733792,0.481481,exemplar_knn_k3,14,0.6867,0.7299
58,chimpanzee,spider,otter,mouse,Q3,0.733792,0.481481,logreg,14,0.7333,0.3206
58,chimpanzee,spider,otter,mouse,Q3,0.733792,0.481481,random,14,0.34,1.356
58,chimpanzee,spider,otter,mouse,Q3,0.733792,0.481481,centroid,15,0.6933,0.1804
58,chimpanzee,spider,otter,mouse,Q3,0.733792,0.481481,exemplar_knn_k3,15,0.6867,0.8494
58,chimpanzee,spider,otter,mouse,Q3,0.733792,0.481481,logreg,15,0.7,0.412
58,chimpanzee,spider,otter,mouse,Q3,0.733792,0.481481,random,15,0.36,1.3153
58,chimpanzee,spider,otter,mouse,Q3,0.733792,0.481481,centroid,16,0.7467,0.1724
58,chimpanzee,spider,otter,mouse,Q3,0.733792,0.481481,exemplar_knn_k3,16,0.7533,0.8485
58,chimpanzee,spider,otter,mouse,Q3,0.733792,0.481481,logreg,16,0.76,0.3824
58,chimpanzee,spider,otter,mouse,Q3,0.733792,0.481481,random,16,0.2733,1.2985
58,chimpanzee,spider,otter,mouse,Q3,0.733792,0.481481,centroid,17,0.7467,0.1531
58,chimpanzee,spider,otter,mouse,Q3,0.733792,0.481481,exemplar_knn_k3,17,0.7333,0.6735
58,chimpanzee,spider,otter,mouse,Q3,0.733792,0.481481,logreg,17,0.7467,0.3423
58,chimpanzee,spider,otter,mouse,Q3,0.733792,0.481481,random,17,0.32,1.109
58,chimpanzee,spider,otter,mouse,Q3,0.733792,0.481481,centroid,18,0.68,0.1251
58,chimpanzee,spider,otter,mouse,Q3,0.733792,0.481481,exemplar_knn_k3,18,0.6467,0.65
58,chimpanzee,spider,otter,mouse,Q3,0.733792,0.481481,logreg,18,0.7,0.2941
58,chimpanzee,spider,otter,mouse,Q3,0.733792,0.481481,random,18,0.3933,1.2789
58,chimpanzee,spider,otter,mouse,Q3,0.733792,0.481481,centroid,19,0.7667,0.1344
58,chimpanzee,spider,otter,mouse,Q3,0.733792,0.481481,exemplar_knn_k3,19,0.72,0.7131
58,chimpanzee,spider,otter,mouse,Q3,0.733792,0.481481,logreg,19,0.7667,0.3055
58,chimpanzee,spider,otter,mouse,Q3,0.733792,0.481481,random,19,0.3133,1.1955
58,chimpanzee,spider,otter,mouse,Q3,0.733792,0.481481,centroid,20,0.74,0.1767
58,chimpanzee,spider,otter,mouse,Q3,0.733792,0.481481,exemplar_knn_k3,20,0.7533,0.855
58,chimpanzee,spider,otter,mouse,Q3,0.733792,0.481481,logreg,20,0.7533,0.4151
58,chimpanzee,spider,otter,mouse,Q3,0.733792,0.481481,random,20,0.3133,1.206
58,chimpanzee,spider,otter,mouse,Q3,0.733792,0.481481,centroid,21,0.7133,0.1421
58,chimpanzee,spider,otter,mouse,Q3,0.733792,0.481481,exemplar_knn_k3,21,0.68,0.7162
58,chimpanzee,spider,otter,mouse,Q3,0.733792,0.481481,logreg,21,0.7133,0.3188
58,chimpanzee,spider,otter,mouse,Q3,0.733792,0.481481,random,21,0.38,1.1918
58,chimpanzee,spider,otter,mouse,Q3,0.733792,0.481481,centroid,22,0.8,0.1498
58,chimpanzee,spider,otter,mouse,Q3,0.733792,0.481481,exemplar_knn_k3,22,0.7733,0.7319
58,chimpanzee,spider,otter,mouse,Q3,0.733792,0.481481,logreg,22,0.76,0.3362
58,chimpanzee,spider,otter,mouse,Q3,0.733792,0.481481,random,22,0.3133,1.3329
58,chimpanzee,spider,otter,mouse,Q3,0.733792,0.481481,centroid,23,0.7533,0.166
58,chimpanzee,spider,otter,mouse,Q3,0.733792,0.481481,exemplar_knn_k3,23,0.72,0.7845
58,chimpanzee,spider,otter,mouse,Q3,0.733792,0.481481,logreg,23,0.7333,0.3741
58,chimpanzee,spider,otter,mouse,Q3,0.733792,0.481481,random,23,0.2667,1.2493
58,chimpanzee,spider,otter,mouse,Q3,0.733792,0.481481,centroid,24,0.7467,0.1836
58,chimpanzee,spider,otter,mouse,Q3,0.733792,0.481481,exemplar_knn_k3,24,0.7467,0.8408
58,chimpanzee,spider,otter,mouse,Q3,0.733792,0.481481,logreg,24,0.7467,0.3936
58,chimpanzee,spider,otter,mouse,Q3,0.733792,0.481481,random,24,0.3267,1.2234
58,chimpanzee,spider,otter,mouse,Q3,0.733792,0.481481,centroid,25,0.74,0.1389
58,chimpanzee,spider,otter,mouse,Q3,0.733792,0.481481,exemplar_knn_k3,25,0.7067,0.7935
58,chimpanzee,spider,otter,mouse,Q3,0.733792,0.481481,logreg,25,0.7333,0.3155
58,chimpanzee,spider,otter,mouse,Q3,0.733792,0.481481,random,25,0.3533,1.2713
58,chimpanzee,spider,otter,mouse,Q3,0.733792,0.481481,centroid,26,0.7467,0.1399
58,chimpanzee,spider,otter,mouse,Q3,0.733792,0.481481,exemplar_knn_k3,26,0.7333,0.6161
58,chimpanzee,spider,otter,mouse,Q3,0.733792,0.481481,logreg,26,0.74,0.3075
58,chimpanzee,spider,otter,mouse,Q3,0.733792,0.481481,random,26,0.2867,1.1002
58,chimpanzee,spider,otter,mouse,Q3,0.733792,0.481481,centroid,27,0.74,0.16
58,chimpanzee,spider,otter,mouse,Q3,0.733792,0.481481,exemplar_knn_k3,27,0.76,0.7671
58,chimpanzee,spider,otter,mouse,Q3,0.733792,0.481481,logreg,27,0.72,0.3805
58,chimpanzee,spider,otter,mouse,Q3,0.733792,0.481481,random,27,0.3,1.2829
58,chimpanzee,spider,otter,mouse,Q3,0.733792,0.481481,centroid,28,0.7267,0.1642
58,chimpanzee,spider,otter,mouse,Q3,0.733792,0.481481,exemplar_knn_k3,28,0.7067,0.741
58,chimpanzee,spider,otter,mouse,Q3,0.733792,0.481481,logreg,28,0.72,0.3526
58,chimpanzee,spider,otter,mouse,Q3,0.733792,0.481481,random,28,0.34,1.2284
58,chimpanzee,spider,otter,mouse,Q3,0.733792,0.481481,centroid,29,0.74,0.1964
58,chimpanzee,spider,otter,mouse,Q3,0.733792,0.481481,exemplar_knn_k3,29,0.7267,0.9348
58,chimpanzee,spider,otter,mouse,Q3,0.733792,0.481481,logreg,29,0.7333,0.4379
58,chimpanzee,spider,otter,mouse,Q3,0.733792,0.481481,random,29,0.32,1.1452
59,clock,tractor,pickup_truck,butterfly,Q3,0.800138,0.428571,centroid,0,0.78,0.2746
59,clock,tractor,pickup_truck,butterfly,Q3,0.800138,0.428571,exemplar_knn_k3,0,0.7733,1.0315
59,clock,tractor,pickup_truck,butterfly,Q3,0.800138,0.428571,logreg,0,0.82,0.5384
59,clock,tractor,pickup_truck,butterfly,Q3,0.800138,0.428571,random,0,0.3467,1.4231
59,clock,tractor,pickup_truck,butterfly,Q3,0.800138,0.428571,centroid,1,0.9467,0.2051
59,clock,tractor,pickup_truck,butterfly,Q3,0.800138,0.428571,exemplar_knn_k3,1,0.96,0.8866
59,clock,tractor,pickup_truck,butterfly,Q3,0.800138,0.428571,logreg,1,0.8933,0.4694
59,clock,tractor,pickup_truck,butterfly,Q3,0.800138,0.428571,random,1,0.3067,1.1885
59,clock,tractor,pickup_truck,butterfly,Q3,0.800138,0.428571,centroid,2,0.8133,0.2964
59,clock,tractor,pickup_truck,butterfly,Q3,0.800138,0.428571,exemplar_knn_k3,2,0.8133,1.1044
59,clock,tractor,pickup_truck,butterfly,Q3,0.800138,0.428571,logreg,2,0.8133,0.6064
59,clock,tractor,pickup_truck,butterfly,Q3,0.800138,0.428571,random,2,0.3067,1.206
59,clock,tractor,pickup_truck,butterfly,Q3,0.800138,0.428571,centroid,3,0.8267,0.2285
59,clock,tractor,pickup_truck,butterfly,Q3,0.800138,0.428571,exemplar_knn_k3,3,0.82,1.007
59,clock,tractor,pickup_truck,butterfly,Q3,0.800138,0.428571,logreg,3,0.8333,0.4951
59,clock,tractor,pickup_truck,butterfly,Q3,0.800138,0.428571,random,3,0.3733,1.3336
59,clock,tractor,pickup_truck,butterfly,Q3,0.800138,0.428571,centroid,4,0.82,0.3053
59,clock,tractor,pickup_truck,butterfly,Q3,0.800138,0.428571,exemplar_knn_k3,4,0.8133,1.0968
59,clock,tractor,pickup_truck,butterfly,Q3,0.800138,0.428571,logreg,4,0.8267,0.6069
59,clock,tractor,pickup_truck,butterfly,Q3,0.800138,0.428571,random,4,0.34,1.1228
59,clock,tractor,pickup_truck,butterfly,Q3,0.800138,0.428571,centroid,5,0.82,0.3213
59,clock,tractor,pickup_truck,butterfly,Q3,0.800138,0.428571,exemplar_knn_k3,5,0.8133,1.1588
59,clock,tractor,pickup_truck,butterfly,Q3,0.800138,0.428571,logreg,5,0.82,0.6146
59,clock,tractor,pickup_truck,butterfly,Q3,0.800138,0.428571,random,5,0.3133,1.3
59,clock,tractor,pickup_truck,butterfly,Q3,0.800138,0.428571,centroid,6,0.8467,0.2067
59,clock,tractor,pickup_truck,butterfly,Q3,0.800138,0.428571,exemplar_knn_k3,6,0.8533,1.0168
59,clock,tractor,pickup_truck,butterfly,Q3,0.800138,0.428571,logreg,6,0.8067,0.5725
59,clock,tractor,pickup_truck,butterfly,Q3,0.800138,0.428571,random,6,0.2933,1.2315
59,clock,tractor,pickup_truck,butterfly,Q3,0.800138,0.428571,centroid,7,0.8133,0.332
59,clock,tractor,pickup_truck,butterfly,Q3,0.800138,0.428571,exemplar_knn_k3,7,0.8133,1.1268
59,clock,tractor,pickup_truck,butterfly,Q3,0.800138,0.428571,logreg,7,0.8133,0.65
59,clock,tractor,pickup_truck,butterfly,Q3,0.800138,0.428571,random,7,0.36,1.1541
59,clock,tractor,pickup_truck,butterfly,Q3,0.800138,0.428571,centroid,8,0.8133,0.3211
59,clock,tractor,pickup_truck,butterfly,Q3,0.800138,0.428571,exemplar_knn_k3,8,0.8133,1.1136
59,clock,tractor,pickup_truck,butterfly,Q3,0.800138,0.428571,logreg,8,0.8133,0.6246
59,clock,tractor,pickup_truck,butterfly,Q3,0.800138,0.428571,random,8,0.3733,1.284
59,clock,tractor,pickup_truck,butterfly,Q3,0.800138,0.428571,centroid,9,0.8267,0.2051
59,clock,tractor,pickup_truck,butterfly,Q3,0.800138,0.428571,exemplar_knn_k3,9,0.8333,0.8685
59,clock,tractor,pickup_truck,butterfly,Q3,0.800138,0.428571,logreg,9,0.8133,0.5156
59,clock,tractor,pickup_truck,butterfly,Q3,0.800138,0.428571,random,9,0.34,1.0514
59,clock,tractor,pickup_truck,butterfly,Q3,0.800138,0.428571,centroid,10,0.8733,0.2366
59,clock,tractor,pickup_truck,butterfly,Q3,0.800138,0.428571,exemplar_knn_k3,10,0.8933,1.0498
59,clock,tractor,pickup_truck,butterfly,Q3,0.800138,0.428571,logreg,10,0.8333,0.5208
59,clock,tractor,pickup_truck,butterfly,Q3,0.800138,0.428571,random,10,0.3133,1.1808
59,clock,tractor,pickup_truck,butterfly,Q3,0.800138,0.428571,centroid,11,0.8067,0.3121
59,clock,tractor,pickup_truck,butterfly,Q3,0.800138,0.428571,exemplar_knn_k3,11,0.7933,1.0865
59,clock,tractor,pickup_truck,butterfly,Q3,0.800138,0.428571,logreg,11,0.8067,0.5974
59,clock,tractor,pickup_truck,butterfly,Q3,0.800138,0.428571,random,11,0.36,1.3621
59,clock,tractor,pickup_truck,butterfly,Q3,0.800138,0.428571,centroid,12,0.8,0.1988
59,clock,tractor,pickup_truck,butterfly,Q3,0.800138,0.428571,exemplar_knn_k3,12,0.8333,0.7821
59,clock,tractor,pickup_truck,butterfly,Q3,0.800138,0.428571,logreg,12,0.8,0.455
59,clock,tractor,pickup_truck,butterfly,Q3,0.800138,0.428571,random,12,0.3333,1.2836
59,clock,tractor,pickup_truck,butterfly,Q3,0.800138,0.428571,centroid,13,0.8733,0.2314
59,clock,tractor,pickup_truck,butterfly,Q3,0.800138,0.428571,exemplar_knn_k3,13,0.9,0.9833
59,clock,tractor,pickup_truck,butterfly,Q3,0.800138,0.428571,logreg,13,0.86,0.5204
59,clock,tractor,pickup_truck,butterfly,Q3,0.800138,0.428571,random,13,0.3467,1.2678
59,clock,tractor,pickup_truck,butterfly,Q3,0.800138,0.428571,centroid,14,0.8067,0.2344
59,clock,tractor,pickup_truck,butterfly,Q3,0.800138,0.428571,exemplar_knn_k3,14,0.8067,0.9301
59,clock,tractor,pickup_truck,butterfly,Q3,0.800138,0.428571,logreg,14,0.7933,0.5356
59,clock,tractor,pickup_truck,butterfly,Q3,0.800138,0.428571,random,14,0.3333,1.1317
59,clock,tractor,pickup_truck,butterfly,Q3,0.800138,0.428571,centroid,15,0.82,0.3373
59,clock,tractor,pickup_truck,butterfly,Q3,0.800138,0.428571,exemplar_knn_k3,15,0.82,1.1372
59,clock,tractor,pickup_truck,butterfly,Q3,0.800138,0.428571,logreg,15,0.82,0.6335
59,clock,tractor,pickup_truck,butterfly,Q3,0.800138,0.428571,random,15,0.26,1.1694
59,clock,tractor,pickup_truck,butterfly,Q3,0.800138,0.428571,centroid,16,0.8067,0.3257
59,clock,tractor,pickup_truck,butterfly,Q3,0.800138,0.428571,exemplar_knn_k3,16,0.8067,1.1078
59,clock,tractor,pickup_truck,butterfly,Q3,0.800138,0.428571,logreg,16,0.8133,0.6168
59,clock,tractor,pickup_truck,butterfly,Q3,0.800138,0.428571,random,16,0.3267,1.1462
59,clock,tractor,pickup_truck,butterfly,Q3,0.800138,0.428571,centroid,17,0.8133,0.3094
59,clock,tractor,pickup_truck,butterfly,Q3,0.800138,0.428571,exemplar_knn_k3,17,0.82,1.0229
59,clock,tractor,pickup_truck,butterfly,Q3,0.800138,0.428571,logreg,17,0.82,0.6134
59,clock,tractor,pickup_truck,butterfly,Q3,0.800138,0.428571,random,17,0.3733,1.2493
59,clock,tractor,pickup_truck,butterfly,Q3,0.800138,0.428571,centroid,18,0.7867,0.2116
59,clock,tractor,pickup_truck,butterfly,Q3,0.800138,0.428571,exemplar_knn_k3,18,0.78,0.8517
59,clock,tractor,pickup_truck,butterfly,Q3,0.800138,0.428571,logreg,18,0.7933,0.5032
59,clock,tractor,pickup_truck,butterfly,Q3,0.800138,0.428571,random,18,0.36,1.2565
59,clock,tractor,pickup_truck,butterfly,Q3,0.800138,0.428571,centroid,19,0.8733,0.2044
59,clock,tractor,pickup_truck,butterfly,Q3,0.800138,0.428571,exemplar_knn_k3,19,0.94,0.8464
59,clock,tractor,pickup_truck,butterfly,Q3,0.800138,0.428571,logreg,19,0.8,0.5116
59,clock,tractor,pickup_truck,butterfly,Q3,0.800138,0.428571,random,19,0.2867,1.1271
59,clock,tractor,pickup_truck,butterfly,Q3,0.800138,0.428571,centroid,20,0.8,0.3142
59,clock,tractor,pickup_truck,butterfly,Q3,0.800138,0.428571,exemplar_knn_k3,20,0.8,1.0763
59,clock,tractor,pickup_truck,butterfly,Q3,0.800138,0.428571,logreg,20,0.8,0.6228
59,clock,tractor,pickup_truck,butterfly,Q3,0.800138,0.428571,random,20,0.32,1.2139
59,clock,tractor,pickup_truck,butterfly,Q3,0.800138,0.428571,centroid,21,0.8533,0.203
59,clock,tractor,pickup_truck,butterfly,Q3,0.800138,0.428571,exemplar_knn_k3,21,0.8733,0.8007
59,clock,tractor,pickup_truck,butterfly,Q3,0.800138,0.428571,logreg,21,0.82,0.4767
59,clock,tractor,pickup_truck,butterfly,Q3,0.800138,0.428571,random,21,0.3467,1.1441
59,clock,tractor,pickup_truck,butterfly,Q3,0.800138,0.428571,centroid,22,0.8133,0.3191
59,clock,tractor,pickup_truck,butterfly,Q3,0.800138,0.428571,exemplar_knn_k3,22,0.82,1.1142
59,clock,tractor,pickup_truck,butterfly,Q3,0.800138,0.428571,logreg,22,0.8267,0.6131
59,clock,tractor,pickup_truck,butterfly,Q3,0.800138,0.428571,random,22,0.3067,1.2501
59,clock,tractor,pickup_truck,butterfly,Q3,0.800138,0.428571,centroid,23,0.8,0.2988
59,clock,tractor,pickup_truck,butterfly,Q3,0.800138,0.428571,exemplar_knn_k3,23,0.7933,1.0469
59,clock,tractor,pickup_truck,butterfly,Q3,0.800138,0.428571,logreg,23,0.7867,0.6111
59,clock,tractor,pickup_truck,butterfly,Q3,0.800138,0.428571,random,23,0.2933,1.2767
59,clock,tractor,pickup_truck,butterfly,Q3,0.800138,0.428571,centroid,24,0.82,0.3284
59,clock,tractor,pickup_truck,butterfly,Q3,0.800138,0.428571,exemplar_knn_k3,24,0.82,1.1264
59,clock,tractor,pickup_truck,butterfly,Q3,0.800138,0.428571,logreg,24,0.82,0.6473
59,clock,tractor,pickup_truck,butterfly,Q3,0.800138,0.428571,random,24,0.2867,1.1607
59,clock,tractor,pickup_truck,butterfly,Q3,0.800138,0.428571,centroid,25,0.8133,0.3184
59,clock,tractor,pickup_truck,butterfly,Q3,0.800138,0.428571,exemplar_knn_k3,25,0.82,1.0903
59,clock,tractor,pickup_truck,butterfly,Q3,0.800138,0.428571,logreg,25,0.8133,0.6351
59,clock,tractor,pickup_truck,butterfly,Q3,0.800138,0.428571,random,25,0.28,1.369
59,clock,tractor,pickup_truck,butterfly,Q3,0.800138,0.428571,centroid,26,0.8133,0.2876
59,clock,tractor,pickup_truck,butterfly,Q3,0.800138,0.428571,exemplar_knn_k3,26,0.7867,0.9697
59,clock,tractor,pickup_truck,butterfly,Q3,0.800138,0.428571,logreg,26,0.8133,0.5507
59,clock,tractor,pickup_truck,butterfly,Q3,0.800138,0.428571,random,26,0.32,1.3417
59,clock,tractor,pickup_truck,butterfly,Q3,0.800138,0.428571,centroid,27,0.8067,0.3193
59,clock,tractor,pickup_truck,butterfly,Q3,0.800138,0.428571,exemplar_knn_k3,27,0.8067,1.0767
59,clock,tractor,pickup_truck,butterfly,Q3,0.800138,0.428571,logreg,27,0.8,0.6563
59,clock,tractor,pickup_truck,butterfly,Q3,0.800138,0.428571,random,27,0.3533,1.1749
59,clock,tractor,pickup_truck,butterfly,Q3,0.800138,0.428571,centroid,28,0.88,0.1949
59,clock,tractor,pickup_truck,butterfly,Q3,0.800138,0.428571,exemplar_knn_k3,28,0.9133,0.8628
59,clock,tractor,pickup_truck,butterfly,Q3,0.800138,0.428571,logreg,28,0.82,0.5078
59,clock,tractor,pickup_truck,butterfly,Q3,0.800138,0.428571,random,28,0.3667,1.213
59,clock,tractor,pickup_truck,butterfly,Q3,0.800138,0.428571,centroid,29,0.8133,0.2955
59,clock,tractor,pickup_truck,butterfly,Q3,0.800138,0.428571,exemplar_knn_k3,29,0.8133,1.0349
59,clock,tractor,pickup_truck,butterfly,Q3,0.800138,0.428571,logreg,29,0.8133,0.5741
59,clock,tractor,pickup_truck,butterfly,Q3,0.800138,0.428571,random,29,0.28,1.2713
60,cockroach,fox,cup,bottle,Q3,0.784664,0.461538,centroid,0,0.8467,0.2905
60,cockroach,fox,cup,bottle,Q3,0.784664,0.461538,exemplar_knn_k3,0,0.88,1.1155
60,cockroach,fox,cup,bottle,Q3,0.784664,0.461538,logreg,0,0.8533,0.6112
60,cockroach,fox,cup,bottle,Q3,0.784664,0.461538,random,0,0.3,1.1817
60,cockroach,fox,cup,bottle,Q3,0.784664,0.461538,centroid,1,0.86,0.2727
60,cockroach,fox,cup,bottle,Q3,0.784664,0.461538,exemplar_knn_k3,1,0.8533,1.1333
60,cockroach,fox,cup,bottle,Q3,0.784664,0.461538,logreg,1,0.8067,0.5903
60,cockroach,fox,cup,bottle,Q3,0.784664,0.461538,random,1,0.3133,1.1898
60,cockroach,fox,cup,bottle,Q3,0.784664,0.461538,centroid,2,0.8133,0.2821
60,cockroach,fox,cup,bottle,Q3,0.784664,0.461538,exemplar_knn_k3,2,0.7867,0.9831
60,cockroach,fox,cup,bottle,Q3,0.784664,0.461538,logreg,2,0.8,0.5647
60,cockroach,fox,cup,bottle,Q3,0.784664,0.461538,random,2,0.3067,1.105
60,cockroach,fox,cup,bottle,Q3,0.784664,0.461538,centroid,3,0.84,0.2716
60,cockroach,fox,cup,bottle,Q3,0.784664,0.461538,exemplar_knn_k3,3,0.86,1.0202
60,cockroach,fox,cup,bottle,Q3,0.784664,0.461538,logreg,3,0.8067,0.5579
60,cockroach,fox,cup,bottle,Q3,0.784664,0.461538,random,3,0.3333,1.1484
60,cockroach,fox,cup,bottle,Q3,0.784664,0.461538,centroid,4,0.8733,0.3389
60,cockroach,fox,cup,bottle,Q3,0.784664,0.461538,exemplar_knn_k3,4,0.88,1.2331
60,cockroach,fox,cup,bottle,Q3,0.784664,0.461538,logreg,4,0.8533,0.6885
60,cockroach,fox,cup,bottle,Q3,0.784664,0.461538,random,4,0.34,1.1955
60,cockroach,fox,cup,bottle,Q3,0.784664,0.461538,centroid,5,0.82,0.2821
60,cockroach,fox,cup,bottle,Q3,0.784664,0.461538,exemplar_knn_k3,5,0.8267,1.1086
60,cockroach,fox,cup,bottle,Q3,0.784664,0.461538,logreg,5,0.7933,0.5992
60,cockroach,fox,cup,bottle,Q3,0.784664,0.461538,random,5,0.32,1.3832
60,cockroach,fox,cup,bottle,Q3,0.784664,0.461538,centroid,6,0.8533,0.3133
60,cockroach,fox,cup,bottle,Q3,0.784664,0.461538,exemplar_knn_k3,6,0.8467,1.1635
60,cockroach,fox,cup,bottle,Q3,0.784664,0.461538,logreg,6,0.8133,0.6278
60,cockroach,fox,cup,bottle,Q3,0.784664,0.461538,random,6,0.3333,1.243
60,cockroach,fox,cup,bottle,Q3,0.784664,0.461538,centroid,7,0.8133,0.2756
60,cockroach,fox,cup,bottle,Q3,0.784664,0.461538,exemplar_knn_k3,7,0.8133,1.1281
60,cockroach,fox,cup,bottle,Q3,0.784664,0.461538,logreg,7,0.7933,0.5873
60,cockroach,fox,cup,bottle,Q3,0.784664,0.461538,random,7,0.36,1.1682
60,cockroach,fox,cup,bottle,Q3,0.784664,0.461538,centroid,8,0.8533,0.3053
60,cockroach,fox,cup,bottle,Q3,0.784664,0.461538,exemplar_knn_k3,8,0.8467,1.1854
60,cockroach,fox,cup,bottle,Q3,0.784664,0.461538,logreg,8,0.8267,0.6338
60,cockroach,fox,cup,bottle,Q3,0.784664,0.461538,random,8,0.3533,1.2229
60,cockroach,fox,cup,bottle,Q3,0.784664,0.461538,centroid,9,0.9133,0.3003
60,cockroach,fox,cup,bottle,Q3,0.784664,0.461538,exemplar_knn_k3,9,0.9067,1.1399
60,cockroach,fox,cup,bottle,Q3,0.784664,0.461538,logreg,9,0.8667,0.6233
60,cockroach,fox,cup,bottle,Q3,0.784664,0.461538,random,9,0.4,1.3088
60,cockroach,fox,cup,bottle,Q3,0.784664,0.461538,centroid,10,0.8533,0.2947
60,cockroach,fox,cup,bottle,Q3,0.784664,0.461538,exemplar_knn_k3,10,0.8867,1.1055
60,cockroach,fox,cup,bottle,Q3,0.784664,0.461538,logreg,10,0.8133,0.6132
60,cockroach,fox,cup,bottle,Q3,0.784664,0.461538,random,10,0.3667,1.1371
60,cockroach,fox,cup,bottle,Q3,0.784664,0.461538,centroid,11,0.82,0.2975
60,cockroach,fox,cup,bottle,Q3,0.784664,0.461538,exemplar_knn_k3,11,0.8267,1.1246
60,cockroach,fox,cup,bottle,Q3,0.784664,0.461538,logreg,11,0.8067,0.6098
60,cockroach,fox,cup,bottle,Q3,0.784664,0.461538,random,11,0.3333,1.1249
60,cockroach,fox,cup,bottle,Q3,0.784664,0.461538,centroid,12,0.9333,0.2698
60,cockroach,fox,cup,bottle,Q3,0.784664,0.461538,exemplar_knn_k3,12,0.9333,1.1113
60,cockroach,fox,cup,bottle,Q3,0.784664,0.461538,logreg,12,0.9267,0.5702
60,cockroach,fox,cup,bottle,Q3,0.784664,0.461538,random,12,0.3533,1.116
60,cockroach,fox,cup,bottle,Q3,0.784664,0.461538,centroid,13,0.8467,0.248
60,cockroach,fox,cup,bottle,Q3,0.784664,0.461538,exemplar_knn_k3,13,0.8733,0.9786
60,cockroach,fox,cup,bottle,Q3,0.784664,0.461538,logreg,13,0.8467,0.5289
60,cockroach,fox,cup,bottle,Q3,0.784664,0.461538,random,13,0.3667,1.1821
60,cockroach,fox,cup,bottle,Q3,0.784664,0.461538,centroid,14,0.8333,0.2797
60,cockroach,fox,cup,bottle,Q3,0.784664,0.461538,exemplar_knn_k3,14,0.8667,1.1126
60,cockroach,fox,cup,bottle,Q3,0.784664,0.461538,logreg,14,0.8067,0.5877
60,cockroach,fox,cup,bottle,Q3,0.784664,0.461538,random,14,0.2867,1.2325
60,cockroach,fox,cup,bottle,Q3,0.784664,0.461538,centroid,15,0.82,0.2672
60,cockroach,fox,cup,bottle,Q3,0.784664,0.461538,exemplar_knn_k3,15,0.84,1.0488
60,cockroach,fox,cup,bottle,Q3,0.784664,0.461538,logreg,15,0.82,0.5566
60,cockroach,fox,cup,bottle,Q3,0.784664,0.461538,random,15,0.32,1.1276
60,cockroach,fox,cup,bottle,Q3,0.784664,0.461538,centroid,16,0.8667,0.3129
60,cockroach,fox,cup,bottle,Q3,0.784664,0.461538,exemplar_knn_k3,16,0.8267,1.1284
60,cockroach,fox,cup,bottle,Q3,0.784664,0.461538,logreg,16,0.8333,0.6132
60,cockroach,fox,cup,bottle,Q3,0.784664,0.461538,random,16,0.3467,1.2447
60,cockroach,fox,cup,bottle,Q3,0.784664,0.461538,centroid,17,0.8067,0.2734
60,cockroach,fox,cup,bottle,Q3,0.784664,0.461538,exemplar_knn_k3,17,0.82,1.1058
60,cockroach,fox,cup,bottle,Q3,0.784664,0.461538,logreg,17,0.8,0.5435
60,cockroach,fox,cup,bottle,Q3,0.784664,0.461538,random,17,0.3733,1.2514
60,cockroach,fox,cup,bottle,Q3,0.784664,0.461538,centroid,18,0.92,0.287
60,cockroach,fox,cup,bottle,Q3,0.784664,0.461538,exemplar_knn_k3,18,0.9,1.168
60,cockroach,fox,cup,bottle,Q3,0.784664,0.461538,logreg,18,0.9067,0.5989
60,cockroach,fox,cup,bottle,Q3,0.784664,0.461538,random,18,0.3267,1.4365
60,cockroach,fox,cup,bottle,Q3,0.784664,0.461538,centroid,19,0.9267,0.2697
60,cockroach,fox,cup,bottle,Q3,0.784664,0.461538,exemplar_knn_k3,19,0.92,1.0265
60,cockroach,fox,cup,bottle,Q3,0.784664,0.461538,logreg,19,0.94,0.553
60,cockroach,fox,cup,bottle,Q3,0.784664,0.461538,random,19,0.32,1.3336
60,cockroach,fox,cup,bottle,Q3,0.784664,0.461538,centroid,20,0.8133,0.2777
60,cockroach,fox,cup,bottle,Q3,0.784664,0.461538,exemplar_knn_k3,20,0.8667,1.1179
60,cockroach,fox,cup,bottle,Q3,0.784664,0.461538,logreg,20,0.8933,0.5731
60,cockroach,fox,cup,bottle,Q3,0.784664,0.461538,random,20,0.3867,1.2554
60,cockroach,fox,cup,bottle,Q3,0.784664,0.461538,centroid,21,0.88,0.2997
60,cockroach,fox,cup,bottle,Q3,0.784664,0.461538,exemplar_knn_k3,21,0.8733,1.1445
60,cockroach,fox,cup,bottle,Q3,0.784664,0.461538,logreg,21,0.92,0.6047
60,cockroach,fox,cup,bottle,Q3,0.784664,0.461538,random,21,0.4267,1.2113
60,cockroach,fox,cup,bottle,Q3,0.784664,0.461538,centroid,22,0.84,0.2944
60,cockroach,fox,cup,bottle,Q3,0.784664,0.461538,exemplar_knn_k3,22,0.86,1.1173
60,cockroach,fox,cup,bottle,Q3,0.784664,0.461538,logreg,22,0.7867,0.6196
60,cockroach,fox,cup,bottle,Q3,0.784664,0.461538,random,22,0.36,1.4698
60,cockroach,fox,cup,bottle,Q3,0.784664,0.461538,centroid,23,0.8733,0.2897
60,cockroach,fox,cup,bottle,Q3,0.784664,0.461538,exemplar_knn_k3,23,0.86,1.1478
60,cockroach,fox,cup,bottle,Q3,0.784664,0.461538,logreg,23,0.9133,0.5961
60,cockroach,fox,cup,bottle,Q3,0.784664,0.461538,random,23,0.2333,1.2378
60,cockroach,fox,cup,bottle,Q3,0.784664,0.461538,centroid,24,0.94,0.3081
60,cockroach,fox,cup,bottle,Q3,0.784664,0.461538,exemplar_knn_k3,24,0.94,1.1636
60,cockroach,fox,cup,bottle,Q3,0.784664,0.461538,logreg,24,0.8733,0.6206
60,cockroach,fox,cup,bottle,Q3,0.784664,0.461538,random,24,0.3133,1.3233
60,cockroach,fox,cup,bottle,Q3,0.784664,0.461538,centroid,25,0.8533,0.2582
60,cockroach,fox,cup,bottle,Q3,0.784664,0.461538,exemplar_knn_k3,25,0.88,1.0616
60,cockroach,fox,cup,bottle,Q3,0.784664,0.461538,logreg,25,0.84,0.5479
60,cockroach,fox,cup,bottle,Q3,0.784664,0.461538,random,25,0.3533,1.3124
60,cockroach,fox,cup,bottle,Q3,0.784664,0.461538,centroid,26,0.8667,0.2989
60,cockroach,fox,cup,bottle,Q3,0.784664,0.461538,exemplar_knn_k3,26,0.8333,1.1238
60,cockroach,fox,cup,bottle,Q3,0.784664,0.461538,logreg,26,0.8867,0.6045
60,cockroach,fox,cup,bottle,Q3,0.784664,0.461538,random,26,0.4267,1.1696
60,cockroach,fox,cup,bottle,Q3,0.784664,0.461538,centroid,27,0.82,0.3001
60,cockroach,fox,cup,bottle,Q3,0.784664,0.461538,exemplar_knn_k3,27,0.8533,1.1139
60,cockroach,fox,cup,bottle,Q3,0.784664,0.461538,logreg,27,0.82,0.6217
60,cockroach,fox,cup,bottle,Q3,0.784664,0.461538,random,27,0.36,1.2245
60,cockroach,fox,cup,bottle,Q3,0.784664,0.461538,centroid,28,0.8667,0.2892
60,cockroach,fox,cup,bottle,Q3,0.784664,0.461538,exemplar_knn_k3,28,0.8467,1.1414
60,cockroach,fox,cup,bottle,Q3,0.784664,0.461538,logreg,28,0.8667,0.6089
60,cockroach,fox,cup,bottle,Q3,0.784664,0.461538,random,28,0.3467,1.2934
60,cockroach,fox,cup,bottle,Q3,0.784664,0.461538,centroid,29,0.8,0.278
60,cockroach,fox,cup,bottle,Q3,0.784664,0.461538,exemplar_knn_k3,29,0.8133,1.078
60,cockroach,fox,cup,bottle,Q3,0.784664,0.461538,logreg,29,0.7733,0.5773
60,cockroach,fox,cup,bottle,Q3,0.784664,0.461538,random,29,0.32,1.234
61,couch,tiger,lizard,crab,Q3,0.757521,0.555556,centroid,0,0.78,0.2511
61,couch,tiger,lizard,crab,Q3,0.757521,0.555556,exemplar_knn_k3,0,0.7867,0.942
61,couch,tiger,lizard,crab,Q3,0.757521,0.555556,logreg,0,0.7467,0.516
61,couch,tiger,lizard,crab,Q3,0.757521,0.555556,random,0,0.3533,1.2512
61,couch,tiger,lizard,crab,Q3,0.757521,0.555556,centroid,1,0.7933,0.1913
61,couch,tiger,lizard,crab,Q3,0.757521,0.555556,exemplar_knn_k3,1,0.82,0.8785
61,couch,tiger,lizard,crab,Q3,0.757521,0.555556,logreg,1,0.8,0.4153
61,couch,tiger,lizard,crab,Q3,0.757521,0.555556,random,1,0.36,1.2104
61,couch,tiger,lizard,crab,Q3,0.757521,0.555556,centroid,2,0.78,0.2104
61,couch,tiger,lizard,crab,Q3,0.757521,0.555556,exemplar_knn_k3,2,0.8067,0.8851
61,couch,tiger,lizard,crab,Q3,0.757521,0.555556,logreg,2,0.7933,0.439
61,couch,tiger,lizard,crab,Q3,0.757521,0.555556,random,2,0.36,1.2596
61,couch,tiger,lizard,crab,Q3,0.757521,0.555556,centroid,3,0.8867,0.1628
61,couch,tiger,lizard,crab,Q3,0.757521,0.555556,exemplar_knn_k3,3,0.8467,0.7681
61,couch,tiger,lizard,crab,Q3,0.757521,0.555556,logreg,3,0.8933,0.3597
61,couch,tiger,lizard,crab,Q3,0.757521,0.555556,random,3,0.3467,1.4162
61,couch,tiger,lizard,crab,Q3,0.757521,0.555556,centroid,4,0.8067,0.2042
61,couch,tiger,lizard,crab,Q3,0.757521,0.555556,exemplar_knn_k3,4,0.76,0.844
61,couch,tiger,lizard,crab,Q3,0.757521,0.555556,logreg,4,0.8067,0.4243
61,couch,tiger,lizard,crab,Q3,0.757521,0.555556,random,4,0.38,1.2361
61,couch,tiger,lizard,crab,Q3,0.757521,0.555556,centroid,5,0.8,0.2136
61,couch,tiger,lizard,crab,Q3,0.757521,0.555556,exemplar_knn_k3,5,0.7867,0.8634
61,couch,tiger,lizard,crab,Q3,0.757521,0.555556,logreg,5,0.8,0.4421
61,couch,tiger,lizard,crab,Q3,0.757521,0.555556,random,5,0.36,1.22
61,couch,tiger,lizard,crab,Q3,0.757521,0.555556,centroid,6,0.8733,0.1907
61,couch,tiger,lizard,crab,Q3,0.757521,0.555556,exemplar_knn_k3,6,0.8933,0.9003
61,couch,tiger,lizard,crab,Q3,0.757521,0.555556,logreg,6,0.7867,0.4236
61,couch,tiger,lizard,crab,Q3,0.757521,0.555556,random,6,0.36,1.2477
61,couch,tiger,lizard,crab,Q3,0.757521,0.555556,centroid,7,0.8,0.2259
61,couch,tiger,lizard,crab,Q3,0.757521,0.555556,exemplar_knn_k3,7,0.7733,0.8885
61,couch,tiger,lizard,crab,Q3,0.757521,0.555556,logreg,7,0.8,0.4621
61,couch,tiger,lizard,crab,Q3,0.757521,0.555556,random,7,0.3267,1.4095
61,couch,tiger,lizard,crab,Q3,0.757521,0.555556,centroid,8,0.8,0.2002
61,couch,tiger,lizard,crab,Q3,0.757521,0.555556,exemplar_knn_k3,8,0.8,0.9234
61,couch,tiger,lizard,crab,Q3,0.757521,0.555556,logreg,8,0.8,0.394
61,couch,tiger,lizard,crab,Q3,0.757521,0.555556,random,8,0.36,1.1736
61,couch,tiger,lizard,crab,Q3,0.757521,0.555556,centroid,9,0.86,0.163
61,couch,tiger,lizard,crab,Q3,0.757521,0.555556,exemplar_knn_k3,9,0.8667,0.7789
61,couch,tiger,lizard,crab,Q3,0.757521,0.555556,logreg,9,0.8,0.3692
61,couch,tiger,lizard,crab,Q3,0.757521,0.555556,random,9,0.3533,1.2216
61,couch,tiger,lizard,crab,Q3,0.757521,0.555556,centroid,10,0.8533,0.1773
61,couch,tiger,lizard,crab,Q3,0.757521,0.555556,exemplar_knn_k3,10,0.78,0.882
61,couch,tiger,lizard,crab,Q3,0.757521,0.555556,logreg,10,0.8,0.3913
61,couch,tiger,lizard,crab,Q3,0.757521,0.555556,random,10,0.3533,1.3071
61,couch,tiger,lizard,crab,Q3,0.757521,0.555556,centroid,11,0.7933,0.2202
61,couch,tiger,lizard,crab,Q3,0.757521,0.555556,exemplar_knn_k3,11,0.7733,0.8973
61,couch,tiger,lizard,crab,Q3,0.757521,0.555556,logreg,11,0.8333,0.4421
61,couch,tiger,lizard,crab,Q3,0.757521,0.555556,random,11,0.3467,1.2778
61,couch,tiger,lizard,crab,Q3,0.757521,0.555556,centroid,12,0.8133,0.2008
61,couch,tiger,lizard,crab,Q3,0.757521,0.555556,exemplar_knn_k3,12,0.8133,0.8538
61,couch,tiger,lizard,crab,Q3,0.757521,0.555556,logreg,12,0.7933,0.4389
61,couch,tiger,lizard,crab,Q3,0.757521,0.555556,random,12,0.3067,1.2643
61,couch,tiger,lizard,crab,Q3,0.757521,0.555556,centroid,13,0.8467,0.1619
61,couch,tiger,lizard,crab,Q3,0.757521,0.555556,exemplar_knn_k3,13,0.8467,0.7691
61,couch,tiger,lizard,crab,Q3,0.757521,0.555556,logreg,13,0.7333,0.3803
61,couch,tiger,lizard,crab,Q3,0.757521,0.555556,random,13,0.38,1.083
61,couch,tiger,lizard,crab,Q3,0.757521,0.555556,centroid,14,0.8533,0.1994
61,couch,tiger,lizard,crab,Q3,0.757521,0.555556,exemplar_knn_k3,14,0.8333,0.8558
61,couch,tiger,lizard,crab,Q3,0.757521,0.555556,logreg,14,0.82,0.4122
61,couch,tiger,lizard,crab,Q3,0.757521,0.555556,random,14,0.3133,1.3796
61,couch,tiger,lizard,crab,Q3,0.757521,0.555556,centroid,15,0.7333,0.2151
61,couch,tiger,lizard,crab,Q3,0.757521,0.555556,exemplar_knn_k3,15,0.6333,0.9066
61,couch,tiger,lizard,crab,Q3,0.757521,0.555556,logreg,15,0.76,0.4199
61,couch,tiger,lizard,crab,Q3,0.757521,0.555556,random,15,0.3333,1.3186
61,couch,tiger,lizard,crab,Q3,0.757521,0.555556,centroid,16,0.7933,0.2044
61,couch,tiger,lizard,crab,Q3,0.757521,0.555556,exemplar_knn_k3,16,0.78,0.876
61,couch,tiger,lizard,crab,Q3,0.757521,0.555556,logreg,16,0.8067,0.4205
61,couch,tiger,lizard,crab,Q3,0.757521,0.555556,random,16,0.2933,1.1653
61,couch,tiger,lizard,crab,Q3,0.757521,0.555556,centroid,17,0.8,0.2018
61,couch,tiger,lizard,crab,Q3,0.757521,0.555556,exemplar_knn_k3,17,0.7533,0.7814
61,couch,tiger,lizard,crab,Q3,0.757521,0.555556,logreg,17,0.8,0.414
61,couch,tiger,lizard,crab,Q3,0.757521,0.555556,random,17,0.3333,1.3437
61,couch,tiger,lizard,crab,Q3,0.757521,0.555556,centroid,18,0.76,0.155
61,couch,tiger,lizard,crab,Q3,0.757521,0.555556,exemplar_knn_k3,18,0.7533,0.7476
61,couch,tiger,lizard,crab,Q3,0.757521,0.555556,logreg,18,0.74,0.3607
61,couch,tiger,lizard,crab,Q3,0.757521,0.555556,random,18,0.3533,1.1472
61,couch,tiger,lizard,crab,Q3,0.757521,0.555556,centroid,19,0.7867,0.1859
61,couch,tiger,lizard,crab,Q3,0.757521,0.555556,exemplar_knn_k3,19,0.74,0.8352
61,couch,tiger,lizard,crab,Q3,0.757521,0.555556,logreg,19,0.7867,0.4041
61,couch,tiger,lizard,crab,Q3,0.757521,0.555556,random,19,0.3533,1.1775
61,couch,tiger,lizard,crab,Q3,0.757521,0.555556,centroid,20,0.7667,0.2078
61,couch,tiger,lizard,crab,Q3,0.757521,0.555556,exemplar_knn_k3,20,0.7733,0.8675
61,couch,tiger,lizard,crab,Q3,0.757521,0.555556,logreg,20,0.7867,0.4277
61,couch,tiger,lizard,crab,Q3,0.757521,0.555556,random,20,0.3267,1.2332
61,couch,tiger,lizard,crab,Q3,0.757521,0.555556,centroid,21,0.7933,0.154
61,couch,tiger,lizard,crab,Q3,0.757521,0.555556,exemplar_knn_k3,21,0.74,0.718
61,couch,tiger,lizard,crab,Q3,0.757521,0.555556,logreg,21,0.7333,0.3579
61,couch,tiger,lizard,crab,Q3,0.757521,0.555556,random,21,0.3267,1.3238
61,couch,tiger,lizard,crab,Q3,0.757521,0.555556,centroid,22,0.7867,0.21
61,couch,tiger,lizard,crab,Q3,0.757521,0.555556,exemplar_knn_k3,22,0.78,0.9062
61,couch,tiger,lizard,crab,Q3,0.757521,0.555556,logreg,22,0.7667,0.4471
61,couch,tiger,lizard,crab,Q3,0.757521,0.555556,random,22,0.36,1.3721
61,couch,tiger,lizard,crab,Q3,0.757521,0.555556,centroid,23,0.7533,0.2197
61,couch,tiger,lizard,crab,Q3,0.757521,0.555556,exemplar_knn_k3,23,0.7667,0.8809
61,couch,tiger,lizard,crab,Q3,0.757521,0.555556,logreg,23,0.74,0.4789
61,couch,tiger,lizard,crab,Q3,0.757521,0.555556,random,23,0.4067,1.2341
61,couch,tiger,lizard,crab,Q3,0.757521,0.555556,centroid,24,0.76,0.2469
61,couch,tiger,lizard,crab,Q3,0.757521,0.555556,exemplar_knn_k3,24,0.7933,0.9399
61,couch,tiger,lizard,crab,Q3,0.757521,0.555556,logreg,24,0.7667,0.5176
61,couch,tiger,lizard,crab,Q3,0.757521,0.555556,random,24,0.3467,1.1112
61,couch,tiger,lizard,crab,Q3,0.757521,0.555556,centroid,25,0.7867,0.2257
61,couch,tiger,lizard,crab,Q3,0.757521,0.555556,exemplar_knn_k3,25,0.8067,0.8648
61,couch,tiger,lizard,crab,Q3,0.757521,0.555556,logreg,25,0.7933,0.472
61,couch,tiger,lizard,crab,Q3,0.757521,0.555556,random,25,0.3067,1.1926
61,couch,tiger,lizard,crab,Q3,0.757521,0.555556,centroid,26,0.74,0.1715
61,couch,tiger,lizard,crab,Q3,0.757521,0.555556,exemplar_knn_k3,26,0.74,0.7114
61,couch,tiger,lizard,crab,Q3,0.757521,0.555556,logreg,26,0.7467,0.3562
61,couch,tiger,lizard,crab,Q3,0.757521,0.555556,random,26,0.34,1.2209
61,couch,tiger,lizard,crab,Q3,0.757521,0.555556,centroid,27,0.7867,0.2288
61,couch,tiger,lizard,crab,Q3,0.757521,0.555556,exemplar_knn_k3,27,0.7733,0.9384
61,couch,tiger,lizard,crab,Q3,0.757521,0.555556,logreg,27,0.78,0.4761
61,couch,tiger,lizard,crab,Q3,0.757521,0.555556,random,27,0.3467,1.3092
61,couch,tiger,lizard,crab,Q3,0.757521,0.555556,centroid,28,0.7867,0.1932
61,couch,tiger,lizard,crab,Q3,0.757521,0.555556,exemplar_knn_k3,28,0.76,0.9185
61,couch,tiger,lizard,crab,Q3,0.757521,0.555556,logreg,28,0.72,0.4382
61,couch,tiger,lizard,crab,Q3,0.757521,0.555556,random,28,0.3467,1.2592
61,couch,tiger,lizard,crab,Q3,0.757521,0.555556,centroid,29,0.7933,0.1847
61,couch,tiger,lizard,crab,Q3,0.757521,0.555556,exemplar_knn_k3,29,0.7667,0.793
61,couch,tiger,lizard,crab,Q3,0.757521,0.555556,logreg,29,0.78,0.3881
61,couch,tiger,lizard,crab,Q3,0.757521,0.555556,random,29,0.32,1.1993
62,cup,whale,pickup_truck,telephone,Q3,0.785329,0.529412,centroid,0,0.8133,0.3432
62,cup,whale,pickup_truck,telephone,Q3,0.785329,0.529412,exemplar_knn_k3,0,0.82,1.1636
62,cup,whale,pickup_truck,telephone,Q3,0.785329,0.529412,logreg,0,0.8067,0.6748
62,cup,whale,pickup_truck,telephone,Q3,0.785329,0.529412,random,0,0.3467,1.2236
62,cup,whale,pickup_truck,telephone,Q3,0.785329,0.529412,centroid,1,0.9267,0.3359
62,cup,whale,pickup_truck,telephone,Q3,0.785329,0.529412,exemplar_knn_k3,1,0.9267,1.0882
62,cup,whale,pickup_truck,telephone,Q3,0.785329,0.529412,logreg,1,0.92,0.6619
62,cup,whale,pickup_truck,telephone,Q3,0.785329,0.529412,random,1,0.3333,1.2452
62,cup,whale,pickup_truck,telephone,Q3,0.785329,0.529412,centroid,2,0.8533,0.3037
62,cup,whale,pickup_truck,telephone,Q3,0.785329,0.529412,exemplar_knn_k3,2,0.84,1.0534
62,cup,whale,pickup_truck,telephone,Q3,0.785329,0.529412,logreg,2,0.8467,0.6101
62,cup,whale,pickup_truck,telephone,Q3,0.785329,0.529412,random,2,0.3133,1.0687
62,cup,whale,pickup_truck,telephone,Q3,0.785329,0.529412,centroid,3,0.8533,0.3426
62,cup,whale,pickup_truck,telephone,Q3,0.785329,0.529412,exemplar_knn_k3,3,0.88,1.1885
62,cup,whale,pickup_truck,telephone,Q3,0.785329,0.529412,logreg,3,0.8533,0.6855
62,cup,whale,pickup_truck,telephone,Q3,0.785329,0.529412,random,3,0.2733,1.2897
62,cup,whale,pickup_truck,telephone,Q3,0.785329,0.529412,centroid,4,0.8333,0.3506
62,cup,whale,pickup_truck,telephone,Q3,0.785329,0.529412,exemplar_knn_k3,4,0.84,1.1786
62,cup,whale,pickup_truck,telephone,Q3,0.785329,0.529412,logreg,4,0.88,0.6625
62,cup,whale,pickup_truck,telephone,Q3,0.785329,0.529412,random,4,0.3667,1.1331
62,cup,whale,pickup_truck,telephone,Q3,0.785329,0.529412,centroid,5,0.82,0.3689
62,cup,whale,pickup_truck,telephone,Q3,0.785329,0.529412,exemplar_knn_k3,5,0.8533,1.2213
62,cup,whale,pickup_truck,telephone,Q3,0.785329,0.529412,logreg,5,0.8067,0.7356
62,cup,whale,pickup_truck,telephone,Q3,0.785329,0.529412,random,5,0.3667,1.2076
62,cup,whale,pickup_truck,telephone,Q3,0.785329,0.529412,centroid,6,0.88,0.3652
62,cup,whale,pickup_truck,telephone,Q3,0.785329,0.529412,exemplar_knn_k3,6,0.8667,1.2134
62,cup,whale,pickup_truck,telephone,Q3,0.785329,0.529412,logreg,6,0.88,0.7228
62,cup,whale,pickup_truck,telephone,Q3,0.785329,0.529412,random,6,0.3267,1.346
62,cup,whale,pickup_truck,telephone,Q3,0.785329,0.529412,centroid,7,0.8733,0.3032
62,cup,whale,pickup_truck,telephone,Q3,0.785329,0.529412,exemplar_knn_k3,7,0.86,1.1197
62,cup,whale,pickup_truck,telephone,Q3,0.785329,0.529412,logreg,7,0.9,0.6003
62,cup,whale,pickup_truck,telephone,Q3,0.785329,0.529412,random,7,0.36,1.1867
62,cup,whale,pickup_truck,telephone,Q3,0.785329,0.529412,centroid,8,0.8,0.3818
62,cup,whale,pickup_truck,telephone,Q3,0.785329,0.529412,exemplar_knn_k3,8,0.84,1.2189
62,cup,whale,pickup_truck,telephone,Q3,0.785329,0.529412,logreg,8,0.8,0.747
62,cup,whale,pickup_truck,telephone,Q3,0.785329,0.529412,random,8,0.3067,1.33
62,cup,whale,pickup_truck,telephone,Q3,0.785329,0.529412,centroid,9,0.8467,0.3371
62,cup,whale,pickup_truck,telephone,Q3,0.785329,0.529412,exemplar_knn_k3,9,0.86,1.124
62,cup,whale,pickup_truck,telephone,Q3,0.785329,0.529412,logreg,9,0.8333,0.6817
62,cup,whale,pickup_truck,telephone,Q3,0.785329,0.529412,random,9,0.32,1.2034
62,cup,whale,pickup_truck,telephone,Q3,0.785329,0.529412,centroid,10,0.8667,0.3544
62,cup,whale,pickup_truck,telephone,Q3,0.785329,0.529412,exemplar_knn_k3,10,0.8467,1.2165
62,cup,whale,pickup_truck,telephone,Q3,0.785329,0.529412,logreg,10,0.9467,0.6844
62,cup,whale,pickup_truck,telephone,Q3,0.785329,0.529412,random,10,0.3933,1.4185
62,cup,whale,pickup_truck,telephone,Q3,0.785329,0.529412,centroid,11,0.9,0.3086
62,cup,whale,pickup_truck,telephone,Q3,0.785329,0.529412,exemplar_knn_k3,11,0.8533,1.0954
62,cup,whale,pickup_truck,telephone,Q3,0.785329,0.529412,logreg,11,0.9133,0.604
62,cup,whale,pickup_truck,telephone,Q3,0.785329,0.529412,random,11,0.3533,1.3026
62,cup,whale,pickup_truck,telephone,Q3,0.785329,0.529412,centroid,12,0.8133,0.3456
62,cup,whale,pickup_truck,telephone,Q3,0.785329,0.529412,exemplar_knn_k3,12,0.8133,1.1457
62,cup,whale,pickup_truck,telephone,Q3,0.785329,0.529412,logreg,12,0.7933,0.7115
62,cup,whale,pickup_truck,telephone,Q3,0.785329,0.529412,random,12,0.32,1.2282
62,cup,whale,pickup_truck,telephone,Q3,0.785329,0.529412,centroid,13,0.8267,0.3453
62,cup,whale,pickup_truck,telephone,Q3,0.785329,0.529412,exemplar_knn_k3,13,0.8467,1.1748
62,cup,whale,pickup_truck,telephone,Q3,0.785329,0.529412,logreg,13,0.8133,0.696
62,cup,whale,pickup_truck,telephone,Q3,0.785329,0.529412,random,13,0.2867,1.1719
62,cup,whale,pickup_truck,telephone,Q3,0.785329,0.529412,centroid,14,0.8733,0.3144
62,cup,whale,pickup_truck,telephone,Q3,0.785329,0.529412,exemplar_knn_k3,14,0.88,1.0507
62,cup,whale,pickup_truck,telephone,Q3,0.785329,0.529412,logreg,14,0.8867,0.6163
62,cup,whale,pickup_truck,telephone,Q3,0.785329,0.529412,random,14,0.3467,1.2036
62,cup,whale,pickup_truck,telephone,Q3,0.785329,0.529412,centroid,15,0.8267,0.34
62,cup,whale,pickup_truck,telephone,Q3,0.785329,0.529412,exemplar_knn_k3,15,0.8333,1.1707
62,cup,whale,pickup_truck,telephone,Q3,0.785329,0.529412,logreg,15,0.8333,0.6905
62,cup,whale,pickup_truck,telephone,Q3,0.785329,0.529412,random,15,0.3333,1.2592
62,cup,whale,pickup_truck,telephone,Q3,0.785329,0.529412,centroid,16,0.8467,0.3349
62,cup,whale,pickup_truck,telephone,Q3,0.785329,0.529412,exemplar_knn_k3,16,0.8467,1.1459
62,cup,whale,pickup_truck,telephone,Q3,0.785329,0.529412,logreg,16,0.8267,0.6674
62,cup,whale,pickup_truck,telephone,Q3,0.785329,0.529412,random,16,0.3267,1.0875
62,cup,whale,pickup_truck,telephone,Q3,0.785329,0.529412,centroid,17,0.8267,0.3344
62,cup,whale,pickup_truck,telephone,Q3,0.785329,0.529412,exemplar_knn_k3,17,0.8533,1.1483
62,cup,whale,pickup_truck,telephone,Q3,0.785329,0.529412,logreg,17,0.8133,0.673
62,cup,whale,pickup_truck,telephone,Q3,0.785329,0.529412,random,17,0.3267,1.3017
62,cup,whale,pickup_truck,telephone,Q3,0.785329,0.529412,centroid,18,0.8,0.3405
62,cup,whale,pickup_truck,telephone,Q3,0.785329,0.529412,exemplar_knn_k3,18,0.8,1.1096
62,cup,whale,pickup_truck,telephone,Q3,0.785329,0.529412,logreg,18,0.7933,0.6911
62,cup,whale,pickup_truck,telephone,Q3,0.785329,0.529412,random,18,0.3267,1.2974
62,cup,whale,pickup_truck,telephone,Q3,0.785329,0.529412,centroid,19,0.8933,0.3023
62,cup,whale,pickup_truck,telephone,Q3,0.785329,0.529412,exemplar_knn_k3,19,0.8933,1.0902
62,cup,whale,pickup_truck,telephone,Q3,0.785329,0.529412,logreg,19,0.8933,0.6263
62,cup,whale,pickup_truck,telephone,Q3,0.785329,0.529412,random,19,0.3667,1.27
62,cup,whale,pickup_truck,telephone,Q3,0.785329,0.529412,centroid,20,0.82,0.3559
62,cup,whale,pickup_truck,telephone,Q3,0.785329,0.529412,exemplar_knn_k3,20,0.8333,1.1968
62,cup,whale,pickup_truck,telephone,Q3,0.785329,0.529412,logreg,20,0.8133,0.7331
62,cup,whale,pickup_truck,telephone,Q3,0.785329,0.529412,random,20,0.3467,1.2655
62,cup,whale,pickup_truck,telephone,Q3,0.785329,0.529412,centroid,21,0.8533,0.3383
62,cup,whale,pickup_truck,telephone,Q3,0.785329,0.529412,exemplar_knn_k3,21,0.86,1.117
62,cup,whale,pickup_truck,telephone,Q3,0.785329,0.529412,logreg,21,0.8267,0.6748
62,cup,whale,pickup_truck,telephone,Q3,0.785329,0.529412,random,21,0.3,1.3052
62,cup,whale,pickup_truck,telephone,Q3,0.785329,0.529412,centroid,22,0.84,0.3057
62,cup,whale,pickup_truck,telephone,Q3,0.785329,0.529412,exemplar_knn_k3,22,0.8333,1.0809
62,cup,whale,pickup_truck,telephone,Q3,0.785329,0.529412,logreg,22,0.8267,0.584
62,cup,whale,pickup_truck,telephone,Q3,0.785329,0.529412,random,22,0.3133,1.2337
62,cup,whale,pickup_truck,telephone,Q3,0.785329,0.529412,centroid,23,0.8467,0.3205
62,cup,whale,pickup_truck,telephone,Q3,0.785329,0.529412,exemplar_knn_k3,23,0.84,1.1064
62,cup,whale,pickup_truck,telephone,Q3,0.785329,0.529412,logreg,23,0.8333,0.6316
62,cup,whale,pickup_truck,telephone,Q3,0.785329,0.529412,random,23,0.3133,1.2122
62,cup,whale,pickup_truck,telephone,Q3,0.785329,0.529412,centroid,24,0.8333,0.3338
62,cup,whale,pickup_truck,telephone,Q3,0.785329,0.529412,exemplar_knn_k3,24,0.8267,1.1042
62,cup,whale,pickup_truck,telephone,Q3,0.785329,0.529412,logreg,24,0.8533,0.6556
62,cup,whale,pickup_truck,telephone,Q3,0.785329,0.529412,random,24,0.28,1.1587
62,cup,whale,pickup_truck,telephone,Q3,0.785329,0.529412,centroid,25,0.8533,0.345
62,cup,whale,pickup_truck,telephone,Q3,0.785329,0.529412,exemplar_knn_k3,25,0.9,1.181
62,cup,whale,pickup_truck,telephone,Q3,0.785329,0.529412,logreg,25,0.8267,0.6691
62,cup,whale,pickup_truck,telephone,Q3,0.785329,0.529412,random,25,0.32,1.158
62,cup,whale,pickup_truck,telephone,Q3,0.785329,0.529412,centroid,26,0.9,0.3016
62,cup,whale,pickup_truck,telephone,Q3,0.785329,0.529412,exemplar_knn_k3,26,0.8867,1.0691
62,cup,whale,pickup_truck,telephone,Q3,0.785329,0.529412,logreg,26,0.9533,0.5927
62,cup,whale,pickup_truck,telephone,Q3,0.785329,0.529412,random,26,0.3,1.2935
62,cup,whale,pickup_truck,telephone,Q3,0.785329,0.529412,centroid,27,0.86,0.3208
62,cup,whale,pickup_truck,telephone,Q3,0.785329,0.529412,exemplar_knn_k3,27,0.86,1.0356
62,cup,whale,pickup_truck,telephone,Q3,0.785329,0.529412,logreg,27,0.8533,0.6435
62,cup,whale,pickup_truck,telephone,Q3,0.785329,0.529412,random,27,0.38,1.1148
62,cup,whale,pickup_truck,telephone,Q3,0.785329,0.529412,centroid,28,0.8467,0.3371
62,cup,whale,pickup_truck,telephone,Q3,0.785329,0.529412,exemplar_knn_k3,28,0.86,1.2027
62,cup,whale,pickup_truck,telephone,Q3,0.785329,0.529412,logreg,28,0.8267,0.6862
62,cup,whale,pickup_truck,telephone,Q3,0.785329,0.529412,random,28,0.3333,1.1473
62,cup,whale,pickup_truck,telephone,Q3,0.785329,0.529412,centroid,29,0.8467,0.32
62,cup,whale,pickup_truck,telephone,Q3,0.785329,0.529412,exemplar_knn_k3,29,0.8267,1.1141
62,cup,whale,pickup_truck,telephone,Q3,0.785329,0.529412,logreg,29,0.9267,0.6166
62,cup,whale,pickup_truck,telephone,Q3,0.785329,0.529412,random,29,0.3133,1.2144
63,dolphin,man,caterpillar,sweet_pepper,Q3,0.758323,0.52,centroid,0,0.8133,0.3035
63,dolphin,man,caterpillar,sweet_pepper,Q3,0.758323,0.52,exemplar_knn_k3,0,0.84,1.0369
63,dolphin,man,caterpillar,sweet_pepper,Q3,0.758323,0.52,logreg,0,0.76,0.6202
63,dolphin,man,caterpillar,sweet_pepper,Q3,0.758323,0.52,random,0,0.3533,1.3104
63,dolphin,man,caterpillar,sweet_pepper,Q3,0.758323,0.52,centroid,1,0.9333,0.2819
63,dolphin,man,caterpillar,sweet_pepper,Q3,0.758323,0.52,exemplar_knn_k3,1,0.9067,0.9854
63,dolphin,man,caterpillar,sweet_pepper,Q3,0.758323,0.52,logreg,1,0.88,0.5635
63,dolphin,man,caterpillar,sweet_pepper,Q3,0.758323,0.52,random,1,0.3133,1.1226
63,dolphin,man,caterpillar,sweet_pepper,Q3,0.758323,0.52,centroid,2,0.84,0.2893
63,dolphin,man,caterpillar,sweet_pepper,Q3,0.758323,0.52,exemplar_knn_k3,2,0.8667,1.0017
63,dolphin,man,caterpillar,sweet_pepper,Q3,0.758323,0.52,logreg,2,0.82,0.5793
63,dolphin,man,caterpillar,sweet_pepper,Q3,0.758323,0.52,random,2,0.3333,1.2612
63,dolphin,man,caterpillar,sweet_pepper,Q3,0.758323,0.52,centroid,3,0.84,0.2865
63,dolphin,man,caterpillar,sweet_pepper,Q3,0.758323,0.52,exemplar_knn_k3,3,0.8333,1.0248
63,dolphin,man,caterpillar,sweet_pepper,Q3,0.758323,0.52,logreg,3,0.8267,0.5589
63,dolphin,man,caterpillar,sweet_pepper,Q3,0.758323,0.52,random,3,0.34,1.2439
63,dolphin,man,caterpillar,sweet_pepper,Q3,0.758323,0.52,centroid,4,0.82,0.3065
63,dolphin,man,caterpillar,sweet_pepper,Q3,0.758323,0.52,exemplar_knn_k3,4,0.8333,1.0193
63,dolphin,man,caterpillar,sweet_pepper,Q3,0.758323,0.52,logreg,4,0.8067,0.607
63,dolphin,man,caterpillar,sweet_pepper,Q3,0.758323,0.52,random,4,0.3667,1.1143
63,dolphin,man,caterpillar,sweet_pepper,Q3,0.758323,0.52,centroid,5,0.8867,0.3172
63,dolphin,man,caterpillar,sweet_pepper,Q3,0.758323,0.52,exemplar_knn_k3,5,0.8533,1.0081
63,dolphin,man,caterpillar,sweet_pepper,Q3,0.758323,0.52,logreg,5,0.88,0.5963
63,dolphin,man,caterpillar,sweet_pepper,Q3,0.758323,0.52,random,5,0.3333,1.24
63,dolphin,man,caterpillar,sweet_pepper,Q3,0.758323,0.52,centroid,6,0.8533,0.283
63,dolphin,man,caterpillar,sweet_pepper,Q3,0.758323,0.52,exemplar_knn_k3,6,0.8467,0.9986
63,dolphin,man,caterpillar,sweet_pepper,Q3,0.758323,0.52,logreg,6,0.8333,0.5676
63,dolphin,man,caterpillar,sweet_pepper,Q3,0.758323,0.52,random,6,0.2933,1.2379
63,dolphin,man,caterpillar,sweet_pepper,Q3,0.758323,0.52,centroid,7,0.86,0.3115
63,dolphin,man,caterpillar,sweet_pepper,Q3,0.758323,0.52,exemplar_knn_k3,7,0.8533,0.9865
63,dolphin,man,caterpillar,sweet_pepper,Q3,0.758323,0.52,logreg,7,0.8533,0.6034
63,dolphin,man,caterpillar,sweet_pepper,Q3,0.758323,0.52,random,7,0.3933,1.1428
63,dolphin,man,caterpillar,sweet_pepper,Q3,0.758323,0.52,centroid,8,0.8067,0.2914
63,dolphin,man,caterpillar,sweet_pepper,Q3,0.758323,0.52,exemplar_knn_k3,8,0.8333,1.0072
63,dolphin,man,caterpillar,sweet_pepper,Q3,0.758323,0.52,logreg,8,0.7933,0.5965
63,dolphin,man,caterpillar,sweet_pepper,Q3,0.758323,0.52,random,8,0.2733,1.0955
63,dolphin,man,caterpillar,sweet_pepper,Q3,0.758323,0.52,centroid,9,0.8067,0.2848
63,dolphin,man,caterpillar,sweet_pepper,Q3,0.758323,0.52,exemplar_knn_k3,9,0.7867,0.9431
63,dolphin,man,caterpillar,sweet_pepper,Q3,0.758323,0.52,logreg,9,0.8133,0.5505
63,dolphin,man,caterpillar,sweet_pepper,Q3,0.758323,0.52,random,9,0.3667,1.2915
63,dolphin,man,caterpillar,sweet_pepper,Q3,0.758323,0.52,centroid,10,0.8533,0.3069
63,dolphin,man,caterpillar,sweet_pepper,Q3,0.758323,0.52,exemplar_knn_k3,10,0.8467,1.0057
63,dolphin,man,caterpillar,sweet_pepper,Q3,0.758323,0.52,logreg,10,0.8733,0.594
63,dolphin,man,caterpillar,sweet_pepper,Q3,0.758323,0.52,random,10,0.34,1.3078
63,dolphin,man,caterpillar,sweet_pepper,Q3,0.758323,0.52,centroid,11,0.86,0.3216
63,dolphin,man,caterpillar,sweet_pepper,Q3,0.758323,0.52,exemplar_knn_k3,11,0.84,1.0514
63,dolphin,man,caterpillar,sweet_pepper,Q3,0.758323,0.52,logreg,11,0.8333,0.6118
63,dolphin,man,caterpillar,sweet_pepper,Q3,0.758323,0.52,random,11,0.2933,1.2892
63,dolphin,man,caterpillar,sweet_pepper,Q3,0.758323,0.52,centroid,12,0.86,0.264
63,dolphin,man,caterpillar,sweet_pepper,Q3,0.758323,0.52,exemplar_knn_k3,12,0.86,0.8455
63,dolphin,man,caterpillar,sweet_pepper,Q3,0.758323,0.52,logreg,12,0.82,0.5306
63,dolphin,man,caterpillar,sweet_pepper,Q3,0.758323,0.52,random,12,0.3267,1.2116
63,dolphin,man,caterpillar,sweet_pepper,Q3,0.758323,0.52,centroid,13,0.8867,0.2526
63,dolphin,man,caterpillar,sweet_pepper,Q3,0.758323,0.52,exemplar_knn_k3,13,0.8667,0.9176
63,dolphin,man,caterpillar,sweet_pepper,Q3,0.758323,0.52,logreg,13,0.86,0.5025
63,dolphin,man,caterpillar,sweet_pepper,Q3,0.758323,0.52,random,13,0.3267,1.3154
63,dolphin,man,caterpillar,sweet_pepper,Q3,0.758323,0.52,centroid,14,0.8733,0.2863
63,dolphin,man,caterpillar,sweet_pepper,Q3,0.758323,0.52,exemplar_knn_k3,14,0.8733,0.9727
63,dolphin,man,caterpillar,sweet_pepper,Q3,0.758323,0.52,logreg,14,0.8667,0.554
63,dolphin,man,caterpillar,sweet_pepper,Q3,0.758323,0.52,random,14,0.34,1.1967
63,dolphin,man,caterpillar,sweet_pepper,Q3,0.758323,0.52,centroid,15,0.9467,0.28
63,dolphin,man,caterpillar,sweet_pepper,Q3,0.758323,0.52,exemplar_knn_k3,15,0.92,0.9161
63,dolphin,man,caterpillar,sweet_pepper,Q3,0.758323,0.52,logreg,15,0.84,0.559
63,dolphin,man,caterpillar,sweet_pepper,Q3,0.758323,0.52,random,15,0.32,1.2105
63,dolphin,man,caterpillar,sweet_pepper,Q3,0.758323,0.52,centroid,16,0.8267,0.2931
63,dolphin,man,caterpillar,sweet_pepper,Q3,0.758323,0.52,exemplar_knn_k3,16,0.84,0.9231
63,dolphin,man,caterpillar,sweet_pepper,Q3,0.758323,0.52,logreg,16,0.7933,0.5706
63,dolphin,man,caterpillar,sweet_pepper,Q3,0.758323,0.52,random,16,0.38,1.3063
63,dolphin,man,caterpillar,sweet_pepper,Q3,0.758323,0.52,centroid,17,0.9133,0.2904
63,dolphin,man,caterpillar,sweet_pepper,Q3,0.758323,0.52,exemplar_knn_k3,17,0.9133,0.9829
63,dolphin,man,caterpillar,sweet_pepper,Q3,0.758323,0.52,logreg,17,0.8867,0.56
63,dolphin,man,caterpillar,sweet_pepper,Q3,0.758323,0.52,random,17,0.3267,1.097
63,dolphin,man,caterpillar,sweet_pepper,Q3,0.758323,0.52,centroid,18,0.8333,0.2763
63,dolphin,man,caterpillar,sweet_pepper,Q3,0.758323,0.52,exemplar_knn_k3,18,0.8333,0.9317
63,dolphin,man,caterpillar,sweet_pepper,Q3,0.758323,0.52,logreg,18,0.82,0.5406
63,dolphin,man,caterpillar,sweet_pepper,Q3,0.758323,0.52,random,18,0.34,1.2775
63,dolphin,man,caterpillar,sweet_pepper,Q3,0.758323,0.52,centroid,19,0.88,0.2827
63,dolphin,man,caterpillar,sweet_pepper,Q3,0.758323,0.52,exemplar_knn_k3,19,0.86,0.9336
63,dolphin,man,caterpillar,sweet_pepper,Q3,0.758323,0.52,logreg,19,0.9,0.5276
63,dolphin,man,caterpillar,sweet_pepper,Q3,0.758323,0.52,random,19,0.3067,1.171
63,dolphin,man,caterpillar,sweet_pepper,Q3,0.758323,0.52,centroid,20,0.84,0.3446
63,dolphin,man,caterpillar,sweet_pepper,Q3,0.758323,0.52,exemplar_knn_k3,20,0.8533,1.0568
63,dolphin,man,caterpillar,sweet_pepper,Q3,0.758323,0.52,logreg,20,0.8067,0.6691
63,dolphin,man,caterpillar,sweet_pepper,Q3,0.758323,0.52,random,20,0.3467,1.388
63,dolphin,man,caterpillar,sweet_pepper,Q3,0.758323,0.52,centroid,21,0.8267,0.2946
63,dolphin,man,caterpillar,sweet_pepper,Q3,0.758323,0.52,exemplar_knn_k3,21,0.82,0.9667
63,dolphin,man,caterpillar,sweet_pepper,Q3,0.758323,0.52,logreg,21,0.8267,0.5672
63,dolphin,man,caterpillar,sweet_pepper,Q3,0.758323,0.52,random,21,0.3333,1.0247
63,dolphin,man,caterpillar,sweet_pepper,Q3,0.758323,0.52,centroid,22,0.9133,0.2977
63,dolphin,man,caterpillar,sweet_pepper,Q3,0.758323,0.52,exemplar_knn_k3,22,0.88,0.9737
63,dolphin,man,caterpillar,sweet_pepper,Q3,0.758323,0.52,logreg,22,0.8467,0.5657
63,dolphin,man,caterpillar,sweet_pepper,Q3,0.758323,0.52,random,22,0.3467,1.1248
63,dolphin,man,caterpillar,sweet_pepper,Q3,0.758323,0.52,centroid,23,0.9067,0.2963
63,dolphin,man,caterpillar,sweet_pepper,Q3,0.758323,0.52,exemplar_knn_k3,23,0.9133,1.0543
63,dolphin,man,caterpillar,sweet_pepper,Q3,0.758323,0.52,logreg,23,0.8933,0.5889
63,dolphin,man,caterpillar,sweet_pepper,Q3,0.758323,0.52,random,23,0.3267,1.2212
63,dolphin,man,caterpillar,sweet_pepper,Q3,0.758323,0.52,centroid,24,0.84,0.2611
63,dolphin,man,caterpillar,sweet_pepper,Q3,0.758323,0.52,exemplar_knn_k3,24,0.8267,0.8728
63,dolphin,man,caterpillar,sweet_pepper,Q3,0.758323,0.52,logreg,24,0.8133,0.5338
63,dolphin,man,caterpillar,sweet_pepper,Q3,0.758323,0.52,random,24,0.3467,1.1903
63,dolphin,man,caterpillar,sweet_pepper,Q3,0.758323,0.52,centroid,25,0.86,0.2982
63,dolphin,man,caterpillar,sweet_pepper,Q3,0.758323,0.52,exemplar_knn_k3,25,0.8667,0.9717
63,dolphin,man,caterpillar,sweet_pepper,Q3,0.758323,0.52,logreg,25,0.8133,0.5663
63,dolphin,man,caterpillar,sweet_pepper,Q3,0.758323,0.52,random,25,0.3,1.1414
63,dolphin,man,caterpillar,sweet_pepper,Q3,0.758323,0.52,centroid,26,0.84,0.3054
63,dolphin,man,caterpillar,sweet_pepper,Q3,0.758323,0.52,exemplar_knn_k3,26,0.82,0.991
63,dolphin,man,caterpillar,sweet_pepper,Q3,0.758323,0.52,logreg,26,0.8733,0.5952
63,dolphin,man,caterpillar,sweet_pepper,Q3,0.758323,0.52,random,26,0.3267,1.2983
63,dolphin,man,caterpillar,sweet_pepper,Q3,0.758323,0.52,centroid,27,0.8333,0.2946
63,dolphin,man,caterpillar,sweet_pepper,Q3,0.758323,0.52,exemplar_knn_k3,27,0.8667,1.0115
63,dolphin,man,caterpillar,sweet_pepper,Q3,0.758323,0.52,logreg,27,0.8067,0.6032
63,dolphin,man,caterpillar,sweet_pepper,Q3,0.758323,0.52,random,27,0.3667,1.4203
63,dolphin,man,caterpillar,sweet_pepper,Q3,0.758323,0.52,centroid,28,0.92,0.2566
63,dolphin,man,caterpillar,sweet_pepper,Q3,0.758323,0.52,exemplar_knn_k3,28,0.9067,0.8851
63,dolphin,man,caterpillar,sweet_pepper,Q3,0.758323,0.52,logreg,28,0.8533,0.5175
63,dolphin,man,caterpillar,sweet_pepper,Q3,0.758323,0.52,random,28,0.3733,1.2885
63,dolphin,man,caterpillar,sweet_pepper,Q3,0.758323,0.52,centroid,29,0.8867,0.3234
63,dolphin,man,caterpillar,sweet_pepper,Q3,0.758323,0.52,exemplar_knn_k3,29,0.8533,1.0502
63,dolphin,man,caterpillar,sweet_pepper,Q3,0.758323,0.52,logreg,29,0.8667,0.6315
63,dolphin,man,caterpillar,sweet_pepper,Q3,0.758323,0.52,random,29,0.34,1.1907
64,house,keyboard,boy,aquarium_fish,Q3,0.755149,0.411765,centroid,0,0.94,0.2889
64,house,keyboard,boy,aquarium_fish,Q3,0.755149,0.411765,exemplar_knn_k3,0,0.8933,1.0845
64,house,keyboard,boy,aquarium_fish,Q3,0.755149,0.411765,logreg,0,0.9733,0.5664
64,house,keyboard,boy,aquarium_fish,Q3,0.755149,0.411765,random,0,0.32,1.2887
64,house,keyboard,boy,aquarium_fish,Q3,0.755149,0.411765,centroid,1,0.8267,0.3186
64,house,keyboard,boy,aquarium_fish,Q3,0.755149,0.411765,exemplar_knn_k3,1,0.8733,1.1265
64,house,keyboard,boy,aquarium_fish,Q3,0.755149,0.411765,logreg,1,0.8,0.6595
64,house,keyboard,boy,aquarium_fish,Q3,0.755149,0.411765,random,1,0.3267,1.2879
64,house,keyboard,boy,aquarium_fish,Q3,0.755149,0.411765,centroid,2,0.86,0.2965
64,house,keyboard,boy,aquarium_fish,Q3,0.755149,0.411765,exemplar_knn_k3,2,0.8533,1.1126
64,house,keyboard,boy,aquarium_fish,Q3,0.755149,0.411765,logreg,2,0.8333,0.631
64,house,keyboard,boy,aquarium_fish,Q3,0.755149,0.411765,random,2,0.3333,1.2564
64,house,keyboard,boy,aquarium_fish,Q3,0.755149,0.411765,centroid,3,0.8467,0.3528
64,house,keyboard,boy,aquarium_fish,Q3,0.755149,0.411765,exemplar_knn_k3,3,0.8467,1.2145
64,house,keyboard,boy,aquarium_fish,Q3,0.755149,0.411765,logreg,3,0.8267,0.705
64,house,keyboard,boy,aquarium_fish,Q3,0.755149,0.411765,random,3,0.3667,1.1954
64,house,keyboard,boy,aquarium_fish,Q3,0.755149,0.411765,centroid,4,0.8867,0.2878
64,house,keyboard,boy,aquarium_fish,Q3,0.755149,0.411765,exemplar_knn_k3,4,0.9067,1.1142
64,house,keyboard,boy,aquarium_fish,Q3,0.755149,0.411765,logreg,4,0.8867,0.5903
64,house,keyboard,boy,aquarium_fish,Q3,0.755149,0.411765,random,4,0.3267,1.2094
64,house,keyboard,boy,aquarium_fish,Q3,0.755149,0.411765,centroid,5,0.96,0.2903
64,house,keyboard,boy,aquarium_fish,Q3,0.755149,0.411765,exemplar_knn_k3,5,0.9267,1.0741
64,house,keyboard,boy,aquarium_fish,Q3,0.755149,0.411765,logreg,5,0.9533,0.5806
64,house,keyboard,boy,aquarium_fish,Q3,0.755149,0.411765,random,5,0.3467,1.1639
64,house,keyboard,boy,aquarium_fish,Q3,0.755149,0.411765,centroid,6,0.82,0.3503
64,house,keyboard,boy,aquarium_fish,Q3,0.755149,0.411765,exemplar_knn_k3,6,0.8267,1.1985
64,house,keyboard,boy,aquarium_fish,Q3,0.755149,0.411765,logreg,6,0.84,0.6667
64,house,keyboard,boy,aquarium_fish,Q3,0.755149,0.411765,random,6,0.3667,1.2233
64,house,keyboard,boy,aquarium_fish,Q3,0.755149,0.411765,centroid,7,0.8733,0.3056
64,house,keyboard,boy,aquarium_fish,Q3,0.755149,0.411765,exemplar_knn_k3,7,0.8933,1.1981
64,house,keyboard,boy,aquarium_fish,Q3,0.755149,0.411765,logreg,7,0.8333,0.6467
64,house,keyboard,boy,aquarium_fish,Q3,0.755149,0.411765,random,7,0.3733,1.1138
64,house,keyboard,boy,aquarium_fish,Q3,0.755149,0.411765,centroid,8,0.9133,0.2974
64,house,keyboard,boy,aquarium_fish,Q3,0.755149,0.411765,exemplar_knn_k3,8,0.9133,1.1536
64,house,keyboard,boy,aquarium_fish,Q3,0.755149,0.411765,logreg,8,0.9067,0.6008
64,house,keyboard,boy,aquarium_fish,Q3,0.755149,0.411765,random,8,0.32,1.4447
64,house,keyboard,boy,aquarium_fish,Q3,0.755149,0.411765,centroid,9,0.84,0.3582
64,house,keyboard,boy,aquarium_fish,Q3,0.755149,0.411765,exemplar_knn_k3,9,0.8333,1.2953
64,house,keyboard,boy,aquarium_fish,Q3,0.755149,0.411765,logreg,9,0.84,0.7
64,house,keyboard,boy,aquarium_fish,Q3,0.755149,0.411765,random,9,0.28,1.0809
64,house,keyboard,boy,aquarium_fish,Q3,0.755149,0.411765,centroid,10,0.82,0.3635
64,house,keyboard,boy,aquarium_fish,Q3,0.755149,0.411765,exemplar_knn_k3,10,0.82,1.2525
64,house,keyboard,boy,aquarium_fish,Q3,0.755149,0.411765,logreg,10,0.82,0.7353
64,house,keyboard,boy,aquarium_fish,Q3,0.755149,0.411765,random,10,0.3,1.3404
64,house,keyboard,boy,aquarium_fish,Q3,0.755149,0.411765,centroid,11,0.9333,0.2728
64,house,keyboard,boy,aquarium_fish,Q3,0.755149,0.411765,exemplar_knn_k3,11,0.9067,1.1023
64,house,keyboard,boy,aquarium_fish,Q3,0.755149,0.411765,logreg,11,0.9133,0.541
64,house,keyboard,boy,aquarium_fish,Q3,0.755149,0.411765,random,11,0.3467,1.2331
64,house,keyboard,boy,aquarium_fish,Q3,0.755149,0.411765,centroid,12,0.84,0.3179
64,house,keyboard,boy,aquarium_fish,Q3,0.755149,0.411765,exemplar_knn_k3,12,0.8267,1.1024
64,house,keyboard,boy,aquarium_fish,Q3,0.755149,0.411765,logreg,12,0.8467,0.633
64,house,keyboard,boy,aquarium_fish,Q3,0.755149,0.411765,random,12,0.32,1.2065
64,house,keyboard,boy,aquarium_fish,Q3,0.755149,0.411765,centroid,13,0.84,0.3369
64,house,keyboard,boy,aquarium_fish,Q3,0.755149,0.411765,exemplar_knn_k3,13,0.8467,1.0992
64,house,keyboard,boy,aquarium_fish,Q3,0.755149,0.411765,logreg,13,0.8133,0.6635
64,house,keyboard,boy,aquarium_fish,Q3,0.755149,0.411765,random,13,0.32,1.2768
64,house,keyboard,boy,aquarium_fish,Q3,0.755149,0.411765,centroid,14,0.8267,0.3216
64,house,keyboard,boy,aquarium_fish,Q3,0.755149,0.411765,exemplar_knn_k3,14,0.8267,1.1874
64,house,keyboard,boy,aquarium_fish,Q3,0.755149,0.411765,logreg,14,0.8267,0.6432
64,house,keyboard,boy,aquarium_fish,Q3,0.755149,0.411765,random,14,0.3267,1.3545
64,house,keyboard,boy,aquarium_fish,Q3,0.755149,0.411765,centroid,15,0.92,0.2839
64,house,keyboard,boy,aquarium_fish,Q3,0.755149,0.411765,exemplar_knn_k3,15,0.9067,1.0437
64,house,keyboard,boy,aquarium_fish,Q3,0.755149,0.411765,logreg,15,0.86,0.5854
64,house,keyboard,boy,aquarium_fish,Q3,0.755149,0.411765,random,15,0.2933,1.2766
64,house,keyboard,boy,aquarium_fish,Q3,0.755149,0.411765,centroid,16,0.94,0.2907
64,house,keyboard,boy,aquarium_fish,Q3,0.755149,0.411765,exemplar_knn_k3,16,0.9533,1.0811
64,house,keyboard,boy,aquarium_fish,Q3,0.755149,0.411765,logreg,16,0.94,0.6025
64,house,keyboard,boy,aquarium_fish,Q3,0.755149,0.411765,random,16,0.2933,1.165
64,house,keyboard,boy,aquarium_fish,Q3,0.755149,0.411765,centroid,17,0.8733,0.3026
64,house,keyboard,boy,aquarium_fish,Q3,0.755149,0.411765,exemplar_knn_k3,17,0.8867,1.2053
64,house,keyboard,boy,aquarium_fish,Q3,0.755149,0.411765,logreg,17,0.82,0.6768
64,house,keyboard,boy,aquarium_fish,Q3,0.755149,0.411765,random,17,0.36,1.2146
64,house,keyboard,boy,aquarium_fish,Q3,0.755149,0.411765,centroid,18,0.8133,0.3186
64,house,keyboard,boy,aquarium_fish,Q3,0.755149,0.411765,exemplar_knn_k3,18,0.8333,1.1084
64,house,keyboard,boy,aquarium_fish,Q3,0.755149,0.411765,logreg,18,0.8,0.6613
64,house,keyboard,boy,aquarium_fish,Q3,0.755149,0.411765,random,18,0.3467,1.1673
64,house,keyboard,boy,aquarium_fish,Q3,0.755149,0.411765,centroid,19,0.82,0.3533
64,house,keyboard,boy,aquarium_fish,Q3,0.755149,0.411765,exemplar_knn_k3,19,0.8333,1.1548
64,house,keyboard,boy,aquarium_fish,Q3,0.755149,0.411765,logreg,19,0.8333,0.6961
64,house,keyboard,boy,aquarium_fish,Q3,0.755149,0.411765,random,19,0.3533,1.3999
64,house,keyboard,boy,aquarium_fish,Q3,0.755149,0.411765,centroid,20,0.8733,0.2817
64,house,keyboard,boy,aquarium_fish,Q3,0.755149,0.411765,exemplar_knn_k3,20,0.8933,1.0504
64,house,keyboard,boy,aquarium_fish,Q3,0.755149,0.411765,logreg,20,0.8133,0.5978
64,house,keyboard,boy,aquarium_fish,Q3,0.755149,0.411765,random,20,0.3667,1.3353
64,house,keyboard,boy,aquarium_fish,Q3,0.755149,0.411765,centroid,21,0.8133,0.3704
64,house,keyboard,boy,aquarium_fish,Q3,0.755149,0.411765,exemplar_knn_k3,21,0.8133,1.2188
64,house,keyboard,boy,aquarium_fish,Q3,0.755149,0.411765,logreg,21,0.8067,0.7192
64,house,keyboard,boy,aquarium_fish,Q3,0.755149,0.411765,random,21,0.2933,1.2133
64,house,keyboard,boy,aquarium_fish,Q3,0.755149,0.411765,centroid,22,0.86,0.3017
64,house,keyboard,boy,aquarium_fish,Q3,0.755149,0.411765,exemplar_knn_k3,22,0.8733,1.1252
64,house,keyboard,boy,aquarium_fish,Q3,0.755149,0.411765,logreg,22,0.84,0.6118
64,house,keyboard,boy,aquarium_fish,Q3,0.755149,0.411765,random,22,0.32,1.1395
64,house,keyboard,boy,aquarium_fish,Q3,0.755149,0.411765,centroid,23,0.94,0.2634
64,house,keyboard,boy,aquarium_fish,Q3,0.755149,0.411765,exemplar_knn_k3,23,0.94,1.0471
64,house,keyboard,boy,aquarium_fish,Q3,0.755149,0.411765,logreg,23,0.8667,0.5595
64,house,keyboard,boy,aquarium_fish,Q3,0.755149,0.411765,random,23,0.3133,1.3191
64,house,keyboard,boy,aquarium_fish,Q3,0.755149,0.411765,centroid,24,0.9067,0.2605
64,house,keyboard,boy,aquarium_fish,Q3,0.755149,0.411765,exemplar_knn_k3,24,0.92,1.035
64,house,keyboard,boy,aquarium_fish,Q3,0.755149,0.411765,logreg,24,0.88,0.5173
64,house,keyboard,boy,aquarium_fish,Q3,0.755149,0.411765,random,24,0.3267,1.446
64,house,keyboard,boy,aquarium_fish,Q3,0.755149,0.411765,centroid,25,0.88,0.3206
64,house,keyboard,boy,aquarium_fish,Q3,0.755149,0.411765,exemplar_knn_k3,25,0.88,1.1583
64,house,keyboard,boy,aquarium_fish,Q3,0.755149,0.411765,logreg,25,0.8533,0.6663
64,house,keyboard,boy,aquarium_fish,Q3,0.755149,0.411765,random,25,0.3667,1.206
64,house,keyboard,boy,aquarium_fish,Q3,0.755149,0.411765,centroid,26,0.9467,0.293
64,house,keyboard,boy,aquarium_fish,Q3,0.755149,0.411765,exemplar_knn_k3,26,0.9467,1.2111
64,house,keyboard,boy,aquarium_fish,Q3,0.755149,0.411765,logreg,26,0.92,0.6315
64,house,keyboard,boy,aquarium_fish,Q3,0.755149,0.411765,random,26,0.3733,1.3859
64,house,keyboard,boy,aquarium_fish,Q3,0.755149,0.411765,centroid,27,0.9133,0.2818
64,house,keyboard,boy,aquarium_fish,Q3,0.755149,0.411765,exemplar_knn_k3,27,0.9,1.165
64,house,keyboard,boy,aquarium_fish,Q3,0.755149,0.411765,logreg,27,0.9267,0.5624
64,house,keyboard,boy,aquarium_fish,Q3,0.755149,0.411765,random,27,0.2667,1.1593
64,house,keyboard,boy,aquarium_fish,Q3,0.755149,0.411765,centroid,28,0.8133,0.3437
64,house,keyboard,boy,aquarium_fish,Q3,0.755149,0.411765,exemplar_knn_k3,28,0.8133,1.1565
64,house,keyboard,boy,aquarium_fish,Q3,0.755149,0.411765,logreg,28,0.7733,0.7214
64,house,keyboard,boy,aquarium_fish,Q3,0.755149,0.411765,random,28,0.3667,1.4038
64,house,keyboard,boy,aquarium_fish,Q3,0.755149,0.411765,centroid,29,0.9133,0.3111
64,house,keyboard,boy,aquarium_fish,Q3,0.755149,0.411765,exemplar_knn_k3,29,0.9267,1.2094
64,house,keyboard,boy,aquarium_fish,Q3,0.755149,0.411765,logreg,29,0.9267,0.6232
64,house,keyboard,boy,aquarium_fish,Q3,0.755149,0.411765,random,29,0.34,1.2832
65,keyboard,skunk,train,seal,Q3,0.879711,0.578947,centroid,0,0.8,0.2563
65,keyboard,skunk,train,seal,Q3,0.879711,0.578947,exemplar_knn_k3,0,0.7867,0.9723
65,keyboard,skunk,train,seal,Q3,0.879711,0.578947,logreg,0,0.7867,0.5203
65,keyboard,skunk,train,seal,Q3,0.879711,0.578947,random,0,0.36,1.1406
65,keyboard,skunk,train,seal,Q3,0.879711,0.578947,centroid,1,0.7667,0.1975
65,keyboard,skunk,train,seal,Q3,0.879711,0.578947,exemplar_knn_k3,1,0.7467,0.8673
65,keyboard,skunk,train,seal,Q3,0.879711,0.578947,logreg,1,0.76,0.4464
65,keyboard,skunk,train,seal,Q3,0.879711,0.578947,random,1,0.2867,1.1734
65,keyboard,skunk,train,seal,Q3,0.879711,0.578947,centroid,2,0.82,0.2837
65,keyboard,skunk,train,seal,Q3,0.879711,0.578947,exemplar_knn_k3,2,0.8133,1.0282
65,keyboard,skunk,train,seal,Q3,0.879711,0.578947,logreg,2,0.8067,0.588
65,keyboard,skunk,train,seal,Q3,0.879711,0.578947,random,2,0.24,1.2634
65,keyboard,skunk,train,seal,Q3,0.879711,0.578947,centroid,3,0.8067,0.2488
65,keyboard,skunk,train,seal,Q3,0.879711,0.578947,exemplar_knn_k3,3,0.8133,1.0323
65,keyboard,skunk,train,seal,Q3,0.879711,0.578947,logreg,3,0.8,0.5319
65,keyboard,skunk,train,seal,Q3,0.879711,0.578947,random,3,0.3,0.9704
65,keyboard,skunk,train,seal,Q3,0.879711,0.578947,centroid,4,0.82,0.26
65,keyboard,skunk,train,seal,Q3,0.879711,0.578947,exemplar_knn_k3,4,0.8133,0.9779
65,keyboard,skunk,train,seal,Q3,0.879711,0.578947,logreg,4,0.8133,0.5362
65,keyboard,skunk,train,seal,Q3,0.879711,0.578947,random,4,0.3467,1.1647
65,keyboard,skunk,train,seal,Q3,0.879711,0.578947,centroid,5,0.8133,0.2649
65,keyboard,skunk,train,seal,Q3,0.879711,0.578947,exemplar_knn_k3,5,0.8133,0.9765
65,keyboard,skunk,train,seal,Q3,0.879711,0.578947,logreg,5,0.8133,0.5387
65,keyboard,skunk,train,seal,Q3,0.879711,0.578947,random,5,0.32,1.1828
65,keyboard,skunk,train,seal,Q3,0.879711,0.578947,centroid,6,0.7867,0.238
65,keyboard,skunk,train,seal,Q3,0.879711,0.578947,exemplar_knn_k3,6,0.78,1.006
65,keyboard,skunk,train,seal,Q3,0.879711,0.578947,logreg,6,0.7867,0.5238
65,keyboard,skunk,train,seal,Q3,0.879711,0.578947,random,6,0.3333,1.1499
65,keyboard,skunk,train,seal,Q3,0.879711,0.578947,centroid,7,0.8133,0.295
65,keyboard,skunk,train,seal,Q3,0.879711,0.578947,exemplar_knn_k3,7,0.8067,1.0888
65,keyboard,skunk,train,seal,Q3,0.879711,0.578947,logreg,7,0.8133,0.6016
65,keyboard,skunk,train,seal,Q3,0.879711,0.578947,random,7,0.2333,1.0173
65,keyboard,skunk,train,seal,Q3,0.879711,0.578947,centroid,8,0.8067,0.2802
65,keyboard,skunk,train,seal,Q3,0.879711,0.578947,exemplar_knn_k3,8,0.8133,1.1151
65,keyboard,skunk,train,seal,Q3,0.879711,0.578947,logreg,8,0.8067,0.596
65,keyboard,skunk,train,seal,Q3,0.879711,0.578947,random,8,0.2933,1.2152
65,keyboard,skunk,train,seal,Q3,0.879711,0.578947,centroid,9,0.7867,0.2015
65,keyboard,skunk,train,seal,Q3,0.879711,0.578947,exemplar_knn_k3,9,0.78,0.9236
65,keyboard,skunk,train,seal,Q3,0.879711,0.578947,logreg,9,0.7867,0.4627
65,keyboard,skunk,train,seal,Q3,0.879711,0.578947,random,9,0.3,1.1361
65,keyboard,skunk,train,seal,Q3,0.879711,0.578947,centroid,10,0.7867,0.2263
65,keyboard,skunk,train,seal,Q3,0.879711,0.578947,exemplar_knn_k3,10,0.7933,0.9059
65,keyboard,skunk,train,seal,Q3,0.879711,0.578947,logreg,10,0.8067,0.4713
65,keyboard,skunk,train,seal,Q3,0.879711,0.578947,random,10,0.3467,1.1896
65,keyboard,skunk,train,seal,Q3,0.879711,0.578947,centroid,11,0.8,0.2474
65,keyboard,skunk,train,seal,Q3,0.879711,0.578947,exemplar_knn_k3,11,0.7933,0.9246
65,keyboard,skunk,train,seal,Q3,0.879711,0.578947,logreg,11,0.8,0.4911
65,keyboard,skunk,train,seal,Q3,0.879711,0.578947,random,11,0.3467,1.157
65,keyboard,skunk,train,seal,Q3,0.879711,0.578947,centroid,12,0.7733,0.2238
65,keyboard,skunk,train,seal,Q3,0.879711,0.578947,exemplar_knn_k3,12,0.76,0.9505
65,keyboard,skunk,train,seal,Q3,0.879711,0.578947,logreg,12,0.78,0.4906
65,keyboard,skunk,train,seal,Q3,0.879711,0.578947,random,12,0.3467,1.2208
65,keyboard,skunk,train,seal,Q3,0.879711,0.578947,centroid,13,0.7733,0.2109
65,keyboard,skunk,train,seal,Q3,0.879711,0.578947,exemplar_knn_k3,13,0.7733,0.9202
65,keyboard,skunk,train,seal,Q3,0.879711,0.578947,logreg,13,0.7733,0.4693
65,keyboard,skunk,train,seal,Q3,0.879711,0.578947,random,13,0.2733,1.2081
65,keyboard,skunk,train,seal,Q3,0.879711,0.578947,centroid,14,0.76,0.2117
65,keyboard,skunk,train,seal,Q3,0.879711,0.578947,exemplar_knn_k3,14,0.74,0.8918
65,keyboard,skunk,train,seal,Q3,0.879711,0.578947,logreg,14,0.7667,0.4563
65,keyboard,skunk,train,seal,Q3,0.879711,0.578947,random,14,0.3,1.1154
65,keyboard,skunk,train,seal,Q3,0.879711,0.578947,centroid,15,0.8267,0.2741
65,keyboard,skunk,train,seal,Q3,0.879711,0.578947,exemplar_knn_k3,15,0.8067,0.9712
65,keyboard,skunk,train,seal,Q3,0.879711,0.578947,logreg,15,0.8067,0.5922
65,keyboard,skunk,train,seal,Q3,0.879711,0.578947,random,15,0.2867,1.1175
65,keyboard,skunk,train,seal,Q3,0.879711,0.578947,centroid,16,0.8133,0.2964
65,keyboard,skunk,train,seal,Q3,0.879711,0.578947,exemplar_knn_k3,16,0.8067,1.0208
65,keyboard,skunk,train,seal,Q3,0.879711,0.578947,logreg,16,0.8067,0.6091
65,keyboard,skunk,train,seal,Q3,0.879711,0.578947,random,16,0.3533,1.1337
65,keyboard,skunk,train,seal,Q3,0.879711,0.578947,centroid,17,0.8067,0.2927
65,keyboard,skunk,train,seal,Q3,0.879711,0.578947,exemplar_knn_k3,17,0.7933,1.0526
65,keyboard,skunk,train,seal,Q3,0.879711,0.578947,logreg,17,0.8,0.6042
65,keyboard,skunk,train,seal,Q3,0.879711,0.578947,random,17,0.3,1.3327
65,keyboard,skunk,train,seal,Q3,0.879711,0.578947,centroid,18,0.7933,0.1797
65,keyboard,skunk,train,seal,Q3,0.879711,0.578947,exemplar_knn_k3,18,0.76,0.8376
65,keyboard,skunk,train,seal,Q3,0.879711,0.578947,logreg,18,0.8067,0.427
65,keyboard,skunk,train,seal,Q3,0.879711,0.578947,random,18,0.3,1.2434
65,keyboard,skunk,train,seal,Q3,0.879711,0.578947,centroid,19,0.7867,0.198
65,keyboard,skunk,train,seal,Q3,0.879711,0.578947,exemplar_knn_k3,19,0.8067,0.7894
65,keyboard,skunk,train,seal,Q3,0.879711,0.578947,logreg,19,0.7933,0.4278
65,keyboard,skunk,train,seal,Q3,0.879711,0.578947,random,19,0.32,1.1646
65,keyboard,skunk,train,seal,Q3,0.879711,0.578947,centroid,20,0.8133,0.3029
65,keyboard,skunk,train,seal,Q3,0.879711,0.578947,exemplar_knn_k3,20,0.8133,1.0708
65,keyboard,skunk,train,seal,Q3,0.879711,0.578947,logreg,20,0.8133,0.6181
65,keyboard,skunk,train,seal,Q3,0.879711,0.578947,random,20,0.3133,1.1517
65,keyboard,skunk,train,seal,Q3,0.879711,0.578947,centroid,21,0.7733,0.1984
65,keyboard,skunk,train,seal,Q3,0.879711,0.578947,exemplar_knn_k3,21,0.7933,0.8993
65,keyboard,skunk,train,seal,Q3,0.879711,0.578947,logreg,21,0.7867,0.441
65,keyboard,skunk,train,seal,Q3,0.879711,0.578947,random,21,0.3533,1.1182
65,keyboard,skunk,train,seal,Q3,0.879711,0.578947,centroid,22,0.8133,0.2938
65,keyboard,skunk,train,seal,Q3,0.879711,0.578947,exemplar_knn_k3,22,0.8133,1.0977
65,keyboard,skunk,train,seal,Q3,0.879711,0.578947,logreg,22,0.8133,0.6118
65,keyboard,skunk,train,seal,Q3,0.879711,0.578947,random,22,0.2733,1.268
65,keyboard,skunk,train,seal,Q3,0.879711,0.578947,centroid,23,0.7933,0.2201
65,keyboard,skunk,train,seal,Q3,0.879711,0.578947,exemplar_knn_k3,23,0.8,0.9244
65,keyboard,skunk,train,seal,Q3,0.879711,0.578947,logreg,23,0.8,0.468
65,keyboard,skunk,train,seal,Q3,0.879711,0.578947,random,23,0.2933,1.3113
65,keyboard,skunk,train,seal,Q3,0.879711,0.578947,centroid,24,0.78,0.2324
65,keyboard,skunk,train,seal,Q3,0.879711,0.578947,exemplar_knn_k3,24,0.7867,0.8847
65,keyboard,skunk,train,seal,Q3,0.879711,0.578947,logreg,24,0.78,0.4722
65,keyboard,skunk,train,seal,Q3,0.879711,0.578947,random,24,0.38,1.3917
65,keyboard,skunk,train,seal,Q3,0.879711,0.578947,centroid,25,0.8067,0.2941
65,keyboard,skunk,train,seal,Q3,0.879711,0.578947,exemplar_knn_k3,25,0.8133,1.0594
65,keyboard,skunk,train,seal,Q3,0.879711,0.578947,logreg,25,0.8133,0.6103
65,keyboard,skunk,train,seal,Q3,0.879711,0.578947,random,25,0.34,1.17
65,keyboard,skunk,train,seal,Q3,0.879711,0.578947,centroid,26,0.8133,0.2378
65,keyboard,skunk,train,seal,Q3,0.879711,0.578947,exemplar_knn_k3,26,0.82,0.9882
65,keyboard,skunk,train,seal,Q3,0.879711,0.578947,logreg,26,0.8,0.488
65,keyboard,skunk,train,seal,Q3,0.879711,0.578947,random,26,0.3333,1.1022
65,keyboard,skunk,train,seal,Q3,0.879711,0.578947,centroid,27,0.8067,0.2468
65,keyboard,skunk,train,seal,Q3,0.879711,0.578947,exemplar_knn_k3,27,0.8,0.9774
65,keyboard,skunk,train,seal,Q3,0.879711,0.578947,logreg,27,0.8067,0.5241
65,keyboard,skunk,train,seal,Q3,0.879711,0.578947,random,27,0.36,1.1792
65,keyboard,skunk,train,seal,Q3,0.879711,0.578947,centroid,28,0.8267,0.2191
65,keyboard,skunk,train,seal,Q3,0.879711,0.578947,exemplar_knn_k3,28,0.8,0.9653
65,keyboard,skunk,train,seal,Q3,0.879711,0.578947,logreg,28,0.82,0.4773
65,keyboard,skunk,train,seal,Q3,0.879711,0.578947,random,28,0.3867,1.2096
65,keyboard,skunk,train,seal,Q3,0.879711,0.578947,centroid,29,0.8067,0.2612
65,keyboard,skunk,train,seal,Q3,0.879711,0.578947,exemplar_knn_k3,29,0.8067,0.9548
65,keyboard,skunk,train,seal,Q3,0.879711,0.578947,logreg,29,0.7867,0.5568
65,keyboard,skunk,train,seal,Q3,0.879711,0.578947,random,29,0.32,1.2707
66,keyboard,snail,plate,orange,Q3,0.835303,0.6,centroid,0,0.8,0.2846
66,keyboard,snail,plate,orange,Q3,0.835303,0.6,exemplar_knn_k3,0,0.8,1.1185
66,keyboard,snail,plate,orange,Q3,0.835303,0.6,logreg,0,0.7933,0.6128
66,keyboard,snail,plate,orange,Q3,0.835303,0.6,random,0,0.42,1.2654
66,keyboard,snail,plate,orange,Q3,0.835303,0.6,centroid,1,0.8867,0.2928
66,keyboard,snail,plate,orange,Q3,0.835303,0.6,exemplar_knn_k3,1,0.86,1.1324
66,keyboard,snail,plate,orange,Q3,0.835303,0.6,logreg,1,0.9333,0.6112
66,keyboard,snail,plate,orange,Q3,0.835303,0.6,random,1,0.32,1.1608
66,keyboard,snail,plate,orange,Q3,0.835303,0.6,centroid,2,0.84,0.2883
66,keyboard,snail,plate,orange,Q3,0.835303,0.6,exemplar_knn_k3,2,0.88,1.0731
66,keyboard,snail,plate,orange,Q3,0.835303,0.6,logreg,2,0.84,0.5936
66,keyboard,snail,plate,orange,Q3,0.835303,0.6,random,2,0.3467,1.0269
66,keyboard,snail,plate,orange,Q3,0.835303,0.6,centroid,3,0.8467,0.2844
66,keyboard,snail,plate,orange,Q3,0.835303,0.6,exemplar_knn_k3,3,0.8533,1.1208
66,keyboard,snail,plate,orange,Q3,0.835303,0.6,logreg,3,0.84,0.5796
66,keyboard,snail,plate,orange,Q3,0.835303,0.6,random,3,0.38,1.0922
66,keyboard,snail,plate,orange,Q3,0.835303,0.6,centroid,4,0.8333,0.3253
66,keyboard,snail,plate,orange,Q3,0.835303,0.6,exemplar_knn_k3,4,0.8267,1.2618
66,keyboard,snail,plate,orange,Q3,0.835303,0.6,logreg,4,0.84,0.6704
66,keyboard,snail,plate,orange,Q3,0.835303,0.6,random,4,0.36,1.2502
66,keyboard,snail,plate,orange,Q3,0.835303,0.6,centroid,5,0.8133,0.3149
66,keyboard,snail,plate,orange,Q3,0.835303,0.6,exemplar_knn_k3,5,0.8067,1.1051
66,keyboard,snail,plate,orange,Q3,0.835303,0.6,logreg,5,0.82,0.6272
66,keyboard,snail,plate,orange,Q3,0.835303,0.6,random,5,0.2933,1.1457
66,keyboard,snail,plate,orange,Q3,0.835303,0.6,centroid,6,0.86,0.3071
66,keyboard,snail,plate,orange,Q3,0.835303,0.6,exemplar_knn_k3,6,0.8333,1.1121
66,keyboard,snail,plate,orange,Q3,0.835303,0.6,logreg,6,0.92,0.6414
66,keyboard,snail,plate,orange,Q3,0.835303,0.6,random,6,0.34,1.1648
66,keyboard,snail,plate,orange,Q3,0.835303,0.6,centroid,7,0.8133,0.3315
66,keyboard,snail,plate,orange,Q3,0.835303,0.6,exemplar_knn_k3,7,0.8133,1.2492
66,keyboard,snail,plate,orange,Q3,0.835303,0.6,logreg,7,0.8267,0.6942
66,keyboard,snail,plate,orange,Q3,0.835303,0.6,random,7,0.28,1.1988
66,keyboard,snail,plate,orange,Q3,0.835303,0.6,centroid,8,0.7867,0.3167
66,keyboard,snail,plate,orange,Q3,0.835303,0.6,exemplar_knn_k3,8,0.7867,1.2059
66,keyboard,snail,plate,orange,Q3,0.835303,0.6,logreg,8,0.8133,0.6365
66,keyboard,snail,plate,orange,Q3,0.835303,0.6,random,8,0.3133,1.1772
66,keyboard,snail,plate,orange,Q3,0.835303,0.6,centroid,9,0.8467,0.3187
66,keyboard,snail,plate,orange,Q3,0.835303,0.6,exemplar_knn_k3,9,0.8533,1.2464
66,keyboard,snail,plate,orange,Q3,0.835303,0.6,logreg,9,0.8267,0.6562
66,keyboard,snail,plate,orange,Q3,0.835303,0.6,random,9,0.36,1.1022
66,keyboard,snail,plate,orange,Q3,0.835303,0.6,centroid,10,0.8133,0.2713
66,keyboard,snail,plate,orange,Q3,0.835303,0.6,exemplar_knn_k3,10,0.8267,1.0588
66,keyboard,snail,plate,orange,Q3,0.835303,0.6,logreg,10,0.8133,0.571
66,keyboard,snail,plate,orange,Q3,0.835303,0.6,random,10,0.3467,1.2807
66,keyboard,snail,plate,orange,Q3,0.835303,0.6,centroid,11,0.8733,0.3426
66,keyboard,snail,plate,orange,Q3,0.835303,0.6,exemplar_knn_k3,11,0.84,1.2726
66,keyboard,snail,plate,orange,Q3,0.835303,0.6,logreg,11,0.98,0.6493
66,keyboard,snail,plate,orange,Q3,0.835303,0.6,random,11,0.2867,1.2307
66,keyboard,snail,plate,orange,Q3,0.835303,0.6,centroid,12,0.84,0.306
66,keyboard,snail,plate,orange,Q3,0.835303,0.6,exemplar_knn_k3,12,0.82,1.1472
66,keyboard,snail,plate,orange,Q3,0.835303,0.6,logreg,12,0.8667,0.6213
66,keyboard,snail,plate,orange,Q3,0.835303,0.6,random,12,0.3867,1.2416
66,keyboard,snail,plate,orange,Q3,0.835303,0.6,centroid,13,0.9267,0.3
66,keyboard,snail,plate,orange,Q3,0.835303,0.6,exemplar_knn_k3,13,0.9,1.1855
66,keyboard,snail,plate,orange,Q3,0.835303,0.6,logreg,13,0.94,0.6112
66,keyboard,snail,plate,orange,Q3,0.835303,0.6,random,13,0.2733,1.1326
66,keyboard,snail,plate,orange,Q3,0.835303,0.6,centroid,14,0.9,0.2943
66,keyboard,snail,plate,orange,Q3,0.835303,0.6,exemplar_knn_k3,14,0.9,1.1886
66,keyboard,snail,plate,orange,Q3,0.835303,0.6,logreg,14,0.9533,0.595
66,keyboard,snail,plate,orange,Q3,0.835303,0.6,random,14,0.2933,1.2688
66,keyboard,snail,plate,orange,Q3,0.835303,0.6,centroid,15,0.8733,0.3139
66,keyboard,snail,plate,orange,Q3,0.835303,0.6,exemplar_knn_k3,15,0.88,1.1706
66,keyboard,snail,plate,orange,Q3,0.835303,0.6,logreg,15,0.9133,0.6542
66,keyboard,snail,plate,orange,Q3,0.835303,0.6,random,15,0.4067,1.2285
66,keyboard,snail,plate,orange,Q3,0.835303,0.6,centroid,16,0.8133,0.3157
66,keyboard,snail,plate,orange,Q3,0.835303,0.6,exemplar_knn_k3,16,0.8267,1.1385
66,keyboard,snail,plate,orange,Q3,0.835303,0.6,logreg,16,0.8067,0.6297
66,keyboard,snail,plate,orange,Q3,0.835303,0.6,random,16,0.26,1.1766
66,keyboard,snail,plate,orange,Q3,0.835303,0.6,centroid,17,0.82,0.3272
66,keyboard,snail,plate,orange,Q3,0.835303,0.6,exemplar_knn_k3,17,0.8267,1.1232
66,keyboard,snail,plate,orange,Q3,0.835303,0.6,logreg,17,0.8133,0.6582
66,keyboard,snail,plate,orange,Q3,0.835303,0.6,random,17,0.24,1.2524
66,keyboard,snail,plate,orange,Q3,0.835303,0.6,centroid,18,0.8733,0.2629
66,keyboard,snail,plate,orange,Q3,0.835303,0.6,exemplar_knn_k3,18,0.8333,1.1028
66,keyboard,snail,plate,orange,Q3,0.835303,0.6,logreg,18,0.92,0.5247
66,keyboard,snail,plate,orange,Q3,0.835303,0.6,random,18,0.3267,1.1208
66,keyboard,snail,plate,orange,Q3,0.835303,0.6,centroid,19,0.84,0.2931
66,keyboard,snail,plate,orange,Q3,0.835303,0.6,exemplar_knn_k3,19,0.84,1.1101
66,keyboard,snail,plate,orange,Q3,0.835303,0.6,logreg,19,0.8933,0.5859
66,keyboard,snail,plate,orange,Q3,0.835303,0.6,random,19,0.3867,1.2192
66,keyboard,snail,plate,orange,Q3,0.835303,0.6,centroid,20,0.8133,0.3239
66,keyboard,snail,plate,orange,Q3,0.835303,0.6,exemplar_knn_k3,20,0.82,1.2183
66,keyboard,snail,plate,orange,Q3,0.835303,0.6,logreg,20,0.8133,0.6645
66,keyboard,snail,plate,orange,Q3,0.835303,0.6,random,20,0.3867,1.1953
66,keyboard,snail,plate,orange,Q3,0.835303,0.6,centroid,21,0.8533,0.2889
66,keyboard,snail,plate,orange,Q3,0.835303,0.6,exemplar_knn_k3,21,0.8467,1.0758
66,keyboard,snail,plate,orange,Q3,0.835303,0.6,logreg,21,0.84,0.5957
66,keyboard,snail,plate,orange,Q3,0.835303,0.6,random,21,0.3333,1.1303
66,keyboard,snail,plate,orange,Q3,0.835303,0.6,centroid,22,0.8267,0.3087
66,keyboard,snail,plate,orange,Q3,0.835303,0.6,exemplar_knn_k3,22,0.8067,1.192
66,keyboard,snail,plate,orange,Q3,0.835303,0.6,logreg,22,0.84,0.6639
66,keyboard,snail,plate,orange,Q3,0.835303,0.6,random,22,0.3133,1.4433
66,keyboard,snail,plate,orange,Q3,0.835303,0.6,centroid,23,0.8333,0.316
66,keyboard,snail,plate,orange,Q3,0.835303,0.6,exemplar_knn_k3,23,0.86,1.1746
66,keyboard,snail,plate,orange,Q3,0.835303,0.6,logreg,23,0.8867,0.6209
66,keyboard,snail,plate,orange,Q3,0.835303,0.6,random,23,0.36,1.3791
66,keyboard,snail,plate,orange,Q3,0.835303,0.6,centroid,24,0.8467,0.2951
66,keyboard,snail,plate,orange,Q3,0.835303,0.6,exemplar_knn_k3,24,0.86,1.1768
66,keyboard,snail,plate,orange,Q3,0.835303,0.6,logreg,24,0.8533,0.6227
66,keyboard,snail,plate,orange,Q3,0.835303,0.6,random,24,0.3867,1.1034
66,keyboard,snail,plate,orange,Q3,0.835303,0.6,centroid,25,0.82,0.2894
66,keyboard,snail,plate,orange,Q3,0.835303,0.6,exemplar_knn_k3,25,0.82,1.0348
66,keyboard,snail,plate,orange,Q3,0.835303,0.6,logreg,25,0.8267,0.5908
66,keyboard,snail,plate,orange,Q3,0.835303,0.6,random,25,0.2933,1.1525
66,keyboard,snail,plate,orange,Q3,0.835303,0.6,centroid,26,0.8,0.3119
66,keyboard,snail,plate,orange,Q3,0.835303,0.6,exemplar_knn_k3,26,0.8067,1.1599
66,keyboard,snail,plate,orange,Q3,0.835303,0.6,logreg,26,0.8,0.6461
66,keyboard,snail,plate,orange,Q3,0.835303,0.6,random,26,0.38,1.1051
66,keyboard,snail,plate,orange,Q3,0.835303,0.6,centroid,27,0.8267,0.3367
66,keyboard,snail,plate,orange,Q3,0.835303,0.6,exemplar_knn_k3,27,0.82,1.1953
66,keyboard,snail,plate,orange,Q3,0.835303,0.6,logreg,27,0.84,0.696
66,keyboard,snail,plate,orange,Q3,0.835303,0.6,random,27,0.3133,1.2104
66,keyboard,snail,plate,orange,Q3,0.835303,0.6,centroid,28,0.9067,0.2683
66,keyboard,snail,plate,orange,Q3,0.835303,0.6,exemplar_knn_k3,28,0.8867,1.1202
66,keyboard,snail,plate,orange,Q3,0.835303,0.6,logreg,28,0.9133,0.5445
66,keyboard,snail,plate,orange,Q3,0.835303,0.6,random,28,0.2733,1.1312
66,keyboard,snail,plate,orange,Q3,0.835303,0.6,centroid,29,0.8133,0.2925
66,keyboard,snail,plate,orange,Q3,0.835303,0.6,exemplar_knn_k3,29,0.8133,1.1122
66,keyboard,snail,plate,orange,Q3,0.835303,0.6,logreg,29,0.82,0.5752
66,keyboard,snail,plate,orange,Q3,0.835303,0.6,random,29,0.3133,1.2627
67,keyboard,worm,apple,woman,Q3,0.814776,0.555556,centroid,0,0.8267,0.3123
67,keyboard,worm,apple,woman,Q3,0.814776,0.555556,exemplar_knn_k3,0,0.8533,1.1592
67,keyboard,worm,apple,woman,Q3,0.814776,0.555556,logreg,0,0.8,0.6456
67,keyboard,worm,apple,woman,Q3,0.814776,0.555556,random,0,0.38,1.1805
67,keyboard,worm,apple,woman,Q3,0.814776,0.555556,centroid,1,0.8733,0.3069
67,keyboard,worm,apple,woman,Q3,0.814776,0.555556,exemplar_knn_k3,1,0.88,1.1004
67,keyboard,worm,apple,woman,Q3,0.814776,0.555556,logreg,1,0.8667,0.6237
67,keyboard,worm,apple,woman,Q3,0.814776,0.555556,random,1,0.34,1.1296
67,keyboard,worm,apple,woman,Q3,0.814776,0.555556,centroid,2,0.8067,0.336
67,keyboard,worm,apple,woman,Q3,0.814776,0.555556,exemplar_knn_k3,2,0.82,1.2149
67,keyboard,worm,apple,woman,Q3,0.814776,0.555556,logreg,2,0.8133,0.674
67,keyboard,worm,apple,woman,Q3,0.814776,0.555556,random,2,0.3133,1.2006
67,keyboard,worm,apple,woman,Q3,0.814776,0.555556,centroid,3,0.8533,0.312
67,keyboard,worm,apple,woman,Q3,0.814776,0.555556,exemplar_knn_k3,3,0.8533,1.1857
67,keyboard,worm,apple,woman,Q3,0.814776,0.555556,logreg,3,0.8867,0.6225
67,keyboard,worm,apple,woman,Q3,0.814776,0.555556,random,3,0.3933,1.1355
67,keyboard,worm,apple,woman,Q3,0.814776,0.555556,centroid,4,0.84,0.364
67,keyboard,worm,apple,woman,Q3,0.814776,0.555556,exemplar_knn_k3,4,0.8467,1.2814
67,keyboard,worm,apple,woman,Q3,0.814776,0.555556,logreg,4,0.8467,0.7103
67,keyboard,worm,apple,woman,Q3,0.814776,0.555556,random,4,0.2867,1.2084
67,keyboard,worm,apple,woman,Q3,0.814776,0.555556,centroid,5,0.8333,0.3419
67,keyboard,worm,apple,woman,Q3,0.814776,0.555556,exemplar_knn_k3,5,0.84,1.1958
67,keyboard,worm,apple,woman,Q3,0.814776,0.555556,logreg,5,0.8467,0.6781
67,keyboard,worm,apple,woman,Q3,0.814776,0.555556,random,5,0.3,1.1625
67,keyboard,worm,apple,woman,Q3,0.814776,0.555556,centroid,6,0.8733,0.347
67,keyboard,worm,apple,woman,Q3,0.814776,0.555556,exemplar_knn_k3,6,0.8933,1.2042
67,keyboard,worm,apple,woman,Q3,0.814776,0.555556,logreg,6,0.8733,0.6908
67,keyboard,worm,apple,woman,Q3,0.814776,0.555556,random,6,0.3333,1.1496
67,keyboard,worm,apple,woman,Q3,0.814776,0.555556,centroid,7,0.8467,0.3416
67,keyboard,worm,apple,woman,Q3,0.814776,0.555556,exemplar_knn_k3,7,0.8467,1.1743
67,keyboard,worm,apple,woman,Q3,0.814776,0.555556,logreg,7,0.8867,0.6685
67,keyboard,worm,apple,woman,Q3,0.814776,0.555556,random,7,0.38,1.1904
67,keyboard,worm,apple,woman,Q3,0.814776,0.555556,centroid,8,0.82,0.3493
67,keyboard,worm,apple,woman,Q3,0.814776,0.555556,exemplar_knn_k3,8,0.82,1.2615
67,keyboard,worm,apple,woman,Q3,0.814776,0.555556,logreg,8,0.8267,0.6827
67,keyboard,worm,apple,woman,Q3,0.814776,0.555556,random,8,0.34,1.0764
67,keyboard,worm,apple,woman,Q3,0.814776,0.555556,centroid,9,0.8333,0.3152
67,keyboard,worm,apple,woman,Q3,0.814776,0.555556,exemplar_knn_k3,9,0.8333,1.1243
67,keyboard,worm,apple,woman,Q3,0.814776,0.555556,logreg,9,0.86,0.6232
67,keyboard,worm,apple,woman,Q3,0.814776,0.555556,random,9,0.38,1.2133
67,keyboard,worm,apple,woman,Q3,0.814776,0.555556,centroid,10,0.8533,0.3355
67,keyboard,worm,apple,woman,Q3,0.814776,0.555556,exemplar_knn_k3,10,0.8867,1.2384
67,keyboard,worm,apple,woman,Q3,0.814776,0.555556,logreg,10,0.8933,0.6809
67,keyboard,worm,apple,woman,Q3,0.814776,0.555556,random,10,0.2733,1.2636
67,keyboard,worm,apple,woman,Q3,0.814776,0.555556,centroid,11,0.86,0.3295
67,keyboard,worm,apple,woman,Q3,0.814776,0.555556,exemplar_knn_k3,11,0.8733,1.1524
67,keyboard,worm,apple,woman,Q3,0.814776,0.555556,logreg,11,0.9467,0.6377
67,keyboard,worm,apple,woman,Q3,0.814776,0.555556,random,11,0.3533,1.4525
67,keyboard,worm,apple,woman,Q3,0.814776,0.555556,centroid,12,0.88,0.3585
67,keyboard,worm,apple,woman,Q3,0.814776,0.555556,exemplar_knn_k3,12,0.8933,1.2323
67,keyboard,worm,apple,woman,Q3,0.814776,0.555556,logreg,12,0.8333,0.7376
67,keyboard,worm,apple,woman,Q3,0.814776,0.555556,random,12,0.38,1.218
67,keyboard,worm,apple,woman,Q3,0.814776,0.555556,centroid,13,0.8933,0.335
67,keyboard,worm,apple,woman,Q3,0.814776,0.555556,exemplar_knn_k3,13,0.9,1.2031
67,keyboard,worm,apple,woman,Q3,0.814776,0.555556,logreg,13,0.8267,0.6951
67,keyboard,worm,apple,woman,Q3,0.814776,0.555556,random,13,0.2867,1.1262
67,keyboard,worm,apple,woman,Q3,0.814776,0.555556,centroid,14,0.84,0.342
67,keyboard,worm,apple,woman,Q3,0.814776,0.555556,exemplar_knn_k3,14,0.84,1.2201
67,keyboard,worm,apple,woman,Q3,0.814776,0.555556,logreg,14,0.9733,0.6528
67,keyboard,worm,apple,woman,Q3,0.814776,0.555556,random,14,0.32,1.0992
67,keyboard,worm,apple,woman,Q3,0.814776,0.555556,centroid,15,0.8333,0.3219
67,keyboard,worm,apple,woman,Q3,0.814776,0.555556,exemplar_knn_k3,15,0.8267,1.1565
67,keyboard,worm,apple,woman,Q3,0.814776,0.555556,logreg,15,0.8267,0.6437
67,keyboard,worm,apple,woman,Q3,0.814776,0.555556,random,15,0.4067,1.1762
67,keyboard,worm,apple,woman,Q3,0.814776,0.555556,centroid,16,0.82,0.3111
67,keyboard,worm,apple,woman,Q3,0.814776,0.555556,exemplar_knn_k3,16,0.82,1.1935
67,keyboard,worm,apple,woman,Q3,0.814776,0.555556,logreg,16,0.8333,0.6363
67,keyboard,worm,apple,woman,Q3,0.814776,0.555556,random,16,0.3,1.1627
67,keyboard,worm,apple,woman,Q3,0.814776,0.555556,centroid,17,0.82,0.354
67,keyboard,worm,apple,woman,Q3,0.814776,0.555556,exemplar_knn_k3,17,0.82,1.2858
67,keyboard,worm,apple,woman,Q3,0.814776,0.555556,logreg,17,0.8133,0.7043
67,keyboard,worm,apple,woman,Q3,0.814776,0.555556,random,17,0.3,1.1779
67,keyboard,worm,apple,woman,Q3,0.814776,0.555556,centroid,18,0.8267,0.3326
67,keyboard,worm,apple,woman,Q3,0.814776,0.555556,exemplar_knn_k3,18,0.84,1.1922
67,keyboard,worm,apple,woman,Q3,0.814776,0.555556,logreg,18,0.8267,0.6945
67,keyboard,worm,apple,woman,Q3,0.814776,0.555556,random,18,0.3533,1.3673
67,keyboard,worm,apple,woman,Q3,0.814776,0.555556,centroid,19,0.8467,0.3111
67,keyboard,worm,apple,woman,Q3,0.814776,0.555556,exemplar_knn_k3,19,0.8533,1.1217
67,keyboard,worm,apple,woman,Q3,0.814776,0.555556,logreg,19,0.84,0.6431
67,keyboard,worm,apple,woman,Q3,0.814776,0.555556,random,19,0.36,1.2456
67,keyboard,worm,apple,woman,Q3,0.814776,0.555556,centroid,20,0.8333,0.3245
67,keyboard,worm,apple,woman,Q3,0.814776,0.555556,exemplar_knn_k3,20,0.8333,1.1256
67,keyboard,worm,apple,woman,Q3,0.814776,0.555556,logreg,20,0.8333,0.6526
67,keyboard,worm,apple,woman,Q3,0.814776,0.555556,random,20,0.3,1.2042
67,keyboard,worm,apple,woman,Q3,0.814776,0.555556,centroid,21,0.84,0.3138
67,keyboard,worm,apple,woman,Q3,0.814776,0.555556,exemplar_knn_k3,21,0.8467,1.2281
67,keyboard,worm,apple,woman,Q3,0.814776,0.555556,logreg,21,0.84,0.6443
67,keyboard,worm,apple,woman,Q3,0.814776,0.555556,random,21,0.3733,1.1282
67,keyboard,worm,apple,woman,Q3,0.814776,0.555556,centroid,22,0.8267,0.3335
67,keyboard,worm,apple,woman,Q3,0.814776,0.555556,exemplar_knn_k3,22,0.8267,1.2039
67,keyboard,worm,apple,woman,Q3,0.814776,0.555556,logreg,22,0.84,0.6653
67,keyboard,worm,apple,woman,Q3,0.814776,0.555556,random,22,0.32,1.2325
67,keyboard,worm,apple,woman,Q3,0.814776,0.555556,centroid,23,0.8467,0.3331
67,keyboard,worm,apple,woman,Q3,0.814776,0.555556,exemplar_knn_k3,23,0.8467,1.1506
67,keyboard,worm,apple,woman,Q3,0.814776,0.555556,logreg,23,0.8267,0.6544
67,keyboard,worm,apple,woman,Q3,0.814776,0.555556,random,23,0.3467,1.2637
67,keyboard,worm,apple,woman,Q3,0.814776,0.555556,centroid,24,0.84,0.2903
67,keyboard,worm,apple,woman,Q3,0.814776,0.555556,exemplar_knn_k3,24,0.8267,1.0855
67,keyboard,worm,apple,woman,Q3,0.814776,0.555556,logreg,24,0.86,0.5986
67,keyboard,worm,apple,woman,Q3,0.814776,0.555556,random,24,0.3867,1.3282
67,keyboard,worm,apple,woman,Q3,0.814776,0.555556,centroid,25,0.82,0.3219
67,keyboard,worm,apple,woman,Q3,0.814776,0.555556,exemplar_knn_k3,25,0.8333,1.2005
67,keyboard,worm,apple,woman,Q3,0.814776,0.555556,logreg,25,0.84,0.6315
67,keyboard,worm,apple,woman,Q3,0.814776,0.555556,random,25,0.3,1.0999
67,keyboard,worm,apple,woman,Q3,0.814776,0.555556,centroid,26,0.82,0.3371
67,keyboard,worm,apple,woman,Q3,0.814776,0.555556,exemplar_knn_k3,26,0.82,1.1893
67,keyboard,worm,apple,woman,Q3,0.814776,0.555556,logreg,26,0.82,0.7063
67,keyboard,worm,apple,woman,Q3,0.814776,0.555556,random,26,0.32,1.1507
67,keyboard,worm,apple,woman,Q3,0.814776,0.555556,centroid,27,0.82,0.3428
67,keyboard,worm,apple,woman,Q3,0.814776,0.555556,exemplar_knn_k3,27,0.8267,1.2061
67,keyboard,worm,apple,woman,Q3,0.814776,0.555556,logreg,27,0.82,0.6626
67,keyboard,worm,apple,woman,Q3,0.814776,0.555556,random,27,0.38,1.1983
67,keyboard,worm,apple,woman,Q3,0.814776,0.555556,centroid,28,0.8267,0.3378
67,keyboard,worm,apple,woman,Q3,0.814776,0.555556,exemplar_knn_k3,28,0.8667,1.2235
67,keyboard,worm,apple,woman,Q3,0.814776,0.555556,logreg,28,0.82,0.7072
67,keyboard,worm,apple,woman,Q3,0.814776,0.555556,random,28,0.34,1.2258
67,keyboard,worm,apple,woman,Q3,0.814776,0.555556,centroid,29,0.8533,0.305
67,keyboard,worm,apple,woman,Q3,0.814776,0.555556,exemplar_knn_k3,29,0.84,1.1414
67,keyboard,worm,apple,woman,Q3,0.814776,0.555556,logreg,29,0.8933,0.5995
67,keyboard,worm,apple,woman,Q3,0.814776,0.555556,random,29,0.3067,1.2801
68,lion,shark,dolphin,crab,Q3,0.777423,0.37931,centroid,0,0.8133,0.3319
68,lion,shark,dolphin,crab,Q3,0.777423,0.37931,exemplar_knn_k3,0,0.8067,1.2578
68,lion,shark,dolphin,crab,Q3,0.777423,0.37931,logreg,0,0.8067,0.6802
68,lion,shark,dolphin,crab,Q3,0.777423,0.37931,random,0,0.3733,1.1814
68,lion,shark,dolphin,crab,Q3,0.777423,0.37931,centroid,1,0.68,0.1643
68,lion,shark,dolphin,crab,Q3,0.777423,0.37931,exemplar_knn_k3,1,0.6533,0.7348
68,lion,shark,dolphin,crab,Q3,0.777423,0.37931,logreg,1,0.7,0.4112
68,lion,shark,dolphin,crab,Q3,0.777423,0.37931,random,1,0.3733,1.096
68,lion,shark,dolphin,crab,Q3,0.777423,0.37931,centroid,2,0.8133,0.3202
68,lion,shark,dolphin,crab,Q3,0.777423,0.37931,exemplar_knn_k3,2,0.8133,1.2018
68,lion,shark,dolphin,crab,Q3,0.777423,0.37931,logreg,2,0.8067,0.6556
68,lion,shark,dolphin,crab,Q3,0.777423,0.37931,random,2,0.3533,1.1871
68,lion,shark,dolphin,crab,Q3,0.777423,0.37931,centroid,3,0.7467,0.1976
68,lion,shark,dolphin,crab,Q3,0.777423,0.37931,exemplar_knn_k3,3,0.7667,0.8471
68,lion,shark,dolphin,crab,Q3,0.777423,0.37931,logreg,3,0.7467,0.4701
68,lion,shark,dolphin,crab,Q3,0.777423,0.37931,random,3,0.2733,1.2643
68,lion,shark,dolphin,crab,Q3,0.777423,0.37931,centroid,4,0.7933,0.3366
68,lion,shark,dolphin,crab,Q3,0.777423,0.37931,exemplar_knn_k3,4,0.8067,1.2301
68,lion,shark,dolphin,crab,Q3,0.777423,0.37931,logreg,4,0.8,0.6463
68,lion,shark,dolphin,crab,Q3,0.777423,0.37931,random,4,0.38,1.1974
68,lion,shark,dolphin,crab,Q3,0.777423,0.37931,centroid,5,0.82,0.3584
68,lion,shark,dolphin,crab,Q3,0.777423,0.37931,exemplar_knn_k3,5,0.82,1.3487
68,lion,shark,dolphin,crab,Q3,0.777423,0.37931,logreg,5,0.8,0.7377
68,lion,shark,dolphin,crab,Q3,0.777423,0.37931,random,5,0.36,1.4583
68,lion,shark,dolphin,crab,Q3,0.777423,0.37931,centroid,6,0.6333,0.1994
68,lion,shark,dolphin,crab,Q3,0.777423,0.37931,exemplar_knn_k3,6,0.6067,0.9394
68,lion,shark,dolphin,crab,Q3,0.777423,0.37931,logreg,6,0.6333,0.4421
68,lion,shark,dolphin,crab,Q3,0.777423,0.37931,random,6,0.3667,1.1543
68,lion,shark,dolphin,crab,Q3,0.777423,0.37931,centroid,7,0.7933,0.3277
68,lion,shark,dolphin,crab,Q3,0.777423,0.37931,exemplar_knn_k3,7,0.7533,1.1905
68,lion,shark,dolphin,crab,Q3,0.777423,0.37931,logreg,7,0.8,0.6743
68,lion,shark,dolphin,crab,Q3,0.777423,0.37931,random,7,0.3333,1.2177
68,lion,shark,dolphin,crab,Q3,0.777423,0.37931,centroid,8,0.8,0.3179
68,lion,shark,dolphin,crab,Q3,0.777423,0.37931,exemplar_knn_k3,8,0.78,1.2153
68,lion,shark,dolphin,crab,Q3,0.777423,0.37931,logreg,8,0.7933,0.6556
68,lion,shark,dolphin,crab,Q3,0.777423,0.37931,random,8,0.3467,1.1259
68,lion,shark,dolphin,crab,Q3,0.777423,0.37931,centroid,9,0.6867,0.1765
68,lion,shark,dolphin,crab,Q3,0.777423,0.37931,exemplar_knn_k3,9,0.6933,0.8387
68,lion,shark,dolphin,crab,Q3,0.777423,0.37931,logreg,9,0.6867,0.4094
68,lion,shark,dolphin,crab,Q3,0.777423,0.37931,random,9,0.3333,1.3728
68,lion,shark,dolphin,crab,Q3,0.777423,0.37931,centroid,10,0.7067,0.2075
68,lion,shark,dolphin,crab,Q3,0.777423,0.37931,exemplar_knn_k3,10,0.6867,1.0058
68,lion,shark,dolphin,crab,Q3,0.777423,0.37931,logreg,10,0.6667,0.5048
68,lion,shark,dolphin,crab,Q3,0.777423,0.37931,random,10,0.32,1.3026
68,lion,shark,dolphin,crab,Q3,0.777423,0.37931,centroid,11,0.8133,0.3589
68,lion,shark,dolphin,crab,Q3,0.777423,0.37931,exemplar_knn_k3,11,0.8133,1.2794
68,lion,shark,dolphin,crab,Q3,0.777423,0.37931,logreg,11,0.8133,0.7246
68,lion,shark,dolphin,crab,Q3,0.777423,0.37931,random,11,0.2867,1.3052
68,lion,shark,dolphin,crab,Q3,0.777423,0.37931,centroid,12,0.7333,0.1796
68,lion,shark,dolphin,crab,Q3,0.777423,0.37931,exemplar_knn_k3,12,0.7067,0.9075
68,lion,shark,dolphin,crab,Q3,0.777423,0.37931,logreg,12,0.74,0.4481
68,lion,shark,dolphin,crab,Q3,0.777423,0.37931,random,12,0.2733,1.3115
68,lion,shark,dolphin,crab,Q3,0.777423,0.37931,centroid,13,0.7,0.219
68,lion,shark,dolphin,crab,Q3,0.777423,0.37931,exemplar_knn_k3,13,0.7133,0.976
68,lion,shark,dolphin,crab,Q3,0.777423,0.37931,logreg,13,0.7,0.5601
68,lion,shark,dolphin,crab,Q3,0.777423,0.37931,random,13,0.4267,1.1247
68,lion,shark,dolphin,crab,Q3,0.777423,0.37931,centroid,14,0.7067,0.1952
68,lion,shark,dolphin,crab,Q3,0.777423,0.37931,exemplar_knn_k3,14,0.7267,0.8326
68,lion,shark,dolphin,crab,Q3,0.777423,0.37931,logreg,14,0.7067,0.4993
68,lion,shark,dolphin,crab,Q3,0.777423,0.37931,random,14,0.3267,1.1546
68,lion,shark,dolphin,crab,Q3,0.777423,0.37931,centroid,15,0.8133,0.3363
68,lion,shark,dolphin,crab,Q3,0.777423,0.37931,exemplar_knn_k3,15,0.8,1.2794
68,lion,shark,dolphin,crab,Q3,0.777423,0.37931,logreg,15,0.8133,0.6963
68,lion,shark,dolphin,crab,Q3,0.777423,0.37931,random,15,0.2867,1.2189
68,lion,shark,dolphin,crab,Q3,0.777423,0.37931,centroid,16,0.8067,0.3329
68,lion,shark,dolphin,crab,Q3,0.777423,0.37931,exemplar_knn_k3,16,0.7933,1.1984
68,lion,shark,dolphin,crab,Q3,0.777423,0.37931,logreg,16,0.8067,0.6766
68,lion,shark,dolphin,crab,Q3,0.777423,0.37931,random,16,0.3667,1.2929
68,lion,shark,dolphin,crab,Q3,0.777423,0.37931,centroid,17,0.8133,0.3341
68,lion,shark,dolphin,crab,Q3,0.777423,0.37931,exemplar_knn_k3,17,0.8067,1.1907
68,lion,shark,dolphin,crab,Q3,0.777423,0.37931,logreg,17,0.82,0.6904
68,lion,shark,dolphin,crab,Q3,0.777423,0.37931,random,17,0.3,1.2086
68,lion,shark,dolphin,crab,Q3,0.777423,0.37931,centroid,18,0.72,0.1751
68,lion,shark,dolphin,crab,Q3,0.777423,0.37931,exemplar_knn_k3,18,0.7667,0.8167
68,lion,shark,dolphin,crab,Q3,0.777423,0.37931,logreg,18,0.72,0.4775
68,lion,shark,dolphin,crab,Q3,0.777423,0.37931,random,18,0.3533,1.1973
68,lion,shark,dolphin,crab,Q3,0.777423,0.37931,centroid,19,0.6933,0.2178
68,lion,shark,dolphin,crab,Q3,0.777423,0.37931,exemplar_knn_k3,19,0.72,0.9429
68,lion,shark,dolphin,crab,Q3,0.777423,0.37931,logreg,19,0.6867,0.4746
68,lion,shark,dolphin,crab,Q3,0.777423,0.37931,random,19,0.3667,1.1058
68,lion,shark,dolphin,crab,Q3,0.777423,0.37931,centroid,20,0.8133,0.3367
68,lion,shark,dolphin,crab,Q3,0.777423,0.37931,exemplar_knn_k3,20,0.8133,1.2901
68,lion,shark,dolphin,crab,Q3,0.777423,0.37931,logreg,20,0.8133,0.6827
68,lion,shark,dolphin,crab,Q3,0.777423,0.37931,random,20,0.32,1.3116
68,lion,shark,dolphin,crab,Q3,0.777423,0.37931,centroid,21,0.78,0.177
68,lion,shark,dolphin,crab,Q3,0.777423,0.37931,exemplar_knn_k3,21,0.78,0.8215
68,lion,shark,dolphin,crab,Q3,0.777423,0.37931,logreg,21,0.7667,0.4069
68,lion,shark,dolphin,crab,Q3,0.777423,0.37931,random,21,0.3533,1.3378
68,lion,shark,dolphin,crab,Q3,0.777423,0.37931,centroid,22,0.7867,0.3385
68,lion,shark,dolphin,crab,Q3,0.777423,0.37931,exemplar_knn_k3,22,0.7933,1.2617
68,lion,shark,dolphin,crab,Q3,0.777423,0.37931,logreg,22,0.78,0.6757
68,lion,shark,dolphin,crab,Q3,0.777423,0.37931,random,22,0.3133,1.2134
68,lion,shark,dolphin,crab,Q3,0.777423,0.37931,centroid,23,0.8067,0.3278
68,lion,shark,dolphin,crab,Q3,0.777423,0.37931,exemplar_knn_k3,23,0.8067,1.214
68,lion,shark,dolphin,crab,Q3,0.777423,0.37931,logreg,23,0.8067,0.6779
68,lion,shark,dolphin,crab,Q3,0.777423,0.37931,random,23,0.4067,1.3868
68,lion,shark,dolphin,crab,Q3,0.777423,0.37931,centroid,24,0.7867,0.297
68,lion,shark,dolphin,crab,Q3,0.777423,0.37931,exemplar_knn_k3,24,0.7867,1.157
68,lion,shark,dolphin,crab,Q3,0.777423,0.37931,logreg,24,0.7933,0.642
68,lion,shark,dolphin,crab,Q3,0.777423,0.37931,random,24,0.2667,1.108
68,lion,shark,dolphin,crab,Q3,0.777423,0.37931,centroid,25,0.8133,0.3351
68,lion,shark,dolphin,crab,Q3,0.777423,0.37931,exemplar_knn_k3,25,0.8,1.2315
68,lion,shark,dolphin,crab,Q3,0.777423,0.37931,logreg,25,0.8133,0.6804
68,lion,shark,dolphin,crab,Q3,0.777423,0.37931,random,25,0.2933,1.1896
68,lion,shark,dolphin,crab,Q3,0.777423,0.37931,centroid,26,0.8,0.3123
68,lion,shark,dolphin,crab,Q3,0.777423,0.37931,exemplar_knn_k3,26,0.8,1.1842
68,lion,shark,dolphin,crab,Q3,0.777423,0.37931,logreg,26,0.8,0.6238
68,lion,shark,dolphin,crab,Q3,0.777423,0.37931,random,26,0.28,1.2188
68,lion,shark,dolphin,crab,Q3,0.777423,0.37931,centroid,27,0.8133,0.3299
68,lion,shark,dolphin,crab,Q3,0.777423,0.37931,exemplar_knn_k3,27,0.8067,1.2222
68,lion,shark,dolphin,crab,Q3,0.777423,0.37931,logreg,27,0.8133,0.6835
68,lion,shark,dolphin,crab,Q3,0.777423,0.37931,random,27,0.3333,1.1567
68,lion,shark,dolphin,crab,Q3,0.777423,0.37931,centroid,28,0.7533,0.2164
68,lion,shark,dolphin,crab,Q3,0.777423,0.37931,exemplar_knn_k3,28,0.7667,1.0935
68,lion,shark,dolphin,crab,Q3,0.777423,0.37931,logreg,28,0.7667,0.5221
68,lion,shark,dolphin,crab,Q3,0.777423,0.37931,random,28,0.3067,1.2554
68,lion,shark,dolphin,crab,Q3,0.777423,0.37931,centroid,29,0.78,0.2938
68,lion,shark,dolphin,crab,Q3,0.777423,0.37931,exemplar_knn_k3,29,0.7667,1.1552
68,lion,shark,dolphin,crab,Q3,0.777423,0.37931,logreg,29,0.7733,0.5926
68,lion,shark,dolphin,crab,Q3,0.777423,0.37931,random,29,0.3,1.2123
69,orchid,pine_tree,tiger,whale,Q3,0.828322,0.36,centroid,0,0.82,0.3571
69,orchid,pine_tree,tiger,whale,Q3,0.828322,0.36,exemplar_knn_k3,0,0.82,1.1813
69,orchid,pine_tree,tiger,whale,Q3,0.828322,0.36,logreg,0,0.84,0.6968
69,orchid,pine_tree,tiger,whale,Q3,0.828322,0.36,random,0,0.3333,1.1199
69,orchid,pine_tree,tiger,whale,Q3,0.828322,0.36,centroid,1,0.8733,0.3163
69,orchid,pine_tree,tiger,whale,Q3,0.828322,0.36,exemplar_knn_k3,1,0.86,1.1925
69,orchid,pine_tree,tiger,whale,Q3,0.828322,0.36,logreg,1,0.92,0.6227
69,orchid,pine_tree,tiger,whale,Q3,0.828322,0.36,random,1,0.3,1.1717
69,orchid,pine_tree,tiger,whale,Q3,0.828322,0.36,centroid,2,0.8133,0.3539
69,orchid,pine_tree,tiger,whale,Q3,0.828322,0.36,exemplar_knn_k3,2,0.82,1.1598
69,orchid,pine_tree,tiger,whale,Q3,0.828322,0.36,logreg,2,0.82,0.6927
69,orchid,pine_tree,tiger,whale,Q3,0.828322,0.36,random,2,0.38,1.2427
69,orchid,pine_tree,tiger,whale,Q3,0.828322,0.36,centroid,3,0.9,0.3337
69,orchid,pine_tree,tiger,whale,Q3,0.828322,0.36,exemplar_knn_k3,3,0.8667,1.1991
69,orchid,pine_tree,tiger,whale,Q3,0.828322,0.36,logreg,3,0.8267,0.7058
69,orchid,pine_tree,tiger,whale,Q3,0.828322,0.36,random,3,0.32,1.2026
69,orchid,pine_tree,tiger,whale,Q3,0.828322,0.36,centroid,4,0.8133,0.3464
69,orchid,pine_tree,tiger,whale,Q3,0.828322,0.36,exemplar_knn_k3,4,0.8133,1.1211
69,orchid,pine_tree,tiger,whale,Q3,0.828322,0.36,logreg,4,0.8,0.685
69,orchid,pine_tree,tiger,whale,Q3,0.828322,0.36,random,4,0.3067,1.193
69,orchid,pine_tree,tiger,whale,Q3,0.828322,0.36,centroid,5,0.82,0.3596
69,orchid,pine_tree,tiger,whale,Q3,0.828322,0.36,exemplar_knn_k3,5,0.82,1.1346
69,orchid,pine_tree,tiger,whale,Q3,0.828322,0.36,logreg,5,0.82,0.6886
69,orchid,pine_tree,tiger,whale,Q3,0.828322,0.36,random,5,0.2667,1.3106
69,orchid,pine_tree,tiger,whale,Q3,0.828322,0.36,centroid,6,0.8533,0.2906
69,orchid,pine_tree,tiger,whale,Q3,0.828322,0.36,exemplar_knn_k3,6,0.8733,1.1046
69,orchid,pine_tree,tiger,whale,Q3,0.828322,0.36,logreg,6,0.8333,0.6229
69,orchid,pine_tree,tiger,whale,Q3,0.828322,0.36,random,6,0.28,1.1114
69,orchid,pine_tree,tiger,whale,Q3,0.828322,0.36,centroid,7,0.82,0.3332
69,orchid,pine_tree,tiger,whale,Q3,0.828322,0.36,exemplar_knn_k3,7,0.82,1.0745
69,orchid,pine_tree,tiger,whale,Q3,0.828322,0.36,logreg,7,0.8133,0.6581
69,orchid,pine_tree,tiger,whale,Q3,0.828322,0.36,random,7,0.3467,1.1997
69,orchid,pine_tree,tiger,whale,Q3,0.828322,0.36,centroid,8,0.82,0.357
69,orchid,pine_tree,tiger,whale,Q3,0.828322,0.36,exemplar_knn_k3,8,0.82,1.1047
69,orchid,pine_tree,tiger,whale,Q3,0.828322,0.36,logreg,8,0.82,0.6909
69,orchid,pine_tree,tiger,whale,Q3,0.828322,0.36,random,8,0.38,1.2435
69,orchid,pine_tree,tiger,whale,Q3,0.828322,0.36,centroid,9,0.8933,0.3397
69,orchid,pine_tree,tiger,whale,Q3,0.828322,0.36,exemplar_knn_k3,9,0.8933,1.1694
69,orchid,pine_tree,tiger,whale,Q3,0.828322,0.36,logreg,9,0.8467,0.6952
69,orchid,pine_tree,tiger,whale,Q3,0.828322,0.36,random,9,0.34,1.1585
69,orchid,pine_tree,tiger,whale,Q3,0.828322,0.36,centroid,10,0.9133,0.3136
69,orchid,pine_tree,tiger,whale,Q3,0.828322,0.36,exemplar_knn_k3,10,0.9267,1.1322
69,orchid,pine_tree,tiger,whale,Q3,0.828322,0.36,logreg,10,0.8733,0.6408
69,orchid,pine_tree,tiger,whale,Q3,0.828322,0.36,random,10,0.32,1.2406
69,orchid,pine_tree,tiger,whale,Q3,0.828322,0.36,centroid,11,0.8267,0.3362
69,orchid,pine_tree,tiger,whale,Q3,0.828322,0.36,exemplar_knn_k3,11,0.82,1.087
69,orchid,pine_tree,tiger,whale,Q3,0.828322,0.36,logreg,11,0.9333,0.6265
69,orchid,pine_tree,tiger,whale,Q3,0.828322,0.36,random,11,0.2867,0.9243
69,orchid,pine_tree,tiger,whale,Q3,0.828322,0.36,centroid,12,0.8533,0.3244
69,orchid,pine_tree,tiger,whale,Q3,0.828322,0.36,exemplar_knn_k3,12,0.84,1.1698
69,orchid,pine_tree,tiger,whale,Q3,0.828322,0.36,logreg,12,0.8333,0.693
69,orchid,pine_tree,tiger,whale,Q3,0.828322,0.36,random,12,0.3133,1.1497
69,orchid,pine_tree,tiger,whale,Q3,0.828322,0.36,centroid,13,0.9333,0.288
69,orchid,pine_tree,tiger,whale,Q3,0.828322,0.36,exemplar_knn_k3,13,0.92,1.0287
69,orchid,pine_tree,tiger,whale,Q3,0.828322,0.36,logreg,13,0.8533,0.6278
69,orchid,pine_tree,tiger,whale,Q3,0.828322,0.36,random,13,0.3333,1.1611
69,orchid,pine_tree,tiger,whale,Q3,0.828322,0.36,centroid,14,0.9,0.357
69,orchid,pine_tree,tiger,whale,Q3,0.828322,0.36,exemplar_knn_k3,14,0.8867,1.22
69,orchid,pine_tree,tiger,whale,Q3,0.828322,0.36,logreg,14,0.9133,0.7196
69,orchid,pine_tree,tiger,whale,Q3,0.828322,0.36,random,14,0.2733,1.1213
69,orchid,pine_tree,tiger,whale,Q3,0.828322,0.36,centroid,15,0.8133,0.3749
69,orchid,pine_tree,tiger,whale,Q3,0.828322,0.36,exemplar_knn_k3,15,0.8067,1.1531
69,orchid,pine_tree,tiger,whale,Q3,0.828322,0.36,logreg,15,0.8333,0.7123
69,orchid,pine_tree,tiger,whale,Q3,0.828322,0.36,random,15,0.3533,1.2145
69,orchid,pine_tree,tiger,whale,Q3,0.828322,0.36,centroid,16,0.8267,0.3509
69,orchid,pine_tree,tiger,whale,Q3,0.828322,0.36,exemplar_knn_k3,16,0.82,1.0847
69,orchid,pine_tree,tiger,whale,Q3,0.828322,0.36,logreg,16,0.8267,0.6579
69,orchid,pine_tree,tiger,whale,Q3,0.828322,0.36,random,16,0.3333,1.1182
69,orchid,pine_tree,tiger,whale,Q3,0.828322,0.36,centroid,17,0.8333,0.3457
69,orchid,pine_tree,tiger,whale,Q3,0.828322,0.36,exemplar_knn_k3,17,0.8267,1.1041
69,orchid,pine_tree,tiger,whale,Q3,0.828322,0.36,logreg,17,0.84,0.6795
69,orchid,pine_tree,tiger,whale,Q3,0.828322,0.36,random,17,0.3133,1.147
69,orchid,pine_tree,tiger,whale,Q3,0.828322,0.36,centroid,18,0.84,0.3294
69,orchid,pine_tree,tiger,whale,Q3,0.828322,0.36,exemplar_knn_k3,18,0.86,1.1975
69,orchid,pine_tree,tiger,whale,Q3,0.828322,0.36,logreg,18,0.84,0.6829
69,orchid,pine_tree,tiger,whale,Q3,0.828322,0.36,random,18,0.3533,1.2566
69,orchid,pine_tree,tiger,whale,Q3,0.828322,0.36,centroid,19,0.9133,0.3355
69,orchid,pine_tree,tiger,whale,Q3,0.828322,0.36,exemplar_knn_k3,19,0.9067,1.2423
69,orchid,pine_tree,tiger,whale,Q3,0.828322,0.36,logreg,19,0.8533,0.7002
69,orchid,pine_tree,tiger,whale,Q3,0.828322,0.36,random,19,0.3133,1.2154
69,orchid,pine_tree,tiger,whale,Q3,0.828322,0.36,centroid,20,0.82,0.3369
69,orchid,pine_tree,tiger,whale,Q3,0.828322,0.36,exemplar_knn_k3,20,0.82,1.0909
69,orchid,pine_tree,tiger,whale,Q3,0.828322,0.36,logreg,20,0.82,0.6734
69,orchid,pine_tree,tiger,whale,Q3,0.828322,0.36,random,20,0.28,1.2903
69,orchid,pine_tree,tiger,whale,Q3,0.828322,0.36,centroid,21,0.88,0.3134
69,orchid,pine_tree,tiger,whale,Q3,0.828322,0.36,exemplar_knn_k3,21,0.86,1.106
69,orchid,pine_tree,tiger,whale,Q3,0.828322,0.36,logreg,21,0.82,0.6715
69,orchid,pine_tree,tiger,whale,Q3,0.828322,0.36,random,21,0.2867,1.246
69,orchid,pine_tree,tiger,whale,Q3,0.828322,0.36,centroid,22,0.8333,0.3818
69,orchid,pine_tree,tiger,whale,Q3,0.828322,0.36,exemplar_knn_k3,22,0.82,1.2132
69,orchid,pine_tree,tiger,whale,Q3,0.828322,0.36,logreg,22,0.8533,0.727
69,orchid,pine_tree,tiger,whale,Q3,0.828322,0.36,random,22,0.3333,1.275
69,orchid,pine_tree,tiger,whale,Q3,0.828322,0.36,centroid,23,0.82,0.3454
69,orchid,pine_tree,tiger,whale,Q3,0.828322,0.36,exemplar_knn_k3,23,0.82,1.17
69,orchid,pine_tree,tiger,whale,Q3,0.828322,0.36,logreg,23,0.82,0.676
69,orchid,pine_tree,tiger,whale,Q3,0.828322,0.36,random,23,0.2867,1.021
69,orchid,pine_tree,tiger,whale,Q3,0.828322,0.36,centroid,24,0.8133,0.3712
69,orchid,pine_tree,tiger,whale,Q3,0.828322,0.36,exemplar_knn_k3,24,0.8133,1.1629
69,orchid,pine_tree,tiger,whale,Q3,0.828322,0.36,logreg,24,0.8133,0.7392
69,orchid,pine_tree,tiger,whale,Q3,0.828322,0.36,random,24,0.4133,1.1789
69,orchid,pine_tree,tiger,whale,Q3,0.828322,0.36,centroid,25,0.8333,0.3673
69,orchid,pine_tree,tiger,whale,Q3,0.828322,0.36,exemplar_knn_k3,25,0.84,1.1577
69,orchid,pine_tree,tiger,whale,Q3,0.828322,0.36,logreg,25,0.8867,0.6836
69,orchid,pine_tree,tiger,whale,Q3,0.828322,0.36,random,25,0.38,1.174
69,orchid,pine_tree,tiger,whale,Q3,0.828322,0.36,centroid,26,0.8533,0.338
69,orchid,pine_tree,tiger,whale,Q3,0.828322,0.36,exemplar_knn_k3,26,0.8267,1.0957
69,orchid,pine_tree,tiger,whale,Q3,0.828322,0.36,logreg,26,0.96,0.6101
69,orchid,pine_tree,tiger,whale,Q3,0.828322,0.36,random,26,0.2733,1.3171
69,orchid,pine_tree,tiger,whale,Q3,0.828322,0.36,centroid,27,0.82,0.3173
69,orchid,pine_tree,tiger,whale,Q3,0.828322,0.36,exemplar_knn_k3,27,0.82,1.0463
69,orchid,pine_tree,tiger,whale,Q3,0.828322,0.36,logreg,27,0.82,0.6338
69,orchid,pine_tree,tiger,whale,Q3,0.828322,0.36,random,27,0.4067,1.1854
69,orchid,pine_tree,tiger,whale,Q3,0.828322,0.36,centroid,28,0.9133,0.3185
69,orchid,pine_tree,tiger,whale,Q3,0.828322,0.36,exemplar_knn_k3,28,0.9,1.197
69,orchid,pine_tree,tiger,whale,Q3,0.828322,0.36,logreg,28,0.92,0.6482
69,orchid,pine_tree,tiger,whale,Q3,0.828322,0.36,random,28,0.2733,1.3906
69,orchid,pine_tree,tiger,whale,Q3,0.828322,0.36,centroid,29,0.82,0.3366
69,orchid,pine_tree,tiger,whale,Q3,0.828322,0.36,exemplar_knn_k3,29,0.82,1.167
69,orchid,pine_tree,tiger,whale,Q3,0.828322,0.36,logreg,29,0.8467,0.6774
69,orchid,pine_tree,tiger,whale,Q3,0.828322,0.36,random,29,0.3333,1.2357
70,orchid,seal,keyboard,leopard,Q3,0.767675,0.538462,centroid,0,0.8267,0.3423
70,orchid,seal,keyboard,leopard,Q3,0.767675,0.538462,exemplar_knn_k3,0,0.8467,1.0698
70,orchid,seal,keyboard,leopard,Q3,0.767675,0.538462,logreg,0,0.8467,0.6783
70,orchid,seal,keyboard,leopard,Q3,0.767675,0.538462,random,0,0.3067,1.1807
70,orchid,seal,keyboard,leopard,Q3,0.767675,0.538462,centroid,1,0.9467,0.25
70,orchid,seal,keyboard,leopard,Q3,0.767675,0.538462,exemplar_knn_k3,1,0.94,0.9353
70,orchid,seal,keyboard,leopard,Q3,0.767675,0.538462,logreg,1,0.9267,0.5294
70,orchid,seal,keyboard,leopard,Q3,0.767675,0.538462,random,1,0.3,1.3259
70,orchid,seal,keyboard,leopard,Q3,0.767675,0.538462,centroid,2,0.82,0.3202
70,orchid,seal,keyboard,leopard,Q3,0.767675,0.538462,exemplar_knn_k3,2,0.8333,1.0248
70,orchid,seal,keyboard,leopard,Q3,0.767675,0.538462,logreg,2,0.8267,0.6075
70,orchid,seal,keyboard,leopard,Q3,0.767675,0.538462,random,2,0.3533,1.1626
70,orchid,seal,keyboard,leopard,Q3,0.767675,0.538462,centroid,3,0.86,0.2438
70,orchid,seal,keyboard,leopard,Q3,0.767675,0.538462,exemplar_knn_k3,3,0.8333,0.9063
70,orchid,seal,keyboard,leopard,Q3,0.767675,0.538462,logreg,3,0.8333,0.5054
70,orchid,seal,keyboard,leopard,Q3,0.767675,0.538462,random,3,0.34,1.2501
70,orchid,seal,keyboard,leopard,Q3,0.767675,0.538462,centroid,4,0.8533,0.3458
70,orchid,seal,keyboard,leopard,Q3,0.767675,0.538462,exemplar_knn_k3,4,0.8667,1.0671
70,orchid,seal,keyboard,leopard,Q3,0.767675,0.538462,logreg,4,0.8467,0.6582
70,orchid,seal,keyboard,leopard,Q3,0.767675,0.538462,random,4,0.32,1.3334
70,orchid,seal,keyboard,leopard,Q3,0.767675,0.538462,centroid,5,0.82,0.3513
70,orchid,seal,keyboard,leopard,Q3,0.767675,0.538462,exemplar_knn_k3,5,0.8267,1.141
70,orchid,seal,keyboard,leopard,Q3,0.767675,0.538462,logreg,5,0.7933,0.6695
70,orchid,seal,keyboard,leopard,Q3,0.767675,0.538462,random,5,0.38,1.2272
70,orchid,seal,keyboard,leopard,Q3,0.767675,0.538462,centroid,6,0.8533,0.1977
70,orchid,seal,keyboard,leopard,Q3,0.767675,0.538462,exemplar_knn_k3,6,0.86,0.8309
70,orchid,seal,keyboard,leopard,Q3,0.767675,0.538462,logreg,6,0.8467,0.4361
70,orchid,seal,keyboard,leopard,Q3,0.767675,0.538462,random,6,0.3133,1.2504
70,orchid,seal,keyboard,leopard,Q3,0.767675,0.538462,centroid,7,0.82,0.3575
70,orchid,seal,keyboard,leopard,Q3,0.767675,0.538462,exemplar_knn_k3,7,0.8133,1.0824
70,orchid,seal,keyboard,leopard,Q3,0.767675,0.538462,logreg,7,0.82,0.6621
70,orchid,seal,keyboard,leopard,Q3,0.767675,0.538462,random,7,0.36,1.1169
70,orchid,seal,keyboard,leopard,Q3,0.767675,0.538462,centroid,8,0.82,0.3341
70,orchid,seal,keyboard,leopard,Q3,0.767675,0.538462,exemplar_knn_k3,8,0.84,1.077
70,orchid,seal,keyboard,leopard,Q3,0.767675,0.538462,logreg,8,0.82,0.6465
70,orchid,seal,keyboard,leopard,Q3,0.767675,0.538462,random,8,0.3267,1.1657
70,orchid,seal,keyboard,leopard,Q3,0.767675,0.538462,centroid,9,0.8867,0.2519
70,orchid,seal,keyboard,leopard,Q3,0.767675,0.538462,exemplar_knn_k3,9,0.9,0.952
70,orchid,seal,keyboard,leopard,Q3,0.767675,0.538462,logreg,9,0.8867,0.5126
70,orchid,seal,keyboard,leopard,Q3,0.767675,0.538462,random,9,0.34,1.2267
70,orchid,seal,keyboard,leopard,Q3,0.767675,0.538462,centroid,10,0.94,0.2812
70,orchid,seal,keyboard,leopard,Q3,0.767675,0.538462,exemplar_knn_k3,10,0.94,0.9647
70,orchid,seal,keyboard,leopard,Q3,0.767675,0.538462,logreg,10,0.96,0.5633
70,orchid,seal,keyboard,leopard,Q3,0.767675,0.538462,random,10,0.3667,1.2651
70,orchid,seal,keyboard,leopard,Q3,0.767675,0.538462,centroid,11,0.82,0.3313
70,orchid,seal,keyboard,leopard,Q3,0.767675,0.538462,exemplar_knn_k3,11,0.8133,1.1016
70,orchid,seal,keyboard,leopard,Q3,0.767675,0.538462,logreg,11,0.86,0.6137
70,orchid,seal,keyboard,leopard,Q3,0.767675,0.538462,random,11,0.3133,1.1146
70,orchid,seal,keyboard,leopard,Q3,0.767675,0.538462,centroid,12,0.9333,0.2969
70,orchid,seal,keyboard,leopard,Q3,0.767675,0.538462,exemplar_knn_k3,12,0.9067,0.9868
70,orchid,seal,keyboard,leopard,Q3,0.767675,0.538462,logreg,12,0.9133,0.5754
70,orchid,seal,keyboard,leopard,Q3,0.767675,0.538462,random,12,0.3267,1.1256
70,orchid,seal,keyboard,leopard,Q3,0.767675,0.538462,centroid,13,0.8933,0.2611
70,orchid,seal,keyboard,leopard,Q3,0.767675,0.538462,exemplar_knn_k3,13,0.8733,0.9514
70,orchid,seal,keyboard,leopard,Q3,0.767675,0.538462,logreg,13,0.9267,0.5125
70,orchid,seal,keyboard,leopard,Q3,0.767675,0.538462,random,13,0.34,1.2974
70,orchid,seal,keyboard,leopard,Q3,0.767675,0.538462,centroid,14,0.9533,0.271
70,orchid,seal,keyboard,leopard,Q3,0.767675,0.538462,exemplar_knn_k3,14,0.96,0.9795
70,orchid,seal,keyboard,leopard,Q3,0.767675,0.538462,logreg,14,0.9733,0.5389
70,orchid,seal,keyboard,leopard,Q3,0.767675,0.538462,random,14,0.3533,1.0165
70,orchid,seal,keyboard,leopard,Q3,0.767675,0.538462,centroid,15,0.82,0.3973
70,orchid,seal,keyboard,leopard,Q3,0.767675,0.538462,exemplar_knn_k3,15,0.82,1.1726
70,orchid,seal,keyboard,leopard,Q3,0.767675,0.538462,logreg,15,0.8067,0.7443
70,orchid,seal,keyboard,leopard,Q3,0.767675,0.538462,random,15,0.36,1.2003
70,orchid,seal,keyboard,leopard,Q3,0.767675,0.538462,centroid,16,0.8267,0.3548
70,orchid,seal,keyboard,leopard,Q3,0.767675,0.538462,exemplar_knn_k3,16,0.8267,1.0578
70,orchid,seal,keyboard,leopard,Q3,0.767675,0.538462,logreg,16,0.8267,0.6634
70,orchid,seal,keyboard,leopard,Q3,0.767675,0.538462,random,16,0.3333,1.1001
70,orchid,seal,keyboard,leopard,Q3,0.767675,0.538462,centroid,17,0.8733,0.3597
70,orchid,seal,keyboard,leopard,Q3,0.767675,0.538462,exemplar_knn_k3,17,0.8733,1.1152
70,orchid,seal,keyboard,leopard,Q3,0.767675,0.538462,logreg,17,0.88,0.6935
70,orchid,seal,keyboard,leopard,Q3,0.767675,0.538462,random,17,0.3333,1.3674
70,orchid,seal,keyboard,leopard,Q3,0.767675,0.538462,centroid,18,0.9,0.3028
70,orchid,seal,keyboard,leopard,Q3,0.767675,0.538462,exemplar_knn_k3,18,0.92,1.083
70,orchid,seal,keyboard,leopard,Q3,0.767675,0.538462,logreg,18,0.9467,0.5736
70,orchid,seal,keyboard,leopard,Q3,0.767675,0.538462,random,18,0.3733,1.4093
70,orchid,seal,keyboard,leopard,Q3,0.767675,0.538462,centroid,19,0.9267,0.2858
70,orchid,seal,keyboard,leopard,Q3,0.767675,0.538462,exemplar_knn_k3,19,0.9267,0.9719
70,orchid,seal,keyboard,leopard,Q3,0.767675,0.538462,logreg,19,0.8933,0.5435
70,orchid,seal,keyboard,leopard,Q3,0.767675,0.538462,random,19,0.3333,1.303
70,orchid,seal,keyboard,leopard,Q3,0.767675,0.538462,centroid,20,0.8333,0.3287
70,orchid,seal,keyboard,leopard,Q3,0.767675,0.538462,exemplar_knn_k3,20,0.84,1.0217
70,orchid,seal,keyboard,leopard,Q3,0.767675,0.538462,logreg,20,0.8267,0.6298
70,orchid,seal,keyboard,leopard,Q3,0.767675,0.538462,random,20,0.4067,1.1838
70,orchid,seal,keyboard,leopard,Q3,0.767675,0.538462,centroid,21,0.9667,0.2876
70,orchid,seal,keyboard,leopard,Q3,0.767675,0.538462,exemplar_knn_k3,21,0.9333,1.0311
70,orchid,seal,keyboard,leopard,Q3,0.767675,0.538462,logreg,21,0.9667,0.5763
70,orchid,seal,keyboard,leopard,Q3,0.767675,0.538462,random,21,0.32,1.3118
70,orchid,seal,keyboard,leopard,Q3,0.767675,0.538462,centroid,22,0.82,0.3752
70,orchid,seal,keyboard,leopard,Q3,0.767675,0.538462,exemplar_knn_k3,22,0.8133,1.1949
70,orchid,seal,keyboard,leopard,Q3,0.767675,0.538462,logreg,22,0.82,0.7031
70,orchid,seal,keyboard,leopard,Q3,0.767675,0.538462,random,22,0.36,1.2222
70,orchid,seal,keyboard,leopard,Q3,0.767675,0.538462,centroid,23,0.8267,0.3298
70,orchid,seal,keyboard,leopard,Q3,0.767675,0.538462,exemplar_knn_k3,23,0.8267,1.1282
70,orchid,seal,keyboard,leopard,Q3,0.767675,0.538462,logreg,23,0.8267,0.6556
70,orchid,seal,keyboard,leopard,Q3,0.767675,0.538462,random,23,0.3133,1.2854
70,orchid,seal,keyboard,leopard,Q3,0.767675,0.538462,centroid,24,0.8267,0.3485
70,orchid,seal,keyboard,leopard,Q3,0.767675,0.538462,exemplar_knn_k3,24,0.8267,1.1401
70,orchid,seal,keyboard,leopard,Q3,0.767675,0.538462,logreg,24,0.82,0.6688
70,orchid,seal,keyboard,leopard,Q3,0.767675,0.538462,random,24,0.3867,1.2186
70,orchid,seal,keyboard,leopard,Q3,0.767675,0.538462,centroid,25,0.82,0.344
70,orchid,seal,keyboard,leopard,Q3,0.767675,0.538462,exemplar_knn_k3,25,0.82,1.0935
70,orchid,seal,keyboard,leopard,Q3,0.767675,0.538462,logreg,25,0.82,0.6554
70,orchid,seal,keyboard,leopard,Q3,0.767675,0.538462,random,25,0.36,1.1408
70,orchid,seal,keyboard,leopard,Q3,0.767675,0.538462,centroid,26,0.8667,0.342
70,orchid,seal,keyboard,leopard,Q3,0.767675,0.538462,exemplar_knn_k3,26,0.8533,1.1243
70,orchid,seal,keyboard,leopard,Q3,0.767675,0.538462,logreg,26,0.94,0.6289
70,orchid,seal,keyboard,leopard,Q3,0.767675,0.538462,random,26,0.32,1.3584
70,orchid,seal,keyboard,leopard,Q3,0.767675,0.538462,centroid,27,0.82,0.3043
70,orchid,seal,keyboard,leopard,Q3,0.767675,0.538462,exemplar_knn_k3,27,0.8267,0.9841
70,orchid,seal,keyboard,leopard,Q3,0.767675,0.538462,logreg,27,0.82,0.5945
70,orchid,seal,keyboard,leopard,Q3,0.767675,0.538462,random,27,0.38,1.1959
70,orchid,seal,keyboard,leopard,Q3,0.767675,0.538462,centroid,28,0.94,0.2245
70,orchid,seal,keyboard,leopard,Q3,0.767675,0.538462,exemplar_knn_k3,28,0.9,0.8279
70,orchid,seal,keyboard,leopard,Q3,0.767675,0.538462,logreg,28,0.96,0.46
70,orchid,seal,keyboard,leopard,Q3,0.767675,0.538462,random,28,0.3067,1.2759
70,orchid,seal,keyboard,leopard,Q3,0.767675,0.538462,centroid,29,0.8333,0.3319
70,orchid,seal,keyboard,leopard,Q3,0.767675,0.538462,exemplar_knn_k3,29,0.82,1.0999
70,orchid,seal,keyboard,leopard,Q3,0.767675,0.538462,logreg,29,0.86,0.6245
70,orchid,seal,keyboard,leopard,Q3,0.767675,0.538462,random,29,0.32,1.1996
71,orchid,shark,lobster,crab,Q3,0.803978,0.538462,centroid,0,0.6667,0.133
71,orchid,shark,lobster,crab,Q3,0.803978,0.538462,exemplar_knn_k3,0,0.6067,0.6859
71,orchid,shark,lobster,crab,Q3,0.803978,0.538462,logreg,0,0.68,0.3414
71,orchid,shark,lobster,crab,Q3,0.803978,0.538462,random,0,0.36,1.2113
71,orchid,shark,lobster,crab,Q3,0.803978,0.538462,centroid,1,0.5933,0.1247
71,orchid,shark,lobster,crab,Q3,0.803978,0.538462,exemplar_knn_k3,1,0.56,0.643
71,orchid,shark,lobster,crab,Q3,0.803978,0.538462,logreg,1,0.56,0.2808
71,orchid,shark,lobster,crab,Q3,0.803978,0.538462,random,1,0.4,1.1305
71,orchid,shark,lobster,crab,Q3,0.803978,0.538462,centroid,2,0.7,0.1359
71,orchid,shark,lobster,crab,Q3,0.803978,0.538462,exemplar_knn_k3,2,0.6733,0.7021
71,orchid,shark,lobster,crab,Q3,0.803978,0.538462,logreg,2,0.78,0.324
71,orchid,shark,lobster,crab,Q3,0.803978,0.538462,random,2,0.3933,1.2361
71,orchid,shark,lobster,crab,Q3,0.803978,0.538462,centroid,3,0.6933,0.0982
71,orchid,shark,lobster,crab,Q3,0.803978,0.538462,exemplar_knn_k3,3,0.6867,0.5905
71,orchid,shark,lobster,crab,Q3,0.803978,0.538462,logreg,3,0.68,0.239
71,orchid,shark,lobster,crab,Q3,0.803978,0.538462,random,3,0.2667,1.285
71,orchid,shark,lobster,crab,Q3,0.803978,0.538462,centroid,4,0.6467,0.1412
71,orchid,shark,lobster,crab,Q3,0.803978,0.538462,exemplar_knn_k3,4,0.6267,0.6989
71,orchid,shark,lobster,crab,Q3,0.803978,0.538462,logreg,4,0.6667,0.3123
71,orchid,shark,lobster,crab,Q3,0.803978,0.538462,random,4,0.3067,1.2343
71,orchid,shark,lobster,crab,Q3,0.803978,0.538462,centroid,5,0.5867,0.1338
71,orchid,shark,lobster,crab,Q3,0.803978,0.538462,exemplar_knn_k3,5,0.58,0.774
71,orchid,shark,lobster,crab,Q3,0.803978,0.538462,logreg,5,0.5867,0.3132
71,orchid,shark,lobster,crab,Q3,0.803978,0.538462,random,5,0.3467,1.295
71,orchid,shark,lobster,crab,Q3,0.803978,0.538462,centroid,6,0.68,0.1175
71,orchid,shark,lobster,crab,Q3,0.803978,0.538462,exemplar_knn_k3,6,0.6267,0.6658
71,orchid,shark,lobster,crab,Q3,0.803978,0.538462,logreg,6,0.68,0.2729
71,orchid,shark,lobster,crab,Q3,0.803978,0.538462,random,6,0.3667,0.988
71,orchid,shark,lobster,crab,Q3,0.803978,0.538462,centroid,7,0.6067,0.1673
71,orchid,shark,lobster,crab,Q3,0.803978,0.538462,exemplar_knn_k3,7,0.6,0.7983
71,orchid,shark,lobster,crab,Q3,0.803978,0.538462,logreg,7,0.6,0.36
71,orchid,shark,lobster,crab,Q3,0.803978,0.538462,random,7,0.3333,1.2546
71,orchid,shark,lobster,crab,Q3,0.803978,0.538462,centroid,8,0.6667,0.136
71,orchid,shark,lobster,crab,Q3,0.803978,0.538462,exemplar_knn_k3,8,0.6667,0.6187
71,orchid,shark,lobster,crab,Q3,0.803978,0.538462,logreg,8,0.6733,0.28
71,orchid,shark,lobster,crab,Q3,0.803978,0.538462,random,8,0.36,1.1391
71,orchid,shark,lobster,crab,Q3,0.803978,0.538462,centroid,9,0.6467,0.1166
71,orchid,shark,lobster,crab,Q3,0.803978,0.538462,exemplar_knn_k3,9,0.6,0.6408
71,orchid,shark,lobster,crab,Q3,0.803978,0.538462,logreg,9,0.64,0.251
71,orchid,shark,lobster,crab,Q3,0.803978,0.538462,random,9,0.3267,1.1877
71,orchid,shark,lobster,crab,Q3,0.803978,0.538462,centroid,10,0.6533,0.1213
71,orchid,shark,lobster,crab,Q3,0.803978,0.538462,exemplar_knn_k3,10,0.6133,0.6798
71,orchid,shark,lobster,crab,Q3,0.803978,0.538462,logreg,10,0.6667,0.2815
71,orchid,shark,lobster,crab,Q3,0.803978,0.538462,random,10,0.2867,1.2534
71,orchid,shark,lobster,crab,Q3,0.803978,0.538462,centroid,11,0.6933,0.1095
71,orchid,shark,lobster,crab,Q3,0.803978,0.538462,exemplar_knn_k3,11,0.6333,0.5225
71,orchid,shark,lobster,crab,Q3,0.803978,0.538462,logreg,11,0.7267,0.2611
71,orchid,shark,lobster,crab,Q3,0.803978,0.538462,random,11,0.3533,1.2043
71,orchid,shark,lobster,crab,Q3,0.803978,0.538462,centroid,12,0.6133,0.1249
71,orchid,shark,lobster,crab,Q3,0.803978,0.538462,exemplar_knn_k3,12,0.5867,0.6061
71,orchid,shark,lobster,crab,Q3,0.803978,0.538462,logreg,12,0.64,0.2764
71,orchid,shark,lobster,crab,Q3,0.803978,0.538462,random,12,0.28,1.2508
71,orchid,shark,lobster,crab,Q3,0.803978,0.538462,centroid,13,0.68,0.1172
71,orchid,shark,lobster,crab,Q3,0.803978,0.538462,exemplar_knn_k3,13,0.64,0.612
71,orchid,shark,lobster,crab,Q3,0.803978,0.538462,logreg,13,0.6867,0.2546
71,orchid,shark,lobster,crab,Q3,0.803978,0.538462,random,13,0.3867,1.2785
71,orchid,shark,lobster,crab,Q3,0.803978,0.538462,centroid,14,0.6467,0.1208
71,orchid,shark,lobster,crab,Q3,0.803978,0.538462,exemplar_knn_k3,14,0.6467,0.7001
71,orchid,shark,lobster,crab,Q3,0.803978,0.538462,logreg,14,0.6267,0.2857
71,orchid,shark,lobster,crab,Q3,0.803978,0.538462,random,14,0.3667,1.124
71,orchid,shark,lobster,crab,Q3,0.803978,0.538462,centroid,15,0.6133,0.167
71,orchid,shark,lobster,crab,Q3,0.803978,0.538462,exemplar_knn_k3,15,0.5733,0.8387
71,orchid,shark,lobster,crab,Q3,0.803978,0.538462,logreg,15,0.6667,0.3429
71,orchid,shark,lobster,crab,Q3,0.803978,0.538462,random,15,0.4067,1.1949
71,orchid,shark,lobster,crab,Q3,0.803978,0.538462,centroid,16,0.62,0.1261
71,orchid,shark,lobster,crab,Q3,0.803978,0.538462,exemplar_knn_k3,16,0.58,0.6305
71,orchid,shark,lobster,crab,Q3,0.803978,0.538462,logreg,16,0.6333,0.2787
71,orchid,shark,lobster,crab,Q3,0.803978,0.538462,random,16,0.3,1.2544
71,orchid,shark,lobster,crab,Q3,0.803978,0.538462,centroid,17,0.6,0.1236
71,orchid,shark,lobster,crab,Q3,0.803978,0.538462,exemplar_knn_k3,17,0.6067,0.538
71,orchid,shark,lobster,crab,Q3,0.803978,0.538462,logreg,17,0.6067,0.2601
71,orchid,shark,lobster,crab,Q3,0.803978,0.538462,random,17,0.32,1.2839
71,orchid,shark,lobster,crab,Q3,0.803978,0.538462,centroid,18,0.62,0.1007
71,orchid,shark,lobster,crab,Q3,0.803978,0.538462,exemplar_knn_k3,18,0.5667,0.4838
71,orchid,shark,lobster,crab,Q3,0.803978,0.538462,logreg,18,0.6133,0.2178
71,orchid,shark,lobster,crab,Q3,0.803978,0.538462,random,18,0.3267,1.3577
71,orchid,shark,lobster,crab,Q3,0.803978,0.538462,centroid,19,0.7,0.1213
71,orchid,shark,lobster,crab,Q3,0.803978,0.538462,exemplar_knn_k3,19,0.6333,0.6385
71,orchid,shark,lobster,crab,Q3,0.803978,0.538462,logreg,19,0.7267,0.2675
71,orchid,shark,lobster,crab,Q3,0.803978,0.538462,random,19,0.34,1.178
71,orchid,shark,lobster,crab,Q3,0.803978,0.538462,centroid,20,0.6733,0.1067
71,orchid,shark,lobster,crab,Q3,0.803978,0.538462,exemplar_knn_k3,20,0.6333,0.582
71,orchid,shark,lobster,crab,Q3,0.803978,0.538462,logreg,20,0.6867,0.2523
71,orchid,shark,lobster,crab,Q3,0.803978,0.538462,random,20,0.3467,1.2146
71,orchid,shark,lobster,crab,Q3,0.803978,0.538462,centroid,21,0.6733,0.1175
71,orchid,shark,lobster,crab,Q3,0.803978,0.538462,exemplar_knn_k3,21,0.6133,0.6352
71,orchid,shark,lobster,crab,Q3,0.803978,0.538462,logreg,21,0.74,0.2679
71,orchid,shark,lobster,crab,Q3,0.803978,0.538462,random,21,0.3267,1.3725
71,orchid,shark,lobster,crab,Q3,0.803978,0.538462,centroid,22,0.6467,0.1477
71,orchid,shark,lobster,crab,Q3,0.803978,0.538462,exemplar_knn_k3,22,0.6533,0.7237
71,orchid,shark,lobster,crab,Q3,0.803978,0.538462,logreg,22,0.6533,0.3362
71,orchid,shark,lobster,crab,Q3,0.803978,0.538462,random,22,0.4067,1.3075
71,orchid,shark,lobster,crab,Q3,0.803978,0.538462,centroid,23,0.5667,0.1532
71,orchid,shark,lobster,crab,Q3,0.803978,0.538462,exemplar_knn_k3,23,0.56,0.8261
71,orchid,shark,lobster,crab,Q3,0.803978,0.538462,logreg,23,0.5933,0.351
71,orchid,shark,lobster,crab,Q3,0.803978,0.538462,random,23,0.4533,1.3189
71,orchid,shark,lobster,crab,Q3,0.803978,0.538462,centroid,24,0.5933,0.1443
71,orchid,shark,lobster,crab,Q3,0.803978,0.538462,exemplar_knn_k3,24,0.62,0.7732
71,orchid,shark,lobster,crab,Q3,0.803978,0.538462,logreg,24,0.5933,0.3237
71,orchid,shark,lobster,crab,Q3,0.803978,0.538462,random,24,0.32,1.024
71,orchid,shark,lobster,crab,Q3,0.803978,0.538462,centroid,25,0.54,0.1151
71,orchid,shark,lobster,crab,Q3,0.803978,0.538462,exemplar_knn_k3,25,0.5667,0.5826
71,orchid,shark,lobster,crab,Q3,0.803978,0.538462,logreg,25,0.5533,0.2571
71,orchid,shark,lobster,crab,Q3,0.803978,0.538462,random,25,0.2933,1.177
71,orchid,shark,lobster,crab,Q3,0.803978,0.538462,centroid,26,0.7067,0.1133
71,orchid,shark,lobster,crab,Q3,0.803978,0.538462,exemplar_knn_k3,26,0.6467,0.536
71,orchid,shark,lobster,crab,Q3,0.803978,0.538462,logreg,26,0.7467,0.2555
71,orchid,shark,lobster,crab,Q3,0.803978,0.538462,random,26,0.3333,1.254
71,orchid,shark,lobster,crab,Q3,0.803978,0.538462,centroid,27,0.6067,0.1545
71,orchid,shark,lobster,crab,Q3,0.803978,0.538462,exemplar_knn_k3,27,0.6333,0.7303
71,orchid,shark,lobster,crab,Q3,0.803978,0.538462,logreg,27,0.6067,0.3401
71,orchid,shark,lobster,crab,Q3,0.803978,0.538462,random,27,0.32,1.3021
71,orchid,shark,lobster,crab,Q3,0.803978,0.538462,centroid,28,0.7,0.1612
71,orchid,shark,lobster,crab,Q3,0.803978,0.538462,exemplar_knn_k3,28,0.6733,0.9044
71,orchid,shark,lobster,crab,Q3,0.803978,0.538462,logreg,28,0.68,0.3895
71,orchid,shark,lobster,crab,Q3,0.803978,0.538462,random,28,0.3333,1.2923
71,orchid,shark,lobster,crab,Q3,0.803978,0.538462,centroid,29,0.66,0.1055
71,orchid,shark,lobster,crab,Q3,0.803978,0.538462,exemplar_knn_k3,29,0.6333,0.5782
71,orchid,shark,lobster,crab,Q3,0.803978,0.538462,logreg,29,0.7267,0.244
71,orchid,shark,lobster,crab,Q3,0.803978,0.538462,random,29,0.3,1.3224
72,orchid,whale,table,telephone,Q3,0.836087,0.428571,centroid,0,0.82,0.2823
72,orchid,whale,table,telephone,Q3,0.836087,0.428571,exemplar_knn_k3,0,0.8533,0.9741
72,orchid,whale,table,telephone,Q3,0.836087,0.428571,logreg,0,0.82,0.5602
72,orchid,whale,table,telephone,Q3,0.836087,0.428571,random,0,0.34,1.3381
72,orchid,whale,table,telephone,Q3,0.836087,0.428571,centroid,1,0.8733,0.2947
72,orchid,whale,table,telephone,Q3,0.836087,0.428571,exemplar_knn_k3,1,0.8933,0.9308
72,orchid,whale,table,telephone,Q3,0.836087,0.428571,logreg,1,0.8467,0.5879
72,orchid,whale,table,telephone,Q3,0.836087,0.428571,random,1,0.36,1.3271
72,orchid,whale,table,telephone,Q3,0.836087,0.428571,centroid,2,0.8533,0.2948
72,orchid,whale,table,telephone,Q3,0.836087,0.428571,exemplar_knn_k3,2,0.84,0.953
72,orchid,whale,table,telephone,Q3,0.836087,0.428571,logreg,2,0.8933,0.5719
72,orchid,whale,table,telephone,Q3,0.836087,0.428571,random,2,0.2933,1.1744
72,orchid,whale,table,telephone,Q3,0.836087,0.428571,centroid,3,0.86,0.2857
72,orchid,whale,table,telephone,Q3,0.836087,0.428571,exemplar_knn_k3,3,0.8467,1.0359
72,orchid,whale,table,telephone,Q3,0.836087,0.428571,logreg,3,0.82,0.5891
72,orchid,whale,table,telephone,Q3,0.836087,0.428571,random,3,0.2533,1.2471
72,orchid,whale,table,telephone,Q3,0.836087,0.428571,centroid,4,0.82,0.3292
72,orchid,whale,table,telephone,Q3,0.836087,0.428571,exemplar_knn_k3,4,0.8133,1.0755
72,orchid,whale,table,telephone,Q3,0.836087,0.428571,logreg,4,0.82,0.6272
72,orchid,whale,table,telephone,Q3,0.836087,0.428571,random,4,0.3267,1.124
72,orchid,whale,table,telephone,Q3,0.836087,0.428571,centroid,5,0.8067,0.3351
72,orchid,whale,table,telephone,Q3,0.836087,0.428571,exemplar_knn_k3,5,0.8,1.0585
72,orchid,whale,table,telephone,Q3,0.836087,0.428571,logreg,5,0.8067,0.6282
72,orchid,whale,table,telephone,Q3,0.836087,0.428571,random,5,0.38,1.2592
72,orchid,whale,table,telephone,Q3,0.836087,0.428571,centroid,6,0.8933,0.2767
72,orchid,whale,table,telephone,Q3,0.836087,0.428571,exemplar_knn_k3,6,0.88,0.9755
72,orchid,whale,table,telephone,Q3,0.836087,0.428571,logreg,6,0.8133,0.568
72,orchid,whale,table,telephone,Q3,0.836087,0.428571,random,6,0.3267,1.2
72,orchid,whale,table,telephone,Q3,0.836087,0.428571,centroid,7,0.82,0.3047
72,orchid,whale,table,telephone,Q3,0.836087,0.428571,exemplar_knn_k3,7,0.82,1.0158
72,orchid,whale,table,telephone,Q3,0.836087,0.428571,logreg,7,0.8667,0.5785
72,orchid,whale,table,telephone,Q3,0.836087,0.428571,random,7,0.3533,1.3055
72,orchid,whale,table,telephone,Q3,0.836087,0.428571,centroid,8,0.8133,0.3191
72,orchid,whale,table,telephone,Q3,0.836087,0.428571,exemplar_knn_k3,8,0.8267,1.053
72,orchid,whale,table,telephone,Q3,0.836087,0.428571,logreg,8,0.7933,0.6246
72,orchid,whale,table,telephone,Q3,0.836087,0.428571,random,8,0.28,1.194
72,orchid,whale,table,telephone,Q3,0.836087,0.428571,centroid,9,0.92,0.3049
72,orchid,whale,table,telephone,Q3,0.836087,0.428571,exemplar_knn_k3,9,0.9133,1.0341
72,orchid,whale,table,telephone,Q3,0.836087,0.428571,logreg,9,0.8133,0.6276
72,orchid,whale,table,telephone,Q3,0.836087,0.428571,random,9,0.3267,1.2765
72,orchid,whale,table,telephone,Q3,0.836087,0.428571,centroid,10,0.8733,0.3266
72,orchid,whale,table,telephone,Q3,0.836087,0.428571,exemplar_knn_k3,10,0.8867,1.0938
72,orchid,whale,table,telephone,Q3,0.836087,0.428571,logreg,10,0.7867,0.6559
72,orchid,whale,table,telephone,Q3,0.836087,0.428571,random,10,0.3733,1.4695
72,orchid,whale,table,telephone,Q3,0.836087,0.428571,centroid,11,0.8067,0.3018
72,orchid,whale,table,telephone,Q3,0.836087,0.428571,exemplar_knn_k3,11,0.8,1.0339
72,orchid,whale,table,telephone,Q3,0.836087,0.428571,logreg,11,0.9533,0.5565
72,orchid,whale,table,telephone,Q3,0.836087,0.428571,random,11,0.3267,1.0702
72,orchid,whale,table,telephone,Q3,0.836087,0.428571,centroid,12,0.82,0.2991
72,orchid,whale,table,telephone,Q3,0.836087,0.428571,exemplar_knn_k3,12,0.8333,1.1003
72,orchid,whale,table,telephone,Q3,0.836087,0.428571,logreg,12,0.7933,0.6276
72,orchid,whale,table,telephone,Q3,0.836087,0.428571,random,12,0.3533,1.1767
72,orchid,whale,table,telephone,Q3,0.836087,0.428571,centroid,13,0.88,0.2706
72,orchid,whale,table,telephone,Q3,0.836087,0.428571,exemplar_knn_k3,13,0.84,0.957
72,orchid,whale,table,telephone,Q3,0.836087,0.428571,logreg,13,0.8133,0.5471
72,orchid,whale,table,telephone,Q3,0.836087,0.428571,random,13,0.3267,1.2074
72,orchid,whale,table,telephone,Q3,0.836087,0.428571,centroid,14,0.8667,0.2689
72,orchid,whale,table,telephone,Q3,0.836087,0.428571,exemplar_knn_k3,14,0.8933,0.9705
72,orchid,whale,table,telephone,Q3,0.836087,0.428571,logreg,14,0.8867,0.53
72,orchid,whale,table,telephone,Q3,0.836087,0.428571,random,14,0.3533,1.1981
72,orchid,whale,table,telephone,Q3,0.836087,0.428571,centroid,15,0.82,0.3606
72,orchid,whale,table,telephone,Q3,0.836087,0.428571,exemplar_knn_k3,15,0.8,1.1576
72,orchid,whale,table,telephone,Q3,0.836087,0.428571,logreg,15,0.82,0.6748
72,orchid,whale,table,telephone,Q3,0.836087,0.428571,random,15,0.36,1.1598
72,orchid,whale,table,telephone,Q3,0.836087,0.428571,centroid,16,0.8267,0.3178
72,orchid,whale,table,telephone,Q3,0.836087,0.428571,exemplar_knn_k3,16,0.8267,1.0392
72,orchid,whale,table,telephone,Q3,0.836087,0.428571,logreg,16,0.8267,0.604
72,orchid,whale,table,telephone,Q3,0.836087,0.428571,random,16,0.2867,1.0746
72,orchid,whale,table,telephone,Q3,0.836087,0.428571,centroid,17,0.82,0.3105
72,orchid,whale,table,telephone,Q3,0.836087,0.428571,exemplar_knn_k3,17,0.82,0.9811
72,orchid,whale,table,telephone,Q3,0.836087,0.428571,logreg,17,0.82,0.5854
72,orchid,whale,table,telephone,Q3,0.836087,0.428571,random,17,0.28,1.2107
72,orchid,whale,table,telephone,Q3,0.836087,0.428571,centroid,18,0.82,0.3108
72,orchid,whale,table,telephone,Q3,0.836087,0.428571,exemplar_knn_k3,18,0.82,0.9916
72,orchid,whale,table,telephone,Q3,0.836087,0.428571,logreg,18,0.7867,0.6512
72,orchid,whale,table,telephone,Q3,0.836087,0.428571,random,18,0.3133,1.2882
72,orchid,whale,table,telephone,Q3,0.836087,0.428571,centroid,19,0.9133,0.2699
72,orchid,whale,table,telephone,Q3,0.836087,0.428571,exemplar_knn_k3,19,0.9,0.988
72,orchid,whale,table,telephone,Q3,0.836087,0.428571,logreg,19,0.8667,0.5722
72,orchid,whale,table,telephone,Q3,0.836087,0.428571,random,19,0.3933,1.3329
72,orchid,whale,table,telephone,Q3,0.836087,0.428571,centroid,20,0.8067,0.2959
72,orchid,whale,table,telephone,Q3,0.836087,0.428571,exemplar_knn_k3,20,0.8,0.9895
72,orchid,whale,table,telephone,Q3,0.836087,0.428571,logreg,20,0.8067,0.5772
72,orchid,whale,table,telephone,Q3,0.836087,0.428571,random,20,0.3067,1.1917
72,orchid,whale,table,telephone,Q3,0.836087,0.428571,centroid,21,0.9067,0.268
72,orchid,whale,table,telephone,Q3,0.836087,0.428571,exemplar_knn_k3,21,0.8733,0.9001
72,orchid,whale,table,telephone,Q3,0.836087,0.428571,logreg,21,0.8267,0.5414
72,orchid,whale,table,telephone,Q3,0.836087,0.428571,random,21,0.3667,1.2781
72,orchid,whale,table,telephone,Q3,0.836087,0.428571,centroid,22,0.8267,0.2977
72,orchid,whale,table,telephone,Q3,0.836087,0.428571,exemplar_knn_k3,22,0.8267,0.9683
72,orchid,whale,table,telephone,Q3,0.836087,0.428571,logreg,22,0.8267,0.5957
72,orchid,whale,table,telephone,Q3,0.836087,0.428571,random,22,0.32,1.27
72,orchid,whale,table,telephone,Q3,0.836087,0.428571,centroid,23,0.84,0.2806
72,orchid,whale,table,telephone,Q3,0.836087,0.428571,exemplar_knn_k3,23,0.8467,0.9684
72,orchid,whale,table,telephone,Q3,0.836087,0.428571,logreg,23,0.8,0.5384
72,orchid,whale,table,telephone,Q3,0.836087,0.428571,random,23,0.3267,1.0713
72,orchid,whale,table,telephone,Q3,0.836087,0.428571,centroid,24,0.8067,0.3052
72,orchid,whale,table,telephone,Q3,0.836087,0.428571,exemplar_knn_k3,24,0.82,0.9971
72,orchid,whale,table,telephone,Q3,0.836087,0.428571,logreg,24,0.8067,0.592
72,orchid,whale,table,telephone,Q3,0.836087,0.428571,random,24,0.3533,1.1654
72,orchid,whale,table,telephone,Q3,0.836087,0.428571,centroid,25,0.82,0.3262
72,orchid,whale,table,telephone,Q3,0.836087,0.428571,exemplar_knn_k3,25,0.8267,1.129
72,orchid,whale,table,telephone,Q3,0.836087,0.428571,logreg,25,0.8333,0.6128
72,orchid,whale,table,telephone,Q3,0.836087,0.428571,random,25,0.3467,1.1185
72,orchid,whale,table,telephone,Q3,0.836087,0.428571,centroid,26,0.8133,0.2851
72,orchid,whale,table,telephone,Q3,0.836087,0.428571,exemplar_knn_k3,26,0.7867,0.9345
72,orchid,whale,table,telephone,Q3,0.836087,0.428571,logreg,26,0.8733,0.5221
72,orchid,whale,table,telephone,Q3,0.836087,0.428571,random,26,0.3533,1.3309
72,orchid,whale,table,telephone,Q3,0.836087,0.428571,centroid,27,0.8333,0.2704
72,orchid,whale,table,telephone,Q3,0.836087,0.428571,exemplar_knn_k3,27,0.82,0.8764
72,orchid,whale,table,telephone,Q3,0.836087,0.428571,logreg,27,0.8267,0.5229
72,orchid,whale,table,telephone,Q3,0.836087,0.428571,random,27,0.44,1.2157
72,orchid,whale,table,telephone,Q3,0.836087,0.428571,centroid,28,0.8933,0.3097
72,orchid,whale,table,telephone,Q3,0.836087,0.428571,exemplar_knn_k3,28,0.8933,1.0655
72,orchid,whale,table,telephone,Q3,0.836087,0.428571,logreg,28,0.7867,0.6529
72,orchid,whale,table,telephone,Q3,0.836087,0.428571,random,28,0.3333,1.2045
72,orchid,whale,table,telephone,Q3,0.836087,0.428571,centroid,29,0.8267,0.2891
72,orchid,whale,table,telephone,Q3,0.836087,0.428571,exemplar_knn_k3,29,0.8,0.9936
72,orchid,whale,table,telephone,Q3,0.836087,0.428571,logreg,29,0.8667,0.5724
72,orchid,whale,table,telephone,Q3,0.836087,0.428571,random,29,0.32,1.2098
73,pear,road,man,couch,Q3,0.790498,0.555556,centroid,0,0.8067,0.2657
73,pear,road,man,couch,Q3,0.790498,0.555556,exemplar_knn_k3,0,0.8067,0.9645
73,pear,road,man,couch,Q3,0.790498,0.555556,logreg,0,0.8,0.5424
73,pear,road,man,couch,Q3,0.790498,0.555556,random,0,0.36,1.3142
73,pear,road,man,couch,Q3,0.790498,0.555556,centroid,1,0.8533,0.2345
73,pear,road,man,couch,Q3,0.790498,0.555556,exemplar_knn_k3,1,0.8733,0.9346
73,pear,road,man,couch,Q3,0.790498,0.555556,logreg,1,0.7933,0.5066
73,pear,road,man,couch,Q3,0.790498,0.555556,random,1,0.3467,1.2489
73,pear,road,man,couch,Q3,0.790498,0.555556,centroid,2,0.8067,0.2421
73,pear,road,man,couch,Q3,0.790498,0.555556,exemplar_knn_k3,2,0.8533,0.9145
73,pear,road,man,couch,Q3,0.790498,0.555556,logreg,2,0.8467,0.4677
73,pear,road,man,couch,Q3,0.790498,0.555556,random,2,0.3533,1.3046
73,pear,road,man,couch,Q3,0.790498,0.555556,centroid,3,0.8067,0.2642
73,pear,road,man,couch,Q3,0.790498,0.555556,exemplar_knn_k3,3,0.8333,0.997
73,pear,road,man,couch,Q3,0.790498,0.555556,logreg,3,0.78,0.5694
73,pear,road,man,couch,Q3,0.790498,0.555556,random,3,0.36,1.1692
73,pear,road,man,couch,Q3,0.790498,0.555556,centroid,4,0.8333,0.2768
73,pear,road,man,couch,Q3,0.790498,0.555556,exemplar_knn_k3,4,0.8667,0.9789
73,pear,road,man,couch,Q3,0.790498,0.555556,logreg,4,0.8533,0.546
73,pear,road,man,couch,Q3,0.790498,0.555556,random,4,0.3267,1.1122
73,pear,road,man,couch,Q3,0.790498,0.555556,centroid,5,0.8,0.2777
73,pear,road,man,couch,Q3,0.790498,0.555556,exemplar_knn_k3,5,0.7933,1.0098
73,pear,road,man,couch,Q3,0.790498,0.555556,logreg,5,0.8,0.5546
73,pear,road,man,couch,Q3,0.790498,0.555556,random,5,0.3133,1.2873
73,pear,road,man,couch,Q3,0.790498,0.555556,centroid,6,0.8333,0.2921
73,pear,road,man,couch,Q3,0.790498,0.555556,exemplar_knn_k3,6,0.8267,1.113
73,pear,road,man,couch,Q3,0.790498,0.555556,logreg,6,0.8067,0.5997
73,pear,road,man,couch,Q3,0.790498,0.555556,random,6,0.34,1.1059
73,pear,road,man,couch,Q3,0.790498,0.555556,centroid,7,0.82,0.2635
73,pear,road,man,couch,Q3,0.790498,0.555556,exemplar_knn_k3,7,0.8067,0.8792
73,pear,road,man,couch,Q3,0.790498,0.555556,logreg,7,0.8267,0.5359
73,pear,road,man,couch,Q3,0.790498,0.555556,random,7,0.3133,1.1134
73,pear,road,man,couch,Q3,0.790498,0.555556,centroid,8,0.8067,0.2627
73,pear,road,man,couch,Q3,0.790498,0.555556,exemplar_knn_k3,8,0.8,0.9362
73,pear,road,man,couch,Q3,0.790498,0.555556,logreg,8,0.8133,0.5276
73,pear,road,man,couch,Q3,0.790498,0.555556,random,8,0.32,1.0419
73,pear,road,man,couch,Q3,0.790498,0.555556,centroid,9,0.8267,0.232
73,pear,road,man,couch,Q3,0.790498,0.555556,exemplar_knn_k3,9,0.82,0.9041
73,pear,road,man,couch,Q3,0.790498,0.555556,logreg,9,0.8,0.4996
73,pear,road,man,couch,Q3,0.790498,0.555556,random,9,0.2933,1.1312
73,pear,road,man,couch,Q3,0.790498,0.555556,centroid,10,0.84,0.2715
73,pear,road,man,couch,Q3,0.790498,0.555556,exemplar_knn_k3,10,0.86,1.0657
73,pear,road,man,couch,Q3,0.790498,0.555556,logreg,10,0.8133,0.5758
73,pear,road,man,couch,Q3,0.790498,0.555556,random,10,0.28,1.3052
73,pear,road,man,couch,Q3,0.790498,0.555556,centroid,11,0.8267,0.2223
73,pear,road,man,couch,Q3,0.790498,0.555556,exemplar_knn_k3,11,0.74,0.8413
73,pear,road,man,couch,Q3,0.790498,0.555556,logreg,11,0.84,0.4721
73,pear,road,man,couch,Q3,0.790498,0.555556,random,11,0.3267,1.1937
73,pear,road,man,couch,Q3,0.790498,0.555556,centroid,12,0.8067,0.2835
73,pear,road,man,couch,Q3,0.790498,0.555556,exemplar_knn_k3,12,0.8267,1.024
73,pear,road,man,couch,Q3,0.790498,0.555556,logreg,12,0.8067,0.5573
73,pear,road,man,couch,Q3,0.790498,0.555556,random,12,0.3533,1.2724
73,pear,road,man,couch,Q3,0.790498,0.555556,centroid,13,0.86,0.2709
73,pear,road,man,couch,Q3,0.790498,0.555556,exemplar_knn_k3,13,0.8533,1.0377
73,pear,road,man,couch,Q3,0.790498,0.555556,logreg,13,0.7933,0.5763
73,pear,road,man,couch,Q3,0.790498,0.555556,random,13,0.34,1.1517
73,pear,road,man,couch,Q3,0.790498,0.555556,centroid,14,0.88,0.2809
73,pear,road,man,couch,Q3,0.790498,0.555556,exemplar_knn_k3,14,0.8667,1.0905
73,pear,road,man,couch,Q3,0.790498,0.555556,logreg,14,0.7867,0.5883
73,pear,road,man,couch,Q3,0.790498,0.555556,random,14,0.3467,1.3318
73,pear,road,man,couch,Q3,0.790498,0.555556,centroid,15,0.7733,0.2619
73,pear,road,man,couch,Q3,0.790498,0.555556,exemplar_knn_k3,15,0.7533,0.9705
73,pear,road,man,couch,Q3,0.790498,0.555556,logreg,15,0.8,0.5367
73,pear,road,man,couch,Q3,0.790498,0.555556,random,15,0.32,1.3152
73,pear,road,man,couch,Q3,0.790498,0.555556,centroid,16,0.8067,0.2421
73,pear,road,man,couch,Q3,0.790498,0.555556,exemplar_knn_k3,16,0.7933,0.939
73,pear,road,man,couch,Q3,0.790498,0.555556,logreg,16,0.8067,0.4819
73,pear,road,man,couch,Q3,0.790498,0.555556,random,16,0.4067,1.2768
73,pear,road,man,couch,Q3,0.790498,0.555556,centroid,17,0.8467,0.2564
73,pear,road,man,couch,Q3,0.790498,0.555556,exemplar_knn_k3,17,0.8267,0.9301
73,pear,road,man,couch,Q3,0.790498,0.555556,logreg,17,0.9333,0.5075
73,pear,road,man,couch,Q3,0.790498,0.555556,random,17,0.4067,1.23
73,pear,road,man,couch,Q3,0.790498,0.555556,centroid,18,0.8467,0.3019
73,pear,road,man,couch,Q3,0.790498,0.555556,exemplar_knn_k3,18,0.8333,1.0587
73,pear,road,man,couch,Q3,0.790498,0.555556,logreg,18,0.8,0.6222
73,pear,road,man,couch,Q3,0.790498,0.555556,random,18,0.4133,1.288
73,pear,road,man,couch,Q3,0.790498,0.555556,centroid,19,0.8533,0.2506
73,pear,road,man,couch,Q3,0.790498,0.555556,exemplar_knn_k3,19,0.8667,0.9881
73,pear,road,man,couch,Q3,0.790498,0.555556,logreg,19,0.82,0.5303
73,pear,road,man,couch,Q3,0.790498,0.555556,random,19,0.36,1.3456
73,pear,road,man,couch,Q3,0.790498,0.555556,centroid,20,0.8133,0.2736
73,pear,road,man,couch,Q3,0.790498,0.555556,exemplar_knn_k3,20,0.8133,0.9837
73,pear,road,man,couch,Q3,0.790498,0.555556,logreg,20,0.8,0.5435
73,pear,road,man,couch,Q3,0.790498,0.555556,random,20,0.34,1.2903
73,pear,road,man,couch,Q3,0.790498,0.555556,centroid,21,0.88,0.2662
73,pear,road,man,couch,Q3,0.790498,0.555556,exemplar_knn_k3,21,0.8867,0.9274
73,pear,road,man,couch,Q3,0.790498,0.555556,logreg,21,0.8,0.5501
73,pear,road,man,couch,Q3,0.790498,0.555556,random,21,0.36,1.2178
73,pear,road,man,couch,Q3,0.790498,0.555556,centroid,22,0.8067,0.2685
73,pear,road,man,couch,Q3,0.790498,0.555556,exemplar_knn_k3,22,0.8,0.9814
73,pear,road,man,couch,Q3,0.790498,0.555556,logreg,22,0.7933,0.5522
73,pear,road,man,couch,Q3,0.790498,0.555556,random,22,0.34,1.2264
73,pear,road,man,couch,Q3,0.790498,0.555556,centroid,23,0.8067,0.2675
73,pear,road,man,couch,Q3,0.790498,0.555556,exemplar_knn_k3,23,0.8,0.9614
73,pear,road,man,couch,Q3,0.790498,0.555556,logreg,23,0.8,0.551
73,pear,road,man,couch,Q3,0.790498,0.555556,random,23,0.3267,1.3342
73,pear,road,man,couch,Q3,0.790498,0.555556,centroid,24,0.7933,0.2664
73,pear,road,man,couch,Q3,0.790498,0.555556,exemplar_knn_k3,24,0.7933,0.9651
73,pear,road,man,couch,Q3,0.790498,0.555556,logreg,24,0.78,0.5479
73,pear,road,man,couch,Q3,0.790498,0.555556,random,24,0.3267,1.2601
73,pear,road,man,couch,Q3,0.790498,0.555556,centroid,25,0.82,0.2607
73,pear,road,man,couch,Q3,0.790498,0.555556,exemplar_knn_k3,25,0.8133,0.9723
73,pear,road,man,couch,Q3,0.790498,0.555556,logreg,25,0.8133,0.5333
73,pear,road,man,couch,Q3,0.790498,0.555556,random,25,0.38,1.3202
73,pear,road,man,couch,Q3,0.790498,0.555556,centroid,26,0.8067,0.2957
73,pear,road,man,couch,Q3,0.790498,0.555556,exemplar_knn_k3,26,0.8267,1.0129
73,pear,road,man,couch,Q3,0.790498,0.555556,logreg,26,0.8067,0.5913
73,pear,road,man,couch,Q3,0.790498,0.555556,random,26,0.3,1.249
73,pear,road,man,couch,Q3,0.790498,0.555556,centroid,27,0.8333,0.3008
73,pear,road,man,couch,Q3,0.790498,0.555556,exemplar_knn_k3,27,0.84,1.017
73,pear,road,man,couch,Q3,0.790498,0.555556,logreg,27,0.8267,0.6093
73,pear,road,man,couch,Q3,0.790498,0.555556,random,27,0.34,1.2243
73,pear,road,man,couch,Q3,0.790498,0.555556,centroid,28,0.8267,0.2186
73,pear,road,man,couch,Q3,0.790498,0.555556,exemplar_knn_k3,28,0.82,0.8864
73,pear,road,man,couch,Q3,0.790498,0.555556,logreg,28,0.8133,0.4653
73,pear,road,man,couch,Q3,0.790498,0.555556,random,28,0.32,1.3822
73,pear,road,man,couch,Q3,0.790498,0.555556,centroid,29,0.8067,0.2802
73,pear,road,man,couch,Q3,0.790498,0.555556,exemplar_knn_k3,29,0.8,1.0293
73,pear,road,man,couch,Q3,0.790498,0.555556,logreg,29,0.8,0.5637
73,pear,road,man,couch,Q3,0.790498,0.555556,random,29,0.3467,1.3062
74,plate,road,lizard,turtle,Q3,0.824232,0.411765,centroid,0,0.7867,0.2005
74,plate,road,lizard,turtle,Q3,0.824232,0.411765,exemplar_knn_k3,0,0.7933,0.8407
74,plate,road,lizard,turtle,Q3,0.824232,0.411765,logreg,0,0.7867,0.426
74,plate,road,lizard,turtle,Q3,0.824232,0.411765,random,0,0.3333,1.363
74,plate,road,lizard,turtle,Q3,0.824232,0.411765,centroid,1,0.7467,0.2157
74,plate,road,lizard,turtle,Q3,0.824232,0.411765,exemplar_knn_k3,1,0.7867,0.8528
74,plate,road,lizard,turtle,Q3,0.824232,0.411765,logreg,1,0.74,0.4596
74,plate,road,lizard,turtle,Q3,0.824232,0.411765,random,1,0.3333,1.2531
74,plate,road,lizard,turtle,Q3,0.824232,0.411765,centroid,2,0.74,0.1734
74,plate,road,lizard,turtle,Q3,0.824232,0.411765,exemplar_knn_k3,2,0.7733,0.7343
74,plate,road,lizard,turtle,Q3,0.824232,0.411765,logreg,2,0.74,0.3662
74,plate,road,lizard,turtle,Q3,0.824232,0.411765,random,2,0.3,1.2063
74,plate,road,lizard,turtle,Q3,0.824232,0.411765,centroid,3,0.7933,0.2157
74,plate,road,lizard,turtle,Q3,0.824232,0.411765,exemplar_knn_k3,3,0.78,0.934
74,plate,road,lizard,turtle,Q3,0.824232,0.411765,logreg,3,0.76,0.4521
74,plate,road,lizard,turtle,Q3,0.824232,0.411765,random,3,0.3067,1.1992
74,plate,road,lizard,turtle,Q3,0.824232,0.411765,centroid,4,0.7733,0.1877
74,plate,road,lizard,turtle,Q3,0.824232,0.411765,exemplar_knn_k3,4,0.7333,0.8011
74,plate,road,lizard,turtle,Q3,0.824232,0.411765,logreg,4,0.7733,0.4163
74,plate,road,lizard,turtle,Q3,0.824232,0.411765,random,4,0.3467,0.9441
74,plate,road,lizard,turtle,Q3,0.824232,0.411765,centroid,5,0.7867,0.2566
74,plate,road,lizard,turtle,Q3,0.824232,0.411765,exemplar_knn_k3,5,0.7933,0.8985
74,plate,road,lizard,turtle,Q3,0.824232,0.411765,logreg,5,0.7933,0.5268
74,plate,road,lizard,turtle,Q3,0.824232,0.411765,random,5,0.3,1.2703
74,plate,road,lizard,turtle,Q3,0.824232,0.411765,centroid,6,0.7933,0.2578
74,plate,road,lizard,turtle,Q3,0.824232,0.411765,exemplar_knn_k3,6,0.8,1.0586
74,plate,road,lizard,turtle,Q3,0.824232,0.411765,logreg,6,0.78,0.5515
74,plate,road,lizard,turtle,Q3,0.824232,0.411765,random,6,0.3533,1.367
74,plate,road,lizard,turtle,Q3,0.824232,0.411765,centroid,7,0.86,0.2367
74,plate,road,lizard,turtle,Q3,0.824232,0.411765,exemplar_knn_k3,7,0.8667,0.9757
74,plate,road,lizard,turtle,Q3,0.824232,0.411765,logreg,7,0.8533,0.5038
74,plate,road,lizard,turtle,Q3,0.824232,0.411765,random,7,0.3733,1.1818
74,plate,road,lizard,turtle,Q3,0.824232,0.411765,centroid,8,0.7867,0.2009
74,plate,road,lizard,turtle,Q3,0.824232,0.411765,exemplar_knn_k3,8,0.78,0.8564
74,plate,road,lizard,turtle,Q3,0.824232,0.411765,logreg,8,0.7933,0.4302
74,plate,road,lizard,turtle,Q3,0.824232,0.411765,random,8,0.3933,1.1855
74,plate,road,lizard,turtle,Q3,0.824232,0.411765,centroid,9,0.78,0.2225
74,plate,road,lizard,turtle,Q3,0.824232,0.411765,exemplar_knn_k3,9,0.78,0.8909
74,plate,road,lizard,turtle,Q3,0.824232,0.411765,logreg,9,0.76,0.4876
74,plate,road,lizard,turtle,Q3,0.824232,0.411765,random,9,0.3133,1.3185
74,plate,road,lizard,turtle,Q3,0.824232,0.411765,centroid,10,0.76,0.2455
74,plate,road,lizard,turtle,Q3,0.824232,0.411765,exemplar_knn_k3,10,0.74,0.9784
74,plate,road,lizard,turtle,Q3,0.824232,0.411765,logreg,10,0.7667,0.5073
74,plate,road,lizard,turtle,Q3,0.824232,0.411765,random,10,0.3,1.1574
74,plate,road,lizard,turtle,Q3,0.824232,0.411765,centroid,11,0.8,0.2556
74,plate,road,lizard,turtle,Q3,0.824232,0.411765,exemplar_knn_k3,11,0.8133,0.9652
74,plate,road,lizard,turtle,Q3,0.824232,0.411765,logreg,11,0.78,0.5293
74,plate,road,lizard,turtle,Q3,0.824232,0.411765,random,11,0.3667,1.3076
74,plate,road,lizard,turtle,Q3,0.824232,0.411765,centroid,12,0.74,0.2704
74,plate,road,lizard,turtle,Q3,0.824232,0.411765,exemplar_knn_k3,12,0.7533,1.0252
74,plate,road,lizard,turtle,Q3,0.824232,0.411765,logreg,12,0.7067,0.5743
74,plate,road,lizard,turtle,Q3,0.824232,0.411765,random,12,0.3667,1.2558
74,plate,road,lizard,turtle,Q3,0.824232,0.411765,centroid,13,0.7667,0.1843
74,plate,road,lizard,turtle,Q3,0.824232,0.411765,exemplar_knn_k3,13,0.7467,0.8281
74,plate,road,lizard,turtle,Q3,0.824232,0.411765,logreg,13,0.7667,0.3884
74,plate,road,lizard,turtle,Q3,0.824232,0.411765,random,13,0.38,1.1884
74,plate,road,lizard,turtle,Q3,0.824232,0.411765,centroid,14,0.8267,0.2581
74,plate,road,lizard,turtle,Q3,0.824232,0.411765,exemplar_knn_k3,14,0.8267,0.9865
74,plate,road,lizard,turtle,Q3,0.824232,0.411765,logreg,14,0.8,0.4996
74,plate,road,lizard,turtle,Q3,0.824232,0.411765,random,14,0.3667,1.347
74,plate,road,lizard,turtle,Q3,0.824232,0.411765,centroid,15,0.7867,0.22
74,plate,road,lizard,turtle,Q3,0.824232,0.411765,exemplar_knn_k3,15,0.7733,0.8154
74,plate,road,lizard,turtle,Q3,0.824232,0.411765,logreg,15,0.7733,0.4312
74,plate,road,lizard,turtle,Q3,0.824232,0.411765,random,15,0.4,1.2594
74,plate,road,lizard,turtle,Q3,0.824232,0.411765,centroid,16,0.7867,0.2132
74,plate,road,lizard,turtle,Q3,0.824232,0.411765,exemplar_knn_k3,16,0.7667,0.8889
74,plate,road,lizard,turtle,Q3,0.824232,0.411765,logreg,16,0.7867,0.441
74,plate,road,lizard,turtle,Q3,0.824232,0.411765,random,16,0.34,1.2079
74,plate,road,lizard,turtle,Q3,0.824232,0.411765,centroid,17,0.7933,0.2366
74,plate,road,lizard,turtle,Q3,0.824232,0.411765,exemplar_knn_k3,17,0.7933,0.8635
74,plate,road,lizard,turtle,Q3,0.824232,0.411765,logreg,17,0.8133,0.4953
74,plate,road,lizard,turtle,Q3,0.824232,0.411765,random,17,0.38,1.3267
74,plate,road,lizard,turtle,Q3,0.824232,0.411765,centroid,18,0.7667,0.2168
74,plate,road,lizard,turtle,Q3,0.824232,0.411765,exemplar_knn_k3,18,0.7733,0.8789
74,plate,road,lizard,turtle,Q3,0.824232,0.411765,logreg,18,0.7733,0.4677
74,plate,road,lizard,turtle,Q3,0.824232,0.411765,random,18,0.4,1.1654
74,plate,road,lizard,turtle,Q3,0.824232,0.411765,centroid,19,0.7867,0.2016
74,plate,road,lizard,turtle,Q3,0.824232,0.411765,exemplar_knn_k3,19,0.78,0.9366
74,plate,road,lizard,turtle,Q3,0.824232,0.411765,logreg,19,0.78,0.4591
74,plate,road,lizard,turtle,Q3,0.824232,0.411765,random,19,0.4067,1.1553
74,plate,road,lizard,turtle,Q3,0.824232,0.411765,centroid,20,0.8067,0.1915
74,plate,road,lizard,turtle,Q3,0.824232,0.411765,exemplar_knn_k3,20,0.7867,0.7598
74,plate,road,lizard,turtle,Q3,0.824232,0.411765,logreg,20,0.82,0.4097
74,plate,road,lizard,turtle,Q3,0.824232,0.411765,random,20,0.3467,1.2948
74,plate,road,lizard,turtle,Q3,0.824232,0.411765,centroid,21,0.76,0.2102
74,plate,road,lizard,turtle,Q3,0.824232,0.411765,exemplar_knn_k3,21,0.7067,0.8693
74,plate,road,lizard,turtle,Q3,0.824232,0.411765,logreg,21,0.7467,0.4299
74,plate,road,lizard,turtle,Q3,0.824232,0.411765,random,21,0.28,1.4322
74,plate,road,lizard,turtle,Q3,0.824232,0.411765,centroid,22,0.78,0.2031
74,plate,road,lizard,turtle,Q3,0.824232,0.411765,exemplar_knn_k3,22,0.8067,0.901
74,plate,road,lizard,turtle,Q3,0.824232,0.411765,logreg,22,0.7467,0.4484
74,plate,road,lizard,turtle,Q3,0.824232,0.411765,random,22,0.2933,1.3305
74,plate,road,lizard,turtle,Q3,0.824232,0.411765,centroid,23,0.88,0.2361
74,plate,road,lizard,turtle,Q3,0.824232,0.411765,exemplar_knn_k3,23,0.86,0.8885
74,plate,road,lizard,turtle,Q3,0.824232,0.411765,logreg,23,0.8933,0.4825
74,plate,road,lizard,turtle,Q3,0.824232,0.411765,random,23,0.3533,1.2235
74,plate,road,lizard,turtle,Q3,0.824232,0.411765,centroid,24,0.78,0.2276
74,plate,road,lizard,turtle,Q3,0.824232,0.411765,exemplar_knn_k3,24,0.7667,0.8651
74,plate,road,lizard,turtle,Q3,0.824232,0.411765,logreg,24,0.7933,0.4706
74,plate,road,lizard,turtle,Q3,0.824232,0.411765,random,24,0.2867,1.2245
74,plate,road,lizard,turtle,Q3,0.824232,0.411765,centroid,25,0.82,0.2172
74,plate,road,lizard,turtle,Q3,0.824232,0.411765,exemplar_knn_k3,25,0.8133,0.9355
74,plate,road,lizard,turtle,Q3,0.824232,0.411765,logreg,25,0.8333,0.4673
74,plate,road,lizard,turtle,Q3,0.824232,0.411765,random,25,0.2867,1.2769
74,plate,road,lizard,turtle,Q3,0.824232,0.411765,centroid,26,0.7867,0.2312
74,plate,road,lizard,turtle,Q3,0.824232,0.411765,exemplar_knn_k3,26,0.78,0.866
74,plate,road,lizard,turtle,Q3,0.824232,0.411765,logreg,26,0.7667,0.4824
74,plate,road,lizard,turtle,Q3,0.824232,0.411765,random,26,0.28,1.1983
74,plate,road,lizard,turtle,Q3,0.824232,0.411765,centroid,27,0.82,0.2089
74,plate,road,lizard,turtle,Q3,0.824232,0.411765,exemplar_knn_k3,27,0.8067,0.7839
74,plate,road,lizard,turtle,Q3,0.824232,0.411765,logreg,27,0.82,0.4482
74,plate,road,lizard,turtle,Q3,0.824232,0.411765,random,27,0.38,1.2323
74,plate,road,lizard,turtle,Q3,0.824232,0.411765,centroid,28,0.76,0.186
74,plate,road,lizard,turtle,Q3,0.824232,0.411765,exemplar_knn_k3,28,0.7267,0.7704
74,plate,road,lizard,turtle,Q3,0.824232,0.411765,logreg,28,0.7333,0.3963
74,plate,road,lizard,turtle,Q3,0.824232,0.411765,random,28,0.3733,1.1773
74,plate,road,lizard,turtle,Q3,0.824232,0.411765,centroid,29,0.7733,0.225
74,plate,road,lizard,turtle,Q3,0.824232,0.411765,exemplar_knn_k3,29,0.78,0.8143
74,plate,road,lizard,turtle,Q3,0.824232,0.411765,logreg,29,0.74,0.4806
74,plate,road,lizard,turtle,Q3,0.824232,0.411765,random,29,0.3267,1.2368
75,baby,television,lion,chair,Q4,0.671261,0.619048,centroid,0,0.88,0.4162
75,baby,television,lion,chair,Q4,0.671261,0.619048,exemplar_knn_k3,0,0.8667,1.3689
75,baby,television,lion,chair,Q4,0.671261,0.619048,logreg,0,0.9,0.8148
75,baby,television,lion,chair,Q4,0.671261,0.619048,random,0,0.3067,1.1429
75,baby,television,lion,chair,Q4,0.671261,0.619048,centroid,1,0.94,0.332
75,baby,television,lion,chair,Q4,0.671261,0.619048,exemplar_knn_k3,1,0.9267,1.1727
75,baby,television,lion,chair,Q4,0.671261,0.619048,logreg,1,0.9867,0.635
75,baby,television,lion,chair,Q4,0.671261,0.619048,random,1,0.26,1.2961
75,baby,television,lion,chair,Q4,0.671261,0.619048,centroid,2,0.92,0.3773
75,baby,television,lion,chair,Q4,0.671261,0.619048,exemplar_knn_k3,2,0.8733,1.3388
75,baby,television,lion,chair,Q4,0.671261,0.619048,logreg,2,0.9533,0.7397
75,baby,television,lion,chair,Q4,0.671261,0.619048,random,2,0.34,1.3446
75,baby,television,lion,chair,Q4,0.671261,0.619048,centroid,3,0.9,0.3418
75,baby,television,lion,chair,Q4,0.671261,0.619048,exemplar_knn_k3,3,0.8467,1.2014
75,baby,television,lion,chair,Q4,0.671261,0.619048,logreg,3,0.9,0.6886
75,baby,television,lion,chair,Q4,0.671261,0.619048,random,3,0.3333,1.1508
75,baby,television,lion,chair,Q4,0.671261,0.619048,centroid,4,0.8533,0.4039
75,baby,television,lion,chair,Q4,0.671261,0.619048,exemplar_knn_k3,4,0.8467,1.352
75,baby,television,lion,chair,Q4,0.671261,0.619048,logreg,4,0.88,0.8012
75,baby,television,lion,chair,Q4,0.671261,0.619048,random,4,0.3467,1.2646
75,baby,television,lion,chair,Q4,0.671261,0.619048,centroid,5,0.9133,0.3684
75,baby,television,lion,chair,Q4,0.671261,0.619048,exemplar_knn_k3,5,0.9133,1.2797
75,baby,television,lion,chair,Q4,0.671261,0.619048,logreg,5,0.94,0.7385
75,baby,television,lion,chair,Q4,0.671261,0.619048,random,5,0.3667,1.3896
75,baby,television,lion,chair,Q4,0.671261,0.619048,centroid,6,0.8867,0.4042
75,baby,television,lion,chair,Q4,0.671261,0.619048,exemplar_knn_k3,6,0.86,1.3174
75,baby,television,lion,chair,Q4,0.671261,0.619048,logreg,6,0.94,0.7824
75,baby,television,lion,chair,Q4,0.671261,0.619048,random,6,0.3533,1.2808
75,baby,television,lion,chair,Q4,0.671261,0.619048,centroid,7,0.86,0.3841
75,baby,television,lion,chair,Q4,0.671261,0.619048,exemplar_knn_k3,7,0.86,1.2884
75,baby,television,lion,chair,Q4,0.671261,0.619048,logreg,7,0.8733,0.7718
75,baby,television,lion,chair,Q4,0.671261,0.619048,random,7,0.3333,1.2296
75,baby,television,lion,chair,Q4,0.671261,0.619048,centroid,8,0.88,0.4274
75,baby,television,lion,chair,Q4,0.671261,0.619048,exemplar_knn_k3,8,0.8667,1.3793
75,baby,television,lion,chair,Q4,0.671261,0.619048,logreg,8,0.9,0.7961
75,baby,television,lion,chair,Q4,0.671261,0.619048,random,8,0.3333,1.3565
75,baby,television,lion,chair,Q4,0.671261,0.619048,centroid,9,0.8467,0.3329
75,baby,television,lion,chair,Q4,0.671261,0.619048,exemplar_knn_k3,9,0.8333,1.1708
75,baby,television,lion,chair,Q4,0.671261,0.619048,logreg,9,0.9533,0.636
75,baby,television,lion,chair,Q4,0.671261,0.619048,random,9,0.3533,1.2669
75,baby,television,lion,chair,Q4,0.671261,0.619048,centroid,10,0.9333,0.38
75,baby,television,lion,chair,Q4,0.671261,0.619048,exemplar_knn_k3,10,0.8867,1.3071
75,baby,television,lion,chair,Q4,0.671261,0.619048,logreg,10,0.9533,0.7604
75,baby,television,lion,chair,Q4,0.671261,0.619048,random,10,0.3467,1.1815
75,baby,television,lion,chair,Q4,0.671261,0.619048,centroid,11,0.9133,0.3885
75,baby,television,lion,chair,Q4,0.671261,0.619048,exemplar_knn_k3,11,0.9,1.2831
75,baby,television,lion,chair,Q4,0.671261,0.619048,logreg,11,0.9333,0.7532
75,baby,television,lion,chair,Q4,0.671261,0.619048,random,11,0.34,1.4311
75,baby,television,lion,chair,Q4,0.671261,0.619048,centroid,12,0.9333,0.3451
75,baby,television,lion,chair,Q4,0.671261,0.619048,exemplar_knn_k3,12,0.92,1.266
75,baby,television,lion,chair,Q4,0.671261,0.619048,logreg,12,0.9467,0.7026
75,baby,television,lion,chair,Q4,0.671261,0.619048,random,12,0.3,1.1782
75,baby,television,lion,chair,Q4,0.671261,0.619048,centroid,13,0.9133,0.3472
75,baby,television,lion,chair,Q4,0.671261,0.619048,exemplar_knn_k3,13,0.9333,1.2821
75,baby,television,lion,chair,Q4,0.671261,0.619048,logreg,13,0.94,0.7001
75,baby,television,lion,chair,Q4,0.671261,0.619048,random,13,0.3467,1.244
75,baby,television,lion,chair,Q4,0.671261,0.619048,centroid,14,0.8733,0.3708
75,baby,television,lion,chair,Q4,0.671261,0.619048,exemplar_knn_k3,14,0.8733,1.2789
75,baby,television,lion,chair,Q4,0.671261,0.619048,logreg,14,0.8867,0.7426
75,baby,television,lion,chair,Q4,0.671261,0.619048,random,14,0.32,1.0349
75,baby,television,lion,chair,Q4,0.671261,0.619048,centroid,15,0.9133,0.3931
75,baby,television,lion,chair,Q4,0.671261,0.619048,exemplar_knn_k3,15,0.8933,1.3495
75,baby,television,lion,chair,Q4,0.671261,0.619048,logreg,15,0.9133,0.7672
75,baby,television,lion,chair,Q4,0.671261,0.619048,random,15,0.2867,1.2518
75,baby,television,lion,chair,Q4,0.671261,0.619048,centroid,16,0.8733,0.3987
75,baby,television,lion,chair,Q4,0.671261,0.619048,exemplar_knn_k3,16,0.8667,1.3335
75,baby,television,lion,chair,Q4,0.671261,0.619048,logreg,16,0.9133,0.7763
75,baby,television,lion,chair,Q4,0.671261,0.619048,random,16,0.28,1.313
75,baby,television,lion,chair,Q4,0.671261,0.619048,centroid,17,0.8533,0.343
75,baby,television,lion,chair,Q4,0.671261,0.619048,exemplar_knn_k3,17,0.8467,1.2323
75,baby,television,lion,chair,Q4,0.671261,0.619048,logreg,17,0.8733,0.6789
75,baby,television,lion,chair,Q4,0.671261,0.619048,random,17,0.34,1.0841
75,baby,television,lion,chair,Q4,0.671261,0.619048,centroid,18,0.9467,0.351
75,baby,television,lion,chair,Q4,0.671261,0.619048,exemplar_knn_k3,18,0.94,1.2772
75,baby,television,lion,chair,Q4,0.671261,0.619048,logreg,18,0.9867,0.6968
75,baby,television,lion,chair,Q4,0.671261,0.619048,random,18,0.3267,1.1134
75,baby,television,lion,chair,Q4,0.671261,0.619048,centroid,19,0.8667,0.3301
75,baby,television,lion,chair,Q4,0.671261,0.619048,exemplar_knn_k3,19,0.8267,1.1232
75,baby,television,lion,chair,Q4,0.671261,0.619048,logreg,19,0.8933,0.6414
75,baby,television,lion,chair,Q4,0.671261,0.619048,random,19,0.3267,1.2017
75,baby,television,lion,chair,Q4,0.671261,0.619048,centroid,20,0.9067,0.3771
75,baby,television,lion,chair,Q4,0.671261,0.619048,exemplar_knn_k3,20,0.8933,1.3156
75,baby,television,lion,chair,Q4,0.671261,0.619048,logreg,20,0.96,0.7444
75,baby,television,lion,chair,Q4,0.671261,0.619048,random,20,0.3333,1.1807
75,baby,television,lion,chair,Q4,0.671261,0.619048,centroid,21,0.9867,0.3507
75,baby,television,lion,chair,Q4,0.671261,0.619048,exemplar_knn_k3,21,0.9867,1.2396
75,baby,television,lion,chair,Q4,0.671261,0.619048,logreg,21,0.9867,0.6991
75,baby,television,lion,chair,Q4,0.671261,0.619048,random,21,0.3533,1.3288
75,baby,television,lion,chair,Q4,0.671261,0.619048,centroid,22,0.8467,0.3811
75,baby,television,lion,chair,Q4,0.671261,0.619048,exemplar_knn_k3,22,0.8533,1.2861
75,baby,television,lion,chair,Q4,0.671261,0.619048,logreg,22,0.8467,0.7697
75,baby,television,lion,chair,Q4,0.671261,0.619048,random,22,0.3867,1.3979
75,baby,television,lion,chair,Q4,0.671261,0.619048,centroid,23,0.8733,0.3673
75,baby,television,lion,chair,Q4,0.671261,0.619048,exemplar_knn_k3,23,0.8733,1.249
75,baby,television,lion,chair,Q4,0.671261,0.619048,logreg,23,0.8733,0.7561
75,baby,television,lion,chair,Q4,0.671261,0.619048,random,23,0.2867,1.2432
75,baby,television,lion,chair,Q4,0.671261,0.619048,centroid,24,0.9067,0.3839
75,baby,television,lion,chair,Q4,0.671261,0.619048,exemplar_knn_k3,24,0.88,1.3189
75,baby,television,lion,chair,Q4,0.671261,0.619048,logreg,24,0.9533,0.7172
75,baby,television,lion,chair,Q4,0.671261,0.619048,random,24,0.3,1.2565
75,baby,television,lion,chair,Q4,0.671261,0.619048,centroid,25,0.9333,0.3562
75,baby,television,lion,chair,Q4,0.671261,0.619048,exemplar_knn_k3,25,0.9267,1.3098
75,baby,television,lion,chair,Q4,0.671261,0.619048,logreg,25,0.94,0.7122
75,baby,television,lion,chair,Q4,0.671261,0.619048,random,25,0.3333,1.1012
75,baby,television,lion,chair,Q4,0.671261,0.619048,centroid,26,0.94,0.3716
75,baby,television,lion,chair,Q4,0.671261,0.619048,exemplar_knn_k3,26,0.92,1.2837
75,baby,television,lion,chair,Q4,0.671261,0.619048,logreg,26,0.9533,0.7248
75,baby,television,lion,chair,Q4,0.671261,0.619048,random,26,0.3467,1.2725
75,baby,television,lion,chair,Q4,0.671261,0.619048,centroid,27,0.9,0.3907
75,baby,television,lion,chair,Q4,0.671261,0.619048,exemplar_knn_k3,27,0.8933,1.2943
75,baby,television,lion,chair,Q4,0.671261,0.619048,logreg,27,0.92,0.7789
75,baby,television,lion,chair,Q4,0.671261,0.619048,random,27,0.34,1.3487
75,baby,television,lion,chair,Q4,0.671261,0.619048,centroid,28,0.9667,0.3565
75,baby,television,lion,chair,Q4,0.671261,0.619048,exemplar_knn_k3,28,0.94,1.2856
75,baby,television,lion,chair,Q4,0.671261,0.619048,logreg,28,0.9933,0.6976
75,baby,television,lion,chair,Q4,0.671261,0.619048,random,28,0.3533,1.31
75,baby,television,lion,chair,Q4,0.671261,0.619048,centroid,29,0.9267,0.3887
75,baby,television,lion,chair,Q4,0.671261,0.619048,exemplar_knn_k3,29,0.8933,1.3584
75,baby,television,lion,chair,Q4,0.671261,0.619048,logreg,29,0.94,0.7822
75,baby,television,lion,chair,Q4,0.671261,0.619048,random,29,0.3733,1.0644
76,beaver,cloud,bus,elephant,Q4,0.62022,0.764706,centroid,0,0.9067,0.2444
76,beaver,cloud,bus,elephant,Q4,0.62022,0.764706,exemplar_knn_k3,0,0.8733,1.0853
76,beaver,cloud,bus,elephant,Q4,0.62022,0.764706,logreg,0,0.9267,0.5254
76,beaver,cloud,bus,elephant,Q4,0.62022,0.764706,random,0,0.3133,1.1283
76,beaver,cloud,bus,elephant,Q4,0.62022,0.764706,centroid,1,0.8467,0.2721
76,beaver,cloud,bus,elephant,Q4,0.62022,0.764706,exemplar_knn_k3,1,0.8267,1.1335
76,beaver,cloud,bus,elephant,Q4,0.62022,0.764706,logreg,1,0.8333,0.6085
76,beaver,cloud,bus,elephant,Q4,0.62022,0.764706,random,1,0.3667,1.3024
76,beaver,cloud,bus,elephant,Q4,0.62022,0.764706,centroid,2,0.8933,0.2578
76,beaver,cloud,bus,elephant,Q4,0.62022,0.764706,exemplar_knn_k3,2,0.8467,1.0976
76,beaver,cloud,bus,elephant,Q4,0.62022,0.764706,logreg,2,0.9333,0.5697
76,beaver,cloud,bus,elephant,Q4,0.62022,0.764706,random,2,0.3067,1.359
76,beaver,cloud,bus,elephant,Q4,0.62022,0.764706,centroid,3,0.8467,0.3
76,beaver,cloud,bus,elephant,Q4,0.62022,0.764706,exemplar_knn_k3,3,0.8333,1.2365
76,beaver,cloud,bus,elephant,Q4,0.62022,0.764706,logreg,3,0.8467,0.6211
76,beaver,cloud,bus,elephant,Q4,0.62022,0.764706,random,3,0.36,1.1874
76,beaver,cloud,bus,elephant,Q4,0.62022,0.764706,centroid,4,0.8133,0.2598
76,beaver,cloud,bus,elephant,Q4,0.62022,0.764706,exemplar_knn_k3,4,0.82,1.1189
76,beaver,cloud,bus,elephant,Q4,0.62022,0.764706,logreg,4,0.8333,0.5722
76,beaver,cloud,bus,elephant,Q4,0.62022,0.764706,random,4,0.3067,1.0721
76,beaver,cloud,bus,elephant,Q4,0.62022,0.764706,centroid,5,0.8533,0.2153
76,beaver,cloud,bus,elephant,Q4,0.62022,0.764706,exemplar_knn_k3,5,0.8,1.0408
76,beaver,cloud,bus,elephant,Q4,0.62022,0.764706,logreg,5,0.8267,0.4983
76,beaver,cloud,bus,elephant,Q4,0.62022,0.764706,random,5,0.3,1.2428
76,beaver,cloud,bus,elephant,Q4,0.62022,0.764706,centroid,6,0.88,0.2889
76,beaver,cloud,bus,elephant,Q4,0.62022,0.764706,exemplar_knn_k3,6,0.8667,1.2011
76,beaver,cloud,bus,elephant,Q4,0.62022,0.764706,logreg,6,0.86,0.6052
76,beaver,cloud,bus,elephant,Q4,0.62022,0.764706,random,6,0.4,1.2285
76,beaver,cloud,bus,elephant,Q4,0.62022,0.764706,centroid,7,0.86,0.2334
76,beaver,cloud,bus,elephant,Q4,0.62022,0.764706,exemplar_knn_k3,7,0.8667,1.0698
76,beaver,cloud,bus,elephant,Q4,0.62022,0.764706,logreg,7,0.9267,0.4699
76,beaver,cloud,bus,elephant,Q4,0.62022,0.764706,random,7,0.3333,1.291
76,beaver,cloud,bus,elephant,Q4,0.62022,0.764706,centroid,8,0.9267,0.2414
76,beaver,cloud,bus,elephant,Q4,0.62022,0.764706,exemplar_knn_k3,8,0.8867,1.0755
76,beaver,cloud,bus,elephant,Q4,0.62022,0.764706,logreg,8,0.9333,0.5458
76,beaver,cloud,bus,elephant,Q4,0.62022,0.764706,random,8,0.4267,1.0818
76,beaver,cloud,bus,elephant,Q4,0.62022,0.764706,centroid,9,0.8133,0.2736
76,beaver,cloud,bus,elephant,Q4,0.62022,0.764706,exemplar_knn_k3,9,0.7733,1.0934
76,beaver,cloud,bus,elephant,Q4,0.62022,0.764706,logreg,9,0.82,0.5741
76,beaver,cloud,bus,elephant,Q4,0.62022,0.764706,random,9,0.3467,1.1605
76,beaver,cloud,bus,elephant,Q4,0.62022,0.764706,centroid,10,0.86,0.3058
76,beaver,cloud,bus,elephant,Q4,0.62022,0.764706,exemplar_knn_k3,10,0.86,1.2678
76,beaver,cloud,bus,elephant,Q4,0.62022,0.764706,logreg,10,0.86,0.6512
76,beaver,cloud,bus,elephant,Q4,0.62022,0.764706,random,10,0.3333,1.2559
76,beaver,cloud,bus,elephant,Q4,0.62022,0.764706,centroid,11,0.8733,0.2495
76,beaver,cloud,bus,elephant,Q4,0.62022,0.764706,exemplar_knn_k3,11,0.9067,1.1678
76,beaver,cloud,bus,elephant,Q4,0.62022,0.764706,logreg,11,0.8267,0.5658
76,beaver,cloud,bus,elephant,Q4,0.62022,0.764706,random,11,0.3267,1.1338
76,beaver,cloud,bus,elephant,Q4,0.62022,0.764706,centroid,12,0.8133,0.2841
76,beaver,cloud,bus,elephant,Q4,0.62022,0.764706,exemplar_knn_k3,12,0.8267,1.0897
76,beaver,cloud,bus,elephant,Q4,0.62022,0.764706,logreg,12,0.8067,0.5918
76,beaver,cloud,bus,elephant,Q4,0.62022,0.764706,random,12,0.3,1.1416
76,beaver,cloud,bus,elephant,Q4,0.62022,0.764706,centroid,13,0.8667,0.2845
76,beaver,cloud,bus,elephant,Q4,0.62022,0.764706,exemplar_knn_k3,13,0.8467,1.1773
76,beaver,cloud,bus,elephant,Q4,0.62022,0.764706,logreg,13,0.8733,0.6172
76,beaver,cloud,bus,elephant,Q4,0.62022,0.764706,random,13,0.34,1.2165
76,beaver,cloud,bus,elephant,Q4,0.62022,0.764706,centroid,14,0.8267,0.3019
76,beaver,cloud,bus,elephant,Q4,0.62022,0.764706,exemplar_knn_k3,14,0.82,1.2635
76,beaver,cloud,bus,elephant,Q4,0.62022,0.764706,logreg,14,0.8467,0.6353
76,beaver,cloud,bus,elephant,Q4,0.62022,0.764706,random,14,0.38,1.164
76,beaver,cloud,bus,elephant,Q4,0.62022,0.764706,centroid,15,0.8333,0.2262
76,beaver,cloud,bus,elephant,Q4,0.62022,0.764706,exemplar_knn_k3,15,0.8467,0.9684
76,beaver,cloud,bus,elephant,Q4,0.62022,0.764706,logreg,15,0.84,0.4951
76,beaver,cloud,bus,elephant,Q4,0.62022,0.764706,random,15,0.32,1.2397
76,beaver,cloud,bus,elephant,Q4,0.62022,0.764706,centroid,16,0.84,0.2179
76,beaver,cloud,bus,elephant,Q4,0.62022,0.764706,exemplar_knn_k3,16,0.8467,1.0097
76,beaver,cloud,bus,elephant,Q4,0.62022,0.764706,logreg,16,0.8533,0.4953
76,beaver,cloud,bus,elephant,Q4,0.62022,0.764706,random,16,0.32,1.1679
76,beaver,cloud,bus,elephant,Q4,0.62022,0.764706,centroid,17,0.8733,0.2561
76,beaver,cloud,bus,elephant,Q4,0.62022,0.764706,exemplar_knn_k3,17,0.8867,1.0917
76,beaver,cloud,bus,elephant,Q4,0.62022,0.764706,logreg,17,0.9067,0.5509
76,beaver,cloud,bus,elephant,Q4,0.62022,0.764706,random,17,0.3667,1.1656
76,beaver,cloud,bus,elephant,Q4,0.62022,0.764706,centroid,18,0.8867,0.2771
76,beaver,cloud,bus,elephant,Q4,0.62022,0.764706,exemplar_knn_k3,18,0.86,1.1843
76,beaver,cloud,bus,elephant,Q4,0.62022,0.764706,logreg,18,0.8733,0.6019
76,beaver,cloud,bus,elephant,Q4,0.62022,0.764706,random,18,0.3133,1.3584
76,beaver,cloud,bus,elephant,Q4,0.62022,0.764706,centroid,19,0.8467,0.2901
76,beaver,cloud,bus,elephant,Q4,0.62022,0.764706,exemplar_knn_k3,19,0.8067,1.2465
76,beaver,cloud,bus,elephant,Q4,0.62022,0.764706,logreg,19,0.8533,0.6351
76,beaver,cloud,bus,elephant,Q4,0.62022,0.764706,random,19,0.2467,1.1074
76,beaver,cloud,bus,elephant,Q4,0.62022,0.764706,centroid,20,0.8,0.2153
76,beaver,cloud,bus,elephant,Q4,0.62022,0.764706,exemplar_knn_k3,20,0.8,1.0769
76,beaver,cloud,bus,elephant,Q4,0.62022,0.764706,logreg,20,0.8,0.4854
76,beaver,cloud,bus,elephant,Q4,0.62022,0.764706,random,20,0.3067,1.1145
76,beaver,cloud,bus,elephant,Q4,0.62022,0.764706,centroid,21,0.8133,0.3312
76,beaver,cloud,bus,elephant,Q4,0.62022,0.764706,exemplar_knn_k3,21,0.8133,1.3022
76,beaver,cloud,bus,elephant,Q4,0.62022,0.764706,logreg,21,0.82,0.7136
76,beaver,cloud,bus,elephant,Q4,0.62022,0.764706,random,21,0.3667,1.1717
76,beaver,cloud,bus,elephant,Q4,0.62022,0.764706,centroid,22,0.8467,0.2255
76,beaver,cloud,bus,elephant,Q4,0.62022,0.764706,exemplar_knn_k3,22,0.86,0.9486
76,beaver,cloud,bus,elephant,Q4,0.62022,0.764706,logreg,22,0.86,0.4841
76,beaver,cloud,bus,elephant,Q4,0.62022,0.764706,random,22,0.3733,1.4654
76,beaver,cloud,bus,elephant,Q4,0.62022,0.764706,centroid,23,0.86,0.2244
76,beaver,cloud,bus,elephant,Q4,0.62022,0.764706,exemplar_knn_k3,23,0.8467,1.0519
76,beaver,cloud,bus,elephant,Q4,0.62022,0.764706,logreg,23,0.8933,0.4995
76,beaver,cloud,bus,elephant,Q4,0.62022,0.764706,random,23,0.3133,1.1339
76,beaver,cloud,bus,elephant,Q4,0.62022,0.764706,centroid,24,0.9333,0.2284
76,beaver,cloud,bus,elephant,Q4,0.62022,0.764706,exemplar_knn_k3,24,0.9333,1.0287
76,beaver,cloud,bus,elephant,Q4,0.62022,0.764706,logreg,24,0.9467,0.4892
76,beaver,cloud,bus,elephant,Q4,0.62022,0.764706,random,24,0.3067,1.2311
76,beaver,cloud,bus,elephant,Q4,0.62022,0.764706,centroid,25,0.7867,0.242
76,beaver,cloud,bus,elephant,Q4,0.62022,0.764706,exemplar_knn_k3,25,0.78,1.1478
76,beaver,cloud,bus,elephant,Q4,0.62022,0.764706,logreg,25,0.7933,0.5293
76,beaver,cloud,bus,elephant,Q4,0.62022,0.764706,random,25,0.3467,1.3426
76,beaver,cloud,bus,elephant,Q4,0.62022,0.764706,centroid,26,0.94,0.2184
76,beaver,cloud,bus,elephant,Q4,0.62022,0.764706,exemplar_knn_k3,26,0.8533,0.9793
76,beaver,cloud,bus,elephant,Q4,0.62022,0.764706,logreg,26,0.92,0.4924
76,beaver,cloud,bus,elephant,Q4,0.62022,0.764706,random,26,0.3667,1.2356
76,beaver,cloud,bus,elephant,Q4,0.62022,0.764706,centroid,27,0.7867,0.2141
76,beaver,cloud,bus,elephant,Q4,0.62022,0.764706,exemplar_knn_k3,27,0.7867,1.0116
76,beaver,cloud,bus,elephant,Q4,0.62022,0.764706,logreg,27,0.7867,0.4492
76,beaver,cloud,bus,elephant,Q4,0.62022,0.764706,random,27,0.3733,1.2867
76,beaver,cloud,bus,elephant,Q4,0.62022,0.764706,centroid,28,0.8667,0.3036
76,beaver,cloud,bus,elephant,Q4,0.62022,0.764706,exemplar_knn_k3,28,0.8667,1.2427
76,beaver,cloud,bus,elephant,Q4,0.62022,0.764706,logreg,28,0.8667,0.6435
76,beaver,cloud,bus,elephant,Q4,0.62022,0.764706,random,28,0.3267,1.0181
76,beaver,cloud,bus,elephant,Q4,0.62022,0.764706,centroid,29,0.84,0.2296
76,beaver,cloud,bus,elephant,Q4,0.62022,0.764706,exemplar_knn_k3,29,0.82,1.0603
76,beaver,cloud,bus,elephant,Q4,0.62022,0.764706,logreg,29,0.8467,0.4961
76,beaver,cloud,bus,elephant,Q4,0.62022,0.764706,random,29,0.3133,1.1922
77,beaver,snail,chimpanzee,television,Q4,0.474777,0.809524,centroid,0,1.0,0.2996
77,beaver,snail,chimpanzee,television,Q4,0.474777,0.809524,exemplar_knn_k3,0,0.9733,1.1479
77,beaver,snail,chimpanzee,television,Q4,0.474777,0.809524,logreg,0,0.98,0.6372
77,beaver,snail,chimpanzee,television,Q4,0.474777,0.809524,random,0,0.3533,1.1597
77,beaver,snail,chimpanzee,television,Q4,0.474777,0.809524,centroid,1,0.9067,0.2961
77,beaver,snail,chimpanzee,television,Q4,0.474777,0.809524,exemplar_knn_k3,1,0.9,1.1424
77,beaver,snail,chimpanzee,television,Q4,0.474777,0.809524,logreg,1,0.9133,0.6275
77,beaver,snail,chimpanzee,television,Q4,0.474777,0.809524,random,1,0.3133,1.1349
77,beaver,snail,chimpanzee,television,Q4,0.474777,0.809524,centroid,2,0.9467,0.2387
77,beaver,snail,chimpanzee,television,Q4,0.474777,0.809524,exemplar_knn_k3,2,0.92,1.01
77,beaver,snail,chimpanzee,television,Q4,0.474777,0.809524,logreg,2,0.94,0.519
77,beaver,snail,chimpanzee,television,Q4,0.474777,0.809524,random,2,0.3467,1.0457
77,beaver,snail,chimpanzee,television,Q4,0.474777,0.809524,centroid,3,0.96,0.3429
77,beaver,snail,chimpanzee,television,Q4,0.474777,0.809524,exemplar_knn_k3,3,0.9333,1.2053
77,beaver,snail,chimpanzee,television,Q4,0.474777,0.809524,logreg,3,0.96,0.6902
77,beaver,snail,chimpanzee,television,Q4,0.474777,0.809524,random,3,0.3733,1.1221
77,beaver,snail,chimpanzee,television,Q4,0.474777,0.809524,centroid,4,0.8933,0.2446
77,beaver,snail,chimpanzee,television,Q4,0.474777,0.809524,exemplar_knn_k3,4,0.9,1.0341
77,beaver,snail,chimpanzee,television,Q4,0.474777,0.809524,logreg,4,0.92,0.5385
77,beaver,snail,chimpanzee,television,Q4,0.474777,0.809524,random,4,0.3333,1.0989
77,beaver,snail,chimpanzee,television,Q4,0.474777,0.809524,centroid,5,0.96,0.2548
77,beaver,snail,chimpanzee,television,Q4,0.474777,0.809524,exemplar_knn_k3,5,0.96,1.0423
77,beaver,snail,chimpanzee,television,Q4,0.474777,0.809524,logreg,5,0.9467,0.5615
77,beaver,snail,chimpanzee,television,Q4,0.474777,0.809524,random,5,0.36,1.1739
77,beaver,snail,chimpanzee,television,Q4,0.474777,0.809524,centroid,6,0.9067,0.3364
77,beaver,snail,chimpanzee,television,Q4,0.474777,0.809524,exemplar_knn_k3,6,0.8933,1.1451
77,beaver,snail,chimpanzee,television,Q4,0.474777,0.809524,logreg,6,0.9067,0.6609
77,beaver,snail,chimpanzee,television,Q4,0.474777,0.809524,random,6,0.34,1.4028
77,beaver,snail,chimpanzee,television,Q4,0.474777,0.809524,centroid,7,0.9733,0.2812
77,beaver,snail,chimpanzee,television,Q4,0.474777,0.809524,exemplar_knn_k3,7,0.94,1.1557
77,beaver,snail,chimpanzee,television,Q4,0.474777,0.809524,logreg,7,0.9667,0.5946
77,beaver,snail,chimpanzee,television,Q4,0.474777,0.809524,random,7,0.38,1.251
77,beaver,snail,chimpanzee,television,Q4,0.474777,0.809524,centroid,8,0.9533,0.2695
77,beaver,snail,chimpanzee,television,Q4,0.474777,0.809524,exemplar_knn_k3,8,0.9133,1.0803
77,beaver,snail,chimpanzee,television,Q4,0.474777,0.809524,logreg,8,0.9267,0.5915
77,beaver,snail,chimpanzee,television,Q4,0.474777,0.809524,random,8,0.34,1.0981
77,beaver,snail,chimpanzee,television,Q4,0.474777,0.809524,centroid,9,0.9067,0.2955
77,beaver,snail,chimpanzee,television,Q4,0.474777,0.809524,exemplar_knn_k3,9,0.9067,1.1062
77,beaver,snail,chimpanzee,television,Q4,0.474777,0.809524,logreg,9,0.8867,0.6195
77,beaver,snail,chimpanzee,television,Q4,0.474777,0.809524,random,9,0.2933,1.2031
77,beaver,snail,chimpanzee,television,Q4,0.474777,0.809524,centroid,10,0.92,0.3476
77,beaver,snail,chimpanzee,television,Q4,0.474777,0.809524,exemplar_knn_k3,10,0.8933,1.2542
77,beaver,snail,chimpanzee,television,Q4,0.474777,0.809524,logreg,10,0.9333,0.6866
77,beaver,snail,chimpanzee,television,Q4,0.474777,0.809524,random,10,0.3267,1.3428
77,beaver,snail,chimpanzee,television,Q4,0.474777,0.809524,centroid,11,0.9467,0.2515
77,beaver,snail,chimpanzee,television,Q4,0.474777,0.809524,exemplar_knn_k3,11,0.96,1.0548
77,beaver,snail,chimpanzee,television,Q4,0.474777,0.809524,logreg,11,0.94,0.5506
77,beaver,snail,chimpanzee,television,Q4,0.474777,0.809524,random,11,0.3267,1.03
77,beaver,snail,chimpanzee,television,Q4,0.474777,0.809524,centroid,12,0.9067,0.3181
77,beaver,snail,chimpanzee,television,Q4,0.474777,0.809524,exemplar_knn_k3,12,0.88,1.1634
77,beaver,snail,chimpanzee,television,Q4,0.474777,0.809524,logreg,12,0.9067,0.6352
77,beaver,snail,chimpanzee,television,Q4,0.474777,0.809524,random,12,0.3,1.2813
77,beaver,snail,chimpanzee,television,Q4,0.474777,0.809524,centroid,13,0.8867,0.2985
77,beaver,snail,chimpanzee,television,Q4,0.474777,0.809524,exemplar_knn_k3,13,0.8933,1.1678
77,beaver,snail,chimpanzee,television,Q4,0.474777,0.809524,logreg,13,0.88,0.6172
77,beaver,snail,chimpanzee,television,Q4,0.474777,0.809524,random,13,0.2867,1.2095
77,beaver,snail,chimpanzee,television,Q4,0.474777,0.809524,centroid,14,0.9133,0.3069
77,beaver,snail,chimpanzee,television,Q4,0.474777,0.809524,exemplar_knn_k3,14,0.8667,1.1411
77,beaver,snail,chimpanzee,television,Q4,0.474777,0.809524,logreg,14,0.9467,0.6202
77,beaver,snail,chimpanzee,television,Q4,0.474777,0.809524,random,14,0.3533,1.1655
77,beaver,snail,chimpanzee,television,Q4,0.474777,0.809524,centroid,15,0.9733,0.2539
77,beaver,snail,chimpanzee,television,Q4,0.474777,0.809524,exemplar_knn_k3,15,0.96,1.0739
77,beaver,snail,chimpanzee,television,Q4,0.474777,0.809524,logreg,15,0.9667,0.5474
77,beaver,snail,chimpanzee,television,Q4,0.474777,0.809524,random,15,0.3333,1.202
77,beaver,snail,chimpanzee,television,Q4,0.474777,0.809524,centroid,16,0.9667,0.2573
77,beaver,snail,chimpanzee,television,Q4,0.474777,0.809524,exemplar_knn_k3,16,0.9333,1.0776
77,beaver,snail,chimpanzee,television,Q4,0.474777,0.809524,logreg,16,0.9467,0.5633
77,beaver,snail,chimpanzee,television,Q4,0.474777,0.809524,random,16,0.4333,1.0295
77,beaver,snail,chimpanzee,television,Q4,0.474777,0.809524,centroid,17,0.98,0.2296
77,beaver,snail,chimpanzee,television,Q4,0.474777,0.809524,exemplar_knn_k3,17,0.96,0.99
77,beaver,snail,chimpanzee,television,Q4,0.474777,0.809524,logreg,17,0.98,0.5146
77,beaver,snail,chimpanzee,television,Q4,0.474777,0.809524,random,17,0.3333,1.1507
77,beaver,snail,chimpanzee,television,Q4,0.474777,0.809524,centroid,18,0.9333,0.2878
77,beaver,snail,chimpanzee,television,Q4,0.474777,0.809524,exemplar_knn_k3,18,0.9,1.0998
77,beaver,snail,chimpanzee,television,Q4,0.474777,0.809524,logreg,18,0.9667,0.5887
77,beaver,snail,chimpanzee,television,Q4,0.474777,0.809524,random,18,0.3333,1.3324
77,beaver,snail,chimpanzee,television,Q4,0.474777,0.809524,centroid,19,0.9333,0.3108
77,beaver,snail,chimpanzee,television,Q4,0.474777,0.809524,exemplar_knn_k3,19,0.9,1.1468
77,beaver,snail,chimpanzee,television,Q4,0.474777,0.809524,logreg,19,0.94,0.6215
77,beaver,snail,chimpanzee,television,Q4,0.474777,0.809524,random,19,0.2933,1.0331
77,beaver,snail,chimpanzee,television,Q4,0.474777,0.809524,centroid,20,0.96,0.2148
77,beaver,snail,chimpanzee,television,Q4,0.474777,0.809524,exemplar_knn_k3,20,0.94,1.0236
77,beaver,snail,chimpanzee,television,Q4,0.474777,0.809524,logreg,20,0.9067,0.5171
77,beaver,snail,chimpanzee,television,Q4,0.474777,0.809524,random,20,0.3133,1.2403
77,beaver,snail,chimpanzee,television,Q4,0.474777,0.809524,centroid,21,0.86,0.3252
77,beaver,snail,chimpanzee,television,Q4,0.474777,0.809524,exemplar_knn_k3,21,0.8667,1.1835
77,beaver,snail,chimpanzee,television,Q4,0.474777,0.809524,logreg,21,0.86,0.6551
77,beaver,snail,chimpanzee,television,Q4,0.474777,0.809524,random,21,0.28,1.339
77,beaver,snail,chimpanzee,television,Q4,0.474777,0.809524,centroid,22,0.9733,0.2735
77,beaver,snail,chimpanzee,television,Q4,0.474777,0.809524,exemplar_knn_k3,22,0.9733,1.1098
77,beaver,snail,chimpanzee,television,Q4,0.474777,0.809524,logreg,22,0.9867,0.6018
77,beaver,snail,chimpanzee,television,Q4,0.474777,0.809524,random,22,0.3667,1.3243
77,beaver,snail,chimpanzee,television,Q4,0.474777,0.809524,centroid,23,0.8933,0.2139
77,beaver,snail,chimpanzee,television,Q4,0.474777,0.809524,exemplar_knn_k3,23,0.8733,0.8883
77,beaver,snail,chimpanzee,television,Q4,0.474777,0.809524,logreg,23,0.9133,0.4737
77,beaver,snail,chimpanzee,television,Q4,0.474777,0.809524,random,23,0.2933,1.3317
77,beaver,snail,chimpanzee,television,Q4,0.474777,0.809524,centroid,24,0.96,0.2869
77,beaver,snail,chimpanzee,television,Q4,0.474777,0.809524,exemplar_knn_k3,24,0.9733,1.2241
77,beaver,snail,chimpanzee,television,Q4,0.474777,0.809524,logreg,24,0.9733,0.6265
77,beaver,snail,chimpanzee,television,Q4,0.474777,0.809524,random,24,0.32,1.3073
77,beaver,snail,chimpanzee,television,Q4,0.474777,0.809524,centroid,25,0.9667,0.2765
77,beaver,snail,chimpanzee,television,Q4,0.474777,0.809524,exemplar_knn_k3,25,0.96,1.1051
77,beaver,snail,chimpanzee,television,Q4,0.474777,0.809524,logreg,25,0.9533,0.5862
77,beaver,snail,chimpanzee,television,Q4,0.474777,0.809524,random,25,0.3,1.0539
77,beaver,snail,chimpanzee,television,Q4,0.474777,0.809524,centroid,26,0.9867,0.2539
77,beaver,snail,chimpanzee,television,Q4,0.474777,0.809524,exemplar_knn_k3,26,0.9533,1.0728
77,beaver,snail,chimpanzee,television,Q4,0.474777,0.809524,logreg,26,0.98,0.5663
77,beaver,snail,chimpanzee,television,Q4,0.474777,0.809524,random,26,0.3333,1.1834
77,beaver,snail,chimpanzee,television,Q4,0.474777,0.809524,centroid,27,0.94,0.2202
77,beaver,snail,chimpanzee,television,Q4,0.474777,0.809524,exemplar_knn_k3,27,0.9267,0.923
77,beaver,snail,chimpanzee,television,Q4,0.474777,0.809524,logreg,27,0.94,0.4887
77,beaver,snail,chimpanzee,television,Q4,0.474777,0.809524,random,27,0.3067,1.147
77,beaver,snail,chimpanzee,television,Q4,0.474777,0.809524,centroid,28,0.9267,0.3197
77,beaver,snail,chimpanzee,television,Q4,0.474777,0.809524,exemplar_knn_k3,28,0.9,1.1963
77,beaver,snail,chimpanzee,television,Q4,0.474777,0.809524,logreg,28,0.96,0.6311
77,beaver,snail,chimpanzee,television,Q4,0.474777,0.809524,random,28,0.2933,1.1128
77,beaver,snail,chimpanzee,television,Q4,0.474777,0.809524,centroid,29,0.9667,0.244
77,beaver,snail,chimpanzee,television,Q4,0.474777,0.809524,exemplar_knn_k3,29,0.9533,1.0809
77,beaver,snail,chimpanzee,television,Q4,0.474777,0.809524,logreg,29,0.9733,0.5286
77,beaver,snail,chimpanzee,television,Q4,0.474777,0.809524,random,29,0.3867,1.1329
78,bee,flatfish,dinosaur,train,Q4,0.619765,0.8,centroid,0,0.84,0.2711
78,bee,flatfish,dinosaur,train,Q4,0.619765,0.8,exemplar_knn_k3,0,0.8,1.0792
78,bee,flatfish,dinosaur,train,Q4,0.619765,0.8,logreg,0,0.8867,0.5384
78,bee,flatfish,dinosaur,train,Q4,0.619765,0.8,random,0,0.2867,1.2251
78,bee,flatfish,dinosaur,train,Q4,0.619765,0.8,centroid,1,0.86,0.205
78,bee,flatfish,dinosaur,train,Q4,0.619765,0.8,exemplar_knn_k3,1,0.8133,0.9635
78,bee,flatfish,dinosaur,train,Q4,0.619765,0.8,logreg,1,0.8933,0.4219
78,bee,flatfish,dinosaur,train,Q4,0.619765,0.8,random,1,0.4267,1.1079
78,bee,flatfish,dinosaur,train,Q4,0.619765,0.8,centroid,2,0.8533,0.2669
78,bee,flatfish,dinosaur,train,Q4,0.619765,0.8,exemplar_knn_k3,2,0.8533,1.0006
78,bee,flatfish,dinosaur,train,Q4,0.619765,0.8,logreg,2,0.8867,0.5097
78,bee,flatfish,dinosaur,train,Q4,0.619765,0.8,random,2,0.38,1.2369
78,bee,flatfish,dinosaur,train,Q4,0.619765,0.8,centroid,3,0.8267,0.2334
78,bee,flatfish,dinosaur,train,Q4,0.619765,0.8,exemplar_knn_k3,3,0.8467,0.9931
78,bee,flatfish,dinosaur,train,Q4,0.619765,0.8,logreg,3,0.8867,0.4806
78,bee,flatfish,dinosaur,train,Q4,0.619765,0.8,random,3,0.32,1.2598
78,bee,flatfish,dinosaur,train,Q4,0.619765,0.8,centroid,4,0.8133,0.2488
78,bee,flatfish,dinosaur,train,Q4,0.619765,0.8,exemplar_knn_k3,4,0.8133,0.946
78,bee,flatfish,dinosaur,train,Q4,0.619765,0.8,logreg,4,0.84,0.5037
78,bee,flatfish,dinosaur,train,Q4,0.619765,0.8,random,4,0.3467,1.3587
78,bee,flatfish,dinosaur,train,Q4,0.619765,0.8,centroid,5,0.78,0.2869
78,bee,flatfish,dinosaur,train,Q4,0.619765,0.8,exemplar_knn_k3,5,0.7667,1.0587
78,bee,flatfish,dinosaur,train,Q4,0.619765,0.8,logreg,5,0.8333,0.5483
78,bee,flatfish,dinosaur,train,Q4,0.619765,0.8,random,5,0.32,1.2185
78,bee,flatfish,dinosaur,train,Q4,0.619765,0.8,centroid,6,0.82,0.2444
78,bee,flatfish,dinosaur,train,Q4,0.619765,0.8,exemplar_knn_k3,6,0.82,1.0123
78,bee,flatfish,dinosaur,train,Q4,0.619765,0.8,logreg,6,0.82,0.5067
78,bee,flatfish,dinosaur,train,Q4,0.619765,0.8,random,6,0.3067,1.2545
78,bee,flatfish,dinosaur,train,Q4,0.619765,0.8,centroid,7,0.8333,0.2781
78,bee,flatfish,dinosaur,train,Q4,0.619765,0.8,exemplar_knn_k3,7,0.8133,0.995
78,bee,flatfish,dinosaur,train,Q4,0.619765,0.8,logreg,7,0.8533,0.5368
78,bee,flatfish,dinosaur,train,Q4,0.619765,0.8,random,7,0.3,1.1685
78,bee,flatfish,dinosaur,train,Q4,0.619765,0.8,centroid,8,0.86,0.2275
78,bee,flatfish,dinosaur,train,Q4,0.619765,0.8,exemplar_knn_k3,8,0.8733,0.9
78,bee,flatfish,dinosaur,train,Q4,0.619765,0.8,logreg,8,0.92,0.4497
78,bee,flatfish,dinosaur,train,Q4,0.619765,0.8,random,8,0.3267,1.1591
78,bee,flatfish,dinosaur,train,Q4,0.619765,0.8,centroid,9,0.8067,0.2415
78,bee,flatfish,dinosaur,train,Q4,0.619765,0.8,exemplar_knn_k3,9,0.8067,1.0464
78,bee,flatfish,dinosaur,train,Q4,0.619765,0.8,logreg,9,0.86,0.4878
78,bee,flatfish,dinosaur,train,Q4,0.619765,0.8,random,9,0.32,1.2477
78,bee,flatfish,dinosaur,train,Q4,0.619765,0.8,centroid,10,0.8267,0.2424
78,bee,flatfish,dinosaur,train,Q4,0.619765,0.8,exemplar_knn_k3,10,0.7733,0.9245
78,bee,flatfish,dinosaur,train,Q4,0.619765,0.8,logreg,10,0.8467,0.4881
78,bee,flatfish,dinosaur,train,Q4,0.619765,0.8,random,10,0.26,1.1335
78,bee,flatfish,dinosaur,train,Q4,0.619765,0.8,centroid,11,0.8467,0.2855
78,bee,flatfish,dinosaur,train,Q4,0.619765,0.8,exemplar_knn_k3,11,0.8333,1.105
78,bee,flatfish,dinosaur,train,Q4,0.619765,0.8,logreg,11,0.9067,0.5672
78,bee,flatfish,dinosaur,train,Q4,0.619765,0.8,random,11,0.3733,1.2359
78,bee,flatfish,dinosaur,train,Q4,0.619765,0.8,centroid,12,0.8667,0.2206
78,bee,flatfish,dinosaur,train,Q4,0.619765,0.8,exemplar_knn_k3,12,0.8267,0.9315
78,bee,flatfish,dinosaur,train,Q4,0.619765,0.8,logreg,12,0.96,0.4594
78,bee,flatfish,dinosaur,train,Q4,0.619765,0.8,random,12,0.28,1.2995
78,bee,flatfish,dinosaur,train,Q4,0.619765,0.8,centroid,13,0.84,0.2738
78,bee,flatfish,dinosaur,train,Q4,0.619765,0.8,exemplar_knn_k3,13,0.8333,1.0052
78,bee,flatfish,dinosaur,train,Q4,0.619765,0.8,logreg,13,0.9,0.5377
78,bee,flatfish,dinosaur,train,Q4,0.619765,0.8,random,13,0.34,1.1796
78,bee,flatfish,dinosaur,train,Q4,0.619765,0.8,centroid,14,0.84,0.2528
78,bee,flatfish,dinosaur,train,Q4,0.619765,0.8,exemplar_knn_k3,14,0.8467,0.9343
78,bee,flatfish,dinosaur,train,Q4,0.619765,0.8,logreg,14,0.8333,0.5265
78,bee,flatfish,dinosaur,train,Q4,0.619765,0.8,random,14,0.3533,1.1756
78,bee,flatfish,dinosaur,train,Q4,0.619765,0.8,centroid,15,0.84,0.2426
78,bee,flatfish,dinosaur,train,Q4,0.619765,0.8,exemplar_knn_k3,15,0.82,0.9839
78,bee,flatfish,dinosaur,train,Q4,0.619765,0.8,logreg,15,0.8333,0.5028
78,bee,flatfish,dinosaur,train,Q4,0.619765,0.8,random,15,0.3267,1.0844
78,bee,flatfish,dinosaur,train,Q4,0.619765,0.8,centroid,16,0.86,0.2796
78,bee,flatfish,dinosaur,train,Q4,0.619765,0.8,exemplar_knn_k3,16,0.8333,1.0047
78,bee,flatfish,dinosaur,train,Q4,0.619765,0.8,logreg,16,0.9333,0.5321
78,bee,flatfish,dinosaur,train,Q4,0.619765,0.8,random,16,0.2933,1.1092
78,bee,flatfish,dinosaur,train,Q4,0.619765,0.8,centroid,17,0.8067,0.2529
78,bee,flatfish,dinosaur,train,Q4,0.619765,0.8,exemplar_knn_k3,17,0.8133,0.9647
78,bee,flatfish,dinosaur,train,Q4,0.619765,0.8,logreg,17,0.82,0.5252
78,bee,flatfish,dinosaur,train,Q4,0.619765,0.8,random,17,0.2933,1.2346
78,bee,flatfish,dinosaur,train,Q4,0.619765,0.8,centroid,18,0.8467,0.2146
78,bee,flatfish,dinosaur,train,Q4,0.619765,0.8,exemplar_knn_k3,18,0.8467,0.8973
78,bee,flatfish,dinosaur,train,Q4,0.619765,0.8,logreg,18,0.82,0.4656
78,bee,flatfish,dinosaur,train,Q4,0.619765,0.8,random,18,0.3333,1.1315
78,bee,flatfish,dinosaur,train,Q4,0.619765,0.8,centroid,19,0.86,0.2925
78,bee,flatfish,dinosaur,train,Q4,0.619765,0.8,exemplar_knn_k3,19,0.8267,1.1267
78,bee,flatfish,dinosaur,train,Q4,0.619765,0.8,logreg,19,0.9533,0.5523
78,bee,flatfish,dinosaur,train,Q4,0.619765,0.8,random,19,0.3267,1.2847
78,bee,flatfish,dinosaur,train,Q4,0.619765,0.8,centroid,20,0.8,0.2784
78,bee,flatfish,dinosaur,train,Q4,0.619765,0.8,exemplar_knn_k3,20,0.8067,1.0262
78,bee,flatfish,dinosaur,train,Q4,0.619765,0.8,logreg,20,0.7933,0.5548
78,bee,flatfish,dinosaur,train,Q4,0.619765,0.8,random,20,0.36,1.1818
78,bee,flatfish,dinosaur,train,Q4,0.619765,0.8,centroid,21,0.9067,0.2388
78,bee,flatfish,dinosaur,train,Q4,0.619765,0.8,exemplar_knn_k3,21,0.8467,0.9579
78,bee,flatfish,dinosaur,train,Q4,0.619765,0.8,logreg,21,0.9133,0.4808
78,bee,flatfish,dinosaur,train,Q4,0.619765,0.8,random,21,0.28,1.1829
78,bee,flatfish,dinosaur,train,Q4,0.619765,0.8,centroid,22,0.8133,0.2896
78,bee,flatfish,dinosaur,train,Q4,0.619765,0.8,exemplar_knn_k3,22,0.82,1.0786
78,bee,flatfish,dinosaur,train,Q4,0.619765,0.8,logreg,22,0.82,0.5743
78,bee,flatfish,dinosaur,train,Q4,0.619765,0.8,random,22,0.2733,1.1867
78,bee,flatfish,dinosaur,train,Q4,0.619765,0.8,centroid,23,0.8867,0.2402
78,bee,flatfish,dinosaur,train,Q4,0.619765,0.8,exemplar_knn_k3,23,0.88,0.9731
78,bee,flatfish,dinosaur,train,Q4,0.619765,0.8,logreg,23,0.9333,0.4817
78,bee,flatfish,dinosaur,train,Q4,0.619765,0.8,random,23,0.3733,1.2509
78,bee,flatfish,dinosaur,train,Q4,0.619765,0.8,centroid,24,0.8133,0.3002
78,bee,flatfish,dinosaur,train,Q4,0.619765,0.8,exemplar_knn_k3,24,0.8067,1.1143
78,bee,flatfish,dinosaur,train,Q4,0.619765,0.8,logreg,24,0.82,0.5919
78,bee,flatfish,dinosaur,train,Q4,0.619765,0.8,random,24,0.3467,1.2936
78,bee,flatfish,dinosaur,train,Q4,0.619765,0.8,centroid,25,0.8133,0.2507
78,bee,flatfish,dinosaur,train,Q4,0.619765,0.8,exemplar_knn_k3,25,0.8267,0.9415
78,bee,flatfish,dinosaur,train,Q4,0.619765,0.8,logreg,25,0.8467,0.5084
78,bee,flatfish,dinosaur,train,Q4,0.619765,0.8,random,25,0.38,1.2868
78,bee,flatfish,dinosaur,train,Q4,0.619765,0.8,centroid,26,0.8933,0.2709
78,bee,flatfish,dinosaur,train,Q4,0.619765,0.8,exemplar_knn_k3,26,0.88,1.0288
78,bee,flatfish,dinosaur,train,Q4,0.619765,0.8,logreg,26,0.96,0.5033
78,bee,flatfish,dinosaur,train,Q4,0.619765,0.8,random,26,0.3133,1.2556
78,bee,flatfish,dinosaur,train,Q4,0.619765,0.8,centroid,27,0.8,0.31
78,bee,flatfish,dinosaur,train,Q4,0.619765,0.8,exemplar_knn_k3,27,0.8,1.1281
78,bee,flatfish,dinosaur,train,Q4,0.619765,0.8,logreg,27,0.8067,0.5625
78,bee,flatfish,dinosaur,train,Q4,0.619765,0.8,random,27,0.28,1.2186
78,bee,flatfish,dinosaur,train,Q4,0.619765,0.8,centroid,28,0.7933,0.225
78,bee,flatfish,dinosaur,train,Q4,0.619765,0.8,exemplar_knn_k3,28,0.8,0.8724
78,bee,flatfish,dinosaur,train,Q4,0.619765,0.8,logreg,28,0.88,0.4614
78,bee,flatfish,dinosaur,train,Q4,0.619765,0.8,random,28,0.3467,1.31
78,bee,flatfish,dinosaur,train,Q4,0.619765,0.8,centroid,29,0.8133,0.2711
78,bee,flatfish,dinosaur,train,Q4,0.619765,0.8,exemplar_knn_k3,29,0.82,1.0038
78,bee,flatfish,dinosaur,train,Q4,0.619765,0.8,logreg,29,0.82,0.5296
78,bee,flatfish,dinosaur,train,Q4,0.619765,0.8,random,29,0.3733,1.2258
79,beetle,motorcycle,raccoon,crab,Q4,0.692655,0.636364,centroid,0,0.8533,0.2006
79,beetle,motorcycle,raccoon,crab,Q4,0.692655,0.636364,exemplar_knn_k3,0,0.8067,0.8418
79,beetle,motorcycle,raccoon,crab,Q4,0.692655,0.636364,logreg,0,0.8733,0.424
79,beetle,motorcycle,raccoon,crab,Q4,0.692655,0.636364,random,0,0.2933,1.1173
79,beetle,motorcycle,raccoon,crab,Q4,0.692655,0.636364,centroid,1,0.86,0.2856
79,beetle,motorcycle,raccoon,crab,Q4,0.692655,0.636364,exemplar_knn_k3,1,0.8333,1.0827
79,beetle,motorcycle,raccoon,crab,Q4,0.692655,0.636364,logreg,1,0.8067,0.5856
79,beetle,motorcycle,raccoon,crab,Q4,0.692655,0.636364,random,1,0.3667,1.191
79,beetle,motorcycle,raccoon,crab,Q4,0.692655,0.636364,centroid,2,0.7933,0.2139
79,beetle,motorcycle,raccoon,crab,Q4,0.692655,0.636364,exemplar_knn_k3,2,0.78,0.9291
79,beetle,motorcycle,raccoon,crab,Q4,0.692655,0.636364,logreg,2,0.8333,0.4419
79,beetle,motorcycle,raccoon,crab,Q4,0.692655,0.636364,random,2,0.3733,1.2467
79,beetle,motorcycle,raccoon,crab,Q4,0.692655,0.636364,centroid,3,0.8133,0.2621
79,beetle,motorcycle,raccoon,crab,Q4,0.692655,0.636364,exemplar_knn_k3,3,0.7933,1.1127
79,beetle,motorcycle,raccoon,crab,Q4,0.692655,0.636364,logreg,3,0.8067,0.5425
79,beetle,motorcycle,raccoon,crab,Q4,0.692655,0.636364,random,3,0.2867,1.2744
79,beetle,motorcycle,raccoon,crab,Q4,0.692655,0.636364,centroid,4,0.8867,0.2395
79,beetle,motorcycle,raccoon,crab,Q4,0.692655,0.636364,exemplar_knn_k3,4,0.8267,0.9498
79,beetle,motorcycle,raccoon,crab,Q4,0.692655,0.636364,logreg,4,0.9333,0.4957
79,beetle,motorcycle,raccoon,crab,Q4,0.692655,0.636364,random,4,0.3533,1.1165
79,beetle,motorcycle,raccoon,crab,Q4,0.692655,0.636364,centroid,5,0.8267,0.1847
79,beetle,motorcycle,raccoon,crab,Q4,0.692655,0.636364,exemplar_knn_k3,5,0.7667,0.8229
79,beetle,motorcycle,raccoon,crab,Q4,0.692655,0.636364,logreg,5,0.86,0.3931
79,beetle,motorcycle,raccoon,crab,Q4,0.692655,0.636364,random,5,0.32,1.3303
79,beetle,motorcycle,raccoon,crab,Q4,0.692655,0.636364,centroid,6,0.8,0.2752
79,beetle,motorcycle,raccoon,crab,Q4,0.692655,0.636364,exemplar_knn_k3,6,0.7933,1.0629
79,beetle,motorcycle,raccoon,crab,Q4,0.692655,0.636364,logreg,6,0.78,0.5816
79,beetle,motorcycle,raccoon,crab,Q4,0.692655,0.636364,random,6,0.3133,1.1774
79,beetle,motorcycle,raccoon,crab,Q4,0.692655,0.636364,centroid,7,0.7867,0.1954
79,beetle,motorcycle,raccoon,crab,Q4,0.692655,0.636364,exemplar_knn_k3,7,0.7467,0.8708
79,beetle,motorcycle,raccoon,crab,Q4,0.692655,0.636364,logreg,7,0.78,0.4171
79,beetle,motorcycle,raccoon,crab,Q4,0.692655,0.636364,random,7,0.3467,1.2484
79,beetle,motorcycle,raccoon,crab,Q4,0.692655,0.636364,centroid,8,0.7533,0.1597
79,beetle,motorcycle,raccoon,crab,Q4,0.692655,0.636364,exemplar_knn_k3,8,0.74,0.8157
79,beetle,motorcycle,raccoon,crab,Q4,0.692655,0.636364,logreg,8,0.78,0.3646
79,beetle,motorcycle,raccoon,crab,Q4,0.692655,0.636364,random,8,0.3133,1.0904
79,beetle,motorcycle,raccoon,crab,Q4,0.692655,0.636364,centroid,9,0.8267,0.2176
79,beetle,motorcycle,raccoon,crab,Q4,0.692655,0.636364,exemplar_knn_k3,9,0.82,0.9596
79,beetle,motorcycle,raccoon,crab,Q4,0.692655,0.636364,logreg,9,0.8533,0.4567
79,beetle,motorcycle,raccoon,crab,Q4,0.692655,0.636364,random,9,0.36,1.3665
79,beetle,motorcycle,raccoon,crab,Q4,0.692655,0.636364,centroid,10,0.78,0.227
79,beetle,motorcycle,raccoon,crab,Q4,0.692655,0.636364,exemplar_knn_k3,10,0.78,0.9944
79,beetle,motorcycle,raccoon,crab,Q4,0.692655,0.636364,logreg,10,0.78,0.4996
79,beetle,motorcycle,raccoon,crab,Q4,0.692655,0.636364,random,10,0.3667,1.3641
79,beetle,motorcycle,raccoon,crab,Q4,0.692655,0.636364,centroid,11,0.9267,0.2024
79,beetle,motorcycle,raccoon,crab,Q4,0.692655,0.636364,exemplar_knn_k3,11,0.9067,0.9312
79,beetle,motorcycle,raccoon,crab,Q4,0.692655,0.636364,logreg,11,0.9267,0.4313
79,beetle,motorcycle,raccoon,crab,Q4,0.692655,0.636364,random,11,0.2933,1.3427
79,beetle,motorcycle,raccoon,crab,Q4,0.692655,0.636364,centroid,12,0.7933,0.268
79,beetle,motorcycle,raccoon,crab,Q4,0.692655,0.636364,exemplar_knn_k3,12,0.8,1.1015
79,beetle,motorcycle,raccoon,crab,Q4,0.692655,0.636364,logreg,12,0.7867,0.5583
79,beetle,motorcycle,raccoon,crab,Q4,0.692655,0.636364,random,12,0.28,1.2213
79,beetle,motorcycle,raccoon,crab,Q4,0.692655,0.636364,centroid,13,0.8533,0.2725
79,beetle,motorcycle,raccoon,crab,Q4,0.692655,0.636364,exemplar_knn_k3,13,0.88,1.0561
79,beetle,motorcycle,raccoon,crab,Q4,0.692655,0.636364,logreg,13,0.8067,0.5654
79,beetle,motorcycle,raccoon,crab,Q4,0.692655,0.636364,random,13,0.34,1.2422
79,beetle,motorcycle,raccoon,crab,Q4,0.692655,0.636364,centroid,14,0.8,0.2449
79,beetle,motorcycle,raccoon,crab,Q4,0.692655,0.636364,exemplar_knn_k3,14,0.8,0.9651
79,beetle,motorcycle,raccoon,crab,Q4,0.692655,0.636364,logreg,14,0.8133,0.5187
79,beetle,motorcycle,raccoon,crab,Q4,0.692655,0.636364,random,14,0.3733,1.2478
79,beetle,motorcycle,raccoon,crab,Q4,0.692655,0.636364,centroid,15,0.82,0.167
79,beetle,motorcycle,raccoon,crab,Q4,0.692655,0.636364,exemplar_knn_k3,15,0.74,0.756
79,beetle,motorcycle,raccoon,crab,Q4,0.692655,0.636364,logreg,15,0.82,0.3828
79,beetle,motorcycle,raccoon,crab,Q4,0.692655,0.636364,random,15,0.28,1.3818
79,beetle,motorcycle,raccoon,crab,Q4,0.692655,0.636364,centroid,16,0.8933,0.1883
79,beetle,motorcycle,raccoon,crab,Q4,0.692655,0.636364,exemplar_knn_k3,16,0.8467,0.7673
79,beetle,motorcycle,raccoon,crab,Q4,0.692655,0.636364,logreg,16,0.8867,0.4054
79,beetle,motorcycle,raccoon,crab,Q4,0.692655,0.636364,random,16,0.36,1.2421
79,beetle,motorcycle,raccoon,crab,Q4,0.692655,0.636364,centroid,17,0.78,0.2053
79,beetle,motorcycle,raccoon,crab,Q4,0.692655,0.636364,exemplar_knn_k3,17,0.7667,0.8347
79,beetle,motorcycle,raccoon,crab,Q4,0.692655,0.636364,logreg,17,0.7867,0.4363
79,beetle,motorcycle,raccoon,crab,Q4,0.692655,0.636364,random,17,0.3267,1.1944
79,beetle,motorcycle,raccoon,crab,Q4,0.692655,0.636364,centroid,18,0.74,0.256
79,beetle,motorcycle,raccoon,crab,Q4,0.692655,0.636364,exemplar_knn_k3,18,0.7733,1.0452
79,beetle,motorcycle,raccoon,crab,Q4,0.692655,0.636364,logreg,18,0.72,0.5605
79,beetle,motorcycle,raccoon,crab,Q4,0.692655,0.636364,random,18,0.34,1.1643
79,beetle,motorcycle,raccoon,crab,Q4,0.692655,0.636364,centroid,19,0.8067,0.2827
79,beetle,motorcycle,raccoon,crab,Q4,0.692655,0.636364,exemplar_knn_k3,19,0.7933,1.1218
79,beetle,motorcycle,raccoon,crab,Q4,0.692655,0.636364,logreg,19,0.7933,0.5845
79,beetle,motorcycle,raccoon,crab,Q4,0.692655,0.636364,random,19,0.3333,1.1987
79,beetle,motorcycle,raccoon,crab,Q4,0.692655,0.636364,centroid,20,0.8267,0.2064
79,beetle,motorcycle,raccoon,crab,Q4,0.692655,0.636364,exemplar_knn_k3,20,0.8133,0.8811
79,beetle,motorcycle,raccoon,crab,Q4,0.692655,0.636364,logreg,20,0.8867,0.4191
79,beetle,motorcycle,raccoon,crab,Q4,0.692655,0.636364,random,20,0.3067,1.2253
79,beetle,motorcycle,raccoon,crab,Q4,0.692655,0.636364,centroid,21,0.78,0.2662
79,beetle,motorcycle,raccoon,crab,Q4,0.692655,0.636364,exemplar_knn_k3,21,0.78,1.0585
79,beetle,motorcycle,raccoon,crab,Q4,0.692655,0.636364,logreg,21,0.78,0.5531
79,beetle,motorcycle,raccoon,crab,Q4,0.692655,0.636364,random,21,0.3733,1.3393
79,beetle,motorcycle,raccoon,crab,Q4,0.692655,0.636364,centroid,22,0.7667,0.1961
79,beetle,motorcycle,raccoon,crab,Q4,0.692655,0.636364,exemplar_knn_k3,22,0.76,0.7928
79,beetle,motorcycle,raccoon,crab,Q4,0.692655,0.636364,logreg,22,0.78,0.4205
79,beetle,motorcycle,raccoon,crab,Q4,0.692655,0.636364,random,22,0.3867,1.1834
79,beetle,motorcycle,raccoon,crab,Q4,0.692655,0.636364,centroid,23,0.7933,0.233
79,beetle,motorcycle,raccoon,crab,Q4,0.692655,0.636364,exemplar_knn_k3,23,0.8,0.9269
79,beetle,motorcycle,raccoon,crab,Q4,0.692655,0.636364,logreg,23,0.7733,0.4877
79,beetle,motorcycle,raccoon,crab,Q4,0.692655,0.636364,random,23,0.3667,1.2742
79,beetle,motorcycle,raccoon,crab,Q4,0.692655,0.636364,centroid,24,0.8333,0.2207
79,beetle,motorcycle,raccoon,crab,Q4,0.692655,0.636364,exemplar_knn_k3,24,0.82,0.9721
79,beetle,motorcycle,raccoon,crab,Q4,0.692655,0.636364,logreg,24,0.7933,0.4833
79,beetle,motorcycle,raccoon,crab,Q4,0.692655,0.636364,random,24,0.3467,1.1958
79,beetle,motorcycle,raccoon,crab,Q4,0.692655,0.636364,centroid,25,0.8667,0.2125
79,beetle,motorcycle,raccoon,crab,Q4,0.692655,0.636364,exemplar_knn_k3,25,0.8067,0.8986
79,beetle,motorcycle,raccoon,crab,Q4,0.692655,0.636364,logreg,25,0.8333,0.4547
79,beetle,motorcycle,raccoon,crab,Q4,0.692655,0.636364,random,25,0.32,1.1688
79,beetle,motorcycle,raccoon,crab,Q4,0.692655,0.636364,centroid,26,0.7533,0.1522
79,beetle,motorcycle,raccoon,crab,Q4,0.692655,0.636364,exemplar_knn_k3,26,0.7133,0.7038
79,beetle,motorcycle,raccoon,crab,Q4,0.692655,0.636364,logreg,26,0.76,0.3429
79,beetle,motorcycle,raccoon,crab,Q4,0.692655,0.636364,random,26,0.3267,1.1802
79,beetle,motorcycle,raccoon,crab,Q4,0.692655,0.636364,centroid,27,0.8267,0.1812
79,beetle,motorcycle,raccoon,crab,Q4,0.692655,0.636364,exemplar_knn_k3,27,0.8067,0.7789
79,beetle,motorcycle,raccoon,crab,Q4,0.692655,0.636364,logreg,27,0.8733,0.3941
79,beetle,motorcycle,raccoon,crab,Q4,0.692655,0.636364,random,27,0.3333,1.3487
79,beetle,motorcycle,raccoon,crab,Q4,0.692655,0.636364,centroid,28,0.8467,0.3132
79,beetle,motorcycle,raccoon,crab,Q4,0.692655,0.636364,exemplar_knn_k3,28,0.8467,1.2006
79,beetle,motorcycle,raccoon,crab,Q4,0.692655,0.636364,logreg,28,0.8667,0.6281
79,beetle,motorcycle,raccoon,crab,Q4,0.692655,0.636364,random,28,0.36,1.2057
79,beetle,motorcycle,raccoon,crab,Q4,0.692655,0.636364,centroid,29,0.7667,0.1786
79,beetle,motorcycle,raccoon,crab,Q4,0.692655,0.636364,exemplar_knn_k3,29,0.7867,0.7759
79,beetle,motorcycle,raccoon,crab,Q4,0.692655,0.636364,logreg,29,0.7733,0.3944
79,beetle,motorcycle,raccoon,crab,Q4,0.692655,0.636364,random,29,0.3667,1.1915
80,bowl,porcupine,mountain,beetle,Q4,0.61536,0.636364,centroid,0,0.9,0.2602
80,bowl,porcupine,mountain,beetle,Q4,0.61536,0.636364,exemplar_knn_k3,0,0.8333,0.8728
80,bowl,porcupine,mountain,beetle,Q4,0.61536,0.636364,logreg,0,0.92,0.5122
80,bowl,porcupine,mountain,beetle,Q4,0.61536,0.636364,random,0,0.34,1.2749
80,bowl,porcupine,mountain,beetle,Q4,0.61536,0.636364,centroid,1,0.94,0.2596
80,bowl,porcupine,mountain,beetle,Q4,0.61536,0.636364,exemplar_knn_k3,1,0.9333,0.9951
80,bowl,porcupine,mountain,beetle,Q4,0.61536,0.636364,logreg,1,0.96,0.5288
80,bowl,porcupine,mountain,beetle,Q4,0.61536,0.636364,random,1,0.3667,1.3341
80,bowl,porcupine,mountain,beetle,Q4,0.61536,0.636364,centroid,2,0.9333,0.2704
80,bowl,porcupine,mountain,beetle,Q4,0.61536,0.636364,exemplar_knn_k3,2,0.9267,1.0253
80,bowl,porcupine,mountain,beetle,Q4,0.61536,0.636364,logreg,2,0.9467,0.5281
80,bowl,porcupine,mountain,beetle,Q4,0.61536,0.636364,random,2,0.34,1.3077
80,bowl,porcupine,mountain,beetle,Q4,0.61536,0.636364,centroid,3,0.8667,0.3043
80,bowl,porcupine,mountain,beetle,Q4,0.61536,0.636364,exemplar_knn_k3,3,0.88,1.048
80,bowl,porcupine,mountain,beetle,Q4,0.61536,0.636364,logreg,3,0.84,0.6213
80,bowl,porcupine,mountain,beetle,Q4,0.61536,0.636364,random,3,0.3333,1.2141
80,bowl,porcupine,mountain,beetle,Q4,0.61536,0.636364,centroid,4,0.8933,0.2729
80,bowl,porcupine,mountain,beetle,Q4,0.61536,0.636364,exemplar_knn_k3,4,0.8867,1.0154
80,bowl,porcupine,mountain,beetle,Q4,0.61536,0.636364,logreg,4,0.9133,0.5192
80,bowl,porcupine,mountain,beetle,Q4,0.61536,0.636364,random,4,0.3333,1.1547
80,bowl,porcupine,mountain,beetle,Q4,0.61536,0.636364,centroid,5,0.8867,0.2799
80,bowl,porcupine,mountain,beetle,Q4,0.61536,0.636364,exemplar_knn_k3,5,0.8467,1.0628
80,bowl,porcupine,mountain,beetle,Q4,0.61536,0.636364,logreg,5,0.9,0.5319
80,bowl,porcupine,mountain,beetle,Q4,0.61536,0.636364,random,5,0.36,1.1705
80,bowl,porcupine,mountain,beetle,Q4,0.61536,0.636364,centroid,6,0.9067,0.2895
80,bowl,porcupine,mountain,beetle,Q4,0.61536,0.636364,exemplar_knn_k3,6,0.92,1.1025
80,bowl,porcupine,mountain,beetle,Q4,0.61536,0.636364,logreg,6,0.9133,0.6021
80,bowl,porcupine,mountain,beetle,Q4,0.61536,0.636364,random,6,0.24,1.1771
80,bowl,porcupine,mountain,beetle,Q4,0.61536,0.636364,centroid,7,0.82,0.2905
80,bowl,porcupine,mountain,beetle,Q4,0.61536,0.636364,exemplar_knn_k3,7,0.8267,1.082
80,bowl,porcupine,mountain,beetle,Q4,0.61536,0.636364,logreg,7,0.9,0.5569
80,bowl,porcupine,mountain,beetle,Q4,0.61536,0.636364,random,7,0.3067,1.2346
80,bowl,porcupine,mountain,beetle,Q4,0.61536,0.636364,centroid,8,0.9067,0.2585
80,bowl,porcupine,mountain,beetle,Q4,0.61536,0.636364,exemplar_knn_k3,8,0.8667,0.9843
80,bowl,porcupine,mountain,beetle,Q4,0.61536,0.636364,logreg,8,0.9,0.5153
80,bowl,porcupine,mountain,beetle,Q4,0.61536,0.636364,random,8,0.3467,1.2675
80,bowl,porcupine,mountain,beetle,Q4,0.61536,0.636364,centroid,9,0.9067,0.2671
80,bowl,porcupine,mountain,beetle,Q4,0.61536,0.636364,exemplar_knn_k3,9,0.8933,1.0502
80,bowl,porcupine,mountain,beetle,Q4,0.61536,0.636364,logreg,9,0.8733,0.5455
80,bowl,porcupine,mountain,beetle,Q4,0.61536,0.636364,random,9,0.3533,1.2116
80,bowl,porcupine,mountain,beetle,Q4,0.61536,0.636364,centroid,10,0.92,0.3112
80,bowl,porcupine,mountain,beetle,Q4,0.61536,0.636364,exemplar_knn_k3,10,0.9133,1.0746
80,bowl,porcupine,mountain,beetle,Q4,0.61536,0.636364,logreg,10,0.96,0.6098
80,bowl,porcupine,mountain,beetle,Q4,0.61536,0.636364,random,10,0.38,1.3206
80,bowl,porcupine,mountain,beetle,Q4,0.61536,0.636364,centroid,11,0.8667,0.2907
80,bowl,porcupine,mountain,beetle,Q4,0.61536,0.636364,exemplar_knn_k3,11,0.84,1.0351
80,bowl,porcupine,mountain,beetle,Q4,0.61536,0.636364,logreg,11,0.8667,0.5639
80,bowl,porcupine,mountain,beetle,Q4,0.61536,0.636364,random,11,0.2933,1.2724
80,bowl,porcupine,mountain,beetle,Q4,0.61536,0.636364,centroid,12,0.9067,0.2738
80,bowl,porcupine,mountain,beetle,Q4,0.61536,0.636364,exemplar_knn_k3,12,0.88,1.0962
80,bowl,porcupine,mountain,beetle,Q4,0.61536,0.636364,logreg,12,0.8933,0.5618
80,bowl,porcupine,mountain,beetle,Q4,0.61536,0.636364,random,12,0.3533,1.1595
80,bowl,porcupine,mountain,beetle,Q4,0.61536,0.636364,centroid,13,0.9133,0.2722
80,bowl,porcupine,mountain,beetle,Q4,0.61536,0.636364,exemplar_knn_k3,13,0.8867,1.0741
80,bowl,porcupine,mountain,beetle,Q4,0.61536,0.636364,logreg,13,0.94,0.5496
80,bowl,porcupine,mountain,beetle,Q4,0.61536,0.636364,random,13,0.3333,0.9987
80,bowl,porcupine,mountain,beetle,Q4,0.61536,0.636364,centroid,14,0.92,0.3127
80,bowl,porcupine,mountain,beetle,Q4,0.61536,0.636364,exemplar_knn_k3,14,0.92,1.0998
80,bowl,porcupine,mountain,beetle,Q4,0.61536,0.636364,logreg,14,0.8867,0.5952
80,bowl,porcupine,mountain,beetle,Q4,0.61536,0.636364,random,14,0.2933,1.0799
80,bowl,porcupine,mountain,beetle,Q4,0.61536,0.636364,centroid,15,0.88,0.2665
80,bowl,porcupine,mountain,beetle,Q4,0.61536,0.636364,exemplar_knn_k3,15,0.8333,1.0385
80,bowl,porcupine,mountain,beetle,Q4,0.61536,0.636364,logreg,15,0.9067,0.5185
80,bowl,porcupine,mountain,beetle,Q4,0.61536,0.636364,random,15,0.28,1.2675
80,bowl,porcupine,mountain,beetle,Q4,0.61536,0.636364,centroid,16,0.8333,0.2478
80,bowl,porcupine,mountain,beetle,Q4,0.61536,0.636364,exemplar_knn_k3,16,0.8267,0.9368
80,bowl,porcupine,mountain,beetle,Q4,0.61536,0.636364,logreg,16,0.8333,0.4727
80,bowl,porcupine,mountain,beetle,Q4,0.61536,0.636364,random,16,0.3267,1.2765
80,bowl,porcupine,mountain,beetle,Q4,0.61536,0.636364,centroid,17,0.8533,0.2847
80,bowl,porcupine,mountain,beetle,Q4,0.61536,0.636364,exemplar_knn_k3,17,0.84,1.0695
80,bowl,porcupine,mountain,beetle,Q4,0.61536,0.636364,logreg,17,0.8467,0.563
80,bowl,porcupine,mountain,beetle,Q4,0.61536,0.636364,random,17,0.3667,1.1453
80,bowl,porcupine,mountain,beetle,Q4,0.61536,0.636364,centroid,18,0.9333,0.2986
80,bowl,porcupine,mountain,beetle,Q4,0.61536,0.636364,exemplar_knn_k3,18,0.9267,1.1368
80,bowl,porcupine,mountain,beetle,Q4,0.61536,0.636364,logreg,18,0.94,0.6248
80,bowl,porcupine,mountain,beetle,Q4,0.61536,0.636364,random,18,0.4133,1.2286
80,bowl,porcupine,mountain,beetle,Q4,0.61536,0.636364,centroid,19,0.96,0.2813
80,bowl,porcupine,mountain,beetle,Q4,0.61536,0.636364,exemplar_knn_k3,19,0.94,1.0478
80,bowl,porcupine,mountain,beetle,Q4,0.61536,0.636364,logreg,19,0.9667,0.5741
80,bowl,porcupine,mountain,beetle,Q4,0.61536,0.636364,random,19,0.3,1.2065
80,bowl,porcupine,mountain,beetle,Q4,0.61536,0.636364,centroid,20,0.8467,0.3125
80,bowl,porcupine,mountain,beetle,Q4,0.61536,0.636364,exemplar_knn_k3,20,0.8333,1.1251
80,bowl,porcupine,mountain,beetle,Q4,0.61536,0.636364,logreg,20,0.8733,0.628
80,bowl,porcupine,mountain,beetle,Q4,0.61536,0.636364,random,20,0.2933,1.3304
80,bowl,porcupine,mountain,beetle,Q4,0.61536,0.636364,centroid,21,0.86,0.3024
80,bowl,porcupine,mountain,beetle,Q4,0.61536,0.636364,exemplar_knn_k3,21,0.8533,1.109
80,bowl,porcupine,mountain,beetle,Q4,0.61536,0.636364,logreg,21,0.8667,0.6062
80,bowl,porcupine,mountain,beetle,Q4,0.61536,0.636364,random,21,0.2667,1.1326
80,bowl,porcupine,mountain,beetle,Q4,0.61536,0.636364,centroid,22,0.8667,0.2669
80,bowl,porcupine,mountain,beetle,Q4,0.61536,0.636364,exemplar_knn_k3,22,0.8933,0.9895
80,bowl,porcupine,mountain,beetle,Q4,0.61536,0.636364,logreg,22,0.86,0.5422
80,bowl,porcupine,mountain,beetle,Q4,0.61536,0.636364,random,22,0.42,1.2663
80,bowl,porcupine,mountain,beetle,Q4,0.61536,0.636364,centroid,23,0.8933,0.2984
80,bowl,porcupine,mountain,beetle,Q4,0.61536,0.636364,exemplar_knn_k3,23,0.92,1.0206
80,bowl,porcupine,mountain,beetle,Q4,0.61536,0.636364,logreg,23,0.9,0.5616
80,bowl,porcupine,mountain,beetle,Q4,0.61536,0.636364,random,23,0.32,1.24
80,bowl,porcupine,mountain,beetle,Q4,0.61536,0.636364,centroid,24,0.9467,0.3028
80,bowl,porcupine,mountain,beetle,Q4,0.61536,0.636364,exemplar_knn_k3,24,0.92,1.1292
80,bowl,porcupine,mountain,beetle,Q4,0.61536,0.636364,logreg,24,0.9667,0.6107
80,bowl,porcupine,mountain,beetle,Q4,0.61536,0.636364,random,24,0.4067,1.3539
80,bowl,porcupine,mountain,beetle,Q4,0.61536,0.636364,centroid,25,0.84,0.2416
80,bowl,porcupine,mountain,beetle,Q4,0.61536,0.636364,exemplar_knn_k3,25,0.84,0.9603
80,bowl,porcupine,mountain,beetle,Q4,0.61536,0.636364,logreg,25,0.8267,0.4857
80,bowl,porcupine,mountain,beetle,Q4,0.61536,0.636364,random,25,0.2533,1.1106
80,bowl,porcupine,mountain,beetle,Q4,0.61536,0.636364,centroid,26,0.84,0.3065
80,bowl,porcupine,mountain,beetle,Q4,0.61536,0.636364,exemplar_knn_k3,26,0.8467,1.0823
80,bowl,porcupine,mountain,beetle,Q4,0.61536,0.636364,logreg,26,0.8267,0.6032
80,bowl,porcupine,mountain,beetle,Q4,0.61536,0.636364,random,26,0.3333,1.1264
80,bowl,porcupine,mountain,beetle,Q4,0.61536,0.636364,centroid,27,0.8467,0.2988
80,bowl,porcupine,mountain,beetle,Q4,0.61536,0.636364,exemplar_knn_k3,27,0.8333,1.0235
80,bowl,porcupine,mountain,beetle,Q4,0.61536,0.636364,logreg,27,0.9133,0.5697
80,bowl,porcupine,mountain,beetle,Q4,0.61536,0.636364,random,27,0.3533,1.3453
80,bowl,porcupine,mountain,beetle,Q4,0.61536,0.636364,centroid,28,0.88,0.2725
80,bowl,porcupine,mountain,beetle,Q4,0.61536,0.636364,exemplar_knn_k3,28,0.84,1.0495
80,bowl,porcupine,mountain,beetle,Q4,0.61536,0.636364,logreg,28,0.9133,0.5443
80,bowl,porcupine,mountain,beetle,Q4,0.61536,0.636364,random,28,0.3333,1.313
80,bowl,porcupine,mountain,beetle,Q4,0.61536,0.636364,centroid,29,0.8667,0.3056
80,bowl,porcupine,mountain,beetle,Q4,0.61536,0.636364,exemplar_knn_k3,29,0.8733,1.0316
80,bowl,porcupine,mountain,beetle,Q4,0.61536,0.636364,logreg,29,0.8267,0.628
80,bowl,porcupine,mountain,beetle,Q4,0.61536,0.636364,random,29,0.3667,1.2562
81,butterfly,palm_tree,worm,bear,Q4,0.668812,0.789474,centroid,0,0.7867,0.2478
81,butterfly,palm_tree,worm,bear,Q4,0.668812,0.789474,exemplar_knn_k3,0,0.7733,0.8795
81,butterfly,palm_tree,worm,bear,Q4,0.668812,0.789474,logreg,0,0.8267,0.4724
81,butterfly,palm_tree,worm,bear,Q4,0.668812,0.789474,random,0,0.32,1.2321
81,butterfly,palm_tree,worm,bear,Q4,0.668812,0.789474,centroid,1,0.84,0.3192
81,butterfly,palm_tree,worm,bear,Q4,0.668812,0.789474,exemplar_knn_k3,1,0.8267,1.1477
81,butterfly,palm_tree,worm,bear,Q4,0.668812,0.789474,logreg,1,0.84,0.6361
81,butterfly,palm_tree,worm,bear,Q4,0.668812,0.789474,random,1,0.3067,1.2194
81,butterfly,palm_tree,worm,bear,Q4,0.668812,0.789474,centroid,2,0.9,0.2793
81,butterfly,palm_tree,worm,bear,Q4,0.668812,0.789474,exemplar_knn_k3,2,0.8733,1.0071
81,butterfly,palm_tree,worm,bear,Q4,0.668812,0.789474,logreg,2,0.9133,0.5578
81,butterfly,palm_tree,worm,bear,Q4,0.668812,0.789474,random,2,0.3467,1.1367
81,butterfly,palm_tree,worm,bear,Q4,0.668812,0.789474,centroid,3,0.84,0.3156
81,butterfly,palm_tree,worm,bear,Q4,0.668812,0.789474,exemplar_knn_k3,3,0.84,1.0983
81,butterfly,palm_tree,worm,bear,Q4,0.668812,0.789474,logreg,3,0.8133,0.6511
81,butterfly,palm_tree,worm,bear,Q4,0.668812,0.789474,random,3,0.3467,1.1223
81,butterfly,palm_tree,worm,bear,Q4,0.668812,0.789474,centroid,4,0.94,0.2925
81,butterfly,palm_tree,worm,bear,Q4,0.668812,0.789474,exemplar_knn_k3,4,0.9467,0.9837
81,butterfly,palm_tree,worm,bear,Q4,0.668812,0.789474,logreg,4,0.96,0.5755
81,butterfly,palm_tree,worm,bear,Q4,0.668812,0.789474,random,4,0.2933,1.0839
81,butterfly,palm_tree,worm,bear,Q4,0.668812,0.789474,centroid,5,0.9133,0.2555
81,butterfly,palm_tree,worm,bear,Q4,0.668812,0.789474,exemplar_knn_k3,5,0.88,0.9535
81,butterfly,palm_tree,worm,bear,Q4,0.668812,0.789474,logreg,5,0.94,0.4966
81,butterfly,palm_tree,worm,bear,Q4,0.668812,0.789474,random,5,0.32,1.321
81,butterfly,palm_tree,worm,bear,Q4,0.668812,0.789474,centroid,6,0.8467,0.2933
81,butterfly,palm_tree,worm,bear,Q4,0.668812,0.789474,exemplar_knn_k3,6,0.86,1.0928
81,butterfly,palm_tree,worm,bear,Q4,0.668812,0.789474,logreg,6,0.8133,0.6258
81,butterfly,palm_tree,worm,bear,Q4,0.668812,0.789474,random,6,0.3,1.3093
81,butterfly,palm_tree,worm,bear,Q4,0.668812,0.789474,centroid,7,0.9133,0.2342
81,butterfly,palm_tree,worm,bear,Q4,0.668812,0.789474,exemplar_knn_k3,7,0.88,0.8834
81,butterfly,palm_tree,worm,bear,Q4,0.668812,0.789474,logreg,7,0.8733,0.4626
81,butterfly,palm_tree,worm,bear,Q4,0.668812,0.789474,random,7,0.2933,1.171
81,butterfly,palm_tree,worm,bear,Q4,0.668812,0.789474,centroid,8,0.9333,0.2778
81,butterfly,palm_tree,worm,bear,Q4,0.668812,0.789474,exemplar_knn_k3,8,0.94,1.0045
81,butterfly,palm_tree,worm,bear,Q4,0.668812,0.789474,logreg,8,0.9467,0.5796
81,butterfly,palm_tree,worm,bear,Q4,0.668812,0.789474,random,8,0.4,1.3507
81,butterfly,palm_tree,worm,bear,Q4,0.668812,0.789474,centroid,9,0.92,0.3404
81,butterfly,palm_tree,worm,bear,Q4,0.668812,0.789474,exemplar_knn_k3,9,0.9,1.21
81,butterfly,palm_tree,worm,bear,Q4,0.668812,0.789474,logreg,9,0.8533,0.6942
81,butterfly,palm_tree,worm,bear,Q4,0.668812,0.789474,random,9,0.3867,1.3741
81,butterfly,palm_tree,worm,bear,Q4,0.668812,0.789474,centroid,10,0.8333,0.3211
81,butterfly,palm_tree,worm,bear,Q4,0.668812,0.789474,exemplar_knn_k3,10,0.84,1.0451
81,butterfly,palm_tree,worm,bear,Q4,0.668812,0.789474,logreg,10,0.7933,0.652
81,butterfly,palm_tree,worm,bear,Q4,0.668812,0.789474,random,10,0.32,1.2165
81,butterfly,palm_tree,worm,bear,Q4,0.668812,0.789474,centroid,11,0.9467,0.2553
81,butterfly,palm_tree,worm,bear,Q4,0.668812,0.789474,exemplar_knn_k3,11,0.9067,1.0102
81,butterfly,palm_tree,worm,bear,Q4,0.668812,0.789474,logreg,11,0.96,0.511
81,butterfly,palm_tree,worm,bear,Q4,0.668812,0.789474,random,11,0.3533,1.2311
81,butterfly,palm_tree,worm,bear,Q4,0.668812,0.789474,centroid,12,0.8333,0.2687
81,butterfly,palm_tree,worm,bear,Q4,0.668812,0.789474,exemplar_knn_k3,12,0.8467,1.0156
81,butterfly,palm_tree,worm,bear,Q4,0.668812,0.789474,logreg,12,0.8333,0.5784
81,butterfly,palm_tree,worm,bear,Q4,0.668812,0.789474,random,12,0.3333,1.3129
81,butterfly,palm_tree,worm,bear,Q4,0.668812,0.789474,centroid,13,0.8467,0.2931
81,butterfly,palm_tree,worm,bear,Q4,0.668812,0.789474,exemplar_knn_k3,13,0.82,1.0963
81,butterfly,palm_tree,worm,bear,Q4,0.668812,0.789474,logreg,13,0.8333,0.6116
81,butterfly,palm_tree,worm,bear,Q4,0.668812,0.789474,random,13,0.2667,1.2838
81,butterfly,palm_tree,worm,bear,Q4,0.668812,0.789474,centroid,14,0.86,0.3356
81,butterfly,palm_tree,worm,bear,Q4,0.668812,0.789474,exemplar_knn_k3,14,0.8733,1.132
81,butterfly,palm_tree,worm,bear,Q4,0.668812,0.789474,logreg,14,0.7933,0.6884
81,butterfly,palm_tree,worm,bear,Q4,0.668812,0.789474,random,14,0.34,1.1488
81,butterfly,palm_tree,worm,bear,Q4,0.668812,0.789474,centroid,15,0.8467,0.292
81,butterfly,palm_tree,worm,bear,Q4,0.668812,0.789474,exemplar_knn_k3,15,0.82,1.0234
81,butterfly,palm_tree,worm,bear,Q4,0.668812,0.789474,logreg,15,0.8333,0.5876
81,butterfly,palm_tree,worm,bear,Q4,0.668812,0.789474,random,15,0.32,1.5608
81,butterfly,palm_tree,worm,bear,Q4,0.668812,0.789474,centroid,16,0.8333,0.252
81,butterfly,palm_tree,worm,bear,Q4,0.668812,0.789474,exemplar_knn_k3,16,0.8267,0.9581
81,butterfly,palm_tree,worm,bear,Q4,0.668812,0.789474,logreg,16,0.86,0.4948
81,butterfly,palm_tree,worm,bear,Q4,0.668812,0.789474,random,16,0.36,1.2816
81,butterfly,palm_tree,worm,bear,Q4,0.668812,0.789474,centroid,17,0.8667,0.2878
81,butterfly,palm_tree,worm,bear,Q4,0.668812,0.789474,exemplar_knn_k3,17,0.84,1.0415
81,butterfly,palm_tree,worm,bear,Q4,0.668812,0.789474,logreg,17,0.9133,0.5708
81,butterfly,palm_tree,worm,bear,Q4,0.668812,0.789474,random,17,0.2733,1.0918
81,butterfly,palm_tree,worm,bear,Q4,0.668812,0.789474,centroid,18,0.9,0.2977
81,butterfly,palm_tree,worm,bear,Q4,0.668812,0.789474,exemplar_knn_k3,18,0.8733,1.0643
81,butterfly,palm_tree,worm,bear,Q4,0.668812,0.789474,logreg,18,0.84,0.6065
81,butterfly,palm_tree,worm,bear,Q4,0.668812,0.789474,random,18,0.2933,1.1925
81,butterfly,palm_tree,worm,bear,Q4,0.668812,0.789474,centroid,19,0.8333,0.2796
81,butterfly,palm_tree,worm,bear,Q4,0.668812,0.789474,exemplar_knn_k3,19,0.8667,1.057
81,butterfly,palm_tree,worm,bear,Q4,0.668812,0.789474,logreg,19,0.8333,0.5919
81,butterfly,palm_tree,worm,bear,Q4,0.668812,0.789474,random,19,0.2467,1.202
81,butterfly,palm_tree,worm,bear,Q4,0.668812,0.789474,centroid,20,0.88,0.2824
81,butterfly,palm_tree,worm,bear,Q4,0.668812,0.789474,exemplar_knn_k3,20,0.8733,1.0505
81,butterfly,palm_tree,worm,bear,Q4,0.668812,0.789474,logreg,20,0.82,0.573
81,butterfly,palm_tree,worm,bear,Q4,0.668812,0.789474,random,20,0.3467,1.2289
81,butterfly,palm_tree,worm,bear,Q4,0.668812,0.789474,centroid,21,0.8867,0.325
81,butterfly,palm_tree,worm,bear,Q4,0.668812,0.789474,exemplar_knn_k3,21,0.8733,1.117
81,butterfly,palm_tree,worm,bear,Q4,0.668812,0.789474,logreg,21,0.82,0.6701
81,butterfly,palm_tree,worm,bear,Q4,0.668812,0.789474,random,21,0.2933,1.3248
81,butterfly,palm_tree,worm,bear,Q4,0.668812,0.789474,centroid,22,0.9533,0.2715
81,butterfly,palm_tree,worm,bear,Q4,0.668812,0.789474,exemplar_knn_k3,22,0.9,1.0067
81,butterfly,palm_tree,worm,bear,Q4,0.668812,0.789474,logreg,22,0.94,0.5501
81,butterfly,palm_tree,worm,bear,Q4,0.668812,0.789474,random,22,0.3467,1.2713
81,butterfly,palm_tree,worm,bear,Q4,0.668812,0.789474,centroid,23,0.8933,0.2979
81,butterfly,palm_tree,worm,bear,Q4,0.668812,0.789474,exemplar_knn_k3,23,0.9133,0.9978
81,butterfly,palm_tree,worm,bear,Q4,0.668812,0.789474,logreg,23,0.8467,0.5789
81,butterfly,palm_tree,worm,bear,Q4,0.668812,0.789474,random,23,0.32,1.2164
81,butterfly,palm_tree,worm,bear,Q4,0.668812,0.789474,centroid,24,0.9067,0.2861
81,butterfly,palm_tree,worm,bear,Q4,0.668812,0.789474,exemplar_knn_k3,24,0.8733,0.9575
81,butterfly,palm_tree,worm,bear,Q4,0.668812,0.789474,logreg,24,0.9333,0.5618
81,butterfly,palm_tree,worm,bear,Q4,0.668812,0.789474,random,24,0.38,1.2638
81,butterfly,palm_tree,worm,bear,Q4,0.668812,0.789474,centroid,25,0.9333,0.3135
81,butterfly,palm_tree,worm,bear,Q4,0.668812,0.789474,exemplar_knn_k3,25,0.9267,1.0789
81,butterfly,palm_tree,worm,bear,Q4,0.668812,0.789474,logreg,25,0.94,0.6222
81,butterfly,palm_tree,worm,bear,Q4,0.668812,0.789474,random,25,0.4133,1.2471
81,butterfly,palm_tree,worm,bear,Q4,0.668812,0.789474,centroid,26,0.8133,0.2992
81,butterfly,palm_tree,worm,bear,Q4,0.668812,0.789474,exemplar_knn_k3,26,0.7867,0.9951
81,butterfly,palm_tree,worm,bear,Q4,0.668812,0.789474,logreg,26,0.8667,0.5872
81,butterfly,palm_tree,worm,bear,Q4,0.668812,0.789474,random,26,0.2533,1.134
81,butterfly,palm_tree,worm,bear,Q4,0.668812,0.789474,centroid,27,0.9267,0.2976
81,butterfly,palm_tree,worm,bear,Q4,0.668812,0.789474,exemplar_knn_k3,27,0.8933,1.0677
81,butterfly,palm_tree,worm,bear,Q4,0.668812,0.789474,logreg,27,0.88,0.5766
81,butterfly,palm_tree,worm,bear,Q4,0.668812,0.789474,random,27,0.34,1.2712
81,butterfly,palm_tree,worm,bear,Q4,0.668812,0.789474,centroid,28,0.9267,0.313
81,butterfly,palm_tree,worm,bear,Q4,0.668812,0.789474,exemplar_knn_k3,28,0.9,1.1285
81,butterfly,palm_tree,worm,bear,Q4,0.668812,0.789474,logreg,28,0.9133,0.6429
81,butterfly,palm_tree,worm,bear,Q4,0.668812,0.789474,random,28,0.3467,1.2354
81,butterfly,palm_tree,worm,bear,Q4,0.668812,0.789474,centroid,29,0.92,0.2813
81,butterfly,palm_tree,worm,bear,Q4,0.668812,0.789474,exemplar_knn_k3,29,0.9,0.9776
81,butterfly,palm_tree,worm,bear,Q4,0.668812,0.789474,logreg,29,0.9267,0.5608
81,butterfly,palm_tree,worm,bear,Q4,0.668812,0.789474,random,29,0.2867,1.2179
82,castle,mountain,can,bicycle,Q4,0.537413,0.625,centroid,0,0.9933,0.3267
82,castle,mountain,can,bicycle,Q4,0.537413,0.625,exemplar_knn_k3,0,0.9867,1.2063
82,castle,mountain,can,bicycle,Q4,0.537413,0.625,logreg,0,0.9933,0.6341
82,castle,mountain,can,bicycle,Q4,0.537413,0.625,random,0,0.38,1.0874
82,castle,mountain,can,bicycle,Q4,0.537413,0.625,centroid,1,0.9667,0.3674
82,castle,mountain,can,bicycle,Q4,0.537413,0.625,exemplar_knn_k3,1,0.9733,1.2654
82,castle,mountain,can,bicycle,Q4,0.537413,0.625,logreg,1,0.9467,0.7213
82,castle,mountain,can,bicycle,Q4,0.537413,0.625,random,1,0.3333,1.2847
82,castle,mountain,can,bicycle,Q4,0.537413,0.625,centroid,2,0.9933,0.361
82,castle,mountain,can,bicycle,Q4,0.537413,0.625,exemplar_knn_k3,2,0.9933,1.2754
82,castle,mountain,can,bicycle,Q4,0.537413,0.625,logreg,2,0.9867,0.7191
82,castle,mountain,can,bicycle,Q4,0.537413,0.625,random,2,0.3333,1.1613
82,castle,mountain,can,bicycle,Q4,0.537413,0.625,centroid,3,0.9467,0.3423
82,castle,mountain,can,bicycle,Q4,0.537413,0.625,exemplar_knn_k3,3,0.9133,1.1774
82,castle,mountain,can,bicycle,Q4,0.537413,0.625,logreg,3,0.9333,0.6728
82,castle,mountain,can,bicycle,Q4,0.537413,0.625,random,3,0.3333,1.2175
82,castle,mountain,can,bicycle,Q4,0.537413,0.625,centroid,4,0.9867,0.2951
82,castle,mountain,can,bicycle,Q4,0.537413,0.625,exemplar_knn_k3,4,0.9867,1.1382
82,castle,mountain,can,bicycle,Q4,0.537413,0.625,logreg,4,0.9867,0.6121
82,castle,mountain,can,bicycle,Q4,0.537413,0.625,random,4,0.34,1.3578
82,castle,mountain,can,bicycle,Q4,0.537413,0.625,centroid,5,0.9867,0.2959
82,castle,mountain,can,bicycle,Q4,0.537413,0.625,exemplar_knn_k3,5,0.98,1.0408
82,castle,mountain,can,bicycle,Q4,0.537413,0.625,logreg,5,0.96,0.5599
82,castle,mountain,can,bicycle,Q4,0.537413,0.625,random,5,0.3067,1.0207
82,castle,mountain,can,bicycle,Q4,0.537413,0.625,centroid,6,0.9467,0.3448
82,castle,mountain,can,bicycle,Q4,0.537413,0.625,exemplar_knn_k3,6,0.92,1.2328
82,castle,mountain,can,bicycle,Q4,0.537413,0.625,logreg,6,0.8933,0.6965
82,castle,mountain,can,bicycle,Q4,0.537413,0.625,random,6,0.36,1.2003
82,castle,mountain,can,bicycle,Q4,0.537413,0.625,centroid,7,0.9867,0.3547
82,castle,mountain,can,bicycle,Q4,0.537413,0.625,exemplar_knn_k3,7,0.98,1.2534
82,castle,mountain,can,bicycle,Q4,0.537413,0.625,logreg,7,0.9467,0.7002
82,castle,mountain,can,bicycle,Q4,0.537413,0.625,random,7,0.32,1.3261
82,castle,mountain,can,bicycle,Q4,0.537413,0.625,centroid,8,1.0,0.3033
82,castle,mountain,can,bicycle,Q4,0.537413,0.625,exemplar_knn_k3,8,1.0,1.1258
82,castle,mountain,can,bicycle,Q4,0.537413,0.625,logreg,8,0.9867,0.616
82,castle,mountain,can,bicycle,Q4,0.537413,0.625,random,8,0.36,1.2686
82,castle,mountain,can,bicycle,Q4,0.537413,0.625,centroid,9,0.9,0.3732
82,castle,mountain,can,bicycle,Q4,0.537413,0.625,exemplar_knn_k3,9,0.9067,1.2357
82,castle,mountain,can,bicycle,Q4,0.537413,0.625,logreg,9,0.8267,0.7311
82,castle,mountain,can,bicycle,Q4,0.537413,0.625,random,9,0.3867,1.1228
82,castle,mountain,can,bicycle,Q4,0.537413,0.625,centroid,10,0.9533,0.3802
82,castle,mountain,can,bicycle,Q4,0.537413,0.625,exemplar_knn_k3,10,0.9467,1.2696
82,castle,mountain,can,bicycle,Q4,0.537413,0.625,logreg,10,0.9667,0.7582
82,castle,mountain,can,bicycle,Q4,0.537413,0.625,random,10,0.2667,1.2835
82,castle,mountain,can,bicycle,Q4,0.537413,0.625,centroid,11,0.98,0.3557
82,castle,mountain,can,bicycle,Q4,0.537413,0.625,exemplar_knn_k3,11,0.9867,1.2931
82,castle,mountain,can,bicycle,Q4,0.537413,0.625,logreg,11,0.9733,0.6799
82,castle,mountain,can,bicycle,Q4,0.537413,0.625,random,11,0.3533,1.2082
82,castle,mountain,can,bicycle,Q4,0.537413,0.625,centroid,12,0.9533,0.3345
82,castle,mountain,can,bicycle,Q4,0.537413,0.625,exemplar_knn_k3,12,0.9333,1.184
82,castle,mountain,can,bicycle,Q4,0.537413,0.625,logreg,12,0.88,0.6626
82,castle,mountain,can,bicycle,Q4,0.537413,0.625,random,12,0.3933,1.3052
82,castle,mountain,can,bicycle,Q4,0.537413,0.625,centroid,13,0.98,0.3733
82,castle,mountain,can,bicycle,Q4,0.537413,0.625,exemplar_knn_k3,13,0.9667,1.3367
82,castle,mountain,can,bicycle,Q4,0.537413,0.625,logreg,13,0.9333,0.7368
82,castle,mountain,can,bicycle,Q4,0.537413,0.625,random,13,0.3733,1.4331
82,castle,mountain,can,bicycle,Q4,0.537413,0.625,centroid,14,1.0,0.389
82,castle,mountain,can,bicycle,Q4,0.537413,0.625,exemplar_knn_k3,14,0.9933,1.3888
82,castle,mountain,can,bicycle,Q4,0.537413,0.625,logreg,14,1.0,0.7532
82,castle,mountain,can,bicycle,Q4,0.537413,0.625,random,14,0.3267,1.3655
82,castle,mountain,can,bicycle,Q4,0.537413,0.625,centroid,15,0.9933,0.3367
82,castle,mountain,can,bicycle,Q4,0.537413,0.625,exemplar_knn_k3,15,0.9867,1.27
82,castle,mountain,can,bicycle,Q4,0.537413,0.625,logreg,15,0.98,0.6963
82,castle,mountain,can,bicycle,Q4,0.537413,0.625,random,15,0.2867,1.1847
82,castle,mountain,can,bicycle,Q4,0.537413,0.625,centroid,16,0.9867,0.3211
82,castle,mountain,can,bicycle,Q4,0.537413,0.625,exemplar_knn_k3,16,0.98,1.2293
82,castle,mountain,can,bicycle,Q4,0.537413,0.625,logreg,16,0.9867,0.6546
82,castle,mountain,can,bicycle,Q4,0.537413,0.625,random,16,0.3667,1.1343
82,castle,mountain,can,bicycle,Q4,0.537413,0.625,centroid,17,0.98,0.3449
82,castle,mountain,can,bicycle,Q4,0.537413,0.625,exemplar_knn_k3,17,0.98,1.3563
82,castle,mountain,can,bicycle,Q4,0.537413,0.625,logreg,17,0.98,0.7086
82,castle,mountain,can,bicycle,Q4,0.537413,0.625,random,17,0.32,1.2888
82,castle,mountain,can,bicycle,Q4,0.537413,0.625,centroid,18,0.9867,0.3325
82,castle,mountain,can,bicycle,Q4,0.537413,0.625,exemplar_knn_k3,18,0.9733,1.1789
82,castle,mountain,can,bicycle,Q4,0.537413,0.625,logreg,18,0.9867,0.6758
82,castle,mountain,can,bicycle,Q4,0.537413,0.625,random,18,0.28,1.2269
82,castle,mountain,can,bicycle,Q4,0.537413,0.625,centroid,19,0.9733,0.3929
82,castle,mountain,can,bicycle,Q4,0.537413,0.625,exemplar_knn_k3,19,0.9667,1.3696
82,castle,mountain,can,bicycle,Q4,0.537413,0.625,logreg,19,0.9733,0.7867
82,castle,mountain,can,bicycle,Q4,0.537413,0.625,random,19,0.3667,1.2362
82,castle,mountain,can,bicycle,Q4,0.537413,0.625,centroid,20,0.9933,0.353
82,castle,mountain,can,bicycle,Q4,0.537413,0.625,exemplar_knn_k3,20,0.98,1.2534
82,castle,mountain,can,bicycle,Q4,0.537413,0.625,logreg,20,0.9933,0.6983
82,castle,mountain,can,bicycle,Q4,0.537413,0.625,random,20,0.3267,1.1829
82,castle,mountain,can,bicycle,Q4,0.537413,0.625,centroid,21,0.9867,0.3997
82,castle,mountain,can,bicycle,Q4,0.537413,0.625,exemplar_knn_k3,21,0.98,1.414
82,castle,mountain,can,bicycle,Q4,0.537413,0.625,logreg,21,0.9933,0.7917
82,castle,mountain,can,bicycle,Q4,0.537413,0.625,random,21,0.3133,1.1023
82,castle,mountain,can,bicycle,Q4,0.537413,0.625,centroid,22,0.9933,0.3772
82,castle,mountain,can,bicycle,Q4,0.537413,0.625,exemplar_knn_k3,22,0.98,1.3207
82,castle,mountain,can,bicycle,Q4,0.537413,0.625,logreg,22,0.9867,0.7457
82,castle,mountain,can,bicycle,Q4,0.537413,0.625,random,22,0.3533,1.2796
82,castle,mountain,can,bicycle,Q4,0.537413,0.625,centroid,23,1.0,0.3649
82,castle,mountain,can,bicycle,Q4,0.537413,0.625,exemplar_knn_k3,23,0.98,1.2814
82,castle,mountain,can,bicycle,Q4,0.537413,0.625,logreg,23,0.98,0.7097
82,castle,mountain,can,bicycle,Q4,0.537413,0.625,random,23,0.3,1.1882
82,castle,mountain,can,bicycle,Q4,0.537413,0.625,centroid,24,0.94,0.3407
82,castle,mountain,can,bicycle,Q4,0.537413,0.625,exemplar_knn_k3,24,0.9267,1.2032
82,castle,mountain,can,bicycle,Q4,0.537413,0.625,logreg,24,0.8867,0.6579
82,castle,mountain,can,bicycle,Q4,0.537413,0.625,random,24,0.3,1.3897
82,castle,mountain,can,bicycle,Q4,0.537413,0.625,centroid,25,0.98,0.3372
82,castle,mountain,can,bicycle,Q4,0.537413,0.625,exemplar_knn_k3,25,0.9867,1.2381
82,castle,mountain,can,bicycle,Q4,0.537413,0.625,logreg,25,0.9867,0.6744
82,castle,mountain,can,bicycle,Q4,0.537413,0.625,random,25,0.22,1.1609
82,castle,mountain,can,bicycle,Q4,0.537413,0.625,centroid,26,1.0,0.3077
82,castle,mountain,can,bicycle,Q4,0.537413,0.625,exemplar_knn_k3,26,0.9933,1.169
82,castle,mountain,can,bicycle,Q4,0.537413,0.625,logreg,26,0.9933,0.6107
82,castle,mountain,can,bicycle,Q4,0.537413,0.625,random,26,0.38,1.0692
82,castle,mountain,can,bicycle,Q4,0.537413,0.625,centroid,27,0.9867,0.3351
82,castle,mountain,can,bicycle,Q4,0.537413,0.625,exemplar_knn_k3,27,0.9867,1.3111
82,castle,mountain,can,bicycle,Q4,0.537413,0.625,logreg,27,0.98,0.7016
82,castle,mountain,can,bicycle,Q4,0.537413,0.625,random,27,0.3333,1.4042
82,castle,mountain,can,bicycle,Q4,0.537413,0.625,centroid,28,0.9533,0.3674
82,castle,mountain,can,bicycle,Q4,0.537413,0.625,exemplar_knn_k3,28,0.9667,1.2627
82,castle,mountain,can,bicycle,Q4,0.537413,0.625,logreg,28,0.8667,0.7103
82,castle,mountain,can,bicycle,Q4,0.537413,0.625,random,28,0.34,1.2724
82,castle,mountain,can,bicycle,Q4,0.537413,0.625,centroid,29,0.9933,0.3712
82,castle,mountain,can,bicycle,Q4,0.537413,0.625,exemplar_knn_k3,29,0.9867,1.2626
82,castle,mountain,can,bicycle,Q4,0.537413,0.625,logreg,29,0.9933,0.7467
82,castle,mountain,can,bicycle,Q4,0.537413,0.625,random,29,0.3867,1.0321
83,castle,squirrel,table,sweet_pepper,Q4,0.603679,0.652174,centroid,0,0.9867,0.308
83,castle,squirrel,table,sweet_pepper,Q4,0.603679,0.652174,exemplar_knn_k3,0,0.98,1.0892
83,castle,squirrel,table,sweet_pepper,Q4,0.603679,0.652174,logreg,0,0.9333,0.5639
83,castle,squirrel,table,sweet_pepper,Q4,0.603679,0.652174,random,0,0.3467,1.3434
83,castle,squirrel,table,sweet_pepper,Q4,0.603679,0.652174,centroid,1,0.98,0.3259
83,castle,squirrel,table,sweet_pepper,Q4,0.603679,0.652174,exemplar_knn_k3,1,0.9733,1.0589
83,castle,squirrel,table,sweet_pepper,Q4,0.603679,0.652174,logreg,1,0.9667,0.6151
83,castle,squirrel,table,sweet_pepper,Q4,0.603679,0.652174,random,1,0.3467,1.3667
83,castle,squirrel,table,sweet_pepper,Q4,0.603679,0.652174,centroid,2,0.9733,0.3258
83,castle,squirrel,table,sweet_pepper,Q4,0.603679,0.652174,exemplar_knn_k3,2,0.9533,1.0936
83,castle,squirrel,table,sweet_pepper,Q4,0.603679,0.652174,logreg,2,0.94,0.6463
83,castle,squirrel,table,sweet_pepper,Q4,0.603679,0.652174,random,2,0.2867,1.2013
83,castle,squirrel,table,sweet_pepper,Q4,0.603679,0.652174,centroid,3,0.9333,0.2819
83,castle,squirrel,table,sweet_pepper,Q4,0.603679,0.652174,exemplar_knn_k3,3,0.8867,1.0223
83,castle,squirrel,table,sweet_pepper,Q4,0.603679,0.652174,logreg,3,0.94,0.5525
83,castle,squirrel,table,sweet_pepper,Q4,0.603679,0.652174,random,3,0.28,1.1882
83,castle,squirrel,table,sweet_pepper,Q4,0.603679,0.652174,centroid,4,0.9733,0.3043
83,castle,squirrel,table,sweet_pepper,Q4,0.603679,0.652174,exemplar_knn_k3,4,0.96,1.1143
83,castle,squirrel,table,sweet_pepper,Q4,0.603679,0.652174,logreg,4,0.9,0.6271
83,castle,squirrel,table,sweet_pepper,Q4,0.603679,0.652174,random,4,0.28,1.0622
83,castle,squirrel,table,sweet_pepper,Q4,0.603679,0.652174,centroid,5,0.9667,0.3252
83,castle,squirrel,table,sweet_pepper,Q4,0.603679,0.652174,exemplar_knn_k3,5,0.9333,1.0921
83,castle,squirrel,table,sweet_pepper,Q4,0.603679,0.652174,logreg,5,0.9133,0.6305
83,castle,squirrel,table,sweet_pepper,Q4,0.603679,0.652174,random,5,0.3733,1.2493
83,castle,squirrel,table,sweet_pepper,Q4,0.603679,0.652174,centroid,6,0.9667,0.3173
83,castle,squirrel,table,sweet_pepper,Q4,0.603679,0.652174,exemplar_knn_k3,6,0.96,1.0716
83,castle,squirrel,table,sweet_pepper,Q4,0.603679,0.652174,logreg,6,0.9467,0.6076
83,castle,squirrel,table,sweet_pepper,Q4,0.603679,0.652174,random,6,0.2867,1.1776
83,castle,squirrel,table,sweet_pepper,Q4,0.603679,0.652174,centroid,7,0.96,0.3027
83,castle,squirrel,table,sweet_pepper,Q4,0.603679,0.652174,exemplar_knn_k3,7,0.9533,1.0267
83,castle,squirrel,table,sweet_pepper,Q4,0.603679,0.652174,logreg,7,0.9733,0.5981
83,castle,squirrel,table,sweet_pepper,Q4,0.603679,0.652174,random,7,0.3667,1.2726
83,castle,squirrel,table,sweet_pepper,Q4,0.603679,0.652174,centroid,8,0.88,0.277
83,castle,squirrel,table,sweet_pepper,Q4,0.603679,0.652174,exemplar_knn_k3,8,0.88,1.0239
83,castle,squirrel,table,sweet_pepper,Q4,0.603679,0.652174,logreg,8,0.8133,0.5715
83,castle,squirrel,table,sweet_pepper,Q4,0.603679,0.652174,random,8,0.3,1.0334
83,castle,squirrel,table,sweet_pepper,Q4,0.603679,0.652174,centroid,9,0.98,0.3368
83,castle,squirrel,table,sweet_pepper,Q4,0.603679,0.652174,exemplar_knn_k3,9,0.9533,1.0826
83,castle,squirrel,table,sweet_pepper,Q4,0.603679,0.652174,logreg,9,0.9733,0.6409
83,castle,squirrel,table,sweet_pepper,Q4,0.603679,0.652174,random,9,0.3933,1.2537
83,castle,squirrel,table,sweet_pepper,Q4,0.603679,0.652174,centroid,10,0.9667,0.3143
83,castle,squirrel,table,sweet_pepper,Q4,0.603679,0.652174,exemplar_knn_k3,10,0.9533,1.1042
83,castle,squirrel,table,sweet_pepper,Q4,0.603679,0.652174,logreg,10,0.9467,0.6192
83,castle,squirrel,table,sweet_pepper,Q4,0.603679,0.652174,random,10,0.32,1.2555
83,castle,squirrel,table,sweet_pepper,Q4,0.603679,0.652174,centroid,11,0.9667,0.3383
83,castle,squirrel,table,sweet_pepper,Q4,0.603679,0.652174,exemplar_knn_k3,11,0.9467,1.1756
83,castle,squirrel,table,sweet_pepper,Q4,0.603679,0.652174,logreg,11,0.9867,0.6466
83,castle,squirrel,table,sweet_pepper,Q4,0.603679,0.652174,random,11,0.32,1.225
83,castle,squirrel,table,sweet_pepper,Q4,0.603679,0.652174,centroid,12,0.9467,0.3129
83,castle,squirrel,table,sweet_pepper,Q4,0.603679,0.652174,exemplar_knn_k3,12,0.9133,1.0276
83,castle,squirrel,table,sweet_pepper,Q4,0.603679,0.652174,logreg,12,0.9733,0.6119
83,castle,squirrel,table,sweet_pepper,Q4,0.603679,0.652174,random,12,0.3533,1.0815
83,castle,squirrel,table,sweet_pepper,Q4,0.603679,0.652174,centroid,13,0.9867,0.2863
83,castle,squirrel,table,sweet_pepper,Q4,0.603679,0.652174,exemplar_knn_k3,13,0.9667,0.972
83,castle,squirrel,table,sweet_pepper,Q4,0.603679,0.652174,logreg,13,0.9933,0.5588
83,castle,squirrel,table,sweet_pepper,Q4,0.603679,0.652174,random,13,0.36,1.3443
83,castle,squirrel,table,sweet_pepper,Q4,0.603679,0.652174,centroid,14,1.0,0.2908
83,castle,squirrel,table,sweet_pepper,Q4,0.603679,0.652174,exemplar_knn_k3,14,0.9667,1.04
83,castle,squirrel,table,sweet_pepper,Q4,0.603679,0.652174,logreg,14,0.98,0.5772
83,castle,squirrel,table,sweet_pepper,Q4,0.603679,0.652174,random,14,0.3533,1.2231
83,castle,squirrel,table,sweet_pepper,Q4,0.603679,0.652174,centroid,15,0.9467,0.3071
83,castle,squirrel,table,sweet_pepper,Q4,0.603679,0.652174,exemplar_knn_k3,15,0.9333,1.0488
83,castle,squirrel,table,sweet_pepper,Q4,0.603679,0.652174,logreg,15,0.8733,0.6109
83,castle,squirrel,table,sweet_pepper,Q4,0.603679,0.652174,random,15,0.34,1.1591
83,castle,squirrel,table,sweet_pepper,Q4,0.603679,0.652174,centroid,16,0.9667,0.3197
83,castle,squirrel,table,sweet_pepper,Q4,0.603679,0.652174,exemplar_knn_k3,16,0.9467,1.0672
83,castle,squirrel,table,sweet_pepper,Q4,0.603679,0.652174,logreg,16,0.8933,0.6224
83,castle,squirrel,table,sweet_pepper,Q4,0.603679,0.652174,random,16,0.3867,1.1545
83,castle,squirrel,table,sweet_pepper,Q4,0.603679,0.652174,centroid,17,0.9667,0.2995
83,castle,squirrel,table,sweet_pepper,Q4,0.603679,0.652174,exemplar_knn_k3,17,0.98,1.0713
83,castle,squirrel,table,sweet_pepper,Q4,0.603679,0.652174,logreg,17,0.8733,0.6036
83,castle,squirrel,table,sweet_pepper,Q4,0.603679,0.652174,random,17,0.3333,1.2174
83,castle,squirrel,table,sweet_pepper,Q4,0.603679,0.652174,centroid,18,0.9267,0.3306
83,castle,squirrel,table,sweet_pepper,Q4,0.603679,0.652174,exemplar_knn_k3,18,0.9333,1.0516
83,castle,squirrel,table,sweet_pepper,Q4,0.603679,0.652174,logreg,18,0.9133,0.6274
83,castle,squirrel,table,sweet_pepper,Q4,0.603679,0.652174,random,18,0.3,1.1678
83,castle,squirrel,table,sweet_pepper,Q4,0.603679,0.652174,centroid,19,0.9467,0.3233
83,castle,squirrel,table,sweet_pepper,Q4,0.603679,0.652174,exemplar_knn_k3,19,0.9467,1.0905
83,castle,squirrel,table,sweet_pepper,Q4,0.603679,0.652174,logreg,19,0.94,0.6012
83,castle,squirrel,table,sweet_pepper,Q4,0.603679,0.652174,random,19,0.4067,1.4421
83,castle,squirrel,table,sweet_pepper,Q4,0.603679,0.652174,centroid,20,0.9667,0.3199
83,castle,squirrel,table,sweet_pepper,Q4,0.603679,0.652174,exemplar_knn_k3,20,0.96,1.0602
83,castle,squirrel,table,sweet_pepper,Q4,0.603679,0.652174,logreg,20,0.9133,0.6339
83,castle,squirrel,table,sweet_pepper,Q4,0.603679,0.652174,random,20,0.2733,1.2033
83,castle,squirrel,table,sweet_pepper,Q4,0.603679,0.652174,centroid,21,0.96,0.3047
83,castle,squirrel,table,sweet_pepper,Q4,0.603679,0.652174,exemplar_knn_k3,21,0.9467,0.993
83,castle,squirrel,table,sweet_pepper,Q4,0.603679,0.652174,logreg,21,0.8933,0.5662
83,castle,squirrel,table,sweet_pepper,Q4,0.603679,0.652174,random,21,0.38,1.0659
83,castle,squirrel,table,sweet_pepper,Q4,0.603679,0.652174,centroid,22,0.96,0.3418
83,castle,squirrel,table,sweet_pepper,Q4,0.603679,0.652174,exemplar_knn_k3,22,0.9667,1.1658
83,castle,squirrel,table,sweet_pepper,Q4,0.603679,0.652174,logreg,22,0.94,0.6724
83,castle,squirrel,table,sweet_pepper,Q4,0.603679,0.652174,random,22,0.3267,1.1458
83,castle,squirrel,table,sweet_pepper,Q4,0.603679,0.652174,centroid,23,0.96,0.3233
83,castle,squirrel,table,sweet_pepper,Q4,0.603679,0.652174,exemplar_knn_k3,23,0.9733,1.0917
83,castle,squirrel,table,sweet_pepper,Q4,0.603679,0.652174,logreg,23,0.84,0.6125
83,castle,squirrel,table,sweet_pepper,Q4,0.603679,0.652174,random,23,0.3333,1.1036
83,castle,squirrel,table,sweet_pepper,Q4,0.603679,0.652174,centroid,24,0.9533,0.2834
83,castle,squirrel,table,sweet_pepper,Q4,0.603679,0.652174,exemplar_knn_k3,24,0.9067,0.991
83,castle,squirrel,table,sweet_pepper,Q4,0.603679,0.652174,logreg,24,0.9,0.5623
83,castle,squirrel,table,sweet_pepper,Q4,0.603679,0.652174,random,24,0.3733,1.3193
83,castle,squirrel,table,sweet_pepper,Q4,0.603679,0.652174,centroid,25,0.9333,0.3289
83,castle,squirrel,table,sweet_pepper,Q4,0.603679,0.652174,exemplar_knn_k3,25,0.92,1.0862
83,castle,squirrel,table,sweet_pepper,Q4,0.603679,0.652174,logreg,25,0.9333,0.6369
83,castle,squirrel,table,sweet_pepper,Q4,0.603679,0.652174,random,25,0.2533,1.2402
83,castle,squirrel,table,sweet_pepper,Q4,0.603679,0.652174,centroid,26,0.92,0.2905
83,castle,squirrel,table,sweet_pepper,Q4,0.603679,0.652174,exemplar_knn_k3,26,0.92,0.9847
83,castle,squirrel,table,sweet_pepper,Q4,0.603679,0.652174,logreg,26,0.8667,0.6012
83,castle,squirrel,table,sweet_pepper,Q4,0.603679,0.652174,random,26,0.4,1.199
83,castle,squirrel,table,sweet_pepper,Q4,0.603679,0.652174,centroid,27,0.96,0.3061
83,castle,squirrel,table,sweet_pepper,Q4,0.603679,0.652174,exemplar_knn_k3,27,0.96,0.9908
83,castle,squirrel,table,sweet_pepper,Q4,0.603679,0.652174,logreg,27,0.8533,0.5882
83,castle,squirrel,table,sweet_pepper,Q4,0.603679,0.652174,random,27,0.3533,1.4795
83,castle,squirrel,table,sweet_pepper,Q4,0.603679,0.652174,centroid,28,0.8467,0.306
83,castle,squirrel,table,sweet_pepper,Q4,0.603679,0.652174,exemplar_knn_k3,28,0.88,0.9863
83,castle,squirrel,table,sweet_pepper,Q4,0.603679,0.652174,logreg,28,0.8,0.6181
83,castle,squirrel,table,sweet_pepper,Q4,0.603679,0.652174,random,28,0.3733,1.3685
83,castle,squirrel,table,sweet_pepper,Q4,0.603679,0.652174,centroid,29,0.96,0.3388
83,castle,squirrel,table,sweet_pepper,Q4,0.603679,0.652174,exemplar_knn_k3,29,0.9533,1.0874
83,castle,squirrel,table,sweet_pepper,Q4,0.603679,0.652174,logreg,29,0.98,0.654
83,castle,squirrel,table,sweet_pepper,Q4,0.603679,0.652174,random,29,0.3667,1.2201
84,chair,dinosaur,lion,telephone,Q4,0.693337,0.652174,centroid,0,0.8267,0.3567
84,chair,dinosaur,lion,telephone,Q4,0.693337,0.652174,exemplar_knn_k3,0,0.82,1.3182
84,chair,dinosaur,lion,telephone,Q4,0.693337,0.652174,logreg,0,0.8267,0.705
84,chair,dinosaur,lion,telephone,Q4,0.693337,0.652174,random,0,0.2933,1.1238
84,chair,dinosaur,lion,telephone,Q4,0.693337,0.652174,centroid,1,0.8733,0.3035
84,chair,dinosaur,lion,telephone,Q4,0.693337,0.652174,exemplar_knn_k3,1,0.8733,1.1358
84,chair,dinosaur,lion,telephone,Q4,0.693337,0.652174,logreg,1,0.8533,0.6149
84,chair,dinosaur,lion,telephone,Q4,0.693337,0.652174,random,1,0.2933,1.3056
84,chair,dinosaur,lion,telephone,Q4,0.693337,0.652174,centroid,2,0.8667,0.3623
84,chair,dinosaur,lion,telephone,Q4,0.693337,0.652174,exemplar_knn_k3,2,0.88,1.2556
84,chair,dinosaur,lion,telephone,Q4,0.693337,0.652174,logreg,2,0.82,0.7173
84,chair,dinosaur,lion,telephone,Q4,0.693337,0.652174,random,2,0.3267,1.2851
84,chair,dinosaur,lion,telephone,Q4,0.693337,0.652174,centroid,3,0.8667,0.2627
84,chair,dinosaur,lion,telephone,Q4,0.693337,0.652174,exemplar_knn_k3,3,0.8733,1.1392
84,chair,dinosaur,lion,telephone,Q4,0.693337,0.652174,logreg,3,0.8533,0.5685
84,chair,dinosaur,lion,telephone,Q4,0.693337,0.652174,random,3,0.2867,1.3226
84,chair,dinosaur,lion,telephone,Q4,0.693337,0.652174,centroid,4,0.8533,0.3589
84,chair,dinosaur,lion,telephone,Q4,0.693337,0.652174,exemplar_knn_k3,4,0.8467,1.3438
84,chair,dinosaur,lion,telephone,Q4,0.693337,0.652174,logreg,4,0.8467,0.7335
84,chair,dinosaur,lion,telephone,Q4,0.693337,0.652174,random,4,0.3533,1.1347
84,chair,dinosaur,lion,telephone,Q4,0.693337,0.652174,centroid,5,0.8867,0.3863
84,chair,dinosaur,lion,telephone,Q4,0.693337,0.652174,exemplar_knn_k3,5,0.88,1.3793
84,chair,dinosaur,lion,telephone,Q4,0.693337,0.652174,logreg,5,0.84,0.779
84,chair,dinosaur,lion,telephone,Q4,0.693337,0.652174,random,5,0.3333,1.2089
84,chair,dinosaur,lion,telephone,Q4,0.693337,0.652174,centroid,6,0.9267,0.2846
84,chair,dinosaur,lion,telephone,Q4,0.693337,0.652174,exemplar_knn_k3,6,0.9467,1.159
84,chair,dinosaur,lion,telephone,Q4,0.693337,0.652174,logreg,6,0.9133,0.5957
84,chair,dinosaur,lion,telephone,Q4,0.693337,0.652174,random,6,0.4,1.1209
84,chair,dinosaur,lion,telephone,Q4,0.693337,0.652174,centroid,7,0.86,0.3465
84,chair,dinosaur,lion,telephone,Q4,0.693337,0.652174,exemplar_knn_k3,7,0.8267,1.2356
84,chair,dinosaur,lion,telephone,Q4,0.693337,0.652174,logreg,7,0.86,0.7024
84,chair,dinosaur,lion,telephone,Q4,0.693337,0.652174,random,7,0.2733,1.3008
84,chair,dinosaur,lion,telephone,Q4,0.693337,0.652174,centroid,8,0.84,0.4102
84,chair,dinosaur,lion,telephone,Q4,0.693337,0.652174,exemplar_knn_k3,8,0.8467,1.4058
84,chair,dinosaur,lion,telephone,Q4,0.693337,0.652174,logreg,8,0.82,0.8555
84,chair,dinosaur,lion,telephone,Q4,0.693337,0.652174,random,8,0.32,1.2653
84,chair,dinosaur,lion,telephone,Q4,0.693337,0.652174,centroid,9,0.9133,0.2635
84,chair,dinosaur,lion,telephone,Q4,0.693337,0.652174,exemplar_knn_k3,9,0.8933,1.1699
84,chair,dinosaur,lion,telephone,Q4,0.693337,0.652174,logreg,9,0.9067,0.5573
84,chair,dinosaur,lion,telephone,Q4,0.693337,0.652174,random,9,0.2867,1.3174
84,chair,dinosaur,lion,telephone,Q4,0.693337,0.652174,centroid,10,0.9,0.2905
84,chair,dinosaur,lion,telephone,Q4,0.693337,0.652174,exemplar_knn_k3,10,0.92,1.1898
84,chair,dinosaur,lion,telephone,Q4,0.693337,0.652174,logreg,10,0.9133,0.6207
84,chair,dinosaur,lion,telephone,Q4,0.693337,0.652174,random,10,0.4133,1.406
84,chair,dinosaur,lion,telephone,Q4,0.693337,0.652174,centroid,11,0.86,0.3492
84,chair,dinosaur,lion,telephone,Q4,0.693337,0.652174,exemplar_knn_k3,11,0.8667,1.2854
84,chair,dinosaur,lion,telephone,Q4,0.693337,0.652174,logreg,11,0.86,0.6955
84,chair,dinosaur,lion,telephone,Q4,0.693337,0.652174,random,11,0.36,1.3354
84,chair,dinosaur,lion,telephone,Q4,0.693337,0.652174,centroid,12,0.92,0.3247
84,chair,dinosaur,lion,telephone,Q4,0.693337,0.652174,exemplar_knn_k3,12,0.8933,1.2214
84,chair,dinosaur,lion,telephone,Q4,0.693337,0.652174,logreg,12,0.9533,0.6407
84,chair,dinosaur,lion,telephone,Q4,0.693337,0.652174,random,12,0.3467,1.2886
84,chair,dinosaur,lion,telephone,Q4,0.693337,0.652174,centroid,13,0.8867,0.3152
84,chair,dinosaur,lion,telephone,Q4,0.693337,0.652174,exemplar_knn_k3,13,0.8867,1.2086
84,chair,dinosaur,lion,telephone,Q4,0.693337,0.652174,logreg,13,0.8667,0.6612
84,chair,dinosaur,lion,telephone,Q4,0.693337,0.652174,random,13,0.3667,0.9916
84,chair,dinosaur,lion,telephone,Q4,0.693337,0.652174,centroid,14,0.9467,0.2823
84,chair,dinosaur,lion,telephone,Q4,0.693337,0.652174,exemplar_knn_k3,14,0.9067,1.0991
84,chair,dinosaur,lion,telephone,Q4,0.693337,0.652174,logreg,14,0.9067,0.5961
84,chair,dinosaur,lion,telephone,Q4,0.693337,0.652174,random,14,0.2933,1.1249
84,chair,dinosaur,lion,telephone,Q4,0.693337,0.652174,centroid,15,0.8533,0.3585
84,chair,dinosaur,lion,telephone,Q4,0.693337,0.652174,exemplar_knn_k3,15,0.8467,1.3037
84,chair,dinosaur,lion,telephone,Q4,0.693337,0.652174,logreg,15,0.88,0.7207
84,chair,dinosaur,lion,telephone,Q4,0.693337,0.652174,random,15,0.3333,1.2707
84,chair,dinosaur,lion,telephone,Q4,0.693337,0.652174,centroid,16,0.8267,0.3576
84,chair,dinosaur,lion,telephone,Q4,0.693337,0.652174,exemplar_knn_k3,16,0.84,1.282
84,chair,dinosaur,lion,telephone,Q4,0.693337,0.652174,logreg,16,0.8133,0.7129
84,chair,dinosaur,lion,telephone,Q4,0.693337,0.652174,random,16,0.3267,1.1489
84,chair,dinosaur,lion,telephone,Q4,0.693337,0.652174,centroid,17,0.8733,0.3551
84,chair,dinosaur,lion,telephone,Q4,0.693337,0.652174,exemplar_knn_k3,17,0.8667,1.2951
84,chair,dinosaur,lion,telephone,Q4,0.693337,0.652174,logreg,17,0.8467,0.6911
84,chair,dinosaur,lion,telephone,Q4,0.693337,0.652174,random,17,0.2933,1.0716
84,chair,dinosaur,lion,telephone,Q4,0.693337,0.652174,centroid,18,0.9333,0.274
84,chair,dinosaur,lion,telephone,Q4,0.693337,0.652174,exemplar_knn_k3,18,0.9333,1.1541
84,chair,dinosaur,lion,telephone,Q4,0.693337,0.652174,logreg,18,0.94,0.5837
84,chair,dinosaur,lion,telephone,Q4,0.693337,0.652174,random,18,0.3067,1.3859
84,chair,dinosaur,lion,telephone,Q4,0.693337,0.652174,centroid,19,0.88,0.268
84,chair,dinosaur,lion,telephone,Q4,0.693337,0.652174,exemplar_knn_k3,19,0.88,1.089
84,chair,dinosaur,lion,telephone,Q4,0.693337,0.652174,logreg,19,0.8533,0.573
84,chair,dinosaur,lion,telephone,Q4,0.693337,0.652174,random,19,0.3867,1.1872
84,chair,dinosaur,lion,telephone,Q4,0.693337,0.652174,centroid,20,0.88,0.3736
84,chair,dinosaur,lion,telephone,Q4,0.693337,0.652174,exemplar_knn_k3,20,0.88,1.3449
84,chair,dinosaur,lion,telephone,Q4,0.693337,0.652174,logreg,20,0.8467,0.7562
84,chair,dinosaur,lion,telephone,Q4,0.693337,0.652174,random,20,0.36,1.1868
84,chair,dinosaur,lion,telephone,Q4,0.693337,0.652174,centroid,21,0.8733,0.2922
84,chair,dinosaur,lion,telephone,Q4,0.693337,0.652174,exemplar_knn_k3,21,0.8533,1.1163
84,chair,dinosaur,lion,telephone,Q4,0.693337,0.652174,logreg,21,0.8467,0.615
84,chair,dinosaur,lion,telephone,Q4,0.693337,0.652174,random,21,0.3067,1.2928
84,chair,dinosaur,lion,telephone,Q4,0.693337,0.652174,centroid,22,0.8267,0.3558
84,chair,dinosaur,lion,telephone,Q4,0.693337,0.652174,exemplar_knn_k3,22,0.82,1.2332
84,chair,dinosaur,lion,telephone,Q4,0.693337,0.652174,logreg,22,0.82,0.7254
84,chair,dinosaur,lion,telephone,Q4,0.693337,0.652174,random,22,0.3467,1.1965
84,chair,dinosaur,lion,telephone,Q4,0.693337,0.652174,centroid,23,0.8733,0.3328
84,chair,dinosaur,lion,telephone,Q4,0.693337,0.652174,exemplar_knn_k3,23,0.8867,1.2712
84,chair,dinosaur,lion,telephone,Q4,0.693337,0.652174,logreg,23,0.84,0.6959
84,chair,dinosaur,lion,telephone,Q4,0.693337,0.652174,random,23,0.38,1.2303
84,chair,dinosaur,lion,telephone,Q4,0.693337,0.652174,centroid,24,0.8533,0.3348
84,chair,dinosaur,lion,telephone,Q4,0.693337,0.652174,exemplar_knn_k3,24,0.8667,1.2301
84,chair,dinosaur,lion,telephone,Q4,0.693337,0.652174,logreg,24,0.82,0.6755
84,chair,dinosaur,lion,telephone,Q4,0.693337,0.652174,random,24,0.3467,1.2298
84,chair,dinosaur,lion,telephone,Q4,0.693337,0.652174,centroid,25,0.8867,0.3708
84,chair,dinosaur,lion,telephone,Q4,0.693337,0.652174,exemplar_knn_k3,25,0.8733,1.321
84,chair,dinosaur,lion,telephone,Q4,0.693337,0.652174,logreg,25,0.86,0.7554
84,chair,dinosaur,lion,telephone,Q4,0.693337,0.652174,random,25,0.2933,1.0454
84,chair,dinosaur,lion,telephone,Q4,0.693337,0.652174,centroid,26,0.8667,0.3476
84,chair,dinosaur,lion,telephone,Q4,0.693337,0.652174,exemplar_knn_k3,26,0.8667,1.263
84,chair,dinosaur,lion,telephone,Q4,0.693337,0.652174,logreg,26,0.8267,0.692
84,chair,dinosaur,lion,telephone,Q4,0.693337,0.652174,random,26,0.3267,1.3226
84,chair,dinosaur,lion,telephone,Q4,0.693337,0.652174,centroid,27,0.82,0.3494
84,chair,dinosaur,lion,telephone,Q4,0.693337,0.652174,exemplar_knn_k3,27,0.8133,1.247
84,chair,dinosaur,lion,telephone,Q4,0.693337,0.652174,logreg,27,0.82,0.7161
84,chair,dinosaur,lion,telephone,Q4,0.693337,0.652174,random,27,0.3533,1.1156
84,chair,dinosaur,lion,telephone,Q4,0.693337,0.652174,centroid,28,0.9733,0.3222
84,chair,dinosaur,lion,telephone,Q4,0.693337,0.652174,exemplar_knn_k3,28,0.9467,1.2797
84,chair,dinosaur,lion,telephone,Q4,0.693337,0.652174,logreg,28,0.9733,0.6682
84,chair,dinosaur,lion,telephone,Q4,0.693337,0.652174,random,28,0.32,1.2839
84,chair,dinosaur,lion,telephone,Q4,0.693337,0.652174,centroid,29,0.8533,0.3748
84,chair,dinosaur,lion,telephone,Q4,0.693337,0.652174,exemplar_knn_k3,29,0.8533,1.3769
84,chair,dinosaur,lion,telephone,Q4,0.693337,0.652174,logreg,29,0.8333,0.7602
84,chair,dinosaur,lion,telephone,Q4,0.693337,0.652174,random,29,0.38,1.0975
85,clock,lizard,tiger,train,Q4,0.70125,0.666667,centroid,0,0.8933,0.3304
85,clock,lizard,tiger,train,Q4,0.70125,0.666667,exemplar_knn_k3,0,0.82,1.1446
85,clock,lizard,tiger,train,Q4,0.70125,0.666667,logreg,0,0.9133,0.6693
85,clock,lizard,tiger,train,Q4,0.70125,0.666667,random,0,0.2867,1.2889
85,clock,lizard,tiger,train,Q4,0.70125,0.666667,centroid,1,0.9,0.2675
85,clock,lizard,tiger,train,Q4,0.70125,0.666667,exemplar_knn_k3,1,0.8667,1.0733
85,clock,lizard,tiger,train,Q4,0.70125,0.666667,logreg,1,0.8733,0.565
85,clock,lizard,tiger,train,Q4,0.70125,0.666667,random,1,0.2867,1.0485
85,clock,lizard,tiger,train,Q4,0.70125,0.666667,centroid,2,0.8133,0.338
85,clock,lizard,tiger,train,Q4,0.70125,0.666667,exemplar_knn_k3,2,0.8067,1.2129
85,clock,lizard,tiger,train,Q4,0.70125,0.666667,logreg,2,0.8133,0.6829
85,clock,lizard,tiger,train,Q4,0.70125,0.666667,random,2,0.3533,1.1673
85,clock,lizard,tiger,train,Q4,0.70125,0.666667,centroid,3,0.92,0.2909
85,clock,lizard,tiger,train,Q4,0.70125,0.666667,exemplar_knn_k3,3,0.8933,1.1039
85,clock,lizard,tiger,train,Q4,0.70125,0.666667,logreg,3,0.9667,0.5854
85,clock,lizard,tiger,train,Q4,0.70125,0.666667,random,3,0.24,1.2343
85,clock,lizard,tiger,train,Q4,0.70125,0.666667,centroid,4,0.8133,0.3312
85,clock,lizard,tiger,train,Q4,0.70125,0.666667,exemplar_knn_k3,4,0.8133,1.1837
85,clock,lizard,tiger,train,Q4,0.70125,0.666667,logreg,4,0.82,0.6673
85,clock,lizard,tiger,train,Q4,0.70125,0.666667,random,4,0.28,1.3039
85,clock,lizard,tiger,train,Q4,0.70125,0.666667,centroid,5,0.8467,0.3495
85,clock,lizard,tiger,train,Q4,0.70125,0.666667,exemplar_knn_k3,5,0.84,1.2387
85,clock,lizard,tiger,train,Q4,0.70125,0.666667,logreg,5,0.8667,0.7046
85,clock,lizard,tiger,train,Q4,0.70125,0.666667,random,5,0.36,1.3219
85,clock,lizard,tiger,train,Q4,0.70125,0.666667,centroid,6,0.8533,0.2402
85,clock,lizard,tiger,train,Q4,0.70125,0.666667,exemplar_knn_k3,6,0.8333,0.9713
85,clock,lizard,tiger,train,Q4,0.70125,0.666667,logreg,6,0.9267,0.5082
85,clock,lizard,tiger,train,Q4,0.70125,0.666667,random,6,0.2733,1.1749
85,clock,lizard,tiger,train,Q4,0.70125,0.666667,centroid,7,0.8333,0.3418
85,clock,lizard,tiger,train,Q4,0.70125,0.666667,exemplar_knn_k3,7,0.84,1.1964
85,clock,lizard,tiger,train,Q4,0.70125,0.666667,logreg,7,0.8667,0.6745
85,clock,lizard,tiger,train,Q4,0.70125,0.666667,random,7,0.34,1.2173
85,clock,lizard,tiger,train,Q4,0.70125,0.666667,centroid,8,0.8333,0.3086
85,clock,lizard,tiger,train,Q4,0.70125,0.666667,exemplar_knn_k3,8,0.8533,1.0816
85,clock,lizard,tiger,train,Q4,0.70125,0.666667,logreg,8,0.8333,0.6256
85,clock,lizard,tiger,train,Q4,0.70125,0.666667,random,8,0.3533,1.2653
85,clock,lizard,tiger,train,Q4,0.70125,0.666667,centroid,9,0.94,0.2789
85,clock,lizard,tiger,train,Q4,0.70125,0.666667,exemplar_knn_k3,9,0.9133,1.115
85,clock,lizard,tiger,train,Q4,0.70125,0.666667,logreg,9,0.9667,0.5815
85,clock,lizard,tiger,train,Q4,0.70125,0.666667,random,9,0.3333,1.2398
85,clock,lizard,tiger,train,Q4,0.70125,0.666667,centroid,10,0.8867,0.2537
85,clock,lizard,tiger,train,Q4,0.70125,0.666667,exemplar_knn_k3,10,0.9,0.9407
85,clock,lizard,tiger,train,Q4,0.70125,0.666667,logreg,10,0.8733,0.5396
85,clock,lizard,tiger,train,Q4,0.70125,0.666667,random,10,0.2533,1.0777
85,clock,lizard,tiger,train,Q4,0.70125,0.666667,centroid,11,0.84,0.3274
85,clock,lizard,tiger,train,Q4,0.70125,0.666667,exemplar_knn_k3,11,0.8333,1.1544
85,clock,lizard,tiger,train,Q4,0.70125,0.666667,logreg,11,0.9333,0.6532
85,clock,lizard,tiger,train,Q4,0.70125,0.666667,random,11,0.3533,1.1523
85,clock,lizard,tiger,train,Q4,0.70125,0.666667,centroid,12,0.9,0.2595
85,clock,lizard,tiger,train,Q4,0.70125,0.666667,exemplar_knn_k3,12,0.8467,1.0081
85,clock,lizard,tiger,train,Q4,0.70125,0.666667,logreg,12,0.92,0.5455
85,clock,lizard,tiger,train,Q4,0.70125,0.666667,random,12,0.32,1.3331
85,clock,lizard,tiger,train,Q4,0.70125,0.666667,centroid,13,0.9333,0.3017
85,clock,lizard,tiger,train,Q4,0.70125,0.666667,exemplar_knn_k3,13,0.9267,1.0765
85,clock,lizard,tiger,train,Q4,0.70125,0.666667,logreg,13,0.9333,0.6209
85,clock,lizard,tiger,train,Q4,0.70125,0.666667,random,13,0.36,1.1814
85,clock,lizard,tiger,train,Q4,0.70125,0.666667,centroid,14,0.8667,0.2868
85,clock,lizard,tiger,train,Q4,0.70125,0.666667,exemplar_knn_k3,14,0.8133,1.0187
85,clock,lizard,tiger,train,Q4,0.70125,0.666667,logreg,14,0.9133,0.5659
85,clock,lizard,tiger,train,Q4,0.70125,0.666667,random,14,0.2667,1.0916
85,clock,lizard,tiger,train,Q4,0.70125,0.666667,centroid,15,0.8467,0.3358
85,clock,lizard,tiger,train,Q4,0.70125,0.666667,exemplar_knn_k3,15,0.8267,1.1463
85,clock,lizard,tiger,train,Q4,0.70125,0.666667,logreg,15,0.86,0.6615
85,clock,lizard,tiger,train,Q4,0.70125,0.666667,random,15,0.34,1.115
85,clock,lizard,tiger,train,Q4,0.70125,0.666667,centroid,16,0.82,0.3474
85,clock,lizard,tiger,train,Q4,0.70125,0.666667,exemplar_knn_k3,16,0.8133,1.2043
85,clock,lizard,tiger,train,Q4,0.70125,0.666667,logreg,16,0.8067,0.6963
85,clock,lizard,tiger,train,Q4,0.70125,0.666667,random,16,0.2933,1.218
85,clock,lizard,tiger,train,Q4,0.70125,0.666667,centroid,17,0.8267,0.3113
85,clock,lizard,tiger,train,Q4,0.70125,0.666667,exemplar_knn_k3,17,0.8133,1.0852
85,clock,lizard,tiger,train,Q4,0.70125,0.666667,logreg,17,0.82,0.6422
85,clock,lizard,tiger,train,Q4,0.70125,0.666667,random,17,0.3267,1.1302
85,clock,lizard,tiger,train,Q4,0.70125,0.666667,centroid,18,0.92,0.2499
85,clock,lizard,tiger,train,Q4,0.70125,0.666667,exemplar_knn_k3,18,0.8533,0.9368
85,clock,lizard,tiger,train,Q4,0.70125,0.666667,logreg,18,0.98,0.5112
85,clock,lizard,tiger,train,Q4,0.70125,0.666667,random,18,0.3133,1.0855
85,clock,lizard,tiger,train,Q4,0.70125,0.666667,centroid,19,0.88,0.3205
85,clock,lizard,tiger,train,Q4,0.70125,0.666667,exemplar_knn_k3,19,0.8733,1.1856
85,clock,lizard,tiger,train,Q4,0.70125,0.666667,logreg,19,0.94,0.6261
85,clock,lizard,tiger,train,Q4,0.70125,0.666667,random,19,0.34,1.2216
85,clock,lizard,tiger,train,Q4,0.70125,0.666667,centroid,20,0.8533,0.3217
85,clock,lizard,tiger,train,Q4,0.70125,0.666667,exemplar_knn_k3,20,0.8267,1.1479
85,clock,lizard,tiger,train,Q4,0.70125,0.666667,logreg,20,0.9,0.6346
85,clock,lizard,tiger,train,Q4,0.70125,0.666667,random,20,0.3133,1.1201
85,clock,lizard,tiger,train,Q4,0.70125,0.666667,centroid,21,0.9,0.2754
85,clock,lizard,tiger,train,Q4,0.70125,0.666667,exemplar_knn_k3,21,0.8933,1.1267
85,clock,lizard,tiger,train,Q4,0.70125,0.666667,logreg,21,0.94,0.5852
85,clock,lizard,tiger,train,Q4,0.70125,0.666667,random,21,0.3,1.3245
85,clock,lizard,tiger,train,Q4,0.70125,0.666667,centroid,22,0.8467,0.3579
85,clock,lizard,tiger,train,Q4,0.70125,0.666667,exemplar_knn_k3,22,0.84,1.2373
85,clock,lizard,tiger,train,Q4,0.70125,0.666667,logreg,22,0.9,0.6978
85,clock,lizard,tiger,train,Q4,0.70125,0.666667,random,22,0.22,1.3131
85,clock,lizard,tiger,train,Q4,0.70125,0.666667,centroid,23,0.8,0.3266
85,clock,lizard,tiger,train,Q4,0.70125,0.666667,exemplar_knn_k3,23,0.7867,1.1442
85,clock,lizard,tiger,train,Q4,0.70125,0.666667,logreg,23,0.8,0.6567
85,clock,lizard,tiger,train,Q4,0.70125,0.666667,random,23,0.2933,1.174
85,clock,lizard,tiger,train,Q4,0.70125,0.666667,centroid,24,0.84,0.3422
85,clock,lizard,tiger,train,Q4,0.70125,0.666667,exemplar_knn_k3,24,0.8333,1.1878
85,clock,lizard,tiger,train,Q4,0.70125,0.666667,logreg,24,0.84,0.7018
85,clock,lizard,tiger,train,Q4,0.70125,0.666667,random,24,0.3333,1.1533
85,clock,lizard,tiger,train,Q4,0.70125,0.666667,centroid,25,0.86,0.326
85,clock,lizard,tiger,train,Q4,0.70125,0.666667,exemplar_knn_k3,25,0.8533,1.1487
85,clock,lizard,tiger,train,Q4,0.70125,0.666667,logreg,25,0.82,0.6612
85,clock,lizard,tiger,train,Q4,0.70125,0.666667,random,25,0.4,1.2051
85,clock,lizard,tiger,train,Q4,0.70125,0.666667,centroid,26,0.8333,0.3334
85,clock,lizard,tiger,train,Q4,0.70125,0.666667,exemplar_knn_k3,26,0.8333,1.1356
85,clock,lizard,tiger,train,Q4,0.70125,0.666667,logreg,26,0.8067,0.6514
85,clock,lizard,tiger,train,Q4,0.70125,0.666667,random,26,0.2867,1.2581
85,clock,lizard,tiger,train,Q4,0.70125,0.666667,centroid,27,0.8067,0.3281
85,clock,lizard,tiger,train,Q4,0.70125,0.666667,exemplar_knn_k3,27,0.82,1.1489
85,clock,lizard,tiger,train,Q4,0.70125,0.666667,logreg,27,0.7867,0.6448
85,clock,lizard,tiger,train,Q4,0.70125,0.666667,random,27,0.34,1.2422
85,clock,lizard,tiger,train,Q4,0.70125,0.666667,centroid,28,0.8667,0.2801
85,clock,lizard,tiger,train,Q4,0.70125,0.666667,exemplar_knn_k3,28,0.86,1.0581
85,clock,lizard,tiger,train,Q4,0.70125,0.666667,logreg,28,0.9533,0.5861
85,clock,lizard,tiger,train,Q4,0.70125,0.666667,random,28,0.3667,1.3258
85,clock,lizard,tiger,train,Q4,0.70125,0.666667,centroid,29,0.8133,0.306
85,clock,lizard,tiger,train,Q4,0.70125,0.666667,exemplar_knn_k3,29,0.8133,1.0985
85,clock,lizard,tiger,train,Q4,0.70125,0.666667,logreg,29,0.8867,0.6171
85,clock,lizard,tiger,train,Q4,0.70125,0.666667,random,29,0.3,1.2124
86,crab,train,trout,keyboard,Q4,0.683321,0.619048,centroid,0,0.96,0.2883
86,crab,train,trout,keyboard,Q4,0.683321,0.619048,exemplar_knn_k3,0,0.9267,1.015
86,crab,train,trout,keyboard,Q4,0.683321,0.619048,logreg,0,0.9533,0.5523
86,crab,train,trout,keyboard,Q4,0.683321,0.619048,random,0,0.3333,1.2846
86,crab,train,trout,keyboard,Q4,0.683321,0.619048,centroid,1,0.8333,0.3253
86,crab,train,trout,keyboard,Q4,0.683321,0.619048,exemplar_knn_k3,1,0.8267,1.1805
86,crab,train,trout,keyboard,Q4,0.683321,0.619048,logreg,1,0.8533,0.65
86,crab,train,trout,keyboard,Q4,0.683321,0.619048,random,1,0.3133,1.3315
86,crab,train,trout,keyboard,Q4,0.683321,0.619048,centroid,2,0.8333,0.2353
86,crab,train,trout,keyboard,Q4,0.683321,0.619048,exemplar_knn_k3,2,0.8267,0.9494
86,crab,train,trout,keyboard,Q4,0.683321,0.619048,logreg,2,0.82,0.4845
86,crab,train,trout,keyboard,Q4,0.683321,0.619048,random,2,0.3333,1.2245
86,crab,train,trout,keyboard,Q4,0.683321,0.619048,centroid,3,0.82,0.3151
86,crab,train,trout,keyboard,Q4,0.683321,0.619048,exemplar_knn_k3,3,0.8267,1.0616
86,crab,train,trout,keyboard,Q4,0.683321,0.619048,logreg,3,0.8133,0.6416
86,crab,train,trout,keyboard,Q4,0.683321,0.619048,random,3,0.3533,1.2658
86,crab,train,trout,keyboard,Q4,0.683321,0.619048,centroid,4,0.9067,0.2711
86,crab,train,trout,keyboard,Q4,0.683321,0.619048,exemplar_knn_k3,4,0.8933,0.9663
86,crab,train,trout,keyboard,Q4,0.683321,0.619048,logreg,4,0.88,0.561
86,crab,train,trout,keyboard,Q4,0.683321,0.619048,random,4,0.36,1.273
86,crab,train,trout,keyboard,Q4,0.683321,0.619048,centroid,5,0.9,0.2999
86,crab,train,trout,keyboard,Q4,0.683321,0.619048,exemplar_knn_k3,5,0.8667,1.1189
86,crab,train,trout,keyboard,Q4,0.683321,0.619048,logreg,5,0.9133,0.5962
86,crab,train,trout,keyboard,Q4,0.683321,0.619048,random,5,0.3133,1.3194
86,crab,train,trout,keyboard,Q4,0.683321,0.619048,centroid,6,0.8467,0.2972
86,crab,train,trout,keyboard,Q4,0.683321,0.619048,exemplar_knn_k3,6,0.86,1.124
86,crab,train,trout,keyboard,Q4,0.683321,0.619048,logreg,6,0.8467,0.6104
86,crab,train,trout,keyboard,Q4,0.683321,0.619048,random,6,0.32,1.1393
86,crab,train,trout,keyboard,Q4,0.683321,0.619048,centroid,7,0.8533,0.3022
86,crab,train,trout,keyboard,Q4,0.683321,0.619048,exemplar_knn_k3,7,0.88,1.0615
86,crab,train,trout,keyboard,Q4,0.683321,0.619048,logreg,7,0.8133,0.6241
86,crab,train,trout,keyboard,Q4,0.683321,0.619048,random,7,0.3133,1.2033
86,crab,train,trout,keyboard,Q4,0.683321,0.619048,centroid,8,0.8533,0.258
86,crab,train,trout,keyboard,Q4,0.683321,0.619048,exemplar_knn_k3,8,0.9133,0.9209
86,crab,train,trout,keyboard,Q4,0.683321,0.619048,logreg,8,0.8933,0.5195
86,crab,train,trout,keyboard,Q4,0.683321,0.619048,random,8,0.3733,1.329
86,crab,train,trout,keyboard,Q4,0.683321,0.619048,centroid,9,0.8333,0.3391
86,crab,train,trout,keyboard,Q4,0.683321,0.619048,exemplar_knn_k3,9,0.8267,1.196
86,crab,train,trout,keyboard,Q4,0.683321,0.619048,logreg,9,0.8267,0.6813
86,crab,train,trout,keyboard,Q4,0.683321,0.619048,random,9,0.36,1.1675
86,crab,train,trout,keyboard,Q4,0.683321,0.619048,centroid,10,0.9,0.3419
86,crab,train,trout,keyboard,Q4,0.683321,0.619048,exemplar_knn_k3,10,0.8667,1.196
86,crab,train,trout,keyboard,Q4,0.683321,0.619048,logreg,10,0.86,0.691
86,crab,train,trout,keyboard,Q4,0.683321,0.619048,random,10,0.34,1.3454
86,crab,train,trout,keyboard,Q4,0.683321,0.619048,centroid,11,0.8333,0.3108
86,crab,train,trout,keyboard,Q4,0.683321,0.619048,exemplar_knn_k3,11,0.82,1.1251
86,crab,train,trout,keyboard,Q4,0.683321,0.619048,logreg,11,0.8667,0.5913
86,crab,train,trout,keyboard,Q4,0.683321,0.619048,random,11,0.3333,1.2136
86,crab,train,trout,keyboard,Q4,0.683321,0.619048,centroid,12,0.8533,0.3171
86,crab,train,trout,keyboard,Q4,0.683321,0.619048,exemplar_knn_k3,12,0.86,1.1012
86,crab,train,trout,keyboard,Q4,0.683321,0.619048,logreg,12,0.8333,0.6544
86,crab,train,trout,keyboard,Q4,0.683321,0.619048,random,12,0.3267,1.1928
86,crab,train,trout,keyboard,Q4,0.683321,0.619048,centroid,13,0.8533,0.3454
86,crab,train,trout,keyboard,Q4,0.683321,0.619048,exemplar_knn_k3,13,0.8533,1.1862
86,crab,train,trout,keyboard,Q4,0.683321,0.619048,logreg,13,0.8333,0.6798
86,crab,train,trout,keyboard,Q4,0.683321,0.619048,random,13,0.3667,1.2968
86,crab,train,trout,keyboard,Q4,0.683321,0.619048,centroid,14,0.9067,0.303
86,crab,train,trout,keyboard,Q4,0.683321,0.619048,exemplar_knn_k3,14,0.88,1.1149
86,crab,train,trout,keyboard,Q4,0.683321,0.619048,logreg,14,0.8867,0.6331
86,crab,train,trout,keyboard,Q4,0.683321,0.619048,random,14,0.3467,1.3021
86,crab,train,trout,keyboard,Q4,0.683321,0.619048,centroid,15,0.8667,0.2979
86,crab,train,trout,keyboard,Q4,0.683321,0.619048,exemplar_knn_k3,15,0.8667,1.0463
86,crab,train,trout,keyboard,Q4,0.683321,0.619048,logreg,15,0.82,0.6082
86,crab,train,trout,keyboard,Q4,0.683321,0.619048,random,15,0.36,1.3711
86,crab,train,trout,keyboard,Q4,0.683321,0.619048,centroid,16,0.8133,0.2689
86,crab,train,trout,keyboard,Q4,0.683321,0.619048,exemplar_knn_k3,16,0.7933,1.0381
86,crab,train,trout,keyboard,Q4,0.683321,0.619048,logreg,16,0.7867,0.5726
86,crab,train,trout,keyboard,Q4,0.683321,0.619048,random,16,0.3867,1.0699
86,crab,train,trout,keyboard,Q4,0.683321,0.619048,centroid,17,0.8467,0.2725
86,crab,train,trout,keyboard,Q4,0.683321,0.619048,exemplar_knn_k3,17,0.8733,1.0183
86,crab,train,trout,keyboard,Q4,0.683321,0.619048,logreg,17,0.8733,0.5054
86,crab,train,trout,keyboard,Q4,0.683321,0.619048,random,17,0.36,1.2644
86,crab,train,trout,keyboard,Q4,0.683321,0.619048,centroid,18,0.84,0.3002
86,crab,train,trout,keyboard,Q4,0.683321,0.619048,exemplar_knn_k3,18,0.8467,1.0452
86,crab,train,trout,keyboard,Q4,0.683321,0.619048,logreg,18,0.8533,0.6001
86,crab,train,trout,keyboard,Q4,0.683321,0.619048,random,18,0.2933,1.2865
86,crab,train,trout,keyboard,Q4,0.683321,0.619048,centroid,19,0.8133,0.3397
86,crab,train,trout,keyboard,Q4,0.683321,0.619048,exemplar_knn_k3,19,0.8067,1.2182
86,crab,train,trout,keyboard,Q4,0.683321,0.619048,logreg,19,0.7733,0.6815
86,crab,train,trout,keyboard,Q4,0.683321,0.619048,random,19,0.28,1.3609
86,crab,train,trout,keyboard,Q4,0.683321,0.619048,centroid,20,0.8533,0.3089
86,crab,train,trout,keyboard,Q4,0.683321,0.619048,exemplar_knn_k3,20,0.8533,1.1364
86,crab,train,trout,keyboard,Q4,0.683321,0.619048,logreg,20,0.84,0.6378
86,crab,train,trout,keyboard,Q4,0.683321,0.619048,random,20,0.38,1.4289
86,crab,train,trout,keyboard,Q4,0.683321,0.619048,centroid,21,0.8933,0.3397
86,crab,train,trout,keyboard,Q4,0.683321,0.619048,exemplar_knn_k3,21,0.88,1.1642
86,crab,train,trout,keyboard,Q4,0.683321,0.619048,logreg,21,0.8333,0.6677
86,crab,train,trout,keyboard,Q4,0.683321,0.619048,random,21,0.3067,1.1392
86,crab,train,trout,keyboard,Q4,0.683321,0.619048,centroid,22,0.8533,0.2819
86,crab,train,trout,keyboard,Q4,0.683321,0.619048,exemplar_knn_k3,22,0.8867,0.9784
86,crab,train,trout,keyboard,Q4,0.683321,0.619048,logreg,22,0.8333,0.5694
86,crab,train,trout,keyboard,Q4,0.683321,0.619048,random,22,0.3533,1.1339
86,crab,train,trout,keyboard,Q4,0.683321,0.619048,centroid,23,0.88,0.2851
86,crab,train,trout,keyboard,Q4,0.683321,0.619048,exemplar_knn_k3,23,0.8467,1.0482
86,crab,train,trout,keyboard,Q4,0.683321,0.619048,logreg,23,0.92,0.5651
86,crab,train,trout,keyboard,Q4,0.683321,0.619048,random,23,0.34,1.2895
86,crab,train,trout,keyboard,Q4,0.683321,0.619048,centroid,24,0.8933,0.2738
86,crab,train,trout,keyboard,Q4,0.683321,0.619048,exemplar_knn_k3,24,0.8733,1.0378
86,crab,train,trout,keyboard,Q4,0.683321,0.619048,logreg,24,0.92,0.5583
86,crab,train,trout,keyboard,Q4,0.683321,0.619048,random,24,0.3467,1.1477
86,crab,train,trout,keyboard,Q4,0.683321,0.619048,centroid,25,0.86,0.259
86,crab,train,trout,keyboard,Q4,0.683321,0.619048,exemplar_knn_k3,25,0.8333,0.9214
86,crab,train,trout,keyboard,Q4,0.683321,0.619048,logreg,25,0.8667,0.5379
86,crab,train,trout,keyboard,Q4,0.683321,0.619048,random,25,0.2533,1.2539
86,crab,train,trout,keyboard,Q4,0.683321,0.619048,centroid,26,0.86,0.281
86,crab,train,trout,keyboard,Q4,0.683321,0.619048,exemplar_knn_k3,26,0.8733,0.988
86,crab,train,trout,keyboard,Q4,0.683321,0.619048,logreg,26,0.7867,0.5724
86,crab,train,trout,keyboard,Q4,0.683321,0.619048,random,26,0.3267,1.2618
86,crab,train,trout,keyboard,Q4,0.683321,0.619048,centroid,27,0.8467,0.281
86,crab,train,trout,keyboard,Q4,0.683321,0.619048,exemplar_knn_k3,27,0.8333,1.0848
86,crab,train,trout,keyboard,Q4,0.683321,0.619048,logreg,27,0.8733,0.5563
86,crab,train,trout,keyboard,Q4,0.683321,0.619048,random,27,0.3133,1.267
86,crab,train,trout,keyboard,Q4,0.683321,0.619048,centroid,28,0.88,0.3447
86,crab,train,trout,keyboard,Q4,0.683321,0.619048,exemplar_knn_k3,28,0.8933,1.2016
86,crab,train,trout,keyboard,Q4,0.683321,0.619048,logreg,28,0.84,0.6943
86,crab,train,trout,keyboard,Q4,0.683321,0.619048,random,28,0.32,1.1408
86,crab,train,trout,keyboard,Q4,0.683321,0.619048,centroid,29,0.9133,0.3022
86,crab,train,trout,keyboard,Q4,0.683321,0.619048,exemplar_knn_k3,29,0.9067,1.0357
86,crab,train,trout,keyboard,Q4,0.683321,0.619048,logreg,29,0.86,0.6257
86,crab,train,trout,keyboard,Q4,0.683321,0.619048,random,29,0.2933,1.2458
87,crocodile,flatfish,beaver,tank,Q4,0.389993,0.809524,centroid,0,0.8267,0.1724
87,crocodile,flatfish,beaver,tank,Q4,0.389993,0.809524,exemplar_knn_k3,0,0.8,0.8673
87,crocodile,flatfish,beaver,tank,Q4,0.389993,0.809524,logreg,0,0.8333,0.3777
87,crocodile,flatfish,beaver,tank,Q4,0.389993,0.809524,random,0,0.3333,1.1989
87,crocodile,flatfish,beaver,tank,Q4,0.389993,0.809524,centroid,1,0.78,0.1883
87,crocodile,flatfish,beaver,tank,Q4,0.389993,0.809524,exemplar_knn_k3,1,0.72,0.8896
87,crocodile,flatfish,beaver,tank,Q4,0.389993,0.809524,logreg,1,0.7933,0.402
87,crocodile,flatfish,beaver,tank,Q4,0.389993,0.809524,random,1,0.38,1.1915
87,crocodile,flatfish,beaver,tank,Q4,0.389993,0.809524,centroid,2,0.8333,0.163
87,crocodile,flatfish,beaver,tank,Q4,0.389993,0.809524,exemplar_knn_k3,2,0.7867,0.9262
87,crocodile,flatfish,beaver,tank,Q4,0.389993,0.809524,logreg,2,0.82,0.3704
87,crocodile,flatfish,beaver,tank,Q4,0.389993,0.809524,random,2,0.3933,1.1003
87,crocodile,flatfish,beaver,tank,Q4,0.389993,0.809524,centroid,3,0.84,0.2269
87,crocodile,flatfish,beaver,tank,Q4,0.389993,0.809524,exemplar_knn_k3,3,0.78,0.9576
87,crocodile,flatfish,beaver,tank,Q4,0.389993,0.809524,logreg,3,0.84,0.4637
87,crocodile,flatfish,beaver,tank,Q4,0.389993,0.809524,random,3,0.3067,1.1599
87,crocodile,flatfish,beaver,tank,Q4,0.389993,0.809524,centroid,4,0.7333,0.1503
87,crocodile,flatfish,beaver,tank,Q4,0.389993,0.809524,exemplar_knn_k3,4,0.7067,0.8467
87,crocodile,flatfish,beaver,tank,Q4,0.389993,0.809524,logreg,4,0.7,0.3648
87,crocodile,flatfish,beaver,tank,Q4,0.389993,0.809524,random,4,0.32,1.3306
87,crocodile,flatfish,beaver,tank,Q4,0.389993,0.809524,centroid,5,0.7867,0.1428
87,crocodile,flatfish,beaver,tank,Q4,0.389993,0.809524,exemplar_knn_k3,5,0.7667,0.7688
87,crocodile,flatfish,beaver,tank,Q4,0.389993,0.809524,logreg,5,0.7867,0.3203
87,crocodile,flatfish,beaver,tank,Q4,0.389993,0.809524,random,5,0.3467,1.2793
87,crocodile,flatfish,beaver,tank,Q4,0.389993,0.809524,centroid,6,0.7867,0.2266
87,crocodile,flatfish,beaver,tank,Q4,0.389993,0.809524,exemplar_knn_k3,6,0.8067,1.0022
87,crocodile,flatfish,beaver,tank,Q4,0.389993,0.809524,logreg,6,0.7933,0.4687
87,crocodile,flatfish,beaver,tank,Q4,0.389993,0.809524,random,6,0.2867,1.2506
87,crocodile,flatfish,beaver,tank,Q4,0.389993,0.809524,centroid,7,0.7933,0.192
87,crocodile,flatfish,beaver,tank,Q4,0.389993,0.809524,exemplar_knn_k3,7,0.7867,0.8776
87,crocodile,flatfish,beaver,tank,Q4,0.389993,0.809524,logreg,7,0.78,0.4187
87,crocodile,flatfish,beaver,tank,Q4,0.389993,0.809524,random,7,0.38,1.1934
87,crocodile,flatfish,beaver,tank,Q4,0.389993,0.809524,centroid,8,0.8667,0.16
87,crocodile,flatfish,beaver,tank,Q4,0.389993,0.809524,exemplar_knn_k3,8,0.8467,0.8813
87,crocodile,flatfish,beaver,tank,Q4,0.389993,0.809524,logreg,8,0.8667,0.3711
87,crocodile,flatfish,beaver,tank,Q4,0.389993,0.809524,random,8,0.3733,1.3223
87,crocodile,flatfish,beaver,tank,Q4,0.389993,0.809524,centroid,9,0.7733,0.1906
87,crocodile,flatfish,beaver,tank,Q4,0.389993,0.809524,exemplar_knn_k3,9,0.7333,0.88
87,crocodile,flatfish,beaver,tank,Q4,0.389993,0.809524,logreg,9,0.7533,0.4289
87,crocodile,flatfish,beaver,tank,Q4,0.389993,0.809524,random,9,0.2867,1.1244
87,crocodile,flatfish,beaver,tank,Q4,0.389993,0.809524,centroid,10,0.7733,0.2256
87,crocodile,flatfish,beaver,tank,Q4,0.389993,0.809524,exemplar_knn_k3,10,0.7733,1.0919
87,crocodile,flatfish,beaver,tank,Q4,0.389993,0.809524,logreg,10,0.8,0.4631
87,crocodile,flatfish,beaver,tank,Q4,0.389993,0.809524,random,10,0.3267,1.2245
87,crocodile,flatfish,beaver,tank,Q4,0.389993,0.809524,centroid,11,0.8067,0.1663
87,crocodile,flatfish,beaver,tank,Q4,0.389993,0.809524,exemplar_knn_k3,11,0.7867,0.8633
87,crocodile,flatfish,beaver,tank,Q4,0.389993,0.809524,logreg,11,0.8133,0.3775
87,crocodile,flatfish,beaver,tank,Q4,0.389993,0.809524,random,11,0.34,1.1118
87,crocodile,flatfish,beaver,tank,Q4,0.389993,0.809524,centroid,12,0.7867,0.2129
87,crocodile,flatfish,beaver,tank,Q4,0.389993,0.809524,exemplar_knn_k3,12,0.7867,0.9856
87,crocodile,flatfish,beaver,tank,Q4,0.389993,0.809524,logreg,12,0.82,0.4379
87,crocodile,flatfish,beaver,tank,Q4,0.389993,0.809524,random,12,0.4,1.1749
87,crocodile,flatfish,beaver,tank,Q4,0.389993,0.809524,centroid,13,0.7867,0.2445
87,crocodile,flatfish,beaver,tank,Q4,0.389993,0.809524,exemplar_knn_k3,13,0.74,1.0593
87,crocodile,flatfish,beaver,tank,Q4,0.389993,0.809524,logreg,13,0.7933,0.4813
87,crocodile,flatfish,beaver,tank,Q4,0.389993,0.809524,random,13,0.2867,1.2023
87,crocodile,flatfish,beaver,tank,Q4,0.389993,0.809524,centroid,14,0.7667,0.2098
87,crocodile,flatfish,beaver,tank,Q4,0.389993,0.809524,exemplar_knn_k3,14,0.7467,0.9427
87,crocodile,flatfish,beaver,tank,Q4,0.389993,0.809524,logreg,14,0.7667,0.4571
87,crocodile,flatfish,beaver,tank,Q4,0.389993,0.809524,random,14,0.3333,1.3364
87,crocodile,flatfish,beaver,tank,Q4,0.389993,0.809524,centroid,15,0.7933,0.1782
87,crocodile,flatfish,beaver,tank,Q4,0.389993,0.809524,exemplar_knn_k3,15,0.8133,0.9094
87,crocodile,flatfish,beaver,tank,Q4,0.389993,0.809524,logreg,15,0.7867,0.4054
87,crocodile,flatfish,beaver,tank,Q4,0.389993,0.809524,random,15,0.3467,1.2044
87,crocodile,flatfish,beaver,tank,Q4,0.389993,0.809524,centroid,16,0.86,0.1456
87,crocodile,flatfish,beaver,tank,Q4,0.389993,0.809524,exemplar_knn_k3,16,0.8067,0.7907
87,crocodile,flatfish,beaver,tank,Q4,0.389993,0.809524,logreg,16,0.8467,0.3522
87,crocodile,flatfish,beaver,tank,Q4,0.389993,0.809524,random,16,0.3067,1.2544
87,crocodile,flatfish,beaver,tank,Q4,0.389993,0.809524,centroid,17,0.8,0.1594
87,crocodile,flatfish,beaver,tank,Q4,0.389993,0.809524,exemplar_knn_k3,17,0.7667,0.8006
87,crocodile,flatfish,beaver,tank,Q4,0.389993,0.809524,logreg,17,0.7933,0.3561
87,crocodile,flatfish,beaver,tank,Q4,0.389993,0.809524,random,17,0.3,1.2882
87,crocodile,flatfish,beaver,tank,Q4,0.389993,0.809524,centroid,18,0.8,0.2517
87,crocodile,flatfish,beaver,tank,Q4,0.389993,0.809524,exemplar_knn_k3,18,0.78,1.0505
87,crocodile,flatfish,beaver,tank,Q4,0.389993,0.809524,logreg,18,0.8067,0.5125
87,crocodile,flatfish,beaver,tank,Q4,0.389993,0.809524,random,18,0.34,1.2629
87,crocodile,flatfish,beaver,tank,Q4,0.389993,0.809524,centroid,19,0.8267,0.2416
87,crocodile,flatfish,beaver,tank,Q4,0.389993,0.809524,exemplar_knn_k3,19,0.8067,1.0416
87,crocodile,flatfish,beaver,tank,Q4,0.389993,0.809524,logreg,19,0.8733,0.4639
87,crocodile,flatfish,beaver,tank,Q4,0.389993,0.809524,random,19,0.3,1.035
87,crocodile,flatfish,beaver,tank,Q4,0.389993,0.809524,centroid,20,0.8133,0.1747
87,crocodile,flatfish,beaver,tank,Q4,0.389993,0.809524,exemplar_knn_k3,20,0.7267,0.817
87,crocodile,flatfish,beaver,tank,Q4,0.389993,0.809524,logreg,20,0.8133,0.3792
87,crocodile,flatfish,beaver,tank,Q4,0.389993,0.809524,random,20,0.38,1.2945
87,crocodile,flatfish,beaver,tank,Q4,0.389993,0.809524,centroid,21,0.8,0.1897
87,crocodile,flatfish,beaver,tank,Q4,0.389993,0.809524,exemplar_knn_k3,21,0.7533,0.8006
87,crocodile,flatfish,beaver,tank,Q4,0.389993,0.809524,logreg,21,0.8067,0.4032
87,crocodile,flatfish,beaver,tank,Q4,0.389993,0.809524,random,21,0.3,1.1062
87,crocodile,flatfish,beaver,tank,Q4,0.389993,0.809524,centroid,22,0.8133,0.1663
87,crocodile,flatfish,beaver,tank,Q4,0.389993,0.809524,exemplar_knn_k3,22,0.78,0.906
87,crocodile,flatfish,beaver,tank,Q4,0.389993,0.809524,logreg,22,0.8133,0.3542
87,crocodile,flatfish,beaver,tank,Q4,0.389993,0.809524,random,22,0.38,1.2033
87,crocodile,flatfish,beaver,tank,Q4,0.389993,0.809524,centroid,23,0.7933,0.1714
87,crocodile,flatfish,beaver,tank,Q4,0.389993,0.809524,exemplar_knn_k3,23,0.7467,0.8079
87,crocodile,flatfish,beaver,tank,Q4,0.389993,0.809524,logreg,23,0.78,0.3846
87,crocodile,flatfish,beaver,tank,Q4,0.389993,0.809524,random,23,0.2467,1.178
87,crocodile,flatfish,beaver,tank,Q4,0.389993,0.809524,centroid,24,0.7933,0.2041
87,crocodile,flatfish,beaver,tank,Q4,0.389993,0.809524,exemplar_knn_k3,24,0.7733,0.9555
87,crocodile,flatfish,beaver,tank,Q4,0.389993,0.809524,logreg,24,0.8,0.4555
87,crocodile,flatfish,beaver,tank,Q4,0.389993,0.809524,random,24,0.3667,1.3616
87,crocodile,flatfish,beaver,tank,Q4,0.389993,0.809524,centroid,25,0.7733,0.1435
87,crocodile,flatfish,beaver,tank,Q4,0.389993,0.809524,exemplar_knn_k3,25,0.7733,0.794
87,crocodile,flatfish,beaver,tank,Q4,0.389993,0.809524,logreg,25,0.8267,0.3006
87,crocodile,flatfish,beaver,tank,Q4,0.389993,0.809524,random,25,0.3267,1.3215
87,crocodile,flatfish,beaver,tank,Q4,0.389993,0.809524,centroid,26,0.8867,0.1995
87,crocodile,flatfish,beaver,tank,Q4,0.389993,0.809524,exemplar_knn_k3,26,0.8267,0.9188
87,crocodile,flatfish,beaver,tank,Q4,0.389993,0.809524,logreg,26,0.8733,0.4326
87,crocodile,flatfish,beaver,tank,Q4,0.389993,0.809524,random,26,0.3733,1.2639
87,crocodile,flatfish,beaver,tank,Q4,0.389993,0.809524,centroid,27,0.8067,0.1727
87,crocodile,flatfish,beaver,tank,Q4,0.389993,0.809524,exemplar_knn_k3,27,0.82,0.822
87,crocodile,flatfish,beaver,tank,Q4,0.389993,0.809524,logreg,27,0.7933,0.4048
87,crocodile,flatfish,beaver,tank,Q4,0.389993,0.809524,random,27,0.3667,1.138
87,crocodile,flatfish,beaver,tank,Q4,0.389993,0.809524,centroid,28,0.7533,0.1745
87,crocodile,flatfish,beaver,tank,Q4,0.389993,0.809524,exemplar_knn_k3,28,0.7,0.7394
87,crocodile,flatfish,beaver,tank,Q4,0.389993,0.809524,logreg,28,0.7533,0.3687
87,crocodile,flatfish,beaver,tank,Q4,0.389993,0.809524,random,28,0.3,1.1996
87,crocodile,flatfish,beaver,tank,Q4,0.389993,0.809524,centroid,29,0.8067,0.1487
87,crocodile,flatfish,beaver,tank,Q4,0.389993,0.809524,exemplar_knn_k3,29,0.7467,0.75
87,crocodile,flatfish,beaver,tank,Q4,0.389993,0.809524,logreg,29,0.7867,0.3713
87,crocodile,flatfish,beaver,tank,Q4,0.389993,0.809524,random,29,0.3,1.1423
88,crocodile,palm_tree,apple,bowl,Q4,0.633182,0.8,centroid,0,0.9333,0.242
88,crocodile,palm_tree,apple,bowl,Q4,0.633182,0.8,exemplar_knn_k3,0,0.9,1.0
88,crocodile,palm_tree,apple,bowl,Q4,0.633182,0.8,logreg,0,0.94,0.5148
88,crocodile,palm_tree,apple,bowl,Q4,0.633182,0.8,random,0,0.3667,1.1121
88,crocodile,palm_tree,apple,bowl,Q4,0.633182,0.8,centroid,1,0.9667,0.277
88,crocodile,palm_tree,apple,bowl,Q4,0.633182,0.8,exemplar_knn_k3,1,0.96,1.0618
88,crocodile,palm_tree,apple,bowl,Q4,0.633182,0.8,logreg,1,0.9667,0.5606
88,crocodile,palm_tree,apple,bowl,Q4,0.633182,0.8,random,1,0.3333,1.198
88,crocodile,palm_tree,apple,bowl,Q4,0.633182,0.8,centroid,2,0.98,0.2559
88,crocodile,palm_tree,apple,bowl,Q4,0.633182,0.8,exemplar_knn_k3,2,0.9467,1.0414
88,crocodile,palm_tree,apple,bowl,Q4,0.633182,0.8,logreg,2,0.9867,0.5189
88,crocodile,palm_tree,apple,bowl,Q4,0.633182,0.8,random,2,0.38,1.3885
88,crocodile,palm_tree,apple,bowl,Q4,0.633182,0.8,centroid,3,0.88,0.3036
88,crocodile,palm_tree,apple,bowl,Q4,0.633182,0.8,exemplar_knn_k3,3,0.9,1.1261
88,crocodile,palm_tree,apple,bowl,Q4,0.633182,0.8,logreg,3,0.8267,0.6384
88,crocodile,palm_tree,apple,bowl,Q4,0.633182,0.8,random,3,0.3733,1.105
88,crocodile,palm_tree,apple,bowl,Q4,0.633182,0.8,centroid,4,0.98,0.2794
88,crocodile,palm_tree,apple,bowl,Q4,0.633182,0.8,exemplar_knn_k3,4,0.9733,1.1842
88,crocodile,palm_tree,apple,bowl,Q4,0.633182,0.8,logreg,4,0.9933,0.5897
88,crocodile,palm_tree,apple,bowl,Q4,0.633182,0.8,random,4,0.2467,1.1128
88,crocodile,palm_tree,apple,bowl,Q4,0.633182,0.8,centroid,5,0.9533,0.2431
88,crocodile,palm_tree,apple,bowl,Q4,0.633182,0.8,exemplar_knn_k3,5,0.9333,1.0116
88,crocodile,palm_tree,apple,bowl,Q4,0.633182,0.8,logreg,5,0.9533,0.5094
88,crocodile,palm_tree,apple,bowl,Q4,0.633182,0.8,random,5,0.3067,1.1629
88,crocodile,palm_tree,apple,bowl,Q4,0.633182,0.8,centroid,6,0.88,0.2853
88,crocodile,palm_tree,apple,bowl,Q4,0.633182,0.8,exemplar_knn_k3,6,0.8933,1.0742
88,crocodile,palm_tree,apple,bowl,Q4,0.633182,0.8,logreg,6,0.82,0.6033
88,crocodile,palm_tree,apple,bowl,Q4,0.633182,0.8,random,6,0.28,1.1564
88,crocodile,palm_tree,apple,bowl,Q4,0.633182,0.8,centroid,7,0.9133,0.2456
88,crocodile,palm_tree,apple,bowl,Q4,0.633182,0.8,exemplar_knn_k3,7,0.88,0.9747
88,crocodile,palm_tree,apple,bowl,Q4,0.633182,0.8,logreg,7,0.9267,0.4977
88,crocodile,palm_tree,apple,bowl,Q4,0.633182,0.8,random,7,0.4067,1.2046
88,crocodile,palm_tree,apple,bowl,Q4,0.633182,0.8,centroid,8,0.9333,0.2566
88,crocodile,palm_tree,apple,bowl,Q4,0.633182,0.8,exemplar_knn_k3,8,0.92,1.0853
88,crocodile,palm_tree,apple,bowl,Q4,0.633182,0.8,logreg,8,0.9667,0.5306
88,crocodile,palm_tree,apple,bowl,Q4,0.633182,0.8,random,8,0.32,1.1531
88,crocodile,palm_tree,apple,bowl,Q4,0.633182,0.8,centroid,9,0.9333,0.2899
88,crocodile,palm_tree,apple,bowl,Q4,0.633182,0.8,exemplar_knn_k3,9,0.9467,1.1154
88,crocodile,palm_tree,apple,bowl,Q4,0.633182,0.8,logreg,9,0.88,0.5939
88,crocodile,palm_tree,apple,bowl,Q4,0.633182,0.8,random,9,0.3133,1.1639
88,crocodile,palm_tree,apple,bowl,Q4,0.633182,0.8,centroid,10,0.82,0.3023
88,crocodile,palm_tree,apple,bowl,Q4,0.633182,0.8,exemplar_knn_k3,10,0.8067,1.1768
88,crocodile,palm_tree,apple,bowl,Q4,0.633182,0.8,logreg,10,0.8133,0.6379
88,crocodile,palm_tree,apple,bowl,Q4,0.633182,0.8,random,10,0.36,1.1394
88,crocodile,palm_tree,apple,bowl,Q4,0.633182,0.8,centroid,11,0.9133,0.2731
88,crocodile,palm_tree,apple,bowl,Q4,0.633182,0.8,exemplar_knn_k3,11,0.88,1.0217
88,crocodile,palm_tree,apple,bowl,Q4,0.633182,0.8,logreg,11,0.98,0.5745
88,crocodile,palm_tree,apple,bowl,Q4,0.633182,0.8,random,11,0.3867,1.4174
88,crocodile,palm_tree,apple,bowl,Q4,0.633182,0.8,centroid,12,0.8733,0.2677
88,crocodile,palm_tree,apple,bowl,Q4,0.633182,0.8,exemplar_knn_k3,12,0.88,1.0173
88,crocodile,palm_tree,apple,bowl,Q4,0.633182,0.8,logreg,12,0.8067,0.5817
88,crocodile,palm_tree,apple,bowl,Q4,0.633182,0.8,random,12,0.3667,1.2029
88,crocodile,palm_tree,apple,bowl,Q4,0.633182,0.8,centroid,13,0.8667,0.2915
88,crocodile,palm_tree,apple,bowl,Q4,0.633182,0.8,exemplar_knn_k3,13,0.8467,1.1499
88,crocodile,palm_tree,apple,bowl,Q4,0.633182,0.8,logreg,13,0.8333,0.6164
88,crocodile,palm_tree,apple,bowl,Q4,0.633182,0.8,random,13,0.3467,1.2302
88,crocodile,palm_tree,apple,bowl,Q4,0.633182,0.8,centroid,14,0.8733,0.2945
88,crocodile,palm_tree,apple,bowl,Q4,0.633182,0.8,exemplar_knn_k3,14,0.8867,1.1491
88,crocodile,palm_tree,apple,bowl,Q4,0.633182,0.8,logreg,14,0.8067,0.6267
88,crocodile,palm_tree,apple,bowl,Q4,0.633182,0.8,random,14,0.3467,1.0329
88,crocodile,palm_tree,apple,bowl,Q4,0.633182,0.8,centroid,15,0.9467,0.2549
88,crocodile,palm_tree,apple,bowl,Q4,0.633182,0.8,exemplar_knn_k3,15,0.9267,1.0813
88,crocodile,palm_tree,apple,bowl,Q4,0.633182,0.8,logreg,15,0.96,0.5366
88,crocodile,palm_tree,apple,bowl,Q4,0.633182,0.8,random,15,0.38,1.2275
88,crocodile,palm_tree,apple,bowl,Q4,0.633182,0.8,centroid,16,0.96,0.2535
88,crocodile,palm_tree,apple,bowl,Q4,0.633182,0.8,exemplar_knn_k3,16,0.9333,1.022
88,crocodile,palm_tree,apple,bowl,Q4,0.633182,0.8,logreg,16,0.9533,0.5133
88,crocodile,palm_tree,apple,bowl,Q4,0.633182,0.8,random,16,0.3333,1.3065
88,crocodile,palm_tree,apple,bowl,Q4,0.633182,0.8,centroid,17,0.9733,0.2533
88,crocodile,palm_tree,apple,bowl,Q4,0.633182,0.8,exemplar_knn_k3,17,0.92,0.9936
88,crocodile,palm_tree,apple,bowl,Q4,0.633182,0.8,logreg,17,0.9467,0.496
88,crocodile,palm_tree,apple,bowl,Q4,0.633182,0.8,random,17,0.3,1.0959
88,crocodile,palm_tree,apple,bowl,Q4,0.633182,0.8,centroid,18,0.9067,0.29
88,crocodile,palm_tree,apple,bowl,Q4,0.633182,0.8,exemplar_knn_k3,18,0.9333,1.0912
88,crocodile,palm_tree,apple,bowl,Q4,0.633182,0.8,logreg,18,0.8467,0.6149
88,crocodile,palm_tree,apple,bowl,Q4,0.633182,0.8,random,18,0.3,1.1401
88,crocodile,palm_tree,apple,bowl,Q4,0.633182,0.8,centroid,19,0.9267,0.2338
88,crocodile,palm_tree,apple,bowl,Q4,0.633182,0.8,exemplar_knn_k3,19,0.9467,1.0469
88,crocodile,palm_tree,apple,bowl,Q4,0.633182,0.8,logreg,19,0.9133,0.5124
88,crocodile,palm_tree,apple,bowl,Q4,0.633182,0.8,random,19,0.4133,1.1669
88,crocodile,palm_tree,apple,bowl,Q4,0.633182,0.8,centroid,20,0.9467,0.2514
88,crocodile,palm_tree,apple,bowl,Q4,0.633182,0.8,exemplar_knn_k3,20,0.9067,0.9822
88,crocodile,palm_tree,apple,bowl,Q4,0.633182,0.8,logreg,20,0.9667,0.5168
88,crocodile,palm_tree,apple,bowl,Q4,0.633182,0.8,random,20,0.3867,1.3065
88,crocodile,palm_tree,apple,bowl,Q4,0.633182,0.8,centroid,21,0.8733,0.284
88,crocodile,palm_tree,apple,bowl,Q4,0.633182,0.8,exemplar_knn_k3,21,0.9267,1.1266
88,crocodile,palm_tree,apple,bowl,Q4,0.633182,0.8,logreg,21,0.8133,0.6098
88,crocodile,palm_tree,apple,bowl,Q4,0.633182,0.8,random,21,0.32,1.1168
88,crocodile,palm_tree,apple,bowl,Q4,0.633182,0.8,centroid,22,0.9067,0.2488
88,crocodile,palm_tree,apple,bowl,Q4,0.633182,0.8,exemplar_knn_k3,22,0.9,1.0103
88,crocodile,palm_tree,apple,bowl,Q4,0.633182,0.8,logreg,22,0.9267,0.4945
88,crocodile,palm_tree,apple,bowl,Q4,0.633182,0.8,random,22,0.36,1.331
88,crocodile,palm_tree,apple,bowl,Q4,0.633182,0.8,centroid,23,0.9,0.2271
88,crocodile,palm_tree,apple,bowl,Q4,0.633182,0.8,exemplar_knn_k3,23,0.8467,0.9725
88,crocodile,palm_tree,apple,bowl,Q4,0.633182,0.8,logreg,23,0.8933,0.4606
88,crocodile,palm_tree,apple,bowl,Q4,0.633182,0.8,random,23,0.3467,1.0247
88,crocodile,palm_tree,apple,bowl,Q4,0.633182,0.8,centroid,24,0.86,0.2382
88,crocodile,palm_tree,apple,bowl,Q4,0.633182,0.8,exemplar_knn_k3,24,0.8667,0.9469
88,crocodile,palm_tree,apple,bowl,Q4,0.633182,0.8,logreg,24,0.8867,0.4908
88,crocodile,palm_tree,apple,bowl,Q4,0.633182,0.8,random,24,0.3733,1.3566
88,crocodile,palm_tree,apple,bowl,Q4,0.633182,0.8,centroid,25,0.96,0.2433
88,crocodile,palm_tree,apple,bowl,Q4,0.633182,0.8,exemplar_knn_k3,25,0.9067,1.0085
88,crocodile,palm_tree,apple,bowl,Q4,0.633182,0.8,logreg,25,0.9733,0.5029
88,crocodile,palm_tree,apple,bowl,Q4,0.633182,0.8,random,25,0.38,1.3175
88,crocodile,palm_tree,apple,bowl,Q4,0.633182,0.8,centroid,26,0.9133,0.2419
88,crocodile,palm_tree,apple,bowl,Q4,0.633182,0.8,exemplar_knn_k3,26,0.9133,1.0455
88,crocodile,palm_tree,apple,bowl,Q4,0.633182,0.8,logreg,26,0.9533,0.4955
88,crocodile,palm_tree,apple,bowl,Q4,0.633182,0.8,random,26,0.3067,1.1008
88,crocodile,palm_tree,apple,bowl,Q4,0.633182,0.8,centroid,27,0.9533,0.2617
88,crocodile,palm_tree,apple,bowl,Q4,0.633182,0.8,exemplar_knn_k3,27,0.9133,1.0792
88,crocodile,palm_tree,apple,bowl,Q4,0.633182,0.8,logreg,27,0.9333,0.5364
88,crocodile,palm_tree,apple,bowl,Q4,0.633182,0.8,random,27,0.3333,1.2311
88,crocodile,palm_tree,apple,bowl,Q4,0.633182,0.8,centroid,28,0.9333,0.3146
88,crocodile,palm_tree,apple,bowl,Q4,0.633182,0.8,exemplar_knn_k3,28,0.92,1.1741
88,crocodile,palm_tree,apple,bowl,Q4,0.633182,0.8,logreg,28,0.96,0.6391
88,crocodile,palm_tree,apple,bowl,Q4,0.633182,0.8,random,28,0.2667,1.159
88,crocodile,palm_tree,apple,bowl,Q4,0.633182,0.8,centroid,29,0.98,0.2443
88,crocodile,palm_tree,apple,bowl,Q4,0.633182,0.8,exemplar_knn_k3,29,0.9533,0.9808
88,crocodile,palm_tree,apple,bowl,Q4,0.633182,0.8,logreg,29,0.96,0.5012
88,crocodile,palm_tree,apple,bowl,Q4,0.633182,0.8,random,29,0.3133,1.2451
89,crocodile,trout,fox,train,Q4,0.489642,0.8,centroid,0,0.9333,0.287
89,crocodile,trout,fox,train,Q4,0.489642,0.8,exemplar_knn_k3,0,0.92,1.0919
89,crocodile,trout,fox,train,Q4,0.489642,0.8,logreg,0,0.94,0.5857
89,crocodile,trout,fox,train,Q4,0.489642,0.8,random,0,0.36,1.0999
89,crocodile,trout,fox,train,Q4,0.489642,0.8,centroid,1,0.9467,0.2556
89,crocodile,trout,fox,train,Q4,0.489642,0.8,exemplar_knn_k3,1,0.8933,0.9764
89,crocodile,trout,fox,train,Q4,0.489642,0.8,logreg,1,0.9533,0.5371
89,crocodile,trout,fox,train,Q4,0.489642,0.8,random,1,0.3867,1.1687
89,crocodile,trout,fox,train,Q4,0.489642,0.8,centroid,2,0.96,0.2859
89,crocodile,trout,fox,train,Q4,0.489642,0.8,exemplar_knn_k3,2,0.96,1.18
89,crocodile,trout,fox,train,Q4,0.489642,0.8,logreg,2,0.9667,0.6046
89,crocodile,trout,fox,train,Q4,0.489642,0.8,random,2,0.3667,1.3194
89,crocodile,trout,fox,train,Q4,0.489642,0.8,centroid,3,0.8867,0.3277
89,crocodile,trout,fox,train,Q4,0.489642,0.8,exemplar_knn_k3,3,0.88,1.169
89,crocodile,trout,fox,train,Q4,0.489642,0.8,logreg,3,0.8867,0.6474
89,crocodile,trout,fox,train,Q4,0.489642,0.8,random,3,0.2533,1.2502
89,crocodile,trout,fox,train,Q4,0.489642,0.8,centroid,4,0.96,0.2908
89,crocodile,trout,fox,train,Q4,0.489642,0.8,exemplar_knn_k3,4,0.9467,1.1758
89,crocodile,trout,fox,train,Q4,0.489642,0.8,logreg,4,0.9667,0.6107
89,crocodile,trout,fox,train,Q4,0.489642,0.8,random,4,0.28,1.2136
89,crocodile,trout,fox,train,Q4,0.489642,0.8,centroid,5,0.94,0.2864
89,crocodile,trout,fox,train,Q4,0.489642,0.8,exemplar_knn_k3,5,0.9467,1.1247
89,crocodile,trout,fox,train,Q4,0.489642,0.8,logreg,5,0.9733,0.5778
89,crocodile,trout,fox,train,Q4,0.489642,0.8,random,5,0.3133,1.3781
89,crocodile,trout,fox,train,Q4,0.489642,0.8,centroid,6,0.8467,0.3299
89,crocodile,trout,fox,train,Q4,0.489642,0.8,exemplar_knn_k3,6,0.8067,1.181
89,crocodile,trout,fox,train,Q4,0.489642,0.8,logreg,6,0.8467,0.6509
89,crocodile,trout,fox,train,Q4,0.489642,0.8,random,6,0.32,1.2582
89,crocodile,trout,fox,train,Q4,0.489642,0.8,centroid,7,0.9467,0.3122
89,crocodile,trout,fox,train,Q4,0.489642,0.8,exemplar_knn_k3,7,0.9467,1.18
89,crocodile,trout,fox,train,Q4,0.489642,0.8,logreg,7,0.9667,0.6325
89,crocodile,trout,fox,train,Q4,0.489642,0.8,random,7,0.38,1.2449
89,crocodile,trout,fox,train,Q4,0.489642,0.8,centroid,8,0.9467,0.2633
89,crocodile,trout,fox,train,Q4,0.489642,0.8,exemplar_knn_k3,8,0.9533,1.0827
89,crocodile,trout,fox,train,Q4,0.489642,0.8,logreg,8,0.9533,0.5535
89,crocodile,trout,fox,train,Q4,0.489642,0.8,random,8,0.3,1.2625
89,crocodile,trout,fox,train,Q4,0.489642,0.8,centroid,9,0.9467,0.2827
89,crocodile,trout,fox,train,Q4,0.489642,0.8,exemplar_knn_k3,9,0.9333,1.145
89,crocodile,trout,fox,train,Q4,0.489642,0.8,logreg,9,0.9667,0.5848
89,crocodile,trout,fox,train,Q4,0.489642,0.8,random,9,0.3133,1.1
89,crocodile,trout,fox,train,Q4,0.489642,0.8,centroid,10,0.9,0.3194
89,crocodile,trout,fox,train,Q4,0.489642,0.8,exemplar_knn_k3,10,0.9,1.1197
89,crocodile,trout,fox,train,Q4,0.489642,0.8,logreg,10,0.8933,0.6625
89,crocodile,trout,fox,train,Q4,0.489642,0.8,random,10,0.28,1.0951
89,crocodile,trout,fox,train,Q4,0.489642,0.8,centroid,11,0.8933,0.278
89,crocodile,trout,fox,train,Q4,0.489642,0.8,exemplar_knn_k3,11,0.8733,1.1514
89,crocodile,trout,fox,train,Q4,0.489642,0.8,logreg,11,0.9333,0.5714
89,crocodile,trout,fox,train,Q4,0.489642,0.8,random,11,0.3467,1.2058
89,crocodile,trout,fox,train,Q4,0.489642,0.8,centroid,12,0.8933,0.3358
89,crocodile,trout,fox,train,Q4,0.489642,0.8,exemplar_knn_k3,12,0.9,1.1711
89,crocodile,trout,fox,train,Q4,0.489642,0.8,logreg,12,0.86,0.6912
89,crocodile,trout,fox,train,Q4,0.489642,0.8,random,12,0.3267,1.1758
89,crocodile,trout,fox,train,Q4,0.489642,0.8,centroid,13,0.9467,0.3165
89,crocodile,trout,fox,train,Q4,0.489642,0.8,exemplar_knn_k3,13,0.9133,1.1465
89,crocodile,trout,fox,train,Q4,0.489642,0.8,logreg,13,0.9533,0.6518
89,crocodile,trout,fox,train,Q4,0.489642,0.8,random,13,0.3533,1.2055
89,crocodile,trout,fox,train,Q4,0.489642,0.8,centroid,14,0.96,0.3231
89,crocodile,trout,fox,train,Q4,0.489642,0.8,exemplar_knn_k3,14,0.92,1.0992
89,crocodile,trout,fox,train,Q4,0.489642,0.8,logreg,14,0.9067,0.6495
89,crocodile,trout,fox,train,Q4,0.489642,0.8,random,14,0.3133,1.1163
89,crocodile,trout,fox,train,Q4,0.489642,0.8,centroid,15,0.9267,0.2758
89,crocodile,trout,fox,train,Q4,0.489642,0.8,exemplar_knn_k3,15,0.9267,1.1237
89,crocodile,trout,fox,train,Q4,0.489642,0.8,logreg,15,0.92,0.5775
89,crocodile,trout,fox,train,Q4,0.489642,0.8,random,15,0.3667,1.0827
89,crocodile,trout,fox,train,Q4,0.489642,0.8,centroid,16,0.9733,0.3054
89,crocodile,trout,fox,train,Q4,0.489642,0.8,exemplar_knn_k3,16,0.9733,1.2245
89,crocodile,trout,fox,train,Q4,0.489642,0.8,logreg,16,0.9667,0.6435
89,crocodile,trout,fox,train,Q4,0.489642,0.8,random,16,0.3333,1.1683
89,crocodile,trout,fox,train,Q4,0.489642,0.8,centroid,17,0.98,0.2685
89,crocodile,trout,fox,train,Q4,0.489642,0.8,exemplar_knn_k3,17,0.9733,1.0579
89,crocodile,trout,fox,train,Q4,0.489642,0.8,logreg,17,0.9933,0.5503
89,crocodile,trout,fox,train,Q4,0.489642,0.8,random,17,0.3,1.0793
89,crocodile,trout,fox,train,Q4,0.489642,0.8,centroid,18,0.8533,0.3172
89,crocodile,trout,fox,train,Q4,0.489642,0.8,exemplar_knn_k3,18,0.88,1.0866
89,crocodile,trout,fox,train,Q4,0.489642,0.8,logreg,18,0.8267,0.6503
89,crocodile,trout,fox,train,Q4,0.489642,0.8,random,18,0.34,1.1808
89,crocodile,trout,fox,train,Q4,0.489642,0.8,centroid,19,0.94,0.3226
89,crocodile,trout,fox,train,Q4,0.489642,0.8,exemplar_knn_k3,19,0.9267,1.1937
89,crocodile,trout,fox,train,Q4,0.489642,0.8,logreg,19,0.9333,0.6538
89,crocodile,trout,fox,train,Q4,0.489642,0.8,random,19,0.36,1.1632
89,crocodile,trout,fox,train,Q4,0.489642,0.8,centroid,20,0.96,0.3001
89,crocodile,trout,fox,train,Q4,0.489642,0.8,exemplar_knn_k3,20,0.96,1.1178
89,crocodile,trout,fox,train,Q4,0.489642,0.8,logreg,20,0.94,0.6112
89,crocodile,trout,fox,train,Q4,0.489642,0.8,random,20,0.4,1.2068
89,crocodile,trout,fox,train,Q4,0.489642,0.8,centroid,21,0.9133,0.3263
89,crocodile,trout,fox,train,Q4,0.489642,0.8,exemplar_knn_k3,21,0.88,1.1988
89,crocodile,trout,fox,train,Q4,0.489642,0.8,logreg,21,0.92,0.6629
89,crocodile,trout,fox,train,Q4,0.489642,0.8,random,21,0.34,1.1439
89,crocodile,trout,fox,train,Q4,0.489642,0.8,centroid,22,0.96,0.2948
89,crocodile,trout,fox,train,Q4,0.489642,0.8,exemplar_knn_k3,22,0.96,1.1932
89,crocodile,trout,fox,train,Q4,0.489642,0.8,logreg,22,0.9467,0.6114
89,crocodile,trout,fox,train,Q4,0.489642,0.8,random,22,0.3,1.3122
89,crocodile,trout,fox,train,Q4,0.489642,0.8,centroid,23,0.9533,0.2565
89,crocodile,trout,fox,train,Q4,0.489642,0.8,exemplar_knn_k3,23,0.8933,1.0029
89,crocodile,trout,fox,train,Q4,0.489642,0.8,logreg,23,0.9067,0.5431
89,crocodile,trout,fox,train,Q4,0.489642,0.8,random,23,0.3533,1.1743
89,crocodile,trout,fox,train,Q4,0.489642,0.8,centroid,24,0.8867,0.3144
89,crocodile,trout,fox,train,Q4,0.489642,0.8,exemplar_knn_k3,24,0.86,1.1292
89,crocodile,trout,fox,train,Q4,0.489642,0.8,logreg,24,0.9067,0.6451
89,crocodile,trout,fox,train,Q4,0.489642,0.8,random,24,0.3267,1.1898
89,crocodile,trout,fox,train,Q4,0.489642,0.8,centroid,25,0.9733,0.2662
89,crocodile,trout,fox,train,Q4,0.489642,0.8,exemplar_knn_k3,25,0.9333,0.9993
89,crocodile,trout,fox,train,Q4,0.489642,0.8,logreg,25,0.9867,0.5388
89,crocodile,trout,fox,train,Q4,0.489642,0.8,random,25,0.4333,1.2935
89,crocodile,trout,fox,train,Q4,0.489642,0.8,centroid,26,0.98,0.3034
89,crocodile,trout,fox,train,Q4,0.489642,0.8,exemplar_knn_k3,26,0.9733,1.1243
89,crocodile,trout,fox,train,Q4,0.489642,0.8,logreg,26,0.98,0.6193
89,crocodile,trout,fox,train,Q4,0.489642,0.8,random,26,0.3467,1.3524
89,crocodile,trout,fox,train,Q4,0.489642,0.8,centroid,27,0.9533,0.3263
89,crocodile,trout,fox,train,Q4,0.489642,0.8,exemplar_knn_k3,27,0.9467,1.2312
89,crocodile,trout,fox,train,Q4,0.489642,0.8,logreg,27,0.9533,0.6617
89,crocodile,trout,fox,train,Q4,0.489642,0.8,random,27,0.36,1.1964
89,crocodile,trout,fox,train,Q4,0.489642,0.8,centroid,28,0.9267,0.3041
89,crocodile,trout,fox,train,Q4,0.489642,0.8,exemplar_knn_k3,28,0.9467,1.1274
89,crocodile,trout,fox,train,Q4,0.489642,0.8,logreg,28,0.9133,0.6266
89,crocodile,trout,fox,train,Q4,0.489642,0.8,random,28,0.3733,1.1668
89,crocodile,trout,fox,train,Q4,0.489642,0.8,centroid,29,0.9533,0.2569
89,crocodile,trout,fox,train,Q4,0.489642,0.8,exemplar_knn_k3,29,0.9267,1.0166
89,crocodile,trout,fox,train,Q4,0.489642,0.8,logreg,29,0.94,0.5685
89,crocodile,trout,fox,train,Q4,0.489642,0.8,random,29,0.2933,1.2017
90,flatfish,poppy,mountain,lobster,Q4,0.70141,0.8,centroid,0,0.9,0.2104
90,flatfish,poppy,mountain,lobster,Q4,0.70141,0.8,exemplar_knn_k3,0,0.8067,0.7974
90,flatfish,poppy,mountain,lobster,Q4,0.70141,0.8,logreg,0,0.9333,0.4345
90,flatfish,poppy,mountain,lobster,Q4,0.70141,0.8,random,0,0.3933,1.2435
90,flatfish,poppy,mountain,lobster,Q4,0.70141,0.8,centroid,1,0.7933,0.3144
90,flatfish,poppy,mountain,lobster,Q4,0.70141,0.8,exemplar_knn_k3,1,0.8,1.0942
90,flatfish,poppy,mountain,lobster,Q4,0.70141,0.8,logreg,1,0.8067,0.6387
90,flatfish,poppy,mountain,lobster,Q4,0.70141,0.8,random,1,0.3467,1.2966
90,flatfish,poppy,mountain,lobster,Q4,0.70141,0.8,centroid,2,0.7933,0.2114
90,flatfish,poppy,mountain,lobster,Q4,0.70141,0.8,exemplar_knn_k3,2,0.78,0.8972
90,flatfish,poppy,mountain,lobster,Q4,0.70141,0.8,logreg,2,0.8133,0.4327
90,flatfish,poppy,mountain,lobster,Q4,0.70141,0.8,random,2,0.42,1.1887
90,flatfish,poppy,mountain,lobster,Q4,0.70141,0.8,centroid,3,0.8133,0.3122
90,flatfish,poppy,mountain,lobster,Q4,0.70141,0.8,exemplar_knn_k3,3,0.8,1.0834
90,flatfish,poppy,mountain,lobster,Q4,0.70141,0.8,logreg,3,0.8133,0.6335
90,flatfish,poppy,mountain,lobster,Q4,0.70141,0.8,random,3,0.3467,1.2106
90,flatfish,poppy,mountain,lobster,Q4,0.70141,0.8,centroid,4,0.8867,0.2278
90,flatfish,poppy,mountain,lobster,Q4,0.70141,0.8,exemplar_knn_k3,4,0.86,0.9984
90,flatfish,poppy,mountain,lobster,Q4,0.70141,0.8,logreg,4,0.86,0.4756
90,flatfish,poppy,mountain,lobster,Q4,0.70141,0.8,random,4,0.3267,1.1495
90,flatfish,poppy,mountain,lobster,Q4,0.70141,0.8,centroid,5,0.8733,0.288
90,flatfish,poppy,mountain,lobster,Q4,0.70141,0.8,exemplar_knn_k3,5,0.8733,1.0701
90,flatfish,poppy,mountain,lobster,Q4,0.70141,0.8,logreg,5,0.8533,0.5806
90,flatfish,poppy,mountain,lobster,Q4,0.70141,0.8,random,5,0.3667,1.1126
90,flatfish,poppy,mountain,lobster,Q4,0.70141,0.8,centroid,6,0.8067,0.3468
90,flatfish,poppy,mountain,lobster,Q4,0.70141,0.8,exemplar_knn_k3,6,0.8067,1.2288
90,flatfish,poppy,mountain,lobster,Q4,0.70141,0.8,logreg,6,0.8,0.7145
90,flatfish,poppy,mountain,lobster,Q4,0.70141,0.8,random,6,0.3333,1.063
90,flatfish,poppy,mountain,lobster,Q4,0.70141,0.8,centroid,7,0.8533,0.2381
90,flatfish,poppy,mountain,lobster,Q4,0.70141,0.8,exemplar_knn_k3,7,0.82,0.9057
90,flatfish,poppy,mountain,lobster,Q4,0.70141,0.8,logreg,7,0.8733,0.4691
90,flatfish,poppy,mountain,lobster,Q4,0.70141,0.8,random,7,0.2667,1.1924
90,flatfish,poppy,mountain,lobster,Q4,0.70141,0.8,centroid,8,0.9,0.2259
90,flatfish,poppy,mountain,lobster,Q4,0.70141,0.8,exemplar_knn_k3,8,0.82,0.9831
90,flatfish,poppy,mountain,lobster,Q4,0.70141,0.8,logreg,8,0.9267,0.4606
90,flatfish,poppy,mountain,lobster,Q4,0.70141,0.8,random,8,0.36,1.2828
90,flatfish,poppy,mountain,lobster,Q4,0.70141,0.8,centroid,9,0.8133,0.3235
90,flatfish,poppy,mountain,lobster,Q4,0.70141,0.8,exemplar_knn_k3,9,0.82,1.191
90,flatfish,poppy,mountain,lobster,Q4,0.70141,0.8,logreg,9,0.8133,0.6842
90,flatfish,poppy,mountain,lobster,Q4,0.70141,0.8,random,9,0.26,1.1988
90,flatfish,poppy,mountain,lobster,Q4,0.70141,0.8,centroid,10,0.8067,0.2907
90,flatfish,poppy,mountain,lobster,Q4,0.70141,0.8,exemplar_knn_k3,10,0.8067,1.0324
90,flatfish,poppy,mountain,lobster,Q4,0.70141,0.8,logreg,10,0.8,0.6135
90,flatfish,poppy,mountain,lobster,Q4,0.70141,0.8,random,10,0.4133,1.1769
90,flatfish,poppy,mountain,lobster,Q4,0.70141,0.8,centroid,11,0.9267,0.2254
90,flatfish,poppy,mountain,lobster,Q4,0.70141,0.8,exemplar_knn_k3,11,0.8467,0.924
90,flatfish,poppy,mountain,lobster,Q4,0.70141,0.8,logreg,11,0.9333,0.4531
90,flatfish,poppy,mountain,lobster,Q4,0.70141,0.8,random,11,0.38,1.3837
90,flatfish,poppy,mountain,lobster,Q4,0.70141,0.8,centroid,12,0.8333,0.2957
90,flatfish,poppy,mountain,lobster,Q4,0.70141,0.8,exemplar_knn_k3,12,0.84,1.1055
90,flatfish,poppy,mountain,lobster,Q4,0.70141,0.8,logreg,12,0.8133,0.5988
90,flatfish,poppy,mountain,lobster,Q4,0.70141,0.8,random,12,0.3133,1.2338
90,flatfish,poppy,mountain,lobster,Q4,0.70141,0.8,centroid,13,0.8067,0.2954
90,flatfish,poppy,mountain,lobster,Q4,0.70141,0.8,exemplar_knn_k3,13,0.8,1.0699
90,flatfish,poppy,mountain,lobster,Q4,0.70141,0.8,logreg,13,0.8067,0.6113
90,flatfish,poppy,mountain,lobster,Q4,0.70141,0.8,random,13,0.3467,1.0965
90,flatfish,poppy,mountain,lobster,Q4,0.70141,0.8,centroid,14,0.8333,0.3485
90,flatfish,poppy,mountain,lobster,Q4,0.70141,0.8,exemplar_knn_k3,14,0.8267,1.1907
90,flatfish,poppy,mountain,lobster,Q4,0.70141,0.8,logreg,14,0.8133,0.7034
90,flatfish,poppy,mountain,lobster,Q4,0.70141,0.8,random,14,0.2733,1.1277
90,flatfish,poppy,mountain,lobster,Q4,0.70141,0.8,centroid,15,0.8267,0.2639
90,flatfish,poppy,mountain,lobster,Q4,0.70141,0.8,exemplar_knn_k3,15,0.8,1.0724
90,flatfish,poppy,mountain,lobster,Q4,0.70141,0.8,logreg,15,0.8733,0.5178
90,flatfish,poppy,mountain,lobster,Q4,0.70141,0.8,random,15,0.3,1.1322
90,flatfish,poppy,mountain,lobster,Q4,0.70141,0.8,centroid,16,0.8333,0.2532
90,flatfish,poppy,mountain,lobster,Q4,0.70141,0.8,exemplar_knn_k3,16,0.86,0.9791
90,flatfish,poppy,mountain,lobster,Q4,0.70141,0.8,logreg,16,0.8333,0.5089
90,flatfish,poppy,mountain,lobster,Q4,0.70141,0.8,random,16,0.3333,1.1123
90,flatfish,poppy,mountain,lobster,Q4,0.70141,0.8,centroid,17,0.8467,0.226
90,flatfish,poppy,mountain,lobster,Q4,0.70141,0.8,exemplar_knn_k3,17,0.8067,0.9135
90,flatfish,poppy,mountain,lobster,Q4,0.70141,0.8,logreg,17,0.8733,0.4614
90,flatfish,poppy,mountain,lobster,Q4,0.70141,0.8,random,17,0.32,1.2865
90,flatfish,poppy,mountain,lobster,Q4,0.70141,0.8,centroid,18,0.82,0.2968
90,flatfish,poppy,mountain,lobster,Q4,0.70141,0.8,exemplar_knn_k3,18,0.8333,1.0989
90,flatfish,poppy,mountain,lobster,Q4,0.70141,0.8,logreg,18,0.8067,0.6282
90,flatfish,poppy,mountain,lobster,Q4,0.70141,0.8,random,18,0.42,1.1163
90,flatfish,poppy,mountain,lobster,Q4,0.70141,0.8,centroid,19,0.8133,0.3182
90,flatfish,poppy,mountain,lobster,Q4,0.70141,0.8,exemplar_knn_k3,19,0.8267,1.098
90,flatfish,poppy,mountain,lobster,Q4,0.70141,0.8,logreg,19,0.8067,0.6641
90,flatfish,poppy,mountain,lobster,Q4,0.70141,0.8,random,19,0.34,1.1168
90,flatfish,poppy,mountain,lobster,Q4,0.70141,0.8,centroid,20,0.8533,0.2128
90,flatfish,poppy,mountain,lobster,Q4,0.70141,0.8,exemplar_knn_k3,20,0.8,0.8364
90,flatfish,poppy,mountain,lobster,Q4,0.70141,0.8,logreg,20,0.8667,0.4234
90,flatfish,poppy,mountain,lobster,Q4,0.70141,0.8,random,20,0.26,1.359
90,flatfish,poppy,mountain,lobster,Q4,0.70141,0.8,centroid,21,0.8133,0.324
90,flatfish,poppy,mountain,lobster,Q4,0.70141,0.8,exemplar_knn_k3,21,0.82,1.1565
90,flatfish,poppy,mountain,lobster,Q4,0.70141,0.8,logreg,21,0.8133,0.6686
90,flatfish,poppy,mountain,lobster,Q4,0.70141,0.8,random,21,0.2933,1.1509
90,flatfish,poppy,mountain,lobster,Q4,0.70141,0.8,centroid,22,0.8333,0.2272
90,flatfish,poppy,mountain,lobster,Q4,0.70141,0.8,exemplar_knn_k3,22,0.78,0.9203
90,flatfish,poppy,mountain,lobster,Q4,0.70141,0.8,logreg,22,0.82,0.4853
90,flatfish,poppy,mountain,lobster,Q4,0.70141,0.8,random,22,0.32,1.249
90,flatfish,poppy,mountain,lobster,Q4,0.70141,0.8,centroid,23,0.78,0.2507
90,flatfish,poppy,mountain,lobster,Q4,0.70141,0.8,exemplar_knn_k3,23,0.8,1.008
90,flatfish,poppy,mountain,lobster,Q4,0.70141,0.8,logreg,23,0.8067,0.5033
90,flatfish,poppy,mountain,lobster,Q4,0.70141,0.8,random,23,0.28,1.2582
90,flatfish,poppy,mountain,lobster,Q4,0.70141,0.8,centroid,24,0.82,0.2093
90,flatfish,poppy,mountain,lobster,Q4,0.70141,0.8,exemplar_knn_k3,24,0.82,0.8807
90,flatfish,poppy,mountain,lobster,Q4,0.70141,0.8,logreg,24,0.8733,0.4484
90,flatfish,poppy,mountain,lobster,Q4,0.70141,0.8,random,24,0.3867,1.2288
90,flatfish,poppy,mountain,lobster,Q4,0.70141,0.8,centroid,25,0.9467,0.2452
90,flatfish,poppy,mountain,lobster,Q4,0.70141,0.8,exemplar_knn_k3,25,0.8933,0.9491
90,flatfish,poppy,mountain,lobster,Q4,0.70141,0.8,logreg,25,0.96,0.4918
90,flatfish,poppy,mountain,lobster,Q4,0.70141,0.8,random,25,0.3,1.2208
90,flatfish,poppy,mountain,lobster,Q4,0.70141,0.8,centroid,26,0.82,0.2362
90,flatfish,poppy,mountain,lobster,Q4,0.70141,0.8,exemplar_knn_k3,26,0.82,0.9464
90,flatfish,poppy,mountain,lobster,Q4,0.70141,0.8,logreg,26,0.7267,0.5872
90,flatfish,poppy,mountain,lobster,Q4,0.70141,0.8,random,26,0.3733,1.1573
90,flatfish,poppy,mountain,lobster,Q4,0.70141,0.8,centroid,27,0.9467,0.2507
90,flatfish,poppy,mountain,lobster,Q4,0.70141,0.8,exemplar_knn_k3,27,0.8733,0.9277
90,flatfish,poppy,mountain,lobster,Q4,0.70141,0.8,logreg,27,0.96,0.5058
90,flatfish,poppy,mountain,lobster,Q4,0.70141,0.8,random,27,0.3333,1.2637
90,flatfish,poppy,mountain,lobster,Q4,0.70141,0.8,centroid,28,0.8333,0.3219
90,flatfish,poppy,mountain,lobster,Q4,0.70141,0.8,exemplar_knn_k3,28,0.8333,1.1659
90,flatfish,poppy,mountain,lobster,Q4,0.70141,0.8,logreg,28,0.8267,0.6682
90,flatfish,poppy,mountain,lobster,Q4,0.70141,0.8,random,28,0.3333,1.2794
90,flatfish,poppy,mountain,lobster,Q4,0.70141,0.8,centroid,29,0.9067,0.2665
90,flatfish,poppy,mountain,lobster,Q4,0.70141,0.8,exemplar_knn_k3,29,0.84,0.9768
90,flatfish,poppy,mountain,lobster,Q4,0.70141,0.8,logreg,29,0.86,0.5435
90,flatfish,poppy,mountain,lobster,Q4,0.70141,0.8,random,29,0.4533,1.155
91,forest,skunk,aquarium_fish,bowl,Q4,0.552535,0.846154,centroid,0,0.9067,0.2603
91,forest,skunk,aquarium_fish,bowl,Q4,0.552535,0.846154,exemplar_knn_k3,0,0.8733,1.0008
91,forest,skunk,aquarium_fish,bowl,Q4,0.552535,0.846154,logreg,0,0.8867,0.5515
91,forest,skunk,aquarium_fish,bowl,Q4,0.552535,0.846154,random,0,0.3333,1.2973
91,forest,skunk,aquarium_fish,bowl,Q4,0.552535,0.846154,centroid,1,0.9467,0.2886
91,forest,skunk,aquarium_fish,bowl,Q4,0.552535,0.846154,exemplar_knn_k3,1,0.9467,1.073
91,forest,skunk,aquarium_fish,bowl,Q4,0.552535,0.846154,logreg,1,0.9467,0.5917
91,forest,skunk,aquarium_fish,bowl,Q4,0.552535,0.846154,random,1,0.3733,1.121
91,forest,skunk,aquarium_fish,bowl,Q4,0.552535,0.846154,centroid,2,0.9333,0.2986
91,forest,skunk,aquarium_fish,bowl,Q4,0.552535,0.846154,exemplar_knn_k3,2,0.9333,1.1411
91,forest,skunk,aquarium_fish,bowl,Q4,0.552535,0.846154,logreg,2,0.9333,0.6097
91,forest,skunk,aquarium_fish,bowl,Q4,0.552535,0.846154,random,2,0.3733,1.2614
91,forest,skunk,aquarium_fish,bowl,Q4,0.552535,0.846154,centroid,3,0.9067,0.2835
91,forest,skunk,aquarium_fish,bowl,Q4,0.552535,0.846154,exemplar_knn_k3,3,0.8933,1.0618
91,forest,skunk,aquarium_fish,bowl,Q4,0.552535,0.846154,logreg,3,0.8267,0.5892
91,forest,skunk,aquarium_fish,bowl,Q4,0.552535,0.846154,random,3,0.3733,1.1095
91,forest,skunk,aquarium_fish,bowl,Q4,0.552535,0.846154,centroid,4,0.92,0.2939
91,forest,skunk,aquarium_fish,bowl,Q4,0.552535,0.846154,exemplar_knn_k3,4,0.9267,1.111
91,forest,skunk,aquarium_fish,bowl,Q4,0.552535,0.846154,logreg,4,0.92,0.5821
91,forest,skunk,aquarium_fish,bowl,Q4,0.552535,0.846154,random,4,0.28,1.1192
91,forest,skunk,aquarium_fish,bowl,Q4,0.552535,0.846154,centroid,5,0.9333,0.3087
91,forest,skunk,aquarium_fish,bowl,Q4,0.552535,0.846154,exemplar_knn_k3,5,0.9267,1.1162
91,forest,skunk,aquarium_fish,bowl,Q4,0.552535,0.846154,logreg,5,0.8733,0.6334
91,forest,skunk,aquarium_fish,bowl,Q4,0.552535,0.846154,random,5,0.3333,1.1549
91,forest,skunk,aquarium_fish,bowl,Q4,0.552535,0.846154,centroid,6,0.9267,0.2653
91,forest,skunk,aquarium_fish,bowl,Q4,0.552535,0.846154,exemplar_knn_k3,6,0.9333,0.9954
91,forest,skunk,aquarium_fish,bowl,Q4,0.552535,0.846154,logreg,6,0.8467,0.5492
91,forest,skunk,aquarium_fish,bowl,Q4,0.552535,0.846154,random,6,0.3133,1.1919
91,forest,skunk,aquarium_fish,bowl,Q4,0.552535,0.846154,centroid,7,0.9267,0.2845
91,forest,skunk,aquarium_fish,bowl,Q4,0.552535,0.846154,exemplar_knn_k3,7,0.9333,1.0809
91,forest,skunk,aquarium_fish,bowl,Q4,0.552535,0.846154,logreg,7,0.82,0.612
91,forest,skunk,aquarium_fish,bowl,Q4,0.552535,0.846154,random,7,0.32,1.1119
91,forest,skunk,aquarium_fish,bowl,Q4,0.552535,0.846154,centroid,8,0.9667,0.3049
91,forest,skunk,aquarium_fish,bowl,Q4,0.552535,0.846154,exemplar_knn_k3,8,0.96,1.1164
91,forest,skunk,aquarium_fish,bowl,Q4,0.552535,0.846154,logreg,8,0.9733,0.6167
91,forest,skunk,aquarium_fish,bowl,Q4,0.552535,0.846154,random,8,0.3067,1.1572
91,forest,skunk,aquarium_fish,bowl,Q4,0.552535,0.846154,centroid,9,0.98,0.2712
91,forest,skunk,aquarium_fish,bowl,Q4,0.552535,0.846154,exemplar_knn_k3,9,0.9533,1.0681
91,forest,skunk,aquarium_fish,bowl,Q4,0.552535,0.846154,logreg,9,0.9267,0.57
91,forest,skunk,aquarium_fish,bowl,Q4,0.552535,0.846154,random,9,0.3133,1.0072
91,forest,skunk,aquarium_fish,bowl,Q4,0.552535,0.846154,centroid,10,0.9,0.2618
91,forest,skunk,aquarium_fish,bowl,Q4,0.552535,0.846154,exemplar_knn_k3,10,0.8867,0.9985
91,forest,skunk,aquarium_fish,bowl,Q4,0.552535,0.846154,logreg,10,0.88,0.5577
91,forest,skunk,aquarium_fish,bowl,Q4,0.552535,0.846154,random,10,0.3733,1.1562
91,forest,skunk,aquarium_fish,bowl,Q4,0.552535,0.846154,centroid,11,0.9333,0.3114
91,forest,skunk,aquarium_fish,bowl,Q4,0.552535,0.846154,exemplar_knn_k3,11,0.9067,1.1034
91,forest,skunk,aquarium_fish,bowl,Q4,0.552535,0.846154,logreg,11,0.9333,0.6337
91,forest,skunk,aquarium_fish,bowl,Q4,0.552535,0.846154,random,11,0.4133,1.2897
91,forest,skunk,aquarium_fish,bowl,Q4,0.552535,0.846154,centroid,12,0.8733,0.2478
91,forest,skunk,aquarium_fish,bowl,Q4,0.552535,0.846154,exemplar_knn_k3,12,0.88,0.9836
91,forest,skunk,aquarium_fish,bowl,Q4,0.552535,0.846154,logreg,12,0.7933,0.5634
91,forest,skunk,aquarium_fish,bowl,Q4,0.552535,0.846154,random,12,0.3067,1.3084
91,forest,skunk,aquarium_fish,bowl,Q4,0.552535,0.846154,centroid,13,0.9667,0.2896
91,forest,skunk,aquarium_fish,bowl,Q4,0.552535,0.846154,exemplar_knn_k3,13,0.98,1.0843
91,forest,skunk,aquarium_fish,bowl,Q4,0.552535,0.846154,logreg,13,0.96,0.6098
91,forest,skunk,aquarium_fish,bowl,Q4,0.552535,0.846154,random,13,0.3467,1.2779
91,forest,skunk,aquarium_fish,bowl,Q4,0.552535,0.846154,centroid,14,0.9667,0.27
91,forest,skunk,aquarium_fish,bowl,Q4,0.552535,0.846154,exemplar_knn_k3,14,0.9533,1.0691
91,forest,skunk,aquarium_fish,bowl,Q4,0.552535,0.846154,logreg,14,0.9467,0.5433
91,forest,skunk,aquarium_fish,bowl,Q4,0.552535,0.846154,random,14,0.36,1.1347
91,forest,skunk,aquarium_fish,bowl,Q4,0.552535,0.846154,centroid,15,0.96,0.3014
91,forest,skunk,aquarium_fish,bowl,Q4,0.552535,0.846154,exemplar_knn_k3,15,0.9667,1.1457
91,forest,skunk,aquarium_fish,bowl,Q4,0.552535,0.846154,logreg,15,0.92,0.6073
91,forest,skunk,aquarium_fish,bowl,Q4,0.552535,0.846154,random,15,0.3733,1.1886
91,forest,skunk,aquarium_fish,bowl,Q4,0.552535,0.846154,centroid,16,0.98,0.3057
91,forest,skunk,aquarium_fish,bowl,Q4,0.552535,0.846154,exemplar_knn_k3,16,0.94,1.1207
91,forest,skunk,aquarium_fish,bowl,Q4,0.552535,0.846154,logreg,16,0.9467,0.6118
91,forest,skunk,aquarium_fish,bowl,Q4,0.552535,0.846154,random,16,0.2933,1.2153
91,forest,skunk,aquarium_fish,bowl,Q4,0.552535,0.846154,centroid,17,0.8933,0.2788
91,forest,skunk,aquarium_fish,bowl,Q4,0.552535,0.846154,exemplar_knn_k3,17,0.9067,1.0348
91,forest,skunk,aquarium_fish,bowl,Q4,0.552535,0.846154,logreg,17,0.8267,0.5919
91,forest,skunk,aquarium_fish,bowl,Q4,0.552535,0.846154,random,17,0.3533,1.2624
91,forest,skunk,aquarium_fish,bowl,Q4,0.552535,0.846154,centroid,18,0.9667,0.278
91,forest,skunk,aquarium_fish,bowl,Q4,0.552535,0.846154,exemplar_knn_k3,18,0.9533,1.0777
91,forest,skunk,aquarium_fish,bowl,Q4,0.552535,0.846154,logreg,18,0.9667,0.5608
91,forest,skunk,aquarium_fish,bowl,Q4,0.552535,0.846154,random,18,0.28,1.2032
91,forest,skunk,aquarium_fish,bowl,Q4,0.552535,0.846154,centroid,19,0.96,0.2829
91,forest,skunk,aquarium_fish,bowl,Q4,0.552535,0.846154,exemplar_knn_k3,19,0.9733,1.0352
91,forest,skunk,aquarium_fish,bowl,Q4,0.552535,0.846154,logreg,19,0.9667,0.5629
91,forest,skunk,aquarium_fish,bowl,Q4,0.552535,0.846154,random,19,0.4067,1.0226
91,forest,skunk,aquarium_fish,bowl,Q4,0.552535,0.846154,centroid,20,0.9667,0.2748
91,forest,skunk,aquarium_fish,bowl,Q4,0.552535,0.846154,exemplar_knn_k3,20,0.94,1.0167
91,forest,skunk,aquarium_fish,bowl,Q4,0.552535,0.846154,logreg,20,0.9533,0.5567
91,forest,skunk,aquarium_fish,bowl,Q4,0.552535,0.846154,random,20,0.36,1.2205
91,forest,skunk,aquarium_fish,bowl,Q4,0.552535,0.846154,centroid,21,0.98,0.262
91,forest,skunk,aquarium_fish,bowl,Q4,0.552535,0.846154,exemplar_knn_k3,21,0.9533,1.0047
91,forest,skunk,aquarium_fish,bowl,Q4,0.552535,0.846154,logreg,21,0.9533,0.5521
91,forest,skunk,aquarium_fish,bowl,Q4,0.552535,0.846154,random,21,0.32,1.3421
91,forest,skunk,aquarium_fish,bowl,Q4,0.552535,0.846154,centroid,22,0.8933,0.2901
91,forest,skunk,aquarium_fish,bowl,Q4,0.552535,0.846154,exemplar_knn_k3,22,0.8933,1.0631
91,forest,skunk,aquarium_fish,bowl,Q4,0.552535,0.846154,logreg,22,0.8533,0.5665
91,forest,skunk,aquarium_fish,bowl,Q4,0.552535,0.846154,random,22,0.3933,1.2981
91,forest,skunk,aquarium_fish,bowl,Q4,0.552535,0.846154,centroid,23,0.84,0.2922
91,forest,skunk,aquarium_fish,bowl,Q4,0.552535,0.846154,exemplar_knn_k3,23,0.8867,1.0736
91,forest,skunk,aquarium_fish,bowl,Q4,0.552535,0.846154,logreg,23,0.8333,0.5894
91,forest,skunk,aquarium_fish,bowl,Q4,0.552535,0.846154,random,23,0.3,1.1633
91,forest,skunk,aquarium_fish,bowl,Q4,0.552535,0.846154,centroid,24,0.8867,0.2928
91,forest,skunk,aquarium_fish,bowl,Q4,0.552535,0.846154,exemplar_knn_k3,24,0.9133,1.0828
91,forest,skunk,aquarium_fish,bowl,Q4,0.552535,0.846154,logreg,24,0.86,0.6012
91,forest,skunk,aquarium_fish,bowl,Q4,0.552535,0.846154,random,24,0.28,1.1624
91,forest,skunk,aquarium_fish,bowl,Q4,0.552535,0.846154,centroid,25,0.9333,0.2843
91,forest,skunk,aquarium_fish,bowl,Q4,0.552535,0.846154,exemplar_knn_k3,25,0.8867,1.0028
91,forest,skunk,aquarium_fish,bowl,Q4,0.552535,0.846154,logreg,25,0.9333,0.5854
91,forest,skunk,aquarium_fish,bowl,Q4,0.552535,0.846154,random,25,0.3,1.2984
91,forest,skunk,aquarium_fish,bowl,Q4,0.552535,0.846154,centroid,26,0.96,0.2717
91,forest,skunk,aquarium_fish,bowl,Q4,0.552535,0.846154,exemplar_knn_k3,26,0.94,1.0446
91,forest,skunk,aquarium_fish,bowl,Q4,0.552535,0.846154,logreg,26,0.9333,0.5445
91,forest,skunk,aquarium_fish,bowl,Q4,0.552535,0.846154,random,26,0.3067,1.1545
91,forest,skunk,aquarium_fish,bowl,Q4,0.552535,0.846154,centroid,27,0.9267,0.3145
91,forest,skunk,aquarium_fish,bowl,Q4,0.552535,0.846154,exemplar_knn_k3,27,0.9067,1.1218
91,forest,skunk,aquarium_fish,bowl,Q4,0.552535,0.846154,logreg,27,0.9333,0.6112
91,forest,skunk,aquarium_fish,bowl,Q4,0.552535,0.846154,random,27,0.34,1.1895
91,forest,skunk,aquarium_fish,bowl,Q4,0.552535,0.846154,centroid,28,0.9467,0.2909
91,forest,skunk,aquarium_fish,bowl,Q4,0.552535,0.846154,exemplar_knn_k3,28,0.94,1.1128
91,forest,skunk,aquarium_fish,bowl,Q4,0.552535,0.846154,logreg,28,0.9533,0.604
91,forest,skunk,aquarium_fish,bowl,Q4,0.552535,0.846154,random,28,0.2733,1.1419
91,forest,skunk,aquarium_fish,bowl,Q4,0.552535,0.846154,centroid,29,0.9533,0.286
91,forest,skunk,aquarium_fish,bowl,Q4,0.552535,0.846154,exemplar_knn_k3,29,0.96,1.081
91,forest,skunk,aquarium_fish,bowl,Q4,0.552535,0.846154,logreg,29,0.8867,0.5577
91,forest,skunk,aquarium_fish,bowl,Q4,0.552535,0.846154,random,29,0.32,1.0976
92,leopard,turtle,skunk,woman,Q4,0.617302,0.8,centroid,0,0.9467,0.2484
92,leopard,turtle,skunk,woman,Q4,0.617302,0.8,exemplar_knn_k3,0,0.9,1.0684
92,leopard,turtle,skunk,woman,Q4,0.617302,0.8,logreg,0,0.96,0.5169
92,leopard,turtle,skunk,woman,Q4,0.617302,0.8,random,0,0.3467,1.372
92,leopard,turtle,skunk,woman,Q4,0.617302,0.8,centroid,1,0.8733,0.283
92,leopard,turtle,skunk,woman,Q4,0.617302,0.8,exemplar_knn_k3,1,0.8533,1.1377
92,leopard,turtle,skunk,woman,Q4,0.617302,0.8,logreg,1,0.8867,0.5727
92,leopard,turtle,skunk,woman,Q4,0.617302,0.8,random,1,0.3467,1.229
92,leopard,turtle,skunk,woman,Q4,0.617302,0.8,centroid,2,0.8467,0.3049
92,leopard,turtle,skunk,woman,Q4,0.617302,0.8,exemplar_knn_k3,2,0.8467,1.1517
92,leopard,turtle,skunk,woman,Q4,0.617302,0.8,logreg,2,0.8467,0.6298
92,leopard,turtle,skunk,woman,Q4,0.617302,0.8,random,2,0.3533,1.144
92,leopard,turtle,skunk,woman,Q4,0.617302,0.8,centroid,3,0.8467,0.2798
92,leopard,turtle,skunk,woman,Q4,0.617302,0.8,exemplar_knn_k3,3,0.8333,1.0315
92,leopard,turtle,skunk,woman,Q4,0.617302,0.8,logreg,3,0.8533,0.569
92,leopard,turtle,skunk,woman,Q4,0.617302,0.8,random,3,0.3667,1.1375
92,leopard,turtle,skunk,woman,Q4,0.617302,0.8,centroid,4,0.9333,0.2612
92,leopard,turtle,skunk,woman,Q4,0.617302,0.8,exemplar_knn_k3,4,0.8867,1.0773
92,leopard,turtle,skunk,woman,Q4,0.617302,0.8,logreg,4,0.9267,0.5562
92,leopard,turtle,skunk,woman,Q4,0.617302,0.8,random,4,0.28,1.2155
92,leopard,turtle,skunk,woman,Q4,0.617302,0.8,centroid,5,0.8667,0.3098
92,leopard,turtle,skunk,woman,Q4,0.617302,0.8,exemplar_knn_k3,5,0.8467,1.1163
92,leopard,turtle,skunk,woman,Q4,0.617302,0.8,logreg,5,0.9,0.6337
92,leopard,turtle,skunk,woman,Q4,0.617302,0.8,random,5,0.36,1.3106
92,leopard,turtle,skunk,woman,Q4,0.617302,0.8,centroid,6,0.8467,0.2766
92,leopard,turtle,skunk,woman,Q4,0.617302,0.8,exemplar_knn_k3,6,0.8333,1.1032
92,leopard,turtle,skunk,woman,Q4,0.617302,0.8,logreg,6,0.8333,0.5843
92,leopard,turtle,skunk,woman,Q4,0.617302,0.8,random,6,0.3067,1.0994
92,leopard,turtle,skunk,woman,Q4,0.617302,0.8,centroid,7,0.8867,0.2806
92,leopard,turtle,skunk,woman,Q4,0.617302,0.8,exemplar_knn_k3,7,0.8733,1.0323
92,leopard,turtle,skunk,woman,Q4,0.617302,0.8,logreg,7,0.92,0.5485
92,leopard,turtle,skunk,woman,Q4,0.617302,0.8,random,7,0.3467,1.1565
92,leopard,turtle,skunk,woman,Q4,0.617302,0.8,centroid,8,0.86,0.2952
92,leopard,turtle,skunk,woman,Q4,0.617302,0.8,exemplar_knn_k3,8,0.8667,1.1316
92,leopard,turtle,skunk,woman,Q4,0.617302,0.8,logreg,8,0.8733,0.5802
92,leopard,turtle,skunk,woman,Q4,0.617302,0.8,random,8,0.3733,1.0724
92,leopard,turtle,skunk,woman,Q4,0.617302,0.8,centroid,9,0.9267,0.2671
92,leopard,turtle,skunk,woman,Q4,0.617302,0.8,exemplar_knn_k3,9,0.9,1.0383
92,leopard,turtle,skunk,woman,Q4,0.617302,0.8,logreg,9,0.9467,0.5495
92,leopard,turtle,skunk,woman,Q4,0.617302,0.8,random,9,0.4133,1.3535
92,leopard,turtle,skunk,woman,Q4,0.617302,0.8,centroid,10,0.9067,0.2806
92,leopard,turtle,skunk,woman,Q4,0.617302,0.8,exemplar_knn_k3,10,0.8933,1.0997
92,leopard,turtle,skunk,woman,Q4,0.617302,0.8,logreg,10,0.86,0.5797
92,leopard,turtle,skunk,woman,Q4,0.617302,0.8,random,10,0.3267,1.1148
92,leopard,turtle,skunk,woman,Q4,0.617302,0.8,centroid,11,0.86,0.3045
92,leopard,turtle,skunk,woman,Q4,0.617302,0.8,exemplar_knn_k3,11,0.86,1.1495
92,leopard,turtle,skunk,woman,Q4,0.617302,0.8,logreg,11,0.9333,0.594
92,leopard,turtle,skunk,woman,Q4,0.617302,0.8,random,11,0.34,1.1512
92,leopard,turtle,skunk,woman,Q4,0.617302,0.8,centroid,12,0.9133,0.294
92,leopard,turtle,skunk,woman,Q4,0.617302,0.8,exemplar_knn_k3,12,0.9067,1.1087
92,leopard,turtle,skunk,woman,Q4,0.617302,0.8,logreg,12,0.9333,0.6049
92,leopard,turtle,skunk,woman,Q4,0.617302,0.8,random,12,0.2933,1.3049
92,leopard,turtle,skunk,woman,Q4,0.617302,0.8,centroid,13,0.86,0.2533
92,leopard,turtle,skunk,woman,Q4,0.617302,0.8,exemplar_knn_k3,13,0.86,1.0151
92,leopard,turtle,skunk,woman,Q4,0.617302,0.8,logreg,13,0.86,0.5408
92,leopard,turtle,skunk,woman,Q4,0.617302,0.8,random,13,0.3133,1.0785
92,leopard,turtle,skunk,woman,Q4,0.617302,0.8,centroid,14,0.8933,0.302
92,leopard,turtle,skunk,woman,Q4,0.617302,0.8,exemplar_knn_k3,14,0.86,1.1161
92,leopard,turtle,skunk,woman,Q4,0.617302,0.8,logreg,14,0.8533,0.6058
92,leopard,turtle,skunk,woman,Q4,0.617302,0.8,random,14,0.34,1.2028
92,leopard,turtle,skunk,woman,Q4,0.617302,0.8,centroid,15,0.7867,0.2793
92,leopard,turtle,skunk,woman,Q4,0.617302,0.8,exemplar_knn_k3,15,0.7933,1.0918
92,leopard,turtle,skunk,woman,Q4,0.617302,0.8,logreg,15,0.7867,0.5807
92,leopard,turtle,skunk,woman,Q4,0.617302,0.8,random,15,0.3667,1.1734
92,leopard,turtle,skunk,woman,Q4,0.617302,0.8,centroid,16,0.84,0.2658
92,leopard,turtle,skunk,woman,Q4,0.617302,0.8,exemplar_knn_k3,16,0.8333,1.081
92,leopard,turtle,skunk,woman,Q4,0.617302,0.8,logreg,16,0.84,0.5594
92,leopard,turtle,skunk,woman,Q4,0.617302,0.8,random,16,0.28,1.0379
92,leopard,turtle,skunk,woman,Q4,0.617302,0.8,centroid,17,0.9133,0.2646
92,leopard,turtle,skunk,woman,Q4,0.617302,0.8,exemplar_knn_k3,17,0.9,1.1058
92,leopard,turtle,skunk,woman,Q4,0.617302,0.8,logreg,17,0.8933,0.5486
92,leopard,turtle,skunk,woman,Q4,0.617302,0.8,random,17,0.3267,1.2396
92,leopard,turtle,skunk,woman,Q4,0.617302,0.8,centroid,18,0.8333,0.2537
92,leopard,turtle,skunk,woman,Q4,0.617302,0.8,exemplar_knn_k3,18,0.84,1.0438
92,leopard,turtle,skunk,woman,Q4,0.617302,0.8,logreg,18,0.84,0.5435
92,leopard,turtle,skunk,woman,Q4,0.617302,0.8,random,18,0.36,1.3561
92,leopard,turtle,skunk,woman,Q4,0.617302,0.8,centroid,19,0.8667,0.2969
92,leopard,turtle,skunk,woman,Q4,0.617302,0.8,exemplar_knn_k3,19,0.86,1.1236
92,leopard,turtle,skunk,woman,Q4,0.617302,0.8,logreg,19,0.88,0.6146
92,leopard,turtle,skunk,woman,Q4,0.617302,0.8,random,19,0.2533,1.26
92,leopard,turtle,skunk,woman,Q4,0.617302,0.8,centroid,20,0.84,0.276
92,leopard,turtle,skunk,woman,Q4,0.617302,0.8,exemplar_knn_k3,20,0.84,1.0815
92,leopard,turtle,skunk,woman,Q4,0.617302,0.8,logreg,20,0.8267,0.5661
92,leopard,turtle,skunk,woman,Q4,0.617302,0.8,random,20,0.2533,1.1431
92,leopard,turtle,skunk,woman,Q4,0.617302,0.8,centroid,21,0.9467,0.2773
92,leopard,turtle,skunk,woman,Q4,0.617302,0.8,exemplar_knn_k3,21,0.9267,1.095
92,leopard,turtle,skunk,woman,Q4,0.617302,0.8,logreg,21,0.96,0.566
92,leopard,turtle,skunk,woman,Q4,0.617302,0.8,random,21,0.3467,1.3102
92,leopard,turtle,skunk,woman,Q4,0.617302,0.8,centroid,22,0.8667,0.284
92,leopard,turtle,skunk,woman,Q4,0.617302,0.8,exemplar_knn_k3,22,0.8733,1.051
92,leopard,turtle,skunk,woman,Q4,0.617302,0.8,logreg,22,0.8867,0.5676
92,leopard,turtle,skunk,woman,Q4,0.617302,0.8,random,22,0.3267,1.2259
92,leopard,turtle,skunk,woman,Q4,0.617302,0.8,centroid,23,0.86,0.2645
92,leopard,turtle,skunk,woman,Q4,0.617302,0.8,exemplar_knn_k3,23,0.8133,0.9659
92,leopard,turtle,skunk,woman,Q4,0.617302,0.8,logreg,23,0.8467,0.5358
92,leopard,turtle,skunk,woman,Q4,0.617302,0.8,random,23,0.34,1.2911
92,leopard,turtle,skunk,woman,Q4,0.617302,0.8,centroid,24,0.8533,0.3085
92,leopard,turtle,skunk,woman,Q4,0.617302,0.8,exemplar_knn_k3,24,0.8533,1.0852
92,leopard,turtle,skunk,woman,Q4,0.617302,0.8,logreg,24,0.9067,0.6022
92,leopard,turtle,skunk,woman,Q4,0.617302,0.8,random,24,0.36,1.2075
92,leopard,turtle,skunk,woman,Q4,0.617302,0.8,centroid,25,0.8867,0.2479
92,leopard,turtle,skunk,woman,Q4,0.617302,0.8,exemplar_knn_k3,25,0.8,1.0014
92,leopard,turtle,skunk,woman,Q4,0.617302,0.8,logreg,25,0.9333,0.5
92,leopard,turtle,skunk,woman,Q4,0.617302,0.8,random,25,0.2667,1.0499
92,leopard,turtle,skunk,woman,Q4,0.617302,0.8,centroid,26,0.8333,0.2667
92,leopard,turtle,skunk,woman,Q4,0.617302,0.8,exemplar_knn_k3,26,0.8267,1.0443
92,leopard,turtle,skunk,woman,Q4,0.617302,0.8,logreg,26,0.84,0.5557
92,leopard,turtle,skunk,woman,Q4,0.617302,0.8,random,26,0.34,1.1861
92,leopard,turtle,skunk,woman,Q4,0.617302,0.8,centroid,27,0.8733,0.2603
92,leopard,turtle,skunk,woman,Q4,0.617302,0.8,exemplar_knn_k3,27,0.88,1.0567
92,leopard,turtle,skunk,woman,Q4,0.617302,0.8,logreg,27,0.9267,0.5325
92,leopard,turtle,skunk,woman,Q4,0.617302,0.8,random,27,0.3333,1.2929
92,leopard,turtle,skunk,woman,Q4,0.617302,0.8,centroid,28,0.86,0.2772
92,leopard,turtle,skunk,woman,Q4,0.617302,0.8,exemplar_knn_k3,28,0.84,1.131
92,leopard,turtle,skunk,woman,Q4,0.617302,0.8,logreg,28,0.88,0.5778
92,leopard,turtle,skunk,woman,Q4,0.617302,0.8,random,28,0.3733,1.2254
92,leopard,turtle,skunk,woman,Q4,0.617302,0.8,centroid,29,0.96,0.2893
92,leopard,turtle,skunk,woman,Q4,0.617302,0.8,exemplar_knn_k3,29,0.9333,1.1107
92,leopard,turtle,skunk,woman,Q4,0.617302,0.8,logreg,29,0.9533,0.5701
92,leopard,turtle,skunk,woman,Q4,0.617302,0.8,random,29,0.3133,1.1727
93,lion,raccoon,pickup_truck,boy,Q4,0.504489,0.84,centroid,0,0.96,0.2616
93,lion,raccoon,pickup_truck,boy,Q4,0.504489,0.84,exemplar_knn_k3,0,0.9733,1.0744
93,lion,raccoon,pickup_truck,boy,Q4,0.504489,0.84,logreg,0,0.9067,0.5482
93,lion,raccoon,pickup_truck,boy,Q4,0.504489,0.84,random,0,0.3533,1.2399
93,lion,raccoon,pickup_truck,boy,Q4,0.504489,0.84,centroid,1,0.9733,0.2815
93,lion,raccoon,pickup_truck,boy,Q4,0.504489,0.84,exemplar_knn_k3,1,0.9933,1.0677
93,lion,raccoon,pickup_truck,boy,Q4,0.504489,0.84,logreg,1,0.9733,0.5832
93,lion,raccoon,pickup_truck,boy,Q4,0.504489,0.84,random,1,0.3733,1.2728
93,lion,raccoon,pickup_truck,boy,Q4,0.504489,0.84,centroid,2,0.9,0.2778
93,lion,raccoon,pickup_truck,boy,Q4,0.504489,0.84,exemplar_knn_k3,2,0.92,1.0696
93,lion,raccoon,pickup_truck,boy,Q4,0.504489,0.84,logreg,2,0.86,0.5652
93,lion,raccoon,pickup_truck,boy,Q4,0.504489,0.84,random,2,0.2867,1.2676
93,lion,raccoon,pickup_truck,boy,Q4,0.504489,0.84,centroid,3,0.9867,0.2829
93,lion,raccoon,pickup_truck,boy,Q4,0.504489,0.84,exemplar_knn_k3,3,0.98,1.105
93,lion,raccoon,pickup_truck,boy,Q4,0.504489,0.84,logreg,3,0.98,0.588
93,lion,raccoon,pickup_truck,boy,Q4,0.504489,0.84,random,3,0.3133,1.3965
93,lion,raccoon,pickup_truck,boy,Q4,0.504489,0.84,centroid,4,0.9533,0.2914
93,lion,raccoon,pickup_truck,boy,Q4,0.504489,0.84,exemplar_knn_k3,4,0.9467,1.1167
93,lion,raccoon,pickup_truck,boy,Q4,0.504489,0.84,logreg,4,0.96,0.5762
93,lion,raccoon,pickup_truck,boy,Q4,0.504489,0.84,random,4,0.34,1.1924
93,lion,raccoon,pickup_truck,boy,Q4,0.504489,0.84,centroid,5,0.9333,0.3073
93,lion,raccoon,pickup_truck,boy,Q4,0.504489,0.84,exemplar_knn_k3,5,0.94,1.1492
93,lion,raccoon,pickup_truck,boy,Q4,0.504489,0.84,logreg,5,0.9333,0.6161
93,lion,raccoon,pickup_truck,boy,Q4,0.504489,0.84,random,5,0.3733,1.3505
93,lion,raccoon,pickup_truck,boy,Q4,0.504489,0.84,centroid,6,0.9867,0.2841
93,lion,raccoon,pickup_truck,boy,Q4,0.504489,0.84,exemplar_knn_k3,6,0.9867,1.1574
93,lion,raccoon,pickup_truck,boy,Q4,0.504489,0.84,logreg,6,0.9867,0.5863
93,lion,raccoon,pickup_truck,boy,Q4,0.504489,0.84,random,6,0.38,1.3748
93,lion,raccoon,pickup_truck,boy,Q4,0.504489,0.84,centroid,7,0.9867,0.3246
93,lion,raccoon,pickup_truck,boy,Q4,0.504489,0.84,exemplar_knn_k3,7,0.9933,1.1923
93,lion,raccoon,pickup_truck,boy,Q4,0.504489,0.84,logreg,7,0.9667,0.6484
93,lion,raccoon,pickup_truck,boy,Q4,0.504489,0.84,random,7,0.3267,1.2232
93,lion,raccoon,pickup_truck,boy,Q4,0.504489,0.84,centroid,8,0.9667,0.298
93,lion,raccoon,pickup_truck,boy,Q4,0.504489,0.84,exemplar_knn_k3,8,0.94,1.1251
93,lion,raccoon,pickup_truck,boy,Q4,0.504489,0.84,logreg,8,0.9667,0.6252
93,lion,raccoon,pickup_truck,boy,Q4,0.504489,0.84,random,8,0.2867,1.2345
93,lion,raccoon,pickup_truck,boy,Q4,0.504489,0.84,centroid,9,0.9733,0.2677
93,lion,raccoon,pickup_truck,boy,Q4,0.504489,0.84,exemplar_knn_k3,9,0.9867,1.0352
93,lion,raccoon,pickup_truck,boy,Q4,0.504489,0.84,logreg,9,0.9733,0.5412
93,lion,raccoon,pickup_truck,boy,Q4,0.504489,0.84,random,9,0.4133,1.1929
93,lion,raccoon,pickup_truck,boy,Q4,0.504489,0.84,centroid,10,0.96,0.269
93,lion,raccoon,pickup_truck,boy,Q4,0.504489,0.84,exemplar_knn_k3,10,0.96,1.086
93,lion,raccoon,pickup_truck,boy,Q4,0.504489,0.84,logreg,10,0.96,0.5384
93,lion,raccoon,pickup_truck,boy,Q4,0.504489,0.84,random,10,0.3733,1.2445
93,lion,raccoon,pickup_truck,boy,Q4,0.504489,0.84,centroid,11,0.9067,0.2734
93,lion,raccoon,pickup_truck,boy,Q4,0.504489,0.84,exemplar_knn_k3,11,0.9333,1.0607
93,lion,raccoon,pickup_truck,boy,Q4,0.504489,0.84,logreg,11,0.8867,0.5749
93,lion,raccoon,pickup_truck,boy,Q4,0.504489,0.84,random,11,0.3733,1.3356
93,lion,raccoon,pickup_truck,boy,Q4,0.504489,0.84,centroid,12,0.9867,0.2889
93,lion,raccoon,pickup_truck,boy,Q4,0.504489,0.84,exemplar_knn_k3,12,0.9867,1.0893
93,lion,raccoon,pickup_truck,boy,Q4,0.504489,0.84,logreg,12,0.96,0.5771
93,lion,raccoon,pickup_truck,boy,Q4,0.504489,0.84,random,12,0.26,1.161
93,lion,raccoon,pickup_truck,boy,Q4,0.504489,0.84,centroid,13,0.98,0.2855
93,lion,raccoon,pickup_truck,boy,Q4,0.504489,0.84,exemplar_knn_k3,13,0.98,1.0971
93,lion,raccoon,pickup_truck,boy,Q4,0.504489,0.84,logreg,13,0.9867,0.5846
93,lion,raccoon,pickup_truck,boy,Q4,0.504489,0.84,random,13,0.3333,1.1445
93,lion,raccoon,pickup_truck,boy,Q4,0.504489,0.84,centroid,14,0.96,0.2786
93,lion,raccoon,pickup_truck,boy,Q4,0.504489,0.84,exemplar_knn_k3,14,0.96,1.0804
93,lion,raccoon,pickup_truck,boy,Q4,0.504489,0.84,logreg,14,0.9667,0.5616
93,lion,raccoon,pickup_truck,boy,Q4,0.504489,0.84,random,14,0.3467,1.25
93,lion,raccoon,pickup_truck,boy,Q4,0.504489,0.84,centroid,15,0.9467,0.2833
93,lion,raccoon,pickup_truck,boy,Q4,0.504489,0.84,exemplar_knn_k3,15,0.9533,1.141
93,lion,raccoon,pickup_truck,boy,Q4,0.504489,0.84,logreg,15,0.9333,0.5747
93,lion,raccoon,pickup_truck,boy,Q4,0.504489,0.84,random,15,0.3467,1.2135
93,lion,raccoon,pickup_truck,boy,Q4,0.504489,0.84,centroid,16,0.96,0.281
93,lion,raccoon,pickup_truck,boy,Q4,0.504489,0.84,exemplar_knn_k3,16,0.98,1.1043
93,lion,raccoon,pickup_truck,boy,Q4,0.504489,0.84,logreg,16,0.9467,0.5866
93,lion,raccoon,pickup_truck,boy,Q4,0.504489,0.84,random,16,0.28,1.2866
93,lion,raccoon,pickup_truck,boy,Q4,0.504489,0.84,centroid,17,0.9733,0.3017
93,lion,raccoon,pickup_truck,boy,Q4,0.504489,0.84,exemplar_knn_k3,17,0.98,1.1216
93,lion,raccoon,pickup_truck,boy,Q4,0.504489,0.84,logreg,17,0.96,0.6152
93,lion,raccoon,pickup_truck,boy,Q4,0.504489,0.84,random,17,0.3067,1.3983
93,lion,raccoon,pickup_truck,boy,Q4,0.504489,0.84,centroid,18,0.9467,0.283
93,lion,raccoon,pickup_truck,boy,Q4,0.504489,0.84,exemplar_knn_k3,18,0.9733,1.0774
93,lion,raccoon,pickup_truck,boy,Q4,0.504489,0.84,logreg,18,0.84,0.567
93,lion,raccoon,pickup_truck,boy,Q4,0.504489,0.84,random,18,0.2067,1.2673
93,lion,raccoon,pickup_truck,boy,Q4,0.504489,0.84,centroid,19,0.9733,0.272
93,lion,raccoon,pickup_truck,boy,Q4,0.504489,0.84,exemplar_knn_k3,19,0.9667,1.0369
93,lion,raccoon,pickup_truck,boy,Q4,0.504489,0.84,logreg,19,0.9533,0.5487
93,lion,raccoon,pickup_truck,boy,Q4,0.504489,0.84,random,19,0.34,1.1517
93,lion,raccoon,pickup_truck,boy,Q4,0.504489,0.84,centroid,20,0.96,0.2875
93,lion,raccoon,pickup_truck,boy,Q4,0.504489,0.84,exemplar_knn_k3,20,0.9467,1.0682
93,lion,raccoon,pickup_truck,boy,Q4,0.504489,0.84,logreg,20,0.9333,0.5974
93,lion,raccoon,pickup_truck,boy,Q4,0.504489,0.84,random,20,0.32,1.2314
93,lion,raccoon,pickup_truck,boy,Q4,0.504489,0.84,centroid,21,0.9867,0.2999
93,lion,raccoon,pickup_truck,boy,Q4,0.504489,0.84,exemplar_knn_k3,21,0.9867,1.1444
93,lion,raccoon,pickup_truck,boy,Q4,0.504489,0.84,logreg,21,0.9867,0.6139
93,lion,raccoon,pickup_truck,boy,Q4,0.504489,0.84,random,21,0.36,1.2604
93,lion,raccoon,pickup_truck,boy,Q4,0.504489,0.84,centroid,22,0.94,0.2795
93,lion,raccoon,pickup_truck,boy,Q4,0.504489,0.84,exemplar_knn_k3,22,0.9467,1.0907
93,lion,raccoon,pickup_truck,boy,Q4,0.504489,0.84,logreg,22,0.9333,0.5684
93,lion,raccoon,pickup_truck,boy,Q4,0.504489,0.84,random,22,0.3733,1.2234
93,lion,raccoon,pickup_truck,boy,Q4,0.504489,0.84,centroid,23,0.8667,0.2509
93,lion,raccoon,pickup_truck,boy,Q4,0.504489,0.84,exemplar_knn_k3,23,0.8867,1.0374
93,lion,raccoon,pickup_truck,boy,Q4,0.504489,0.84,logreg,23,0.86,0.5208
93,lion,raccoon,pickup_truck,boy,Q4,0.504489,0.84,random,23,0.3333,1.2228
93,lion,raccoon,pickup_truck,boy,Q4,0.504489,0.84,centroid,24,0.9533,0.2697
93,lion,raccoon,pickup_truck,boy,Q4,0.504489,0.84,exemplar_knn_k3,24,0.9467,1.0402
93,lion,raccoon,pickup_truck,boy,Q4,0.504489,0.84,logreg,24,0.96,0.5639
93,lion,raccoon,pickup_truck,boy,Q4,0.504489,0.84,random,24,0.28,1.2979
93,lion,raccoon,pickup_truck,boy,Q4,0.504489,0.84,centroid,25,0.9467,0.2812
93,lion,raccoon,pickup_truck,boy,Q4,0.504489,0.84,exemplar_knn_k3,25,0.9733,1.0739
93,lion,raccoon,pickup_truck,boy,Q4,0.504489,0.84,logreg,25,0.9,0.5614
93,lion,raccoon,pickup_truck,boy,Q4,0.504489,0.84,random,25,0.2933,1.1275
93,lion,raccoon,pickup_truck,boy,Q4,0.504489,0.84,centroid,26,0.8933,0.3096
93,lion,raccoon,pickup_truck,boy,Q4,0.504489,0.84,exemplar_knn_k3,26,0.9267,1.1266
93,lion,raccoon,pickup_truck,boy,Q4,0.504489,0.84,logreg,26,0.84,0.607
93,lion,raccoon,pickup_truck,boy,Q4,0.504489,0.84,random,26,0.2733,1.1724
93,lion,raccoon,pickup_truck,boy,Q4,0.504489,0.84,centroid,27,0.9533,0.2585
93,lion,raccoon,pickup_truck,boy,Q4,0.504489,0.84,exemplar_knn_k3,27,0.9333,1.0097
93,lion,raccoon,pickup_truck,boy,Q4,0.504489,0.84,logreg,27,0.9533,0.5428
93,lion,raccoon,pickup_truck,boy,Q4,0.504489,0.84,random,27,0.3267,1.0908
93,lion,raccoon,pickup_truck,boy,Q4,0.504489,0.84,centroid,28,1.0,0.2918
93,lion,raccoon,pickup_truck,boy,Q4,0.504489,0.84,exemplar_knn_k3,28,1.0,1.0838
93,lion,raccoon,pickup_truck,boy,Q4,0.504489,0.84,logreg,28,1.0,0.5941
93,lion,raccoon,pickup_truck,boy,Q4,0.504489,0.84,random,28,0.3733,1.2889
93,lion,raccoon,pickup_truck,boy,Q4,0.504489,0.84,centroid,29,0.98,0.2732
93,lion,raccoon,pickup_truck,boy,Q4,0.504489,0.84,exemplar_knn_k3,29,0.9867,1.0851
93,lion,raccoon,pickup_truck,boy,Q4,0.504489,0.84,logreg,29,0.98,0.5591
93,lion,raccoon,pickup_truck,boy,Q4,0.504489,0.84,random,29,0.3867,1.2094
94,mushroom,ray,seal,whale,Q4,0.691125,0.888889,centroid,0,0.7733,0.2052
94,mushroom,ray,seal,whale,Q4,0.691125,0.888889,exemplar_knn_k3,0,0.7867,0.9201
94,mushroom,ray,seal,whale,Q4,0.691125,0.888889,logreg,0,0.7733,0.4485
94,mushroom,ray,seal,whale,Q4,0.691125,0.888889,random,0,0.3333,0.9968
94,mushroom,ray,seal,whale,Q4,0.691125,0.888889,centroid,1,0.8867,0.1974
94,mushroom,ray,seal,whale,Q4,0.691125,0.888889,exemplar_knn_k3,1,0.84,0.9774
94,mushroom,ray,seal,whale,Q4,0.691125,0.888889,logreg,1,0.88,0.4318
94,mushroom,ray,seal,whale,Q4,0.691125,0.888889,random,1,0.3467,1.3403
94,mushroom,ray,seal,whale,Q4,0.691125,0.888889,centroid,2,0.8133,0.2058
94,mushroom,ray,seal,whale,Q4,0.691125,0.888889,exemplar_knn_k3,2,0.7867,0.8754
94,mushroom,ray,seal,whale,Q4,0.691125,0.888889,logreg,2,0.8467,0.4428
94,mushroom,ray,seal,whale,Q4,0.691125,0.888889,random,2,0.36,1.1734
94,mushroom,ray,seal,whale,Q4,0.691125,0.888889,centroid,3,0.8067,0.1868
94,mushroom,ray,seal,whale,Q4,0.691125,0.888889,exemplar_knn_k3,3,0.76,0.8825
94,mushroom,ray,seal,whale,Q4,0.691125,0.888889,logreg,3,0.7867,0.3979
94,mushroom,ray,seal,whale,Q4,0.691125,0.888889,random,3,0.3267,1.1438
94,mushroom,ray,seal,whale,Q4,0.691125,0.888889,centroid,4,0.7867,0.1753
94,mushroom,ray,seal,whale,Q4,0.691125,0.888889,exemplar_knn_k3,4,0.7733,0.8015
94,mushroom,ray,seal,whale,Q4,0.691125,0.888889,logreg,4,0.82,0.3775
94,mushroom,ray,seal,whale,Q4,0.691125,0.888889,random,4,0.3533,1.2182
94,mushroom,ray,seal,whale,Q4,0.691125,0.888889,centroid,5,0.8267,0.209
94,mushroom,ray,seal,whale,Q4,0.691125,0.888889,exemplar_knn_k3,5,0.78,0.8749
94,mushroom,ray,seal,whale,Q4,0.691125,0.888889,logreg,5,0.8133,0.4424
94,mushroom,ray,seal,whale,Q4,0.691125,0.888889,random,5,0.2933,1.2228
94,mushroom,ray,seal,whale,Q4,0.691125,0.888889,centroid,6,0.7533,0.1208
94,mushroom,ray,seal,whale,Q4,0.691125,0.888889,exemplar_knn_k3,6,0.7467,0.6046
94,mushroom,ray,seal,whale,Q4,0.691125,0.888889,logreg,6,0.72,0.2729
94,mushroom,ray,seal,whale,Q4,0.691125,0.888889,random,6,0.2867,1.1785
94,mushroom,ray,seal,whale,Q4,0.691125,0.888889,centroid,7,0.78,0.1901
94,mushroom,ray,seal,whale,Q4,0.691125,0.888889,exemplar_knn_k3,7,0.8067,0.8834
94,mushroom,ray,seal,whale,Q4,0.691125,0.888889,logreg,7,0.78,0.4103
94,mushroom,ray,seal,whale,Q4,0.691125,0.888889,random,7,0.3467,1.2128
94,mushroom,ray,seal,whale,Q4,0.691125,0.888889,centroid,8,0.7733,0.2185
94,mushroom,ray,seal,whale,Q4,0.691125,0.888889,exemplar_knn_k3,8,0.78,0.9279
94,mushroom,ray,seal,whale,Q4,0.691125,0.888889,logreg,8,0.76,0.4543
94,mushroom,ray,seal,whale,Q4,0.691125,0.888889,random,8,0.3267,1.3497
94,mushroom,ray,seal,whale,Q4,0.691125,0.888889,centroid,9,0.8333,0.1379
94,mushroom,ray,seal,whale,Q4,0.691125,0.888889,exemplar_knn_k3,9,0.8067,0.701
94,mushroom,ray,seal,whale,Q4,0.691125,0.888889,logreg,9,0.8333,0.3069
94,mushroom,ray,seal,whale,Q4,0.691125,0.888889,random,9,0.36,1.1509
94,mushroom,ray,seal,whale,Q4,0.691125,0.888889,centroid,10,0.7267,0.1576
94,mushroom,ray,seal,whale,Q4,0.691125,0.888889,exemplar_knn_k3,10,0.7333,0.8198
94,mushroom,ray,seal,whale,Q4,0.691125,0.888889,logreg,10,0.7267,0.3756
94,mushroom,ray,seal,whale,Q4,0.691125,0.888889,random,10,0.2933,1.3937
94,mushroom,ray,seal,whale,Q4,0.691125,0.888889,centroid,11,0.7533,0.202
94,mushroom,ray,seal,whale,Q4,0.691125,0.888889,exemplar_knn_k3,11,0.7467,0.8759
94,mushroom,ray,seal,whale,Q4,0.691125,0.888889,logreg,11,0.74,0.4085
94,mushroom,ray,seal,whale,Q4,0.691125,0.888889,random,11,0.26,1.1118
94,mushroom,ray,seal,whale,Q4,0.691125,0.888889,centroid,12,0.8533,0.1683
94,mushroom,ray,seal,whale,Q4,0.691125,0.888889,exemplar_knn_k3,12,0.8467,0.8568
94,mushroom,ray,seal,whale,Q4,0.691125,0.888889,logreg,12,0.82,0.3788
94,mushroom,ray,seal,whale,Q4,0.691125,0.888889,random,12,0.3067,1.3763
94,mushroom,ray,seal,whale,Q4,0.691125,0.888889,centroid,13,0.6933,0.1317
94,mushroom,ray,seal,whale,Q4,0.691125,0.888889,exemplar_knn_k3,13,0.7067,0.6663
94,mushroom,ray,seal,whale,Q4,0.691125,0.888889,logreg,13,0.6733,0.2924
94,mushroom,ray,seal,whale,Q4,0.691125,0.888889,random,13,0.32,1.2051
94,mushroom,ray,seal,whale,Q4,0.691125,0.888889,centroid,14,0.7533,0.1881
94,mushroom,ray,seal,whale,Q4,0.691125,0.888889,exemplar_knn_k3,14,0.7067,0.8362
94,mushroom,ray,seal,whale,Q4,0.691125,0.888889,logreg,14,0.74,0.4045
94,mushroom,ray,seal,whale,Q4,0.691125,0.888889,random,14,0.3467,1.2246
94,mushroom,ray,seal,whale,Q4,0.691125,0.888889,centroid,15,0.7933,0.2056
94,mushroom,ray,seal,whale,Q4,0.691125,0.888889,exemplar_knn_k3,15,0.7933,0.8685
94,mushroom,ray,seal,whale,Q4,0.691125,0.888889,logreg,15,0.8,0.4386
94,mushroom,ray,seal,whale,Q4,0.691125,0.888889,random,15,0.3067,1.4077
94,mushroom,ray,seal,whale,Q4,0.691125,0.888889,centroid,16,0.78,0.181
94,mushroom,ray,seal,whale,Q4,0.691125,0.888889,exemplar_knn_k3,16,0.7533,0.7463
94,mushroom,ray,seal,whale,Q4,0.691125,0.888889,logreg,16,0.7867,0.3679
94,mushroom,ray,seal,whale,Q4,0.691125,0.888889,random,16,0.34,1.1117
94,mushroom,ray,seal,whale,Q4,0.691125,0.888889,centroid,17,0.7333,0.2002
94,mushroom,ray,seal,whale,Q4,0.691125,0.888889,exemplar_knn_k3,17,0.7333,0.9361
94,mushroom,ray,seal,whale,Q4,0.691125,0.888889,logreg,17,0.72,0.4478
94,mushroom,ray,seal,whale,Q4,0.691125,0.888889,random,17,0.3333,1.2278
94,mushroom,ray,seal,whale,Q4,0.691125,0.888889,centroid,18,0.76,0.1384
94,mushroom,ray,seal,whale,Q4,0.691125,0.888889,exemplar_knn_k3,18,0.7333,0.6868
94,mushroom,ray,seal,whale,Q4,0.691125,0.888889,logreg,18,0.6867,0.3363
94,mushroom,ray,seal,whale,Q4,0.691125,0.888889,random,18,0.36,1.0446
94,mushroom,ray,seal,whale,Q4,0.691125,0.888889,centroid,19,0.84,0.1758
94,mushroom,ray,seal,whale,Q4,0.691125,0.888889,exemplar_knn_k3,19,0.8267,0.7687
94,mushroom,ray,seal,whale,Q4,0.691125,0.888889,logreg,19,0.8133,0.3773
94,mushroom,ray,seal,whale,Q4,0.691125,0.888889,random,19,0.3333,1.1815
94,mushroom,ray,seal,whale,Q4,0.691125,0.888889,centroid,20,0.8067,0.166
94,mushroom,ray,seal,whale,Q4,0.691125,0.888889,exemplar_knn_k3,20,0.7933,0.6591
94,mushroom,ray,seal,whale,Q4,0.691125,0.888889,logreg,20,0.8133,0.371
94,mushroom,ray,seal,whale,Q4,0.691125,0.888889,random,20,0.32,1.2772
94,mushroom,ray,seal,whale,Q4,0.691125,0.888889,centroid,21,0.7667,0.1337
94,mushroom,ray,seal,whale,Q4,0.691125,0.888889,exemplar_knn_k3,21,0.7133,0.623
94,mushroom,ray,seal,whale,Q4,0.691125,0.888889,logreg,21,0.76,0.3072
94,mushroom,ray,seal,whale,Q4,0.691125,0.888889,random,21,0.3467,1.1887
94,mushroom,ray,seal,whale,Q4,0.691125,0.888889,centroid,22,0.7867,0.1931
94,mushroom,ray,seal,whale,Q4,0.691125,0.888889,exemplar_knn_k3,22,0.7467,0.9003
94,mushroom,ray,seal,whale,Q4,0.691125,0.888889,logreg,22,0.7733,0.4156
94,mushroom,ray,seal,whale,Q4,0.691125,0.888889,random,22,0.3333,1.0963
94,mushroom,ray,seal,whale,Q4,0.691125,0.888889,centroid,23,0.7933,0.1725
94,mushroom,ray,seal,whale,Q4,0.691125,0.888889,exemplar_knn_k3,23,0.84,0.7361
94,mushroom,ray,seal,whale,Q4,0.691125,0.888889,logreg,23,0.82,0.3763
94,mushroom,ray,seal,whale,Q4,0.691125,0.888889,random,23,0.36,1.2289
94,mushroom,ray,seal,whale,Q4,0.691125,0.888889,centroid,24,0.7733,0.1773
94,mushroom,ray,seal,whale,Q4,0.691125,0.888889,exemplar_knn_k3,24,0.72,0.8114
94,mushroom,ray,seal,whale,Q4,0.691125,0.888889,logreg,24,0.78,0.3978
94,mushroom,ray,seal,whale,Q4,0.691125,0.888889,random,24,0.3667,1.1553
94,mushroom,ray,seal,whale,Q4,0.691125,0.888889,centroid,25,0.76,0.2086
94,mushroom,ray,seal,whale,Q4,0.691125,0.888889,exemplar_knn_k3,25,0.7733,0.9019
94,mushroom,ray,seal,whale,Q4,0.691125,0.888889,logreg,25,0.78,0.4308
94,mushroom,ray,seal,whale,Q4,0.691125,0.888889,random,25,0.3267,1.1732
94,mushroom,ray,seal,whale,Q4,0.691125,0.888889,centroid,26,0.78,0.1969
94,mushroom,ray,seal,whale,Q4,0.691125,0.888889,exemplar_knn_k3,26,0.7533,0.8566
94,mushroom,ray,seal,whale,Q4,0.691125,0.888889,logreg,26,0.7933,0.4296
94,mushroom,ray,seal,whale,Q4,0.691125,0.888889,random,26,0.2733,1.2348
94,mushroom,ray,seal,whale,Q4,0.691125,0.888889,centroid,27,0.7467,0.1609
94,mushroom,ray,seal,whale,Q4,0.691125,0.888889,exemplar_knn_k3,27,0.7467,0.7414
94,mushroom,ray,seal,whale,Q4,0.691125,0.888889,logreg,27,0.7333,0.3197
94,mushroom,ray,seal,whale,Q4,0.691125,0.888889,random,27,0.28,1.1283
94,mushroom,ray,seal,whale,Q4,0.691125,0.888889,centroid,28,0.7867,0.1508
94,mushroom,ray,seal,whale,Q4,0.691125,0.888889,exemplar_knn_k3,28,0.7867,0.8191
94,mushroom,ray,seal,whale,Q4,0.691125,0.888889,logreg,28,0.84,0.342
94,mushroom,ray,seal,whale,Q4,0.691125,0.888889,random,28,0.3667,1.3646
94,mushroom,ray,seal,whale,Q4,0.691125,0.888889,centroid,29,0.82,0.1961
94,mushroom,ray,seal,whale,Q4,0.691125,0.888889,exemplar_knn_k3,29,0.8333,0.8965
94,mushroom,ray,seal,whale,Q4,0.691125,0.888889,logreg,29,0.8667,0.4352
94,mushroom,ray,seal,whale,Q4,0.691125,0.888889,random,29,0.2867,1.2703
95,otter,rocket,dinosaur,couch,Q4,0.611723,0.789474,centroid,0,0.9133,0.2677
95,otter,rocket,dinosaur,couch,Q4,0.611723,0.789474,exemplar_knn_k3,0,0.86,1.0664
95,otter,rocket,dinosaur,couch,Q4,0.611723,0.789474,logreg,0,0.9467,0.5487
95,otter,rocket,dinosaur,couch,Q4,0.611723,0.789474,random,0,0.3667,1.2927
95,otter,rocket,dinosaur,couch,Q4,0.611723,0.789474,centroid,1,0.8133,0.3139
95,otter,rocket,dinosaur,couch,Q4,0.611723,0.789474,exemplar_knn_k3,1,0.84,1.1806
95,otter,rocket,dinosaur,couch,Q4,0.611723,0.789474,logreg,1,0.8667,0.5956
95,otter,rocket,dinosaur,couch,Q4,0.611723,0.789474,random,1,0.4067,1.3144
95,otter,rocket,dinosaur,couch,Q4,0.611723,0.789474,centroid,2,0.9533,0.2443
95,otter,rocket,dinosaur,couch,Q4,0.611723,0.789474,exemplar_knn_k3,2,0.9333,1.0387
95,otter,rocket,dinosaur,couch,Q4,0.611723,0.789474,logreg,2,0.9533,0.4986
95,otter,rocket,dinosaur,couch,Q4,0.611723,0.789474,random,2,0.3533,1.2564
95,otter,rocket,dinosaur,couch,Q4,0.611723,0.789474,centroid,3,0.7933,0.2835
95,otter,rocket,dinosaur,couch,Q4,0.611723,0.789474,exemplar_knn_k3,3,0.82,1.0359
95,otter,rocket,dinosaur,couch,Q4,0.611723,0.789474,logreg,3,0.7933,0.5833
95,otter,rocket,dinosaur,couch,Q4,0.611723,0.789474,random,3,0.4133,1.1076
95,otter,rocket,dinosaur,couch,Q4,0.611723,0.789474,centroid,4,0.8933,0.2224
95,otter,rocket,dinosaur,couch,Q4,0.611723,0.789474,exemplar_knn_k3,4,0.8533,0.9622
95,otter,rocket,dinosaur,couch,Q4,0.611723,0.789474,logreg,4,0.9133,0.456
95,otter,rocket,dinosaur,couch,Q4,0.611723,0.789474,random,4,0.3267,1.288
95,otter,rocket,dinosaur,couch,Q4,0.611723,0.789474,centroid,5,0.9067,0.2221
95,otter,rocket,dinosaur,couch,Q4,0.611723,0.789474,exemplar_knn_k3,5,0.86,0.8645
95,otter,rocket,dinosaur,couch,Q4,0.611723,0.789474,logreg,5,0.9533,0.4548
95,otter,rocket,dinosaur,couch,Q4,0.611723,0.789474,random,5,0.3267,1.1396
95,otter,rocket,dinosaur,couch,Q4,0.611723,0.789474,centroid,6,0.8133,0.3126
95,otter,rocket,dinosaur,couch,Q4,0.611723,0.789474,exemplar_knn_k3,6,0.8067,1.1705
95,otter,rocket,dinosaur,couch,Q4,0.611723,0.789474,logreg,6,0.7867,0.6243
95,otter,rocket,dinosaur,couch,Q4,0.611723,0.789474,random,6,0.3467,1.1703
95,otter,rocket,dinosaur,couch,Q4,0.611723,0.789474,centroid,7,0.8733,0.2229
95,otter,rocket,dinosaur,couch,Q4,0.611723,0.789474,exemplar_knn_k3,7,0.8067,0.9255
95,otter,rocket,dinosaur,couch,Q4,0.611723,0.789474,logreg,7,0.8533,0.4516
95,otter,rocket,dinosaur,couch,Q4,0.611723,0.789474,random,7,0.2933,1.1932
95,otter,rocket,dinosaur,couch,Q4,0.611723,0.789474,centroid,8,0.9,0.2225
95,otter,rocket,dinosaur,couch,Q4,0.611723,0.789474,exemplar_knn_k3,8,0.9067,0.9573
95,otter,rocket,dinosaur,couch,Q4,0.611723,0.789474,logreg,8,0.9067,0.4791
95,otter,rocket,dinosaur,couch,Q4,0.611723,0.789474,random,8,0.34,1.0073
95,otter,rocket,dinosaur,couch,Q4,0.611723,0.789474,centroid,9,0.8867,0.2812
95,otter,rocket,dinosaur,couch,Q4,0.611723,0.789474,exemplar_knn_k3,9,0.84,1.0474
95,otter,rocket,dinosaur,couch,Q4,0.611723,0.789474,logreg,9,0.9333,0.5672
95,otter,rocket,dinosaur,couch,Q4,0.611723,0.789474,random,9,0.3667,1.1588
95,otter,rocket,dinosaur,couch,Q4,0.611723,0.789474,centroid,10,0.8867,0.2858
95,otter,rocket,dinosaur,couch,Q4,0.611723,0.789474,exemplar_knn_k3,10,0.8733,1.0798
95,otter,rocket,dinosaur,couch,Q4,0.611723,0.789474,logreg,10,0.8733,0.5734
95,otter,rocket,dinosaur,couch,Q4,0.611723,0.789474,random,10,0.3267,1.2603
95,otter,rocket,dinosaur,couch,Q4,0.611723,0.789474,centroid,11,0.8867,0.2304
95,otter,rocket,dinosaur,couch,Q4,0.611723,0.789474,exemplar_knn_k3,11,0.8333,0.972
95,otter,rocket,dinosaur,couch,Q4,0.611723,0.789474,logreg,11,0.9,0.4894
95,otter,rocket,dinosaur,couch,Q4,0.611723,0.789474,random,11,0.3467,1.203
95,otter,rocket,dinosaur,couch,Q4,0.611723,0.789474,centroid,12,0.8533,0.2808
95,otter,rocket,dinosaur,couch,Q4,0.611723,0.789474,exemplar_knn_k3,12,0.8533,1.0215
95,otter,rocket,dinosaur,couch,Q4,0.611723,0.789474,logreg,12,0.84,0.5637
95,otter,rocket,dinosaur,couch,Q4,0.611723,0.789474,random,12,0.3533,1.2226
95,otter,rocket,dinosaur,couch,Q4,0.611723,0.789474,centroid,13,0.8667,0.2836
95,otter,rocket,dinosaur,couch,Q4,0.611723,0.789474,exemplar_knn_k3,13,0.86,1.0793
95,otter,rocket,dinosaur,couch,Q4,0.611723,0.789474,logreg,13,0.8733,0.5631
95,otter,rocket,dinosaur,couch,Q4,0.611723,0.789474,random,13,0.2867,1.0631
95,otter,rocket,dinosaur,couch,Q4,0.611723,0.789474,centroid,14,0.8467,0.3502
95,otter,rocket,dinosaur,couch,Q4,0.611723,0.789474,exemplar_knn_k3,14,0.86,1.1781
95,otter,rocket,dinosaur,couch,Q4,0.611723,0.789474,logreg,14,0.8133,0.6948
95,otter,rocket,dinosaur,couch,Q4,0.611723,0.789474,random,14,0.4267,1.2036
95,otter,rocket,dinosaur,couch,Q4,0.611723,0.789474,centroid,15,0.9,0.231
95,otter,rocket,dinosaur,couch,Q4,0.611723,0.789474,exemplar_knn_k3,15,0.8133,0.9608
95,otter,rocket,dinosaur,couch,Q4,0.611723,0.789474,logreg,15,0.8933,0.5056
95,otter,rocket,dinosaur,couch,Q4,0.611723,0.789474,random,15,0.3067,1.3059
95,otter,rocket,dinosaur,couch,Q4,0.611723,0.789474,centroid,16,0.9067,0.2126
95,otter,rocket,dinosaur,couch,Q4,0.611723,0.789474,exemplar_knn_k3,16,0.9067,0.9369
95,otter,rocket,dinosaur,couch,Q4,0.611723,0.789474,logreg,16,0.8333,0.4611
95,otter,rocket,dinosaur,couch,Q4,0.611723,0.789474,random,16,0.36,1.2964
95,otter,rocket,dinosaur,couch,Q4,0.611723,0.789474,centroid,17,0.9467,0.2341
95,otter,rocket,dinosaur,couch,Q4,0.611723,0.789474,exemplar_knn_k3,17,0.9067,0.9703
95,otter,rocket,dinosaur,couch,Q4,0.611723,0.789474,logreg,17,0.96,0.4962
95,otter,rocket,dinosaur,couch,Q4,0.611723,0.789474,random,17,0.38,1.1933
95,otter,rocket,dinosaur,couch,Q4,0.611723,0.789474,centroid,18,0.8333,0.3005
95,otter,rocket,dinosaur,couch,Q4,0.611723,0.789474,exemplar_knn_k3,18,0.86,1.159
95,otter,rocket,dinosaur,couch,Q4,0.611723,0.789474,logreg,18,0.8467,0.5911
95,otter,rocket,dinosaur,couch,Q4,0.611723,0.789474,random,18,0.3667,1.2587
95,otter,rocket,dinosaur,couch,Q4,0.611723,0.789474,centroid,19,0.8467,0.297
95,otter,rocket,dinosaur,couch,Q4,0.611723,0.789474,exemplar_knn_k3,19,0.86,1.1366
95,otter,rocket,dinosaur,couch,Q4,0.611723,0.789474,logreg,19,0.8867,0.6189
95,otter,rocket,dinosaur,couch,Q4,0.611723,0.789474,random,19,0.32,1.4944
95,otter,rocket,dinosaur,couch,Q4,0.611723,0.789474,centroid,20,0.9,0.2099
95,otter,rocket,dinosaur,couch,Q4,0.611723,0.789474,exemplar_knn_k3,20,0.8733,0.8916
95,otter,rocket,dinosaur,couch,Q4,0.611723,0.789474,logreg,20,0.8267,0.4661
95,otter,rocket,dinosaur,couch,Q4,0.611723,0.789474,random,20,0.3667,1.3118
95,otter,rocket,dinosaur,couch,Q4,0.611723,0.789474,centroid,21,0.8867,0.2973
95,otter,rocket,dinosaur,couch,Q4,0.611723,0.789474,exemplar_knn_k3,21,0.9067,1.0386
95,otter,rocket,dinosaur,couch,Q4,0.611723,0.789474,logreg,21,0.8867,0.6064
95,otter,rocket,dinosaur,couch,Q4,0.611723,0.789474,random,21,0.3933,1.1595
95,otter,rocket,dinosaur,couch,Q4,0.611723,0.789474,centroid,22,0.9333,0.2188
95,otter,rocket,dinosaur,couch,Q4,0.611723,0.789474,exemplar_knn_k3,22,0.9067,0.9161
95,otter,rocket,dinosaur,couch,Q4,0.611723,0.789474,logreg,22,0.9533,0.4757
95,otter,rocket,dinosaur,couch,Q4,0.611723,0.789474,random,22,0.3467,1.1566
95,otter,rocket,dinosaur,couch,Q4,0.611723,0.789474,centroid,23,0.8733,0.2282
95,otter,rocket,dinosaur,couch,Q4,0.611723,0.789474,exemplar_knn_k3,23,0.8933,0.9178
95,otter,rocket,dinosaur,couch,Q4,0.611723,0.789474,logreg,23,0.8467,0.4828
95,otter,rocket,dinosaur,couch,Q4,0.611723,0.789474,random,23,0.4,1.3593
95,otter,rocket,dinosaur,couch,Q4,0.611723,0.789474,centroid,24,0.9267,0.2302
95,otter,rocket,dinosaur,couch,Q4,0.611723,0.789474,exemplar_knn_k3,24,0.9133,1.0087
95,otter,rocket,dinosaur,couch,Q4,0.611723,0.789474,logreg,24,0.9067,0.5004
95,otter,rocket,dinosaur,couch,Q4,0.611723,0.789474,random,24,0.2933,1.2217
95,otter,rocket,dinosaur,couch,Q4,0.611723,0.789474,centroid,25,0.9,0.2184
95,otter,rocket,dinosaur,couch,Q4,0.611723,0.789474,exemplar_knn_k3,25,0.9067,0.9445
95,otter,rocket,dinosaur,couch,Q4,0.611723,0.789474,logreg,25,0.9067,0.4871
95,otter,rocket,dinosaur,couch,Q4,0.611723,0.789474,random,25,0.3733,1.2354
95,otter,rocket,dinosaur,couch,Q4,0.611723,0.789474,centroid,26,0.9667,0.2953
95,otter,rocket,dinosaur,couch,Q4,0.611723,0.789474,exemplar_knn_k3,26,0.9533,1.1256
95,otter,rocket,dinosaur,couch,Q4,0.611723,0.789474,logreg,26,0.94,0.5925
95,otter,rocket,dinosaur,couch,Q4,0.611723,0.789474,random,26,0.3267,1.3192
95,otter,rocket,dinosaur,couch,Q4,0.611723,0.789474,centroid,27,0.9333,0.2659
95,otter,rocket,dinosaur,couch,Q4,0.611723,0.789474,exemplar_knn_k3,27,0.9267,1.0929
95,otter,rocket,dinosaur,couch,Q4,0.611723,0.789474,logreg,27,0.9333,0.5534
95,otter,rocket,dinosaur,couch,Q4,0.611723,0.789474,random,27,0.3533,1.3108
95,otter,rocket,dinosaur,couch,Q4,0.611723,0.789474,centroid,28,0.8333,0.2867
95,otter,rocket,dinosaur,couch,Q4,0.611723,0.789474,exemplar_knn_k3,28,0.84,1.0495
95,otter,rocket,dinosaur,couch,Q4,0.611723,0.789474,logreg,28,0.8267,0.5885
95,otter,rocket,dinosaur,couch,Q4,0.611723,0.789474,random,28,0.3933,1.1704
95,otter,rocket,dinosaur,couch,Q4,0.611723,0.789474,centroid,29,0.9467,0.2418
95,otter,rocket,dinosaur,couch,Q4,0.611723,0.789474,exemplar_knn_k3,29,0.9267,0.9732
95,otter,rocket,dinosaur,couch,Q4,0.611723,0.789474,logreg,29,0.9467,0.5056
95,otter,rocket,dinosaur,couch,Q4,0.611723,0.789474,random,29,0.4,1.2629
96,otter,skunk,shrew,camel,Q4,0.382485,0.764706,centroid,0,0.8067,0.1753
96,otter,skunk,shrew,camel,Q4,0.382485,0.764706,exemplar_knn_k3,0,0.8467,0.8773
96,otter,skunk,shrew,camel,Q4,0.382485,0.764706,logreg,0,0.8133,0.3887
96,otter,skunk,shrew,camel,Q4,0.382485,0.764706,random,0,0.2733,1.2992
96,otter,skunk,shrew,camel,Q4,0.382485,0.764706,centroid,1,0.8333,0.2312
96,otter,skunk,shrew,camel,Q4,0.382485,0.764706,exemplar_knn_k3,1,0.84,1.0137
96,otter,skunk,shrew,camel,Q4,0.382485,0.764706,logreg,1,0.8267,0.5005
96,otter,skunk,shrew,camel,Q4,0.382485,0.764706,random,1,0.4133,1.3686
96,otter,skunk,shrew,camel,Q4,0.382485,0.764706,centroid,2,0.8333,0.1505
96,otter,skunk,shrew,camel,Q4,0.382485,0.764706,exemplar_knn_k3,2,0.8467,0.8227
96,otter,skunk,shrew,camel,Q4,0.382485,0.764706,logreg,2,0.8267,0.3606
96,otter,skunk,shrew,camel,Q4,0.382485,0.764706,random,2,0.2867,1.165
96,otter,skunk,shrew,camel,Q4,0.382485,0.764706,centroid,3,0.8267,0.2172
96,otter,skunk,shrew,camel,Q4,0.382485,0.764706,exemplar_knn_k3,3,0.8,0.9389
96,otter,skunk,shrew,camel,Q4,0.382485,0.764706,logreg,3,0.8133,0.4634
96,otter,skunk,shrew,camel,Q4,0.382485,0.764706,random,3,0.3067,1.1862
96,otter,skunk,shrew,camel,Q4,0.382485,0.764706,centroid,4,0.86,0.1317
96,otter,skunk,shrew,camel,Q4,0.382485,0.764706,exemplar_knn_k3,4,0.8067,0.6945
96,otter,skunk,shrew,camel,Q4,0.382485,0.764706,logreg,4,0.8533,0.2924
96,otter,skunk,shrew,camel,Q4,0.382485,0.764706,random,4,0.2533,1.133
96,otter,skunk,shrew,camel,Q4,0.382485,0.764706,centroid,5,0.8333,0.1843
96,otter,skunk,shrew,camel,Q4,0.382485,0.764706,exemplar_knn_k3,5,0.7933,0.9402
96,otter,skunk,shrew,camel,Q4,0.382485,0.764706,logreg,5,0.8267,0.3968
96,otter,skunk,shrew,camel,Q4,0.382485,0.764706,random,5,0.38,1.3039
96,otter,skunk,shrew,camel,Q4,0.382485,0.764706,centroid,6,0.8133,0.2138
96,otter,skunk,shrew,camel,Q4,0.382485,0.764706,exemplar_knn_k3,6,0.82,0.9287
96,otter,skunk,shrew,camel,Q4,0.382485,0.764706,logreg,6,0.8267,0.4645
96,otter,skunk,shrew,camel,Q4,0.382485,0.764706,random,6,0.3333,1.1916
96,otter,skunk,shrew,camel,Q4,0.382485,0.764706,centroid,7,0.78,0.156
96,otter,skunk,shrew,camel,Q4,0.382485,0.764706,exemplar_knn_k3,7,0.7933,0.8381
96,otter,skunk,shrew,camel,Q4,0.382485,0.764706,logreg,7,0.7867,0.352
96,otter,skunk,shrew,camel,Q4,0.382485,0.764706,random,7,0.36,1.1784
96,otter,skunk,shrew,camel,Q4,0.382485,0.764706,centroid,8,0.8867,0.1552
96,otter,skunk,shrew,camel,Q4,0.382485,0.764706,exemplar_knn_k3,8,0.8733,0.8797
96,otter,skunk,shrew,camel,Q4,0.382485,0.764706,logreg,8,0.8867,0.3618
96,otter,skunk,shrew,camel,Q4,0.382485,0.764706,random,8,0.28,1.1826
96,otter,skunk,shrew,camel,Q4,0.382485,0.764706,centroid,9,0.7933,0.2186
96,otter,skunk,shrew,camel,Q4,0.382485,0.764706,exemplar_knn_k3,9,0.7667,1.1013
96,otter,skunk,shrew,camel,Q4,0.382485,0.764706,logreg,9,0.7867,0.5251
96,otter,skunk,shrew,camel,Q4,0.382485,0.764706,random,9,0.38,1.2232
96,otter,skunk,shrew,camel,Q4,0.382485,0.764706,centroid,10,0.8333,0.2128
96,otter,skunk,shrew,camel,Q4,0.382485,0.764706,exemplar_knn_k3,10,0.8267,0.9357
96,otter,skunk,shrew,camel,Q4,0.382485,0.764706,logreg,10,0.7933,0.4725
96,otter,skunk,shrew,camel,Q4,0.382485,0.764706,random,10,0.36,1.0934
96,otter,skunk,shrew,camel,Q4,0.382485,0.764706,centroid,11,0.72,0.1404
96,otter,skunk,shrew,camel,Q4,0.382485,0.764706,exemplar_knn_k3,11,0.7,0.9135
96,otter,skunk,shrew,camel,Q4,0.382485,0.764706,logreg,11,0.7333,0.3121
96,otter,skunk,shrew,camel,Q4,0.382485,0.764706,random,11,0.3067,1.2907
96,otter,skunk,shrew,camel,Q4,0.382485,0.764706,centroid,12,0.8,0.2615
96,otter,skunk,shrew,camel,Q4,0.382485,0.764706,exemplar_knn_k3,12,0.7933,1.141
96,otter,skunk,shrew,camel,Q4,0.382485,0.764706,logreg,12,0.7867,0.5652
96,otter,skunk,shrew,camel,Q4,0.382485,0.764706,random,12,0.32,1.1728
96,otter,skunk,shrew,camel,Q4,0.382485,0.764706,centroid,13,0.82,0.2224
96,otter,skunk,shrew,camel,Q4,0.382485,0.764706,exemplar_knn_k3,13,0.84,1.0337
96,otter,skunk,shrew,camel,Q4,0.382485,0.764706,logreg,13,0.7733,0.5089
96,otter,skunk,shrew,camel,Q4,0.382485,0.764706,random,13,0.3333,1.192
96,otter,skunk,shrew,camel,Q4,0.382485,0.764706,centroid,14,0.8533,0.2031
96,otter,skunk,shrew,camel,Q4,0.382485,0.764706,exemplar_knn_k3,14,0.8733,0.9358
96,otter,skunk,shrew,camel,Q4,0.382485,0.764706,logreg,14,0.8333,0.4679
96,otter,skunk,shrew,camel,Q4,0.382485,0.764706,random,14,0.3,1.4151
96,otter,skunk,shrew,camel,Q4,0.382485,0.764706,centroid,15,0.8,0.1595
96,otter,skunk,shrew,camel,Q4,0.382485,0.764706,exemplar_knn_k3,15,0.7733,0.7332
96,otter,skunk,shrew,camel,Q4,0.382485,0.764706,logreg,15,0.7867,0.3718
96,otter,skunk,shrew,camel,Q4,0.382485,0.764706,random,15,0.3333,1.2458
96,otter,skunk,shrew,camel,Q4,0.382485,0.764706,centroid,16,0.8,0.1603
96,otter,skunk,shrew,camel,Q4,0.382485,0.764706,exemplar_knn_k3,16,0.86,0.9268
96,otter,skunk,shrew,camel,Q4,0.382485,0.764706,logreg,16,0.8067,0.3765
96,otter,skunk,shrew,camel,Q4,0.382485,0.764706,random,16,0.3667,1.3505
96,otter,skunk,shrew,camel,Q4,0.382485,0.764706,centroid,17,0.84,0.1539
96,otter,skunk,shrew,camel,Q4,0.382485,0.764706,exemplar_knn_k3,17,0.7933,0.7528
96,otter,skunk,shrew,camel,Q4,0.382485,0.764706,logreg,17,0.8067,0.3419
96,otter,skunk,shrew,camel,Q4,0.382485,0.764706,random,17,0.2867,1.1631
96,otter,skunk,shrew,camel,Q4,0.382485,0.764706,centroid,18,0.82,0.2082
96,otter,skunk,shrew,camel,Q4,0.382485,0.764706,exemplar_knn_k3,18,0.78,0.9719
96,otter,skunk,shrew,camel,Q4,0.382485,0.764706,logreg,18,0.82,0.4523
96,otter,skunk,shrew,camel,Q4,0.382485,0.764706,random,18,0.3,1.1894
96,otter,skunk,shrew,camel,Q4,0.382485,0.764706,centroid,19,0.7867,0.1975
96,otter,skunk,shrew,camel,Q4,0.382485,0.764706,exemplar_knn_k3,19,0.78,0.9867
96,otter,skunk,shrew,camel,Q4,0.382485,0.764706,logreg,19,0.78,0.4141
96,otter,skunk,shrew,camel,Q4,0.382485,0.764706,random,19,0.3133,1.2599
96,otter,skunk,shrew,camel,Q4,0.382485,0.764706,centroid,20,0.82,0.1413
96,otter,skunk,shrew,camel,Q4,0.382485,0.764706,exemplar_knn_k3,20,0.7467,0.8165
96,otter,skunk,shrew,camel,Q4,0.382485,0.764706,logreg,20,0.7733,0.3588
96,otter,skunk,shrew,camel,Q4,0.382485,0.764706,random,20,0.3267,1.2863
96,otter,skunk,shrew,camel,Q4,0.382485,0.764706,centroid,21,0.8867,0.1992
96,otter,skunk,shrew,camel,Q4,0.382485,0.764706,exemplar_knn_k3,21,0.8667,0.9294
96,otter,skunk,shrew,camel,Q4,0.382485,0.764706,logreg,21,0.8733,0.4363
96,otter,skunk,shrew,camel,Q4,0.382485,0.764706,random,21,0.42,1.2362
96,otter,skunk,shrew,camel,Q4,0.382485,0.764706,centroid,22,0.8133,0.1576
96,otter,skunk,shrew,camel,Q4,0.382485,0.764706,exemplar_knn_k3,22,0.8467,0.8503
96,otter,skunk,shrew,camel,Q4,0.382485,0.764706,logreg,22,0.8133,0.372
96,otter,skunk,shrew,camel,Q4,0.382485,0.764706,random,22,0.3,1.0825
96,otter,skunk,shrew,camel,Q4,0.382485,0.764706,centroid,23,0.8533,0.1383
96,otter,skunk,shrew,camel,Q4,0.382485,0.764706,exemplar_knn_k3,23,0.7733,0.7333
96,otter,skunk,shrew,camel,Q4,0.382485,0.764706,logreg,23,0.82,0.3346
96,otter,skunk,shrew,camel,Q4,0.382485,0.764706,random,23,0.3067,1.6222
96,otter,skunk,shrew,camel,Q4,0.382485,0.764706,centroid,24,0.7467,0.1526
96,otter,skunk,shrew,camel,Q4,0.382485,0.764706,exemplar_knn_k3,24,0.7867,0.9676
96,otter,skunk,shrew,camel,Q4,0.382485,0.764706,logreg,24,0.78,0.3558
96,otter,skunk,shrew,camel,Q4,0.382485,0.764706,random,24,0.34,1.2814
96,otter,skunk,shrew,camel,Q4,0.382485,0.764706,centroid,25,0.7933,0.1369
96,otter,skunk,shrew,camel,Q4,0.382485,0.764706,exemplar_knn_k3,25,0.7467,0.8083
96,otter,skunk,shrew,camel,Q4,0.382485,0.764706,logreg,25,0.8067,0.3466
96,otter,skunk,shrew,camel,Q4,0.382485,0.764706,random,25,0.3733,1.1876
96,otter,skunk,shrew,camel,Q4,0.382485,0.764706,centroid,26,0.8733,0.1656
96,otter,skunk,shrew,camel,Q4,0.382485,0.764706,exemplar_knn_k3,26,0.82,0.8267
96,otter,skunk,shrew,camel,Q4,0.382485,0.764706,logreg,26,0.8733,0.3826
96,otter,skunk,shrew,camel,Q4,0.382485,0.764706,random,26,0.36,1.1356
96,otter,skunk,shrew,camel,Q4,0.382485,0.764706,centroid,27,0.8067,0.1366
96,otter,skunk,shrew,camel,Q4,0.382485,0.764706,exemplar_knn_k3,27,0.78,0.7668
96,otter,skunk,shrew,camel,Q4,0.382485,0.764706,logreg,27,0.82,0.3393
96,otter,skunk,shrew,camel,Q4,0.382485,0.764706,random,27,0.3133,1.2686
96,otter,skunk,shrew,camel,Q4,0.382485,0.764706,centroid,28,0.8133,0.2252
96,otter,skunk,shrew,camel,Q4,0.382485,0.764706,exemplar_knn_k3,28,0.7867,0.9964
96,otter,skunk,shrew,camel,Q4,0.382485,0.764706,logreg,28,0.82,0.4697
96,otter,skunk,shrew,camel,Q4,0.382485,0.764706,random,28,0.3733,1.1799
96,otter,skunk,shrew,camel,Q4,0.382485,0.764706,centroid,29,0.86,0.1719
96,otter,skunk,shrew,camel,Q4,0.382485,0.764706,exemplar_knn_k3,29,0.8467,0.825
96,otter,skunk,shrew,camel,Q4,0.382485,0.764706,logreg,29,0.8467,0.3853
96,otter,skunk,shrew,camel,Q4,0.382485,0.764706,random,29,0.3467,1.1686
97,palm_tree,woman,mountain,television,Q4,0.65551,0.692308,centroid,0,0.9,0.2514
97,palm_tree,woman,mountain,television,Q4,0.65551,0.692308,exemplar_knn_k3,0,0.8667,0.9904
97,palm_tree,woman,mountain,television,Q4,0.65551,0.692308,logreg,0,0.86,0.5604
97,palm_tree,woman,mountain,television,Q4,0.65551,0.692308,random,0,0.3533,1.2052
97,palm_tree,woman,mountain,television,Q4,0.65551,0.692308,centroid,1,0.8267,0.2817
97,palm_tree,woman,mountain,television,Q4,0.65551,0.692308,exemplar_knn_k3,1,0.84,1.152
97,palm_tree,woman,mountain,television,Q4,0.65551,0.692308,logreg,1,0.8267,0.5994
97,palm_tree,woman,mountain,television,Q4,0.65551,0.692308,random,1,0.3333,1.3363
97,palm_tree,woman,mountain,television,Q4,0.65551,0.692308,centroid,2,0.8933,0.2809
97,palm_tree,woman,mountain,television,Q4,0.65551,0.692308,exemplar_knn_k3,2,0.86,1.1616
97,palm_tree,woman,mountain,television,Q4,0.65551,0.692308,logreg,2,0.8267,0.6303
97,palm_tree,woman,mountain,television,Q4,0.65551,0.692308,random,2,0.34,1.4751
97,palm_tree,woman,mountain,television,Q4,0.65551,0.692308,centroid,3,0.8133,0.293
97,palm_tree,woman,mountain,television,Q4,0.65551,0.692308,exemplar_knn_k3,3,0.82,1.0858
97,palm_tree,woman,mountain,television,Q4,0.65551,0.692308,logreg,3,0.8133,0.6121
97,palm_tree,woman,mountain,television,Q4,0.65551,0.692308,random,3,0.3533,1.0975
97,palm_tree,woman,mountain,television,Q4,0.65551,0.692308,centroid,4,0.8267,0.2596
97,palm_tree,woman,mountain,television,Q4,0.65551,0.692308,exemplar_knn_k3,4,0.8533,1.169
97,palm_tree,woman,mountain,television,Q4,0.65551,0.692308,logreg,4,0.8133,0.6381
97,palm_tree,woman,mountain,television,Q4,0.65551,0.692308,random,4,0.34,1.1353
97,palm_tree,woman,mountain,television,Q4,0.65551,0.692308,centroid,5,0.8667,0.3029
97,palm_tree,woman,mountain,television,Q4,0.65551,0.692308,exemplar_knn_k3,5,0.92,1.2656
97,palm_tree,woman,mountain,television,Q4,0.65551,0.692308,logreg,5,0.8267,0.7124
97,palm_tree,woman,mountain,television,Q4,0.65551,0.692308,random,5,0.3667,1.0972
97,palm_tree,woman,mountain,television,Q4,0.65551,0.692308,centroid,6,0.82,0.2542
97,palm_tree,woman,mountain,television,Q4,0.65551,0.692308,exemplar_knn_k3,6,0.8,0.9612
97,palm_tree,woman,mountain,television,Q4,0.65551,0.692308,logreg,6,0.8267,0.5067
97,palm_tree,woman,mountain,television,Q4,0.65551,0.692308,random,6,0.3533,1.2001
97,palm_tree,woman,mountain,television,Q4,0.65551,0.692308,centroid,7,0.86,0.3018
97,palm_tree,woman,mountain,television,Q4,0.65551,0.692308,exemplar_knn_k3,7,0.8667,1.2504
97,palm_tree,woman,mountain,television,Q4,0.65551,0.692308,logreg,7,0.84,0.7031
97,palm_tree,woman,mountain,television,Q4,0.65551,0.692308,random,7,0.3733,1.205
97,palm_tree,woman,mountain,television,Q4,0.65551,0.692308,centroid,8,0.8933,0.2879
97,palm_tree,woman,mountain,television,Q4,0.65551,0.692308,exemplar_knn_k3,8,0.88,1.1906
97,palm_tree,woman,mountain,television,Q4,0.65551,0.692308,logreg,8,0.84,0.6735
97,palm_tree,woman,mountain,television,Q4,0.65551,0.692308,random,8,0.3133,1.1811
97,palm_tree,woman,mountain,television,Q4,0.65551,0.692308,centroid,9,0.82,0.256
97,palm_tree,woman,mountain,television,Q4,0.65551,0.692308,exemplar_knn_k3,9,0.8067,1.0809
97,palm_tree,woman,mountain,television,Q4,0.65551,0.692308,logreg,9,0.8533,0.4867
97,palm_tree,woman,mountain,television,Q4,0.65551,0.692308,random,9,0.3267,1.3326
97,palm_tree,woman,mountain,television,Q4,0.65551,0.692308,centroid,10,0.82,0.3119
97,palm_tree,woman,mountain,television,Q4,0.65551,0.692308,exemplar_knn_k3,10,0.7933,1.244
97,palm_tree,woman,mountain,television,Q4,0.65551,0.692308,logreg,10,0.84,0.6276
97,palm_tree,woman,mountain,television,Q4,0.65551,0.692308,random,10,0.3867,1.2999
97,palm_tree,woman,mountain,television,Q4,0.65551,0.692308,centroid,11,0.84,0.3022
97,palm_tree,woman,mountain,television,Q4,0.65551,0.692308,exemplar_knn_k3,11,0.8733,1.2169
97,palm_tree,woman,mountain,television,Q4,0.65551,0.692308,logreg,11,0.8267,0.6941
97,palm_tree,woman,mountain,television,Q4,0.65551,0.692308,random,11,0.4,1.1767
97,palm_tree,woman,mountain,television,Q4,0.65551,0.692308,centroid,12,0.8267,0.2923
97,palm_tree,woman,mountain,television,Q4,0.65551,0.692308,exemplar_knn_k3,12,0.8,1.2114
97,palm_tree,woman,mountain,television,Q4,0.65551,0.692308,logreg,12,0.8733,0.577
97,palm_tree,woman,mountain,television,Q4,0.65551,0.692308,random,12,0.3467,1.0982
97,palm_tree,woman,mountain,television,Q4,0.65551,0.692308,centroid,13,0.8267,0.2883
97,palm_tree,woman,mountain,television,Q4,0.65551,0.692308,exemplar_knn_k3,13,0.8067,1.2176
97,palm_tree,woman,mountain,television,Q4,0.65551,0.692308,logreg,13,0.8733,0.5781
97,palm_tree,woman,mountain,television,Q4,0.65551,0.692308,random,13,0.3067,1.1772
97,palm_tree,woman,mountain,television,Q4,0.65551,0.692308,centroid,14,0.84,0.2999
97,palm_tree,woman,mountain,television,Q4,0.65551,0.692308,exemplar_knn_k3,14,0.8133,1.1751
97,palm_tree,woman,mountain,television,Q4,0.65551,0.692308,logreg,14,0.8467,0.6117
97,palm_tree,woman,mountain,television,Q4,0.65551,0.692308,random,14,0.2467,1.142
97,palm_tree,woman,mountain,television,Q4,0.65551,0.692308,centroid,15,0.8667,0.2865
97,palm_tree,woman,mountain,television,Q4,0.65551,0.692308,exemplar_knn_k3,15,0.9467,1.1644
97,palm_tree,woman,mountain,television,Q4,0.65551,0.692308,logreg,15,0.8333,0.6589
97,palm_tree,woman,mountain,television,Q4,0.65551,0.692308,random,15,0.32,1.2558
97,palm_tree,woman,mountain,television,Q4,0.65551,0.692308,centroid,16,0.86,0.2961
97,palm_tree,woman,mountain,television,Q4,0.65551,0.692308,exemplar_knn_k3,16,0.84,1.209
97,palm_tree,woman,mountain,television,Q4,0.65551,0.692308,logreg,16,0.8133,0.7015
97,palm_tree,woman,mountain,television,Q4,0.65551,0.692308,random,16,0.4333,1.125
97,palm_tree,woman,mountain,television,Q4,0.65551,0.692308,centroid,17,0.86,0.2628
97,palm_tree,woman,mountain,television,Q4,0.65551,0.692308,exemplar_knn_k3,17,0.86,1.1616
97,palm_tree,woman,mountain,television,Q4,0.65551,0.692308,logreg,17,0.8267,0.5992
97,palm_tree,woman,mountain,television,Q4,0.65551,0.692308,random,17,0.4133,1.1208
97,palm_tree,woman,mountain,television,Q4,0.65551,0.692308,centroid,18,0.82,0.3207
97,palm_tree,woman,mountain,television,Q4,0.65551,0.692308,exemplar_knn_k3,18,0.8067,1.2149
97,palm_tree,woman,mountain,television,Q4,0.65551,0.692308,logreg,18,0.8133,0.6326
97,palm_tree,woman,mountain,television,Q4,0.65551,0.692308,random,18,0.34,1.1898
97,palm_tree,woman,mountain,television,Q4,0.65551,0.692308,centroid,19,0.8133,0.2888
97,palm_tree,woman,mountain,television,Q4,0.65551,0.692308,exemplar_knn_k3,19,0.8067,1.1967
97,palm_tree,woman,mountain,television,Q4,0.65551,0.692308,logreg,19,0.8333,0.5837
97,palm_tree,woman,mountain,television,Q4,0.65551,0.692308,random,19,0.3067,1.1194
97,palm_tree,woman,mountain,television,Q4,0.65551,0.692308,centroid,20,0.86,0.2521
97,palm_tree,woman,mountain,television,Q4,0.65551,0.692308,exemplar_knn_k3,20,0.8667,1.1363
97,palm_tree,woman,mountain,television,Q4,0.65551,0.692308,logreg,20,0.82,0.6415
97,palm_tree,woman,mountain,television,Q4,0.65551,0.692308,random,20,0.32,1.2332
97,palm_tree,woman,mountain,television,Q4,0.65551,0.692308,centroid,21,0.8133,0.2685
97,palm_tree,woman,mountain,television,Q4,0.65551,0.692308,exemplar_knn_k3,21,0.8133,1.167
97,palm_tree,woman,mountain,television,Q4,0.65551,0.692308,logreg,21,0.86,0.5399
97,palm_tree,woman,mountain,television,Q4,0.65551,0.692308,random,21,0.28,1.2835
97,palm_tree,woman,mountain,television,Q4,0.65551,0.692308,centroid,22,0.8667,0.3248
97,palm_tree,woman,mountain,television,Q4,0.65551,0.692308,exemplar_knn_k3,22,0.8933,1.308
97,palm_tree,woman,mountain,television,Q4,0.65551,0.692308,logreg,22,0.8267,0.7408
97,palm_tree,woman,mountain,television,Q4,0.65551,0.692308,random,22,0.34,1.198
97,palm_tree,woman,mountain,television,Q4,0.65551,0.692308,centroid,23,0.8867,0.2806
97,palm_tree,woman,mountain,television,Q4,0.65551,0.692308,exemplar_knn_k3,23,0.8667,1.1865
97,palm_tree,woman,mountain,television,Q4,0.65551,0.692308,logreg,23,0.8667,0.6059
97,palm_tree,woman,mountain,television,Q4,0.65551,0.692308,random,23,0.2667,1.2627
97,palm_tree,woman,mountain,television,Q4,0.65551,0.692308,centroid,24,0.88,0.285
97,palm_tree,woman,mountain,television,Q4,0.65551,0.692308,exemplar_knn_k3,24,0.8667,1.1596
97,palm_tree,woman,mountain,television,Q4,0.65551,0.692308,logreg,24,0.84,0.6215
97,palm_tree,woman,mountain,television,Q4,0.65551,0.692308,random,24,0.4,1.2823
97,palm_tree,woman,mountain,television,Q4,0.65551,0.692308,centroid,25,0.8533,0.2731
97,palm_tree,woman,mountain,television,Q4,0.65551,0.692308,exemplar_knn_k3,25,0.84,1.1815
97,palm_tree,woman,mountain,television,Q4,0.65551,0.692308,logreg,25,0.8333,0.6327
97,palm_tree,woman,mountain,television,Q4,0.65551,0.692308,random,25,0.28,1.074
97,palm_tree,woman,mountain,television,Q4,0.65551,0.692308,centroid,26,0.9467,0.294
97,palm_tree,woman,mountain,television,Q4,0.65551,0.692308,exemplar_knn_k3,26,0.9467,1.2393
97,palm_tree,woman,mountain,television,Q4,0.65551,0.692308,logreg,26,0.88,0.6635
97,palm_tree,woman,mountain,television,Q4,0.65551,0.692308,random,26,0.2733,1.1612
97,palm_tree,woman,mountain,television,Q4,0.65551,0.692308,centroid,27,0.94,0.2907
97,palm_tree,woman,mountain,television,Q4,0.65551,0.692308,exemplar_knn_k3,27,0.92,1.187
97,palm_tree,woman,mountain,television,Q4,0.65551,0.692308,logreg,27,0.8733,0.655
97,palm_tree,woman,mountain,television,Q4,0.65551,0.692308,random,27,0.2933,1.3653
97,palm_tree,woman,mountain,television,Q4,0.65551,0.692308,centroid,28,0.84,0.292
97,palm_tree,woman,mountain,television,Q4,0.65551,0.692308,exemplar_knn_k3,28,0.8333,1.2066
97,palm_tree,woman,mountain,television,Q4,0.65551,0.692308,logreg,28,0.8733,0.5885
97,palm_tree,woman,mountain,television,Q4,0.65551,0.692308,random,28,0.3333,1.2616
97,palm_tree,woman,mountain,television,Q4,0.65551,0.692308,centroid,29,0.8333,0.277
97,palm_tree,woman,mountain,television,Q4,0.65551,0.692308,exemplar_knn_k3,29,0.8533,1.1918
97,palm_tree,woman,mountain,television,Q4,0.65551,0.692308,logreg,29,0.8133,0.621
97,palm_tree,woman,mountain,television,Q4,0.65551,0.692308,random,29,0.3333,1.1058
98,rabbit,sea,cockroach,bridge,Q4,0.697814,0.789474,centroid,0,0.82,0.328
98,rabbit,sea,cockroach,bridge,Q4,0.697814,0.789474,exemplar_knn_k3,0,0.82,1.1828
98,rabbit,sea,cockroach,bridge,Q4,0.697814,0.789474,logreg,0,0.8067,0.6586
98,rabbit,sea,cockroach,bridge,Q4,0.697814,0.789474,random,0,0.4067,1.099
98,rabbit,sea,cockroach,bridge,Q4,0.697814,0.789474,centroid,1,0.8067,0.2746
98,rabbit,sea,cockroach,bridge,Q4,0.697814,0.789474,exemplar_knn_k3,1,0.82,1.0407
98,rabbit,sea,cockroach,bridge,Q4,0.697814,0.789474,logreg,1,0.8,0.5667
98,rabbit,sea,cockroach,bridge,Q4,0.697814,0.789474,random,1,0.42,1.2608
98,rabbit,sea,cockroach,bridge,Q4,0.697814,0.789474,centroid,2,0.8133,0.3331
98,rabbit,sea,cockroach,bridge,Q4,0.697814,0.789474,exemplar_knn_k3,2,0.8067,1.2103
98,rabbit,sea,cockroach,bridge,Q4,0.697814,0.789474,logreg,2,0.8133,0.6777
98,rabbit,sea,cockroach,bridge,Q4,0.697814,0.789474,random,2,0.3333,1.1297
98,rabbit,sea,cockroach,bridge,Q4,0.697814,0.789474,centroid,3,0.8067,0.2516
98,rabbit,sea,cockroach,bridge,Q4,0.697814,0.789474,exemplar_knn_k3,3,0.8133,0.9683
98,rabbit,sea,cockroach,bridge,Q4,0.697814,0.789474,logreg,3,0.8,0.5758
98,rabbit,sea,cockroach,bridge,Q4,0.697814,0.789474,random,3,0.3333,1.2769
98,rabbit,sea,cockroach,bridge,Q4,0.697814,0.789474,centroid,4,0.82,0.319
98,rabbit,sea,cockroach,bridge,Q4,0.697814,0.789474,exemplar_knn_k3,4,0.82,1.2252
98,rabbit,sea,cockroach,bridge,Q4,0.697814,0.789474,logreg,4,0.82,0.6025
98,rabbit,sea,cockroach,bridge,Q4,0.697814,0.789474,random,4,0.3533,1.3475
98,rabbit,sea,cockroach,bridge,Q4,0.697814,0.789474,centroid,5,0.8133,0.2968
98,rabbit,sea,cockroach,bridge,Q4,0.697814,0.789474,exemplar_knn_k3,5,0.8267,1.0701
98,rabbit,sea,cockroach,bridge,Q4,0.697814,0.789474,logreg,5,0.8333,0.6054
98,rabbit,sea,cockroach,bridge,Q4,0.697814,0.789474,random,5,0.3933,0.9904
98,rabbit,sea,cockroach,bridge,Q4,0.697814,0.789474,centroid,6,0.8133,0.2818
98,rabbit,sea,cockroach,bridge,Q4,0.697814,0.789474,exemplar_knn_k3,6,0.78,1.123
98,rabbit,sea,cockroach,bridge,Q4,0.697814,0.789474,logreg,6,0.7933,0.5911
98,rabbit,sea,cockroach,bridge,Q4,0.697814,0.789474,random,6,0.3467,1.2273
98,rabbit,sea,cockroach,bridge,Q4,0.697814,0.789474,centroid,7,0.84,0.3233
98,rabbit,sea,cockroach,bridge,Q4,0.697814,0.789474,exemplar_knn_k3,7,0.8533,1.1222
98,rabbit,sea,cockroach,bridge,Q4,0.697814,0.789474,logreg,7,0.8267,0.6143
98,rabbit,sea,cockroach,bridge,Q4,0.697814,0.789474,random,7,0.3533,1.2361
98,rabbit,sea,cockroach,bridge,Q4,0.697814,0.789474,centroid,8,0.8267,0.2966
98,rabbit,sea,cockroach,bridge,Q4,0.697814,0.789474,exemplar_knn_k3,8,0.82,1.1192
98,rabbit,sea,cockroach,bridge,Q4,0.697814,0.789474,logreg,8,0.8333,0.5809
98,rabbit,sea,cockroach,bridge,Q4,0.697814,0.789474,random,8,0.3067,1.1944
98,rabbit,sea,cockroach,bridge,Q4,0.697814,0.789474,centroid,9,0.84,0.2906
98,rabbit,sea,cockroach,bridge,Q4,0.697814,0.789474,exemplar_knn_k3,9,0.84,1.1032
98,rabbit,sea,cockroach,bridge,Q4,0.697814,0.789474,logreg,9,0.8267,0.5965
98,rabbit,sea,cockroach,bridge,Q4,0.697814,0.789474,random,9,0.3333,1.344
98,rabbit,sea,cockroach,bridge,Q4,0.697814,0.789474,centroid,10,0.8,0.2765
98,rabbit,sea,cockroach,bridge,Q4,0.697814,0.789474,exemplar_knn_k3,10,0.8,1.1723
98,rabbit,sea,cockroach,bridge,Q4,0.697814,0.789474,logreg,10,0.8,0.5933
98,rabbit,sea,cockroach,bridge,Q4,0.697814,0.789474,random,10,0.2533,1.2434
98,rabbit,sea,cockroach,bridge,Q4,0.697814,0.789474,centroid,11,0.82,0.3543
98,rabbit,sea,cockroach,bridge,Q4,0.697814,0.789474,exemplar_knn_k3,11,0.82,1.2496
98,rabbit,sea,cockroach,bridge,Q4,0.697814,0.789474,logreg,11,0.8133,0.6896
98,rabbit,sea,cockroach,bridge,Q4,0.697814,0.789474,random,11,0.38,1.3763
98,rabbit,sea,cockroach,bridge,Q4,0.697814,0.789474,centroid,12,0.82,0.2851
98,rabbit,sea,cockroach,bridge,Q4,0.697814,0.789474,exemplar_knn_k3,12,0.8267,1.1595
98,rabbit,sea,cockroach,bridge,Q4,0.697814,0.789474,logreg,12,0.82,0.6004
98,rabbit,sea,cockroach,bridge,Q4,0.697814,0.789474,random,12,0.3733,1.2713
98,rabbit,sea,cockroach,bridge,Q4,0.697814,0.789474,centroid,13,0.78,0.2816
98,rabbit,sea,cockroach,bridge,Q4,0.697814,0.789474,exemplar_knn_k3,13,0.7667,1.0807
98,rabbit,sea,cockroach,bridge,Q4,0.697814,0.789474,logreg,13,0.7733,0.6041
98,rabbit,sea,cockroach,bridge,Q4,0.697814,0.789474,random,13,0.3667,1.2653
98,rabbit,sea,cockroach,bridge,Q4,0.697814,0.789474,centroid,14,0.8667,0.3181
98,rabbit,sea,cockroach,bridge,Q4,0.697814,0.789474,exemplar_knn_k3,14,0.8467,1.1821
98,rabbit,sea,cockroach,bridge,Q4,0.697814,0.789474,logreg,14,0.8667,0.655
98,rabbit,sea,cockroach,bridge,Q4,0.697814,0.789474,random,14,0.3267,1.0112
98,rabbit,sea,cockroach,bridge,Q4,0.697814,0.789474,centroid,15,0.8133,0.3338
98,rabbit,sea,cockroach,bridge,Q4,0.697814,0.789474,exemplar_knn_k3,15,0.8067,1.2181
98,rabbit,sea,cockroach,bridge,Q4,0.697814,0.789474,logreg,15,0.8133,0.654
98,rabbit,sea,cockroach,bridge,Q4,0.697814,0.789474,random,15,0.34,1.2421
98,rabbit,sea,cockroach,bridge,Q4,0.697814,0.789474,centroid,16,0.8067,0.2843
98,rabbit,sea,cockroach,bridge,Q4,0.697814,0.789474,exemplar_knn_k3,16,0.7933,1.0961
98,rabbit,sea,cockroach,bridge,Q4,0.697814,0.789474,logreg,16,0.7933,0.6164
98,rabbit,sea,cockroach,bridge,Q4,0.697814,0.789474,random,16,0.34,1.1599
98,rabbit,sea,cockroach,bridge,Q4,0.697814,0.789474,centroid,17,0.8133,0.3315
98,rabbit,sea,cockroach,bridge,Q4,0.697814,0.789474,exemplar_knn_k3,17,0.8067,1.1762
98,rabbit,sea,cockroach,bridge,Q4,0.697814,0.789474,logreg,17,0.8133,0.6468
98,rabbit,sea,cockroach,bridge,Q4,0.697814,0.789474,random,17,0.3667,1.262
98,rabbit,sea,cockroach,bridge,Q4,0.697814,0.789474,centroid,18,0.8267,0.3129
98,rabbit,sea,cockroach,bridge,Q4,0.697814,0.789474,exemplar_knn_k3,18,0.8467,1.2235
98,rabbit,sea,cockroach,bridge,Q4,0.697814,0.789474,logreg,18,0.82,0.65
98,rabbit,sea,cockroach,bridge,Q4,0.697814,0.789474,random,18,0.2667,1.2241
98,rabbit,sea,cockroach,bridge,Q4,0.697814,0.789474,centroid,19,0.84,0.26
98,rabbit,sea,cockroach,bridge,Q4,0.697814,0.789474,exemplar_knn_k3,19,0.8067,0.9987
98,rabbit,sea,cockroach,bridge,Q4,0.697814,0.789474,logreg,19,0.86,0.5321
98,rabbit,sea,cockroach,bridge,Q4,0.697814,0.789474,random,19,0.36,1.2086
98,rabbit,sea,cockroach,bridge,Q4,0.697814,0.789474,centroid,20,0.7867,0.2948
98,rabbit,sea,cockroach,bridge,Q4,0.697814,0.789474,exemplar_knn_k3,20,0.8,1.0519
98,rabbit,sea,cockroach,bridge,Q4,0.697814,0.789474,logreg,20,0.7933,0.5783
98,rabbit,sea,cockroach,bridge,Q4,0.697814,0.789474,random,20,0.3667,1.1965
98,rabbit,sea,cockroach,bridge,Q4,0.697814,0.789474,centroid,21,0.9,0.2966
98,rabbit,sea,cockroach,bridge,Q4,0.697814,0.789474,exemplar_knn_k3,21,0.8667,1.1895
98,rabbit,sea,cockroach,bridge,Q4,0.697814,0.789474,logreg,21,0.9067,0.5896
98,rabbit,sea,cockroach,bridge,Q4,0.697814,0.789474,random,21,0.32,1.1619
98,rabbit,sea,cockroach,bridge,Q4,0.697814,0.789474,centroid,22,0.8333,0.3221
98,rabbit,sea,cockroach,bridge,Q4,0.697814,0.789474,exemplar_knn_k3,22,0.8267,1.1364
98,rabbit,sea,cockroach,bridge,Q4,0.697814,0.789474,logreg,22,0.8267,0.5982
98,rabbit,sea,cockroach,bridge,Q4,0.697814,0.789474,random,22,0.3133,1.4301
98,rabbit,sea,cockroach,bridge,Q4,0.697814,0.789474,centroid,23,0.8333,0.3222
98,rabbit,sea,cockroach,bridge,Q4,0.697814,0.789474,exemplar_knn_k3,23,0.8533,1.1722
98,rabbit,sea,cockroach,bridge,Q4,0.697814,0.789474,logreg,23,0.8333,0.6022
98,rabbit,sea,cockroach,bridge,Q4,0.697814,0.789474,random,23,0.3867,1.1977
98,rabbit,sea,cockroach,bridge,Q4,0.697814,0.789474,centroid,24,0.8467,0.3027
98,rabbit,sea,cockroach,bridge,Q4,0.697814,0.789474,exemplar_knn_k3,24,0.86,1.0725
98,rabbit,sea,cockroach,bridge,Q4,0.697814,0.789474,logreg,24,0.82,0.596
98,rabbit,sea,cockroach,bridge,Q4,0.697814,0.789474,random,24,0.4,1.2069
98,rabbit,sea,cockroach,bridge,Q4,0.697814,0.789474,centroid,25,0.8133,0.3094
98,rabbit,sea,cockroach,bridge,Q4,0.697814,0.789474,exemplar_knn_k3,25,0.8,1.1082
98,rabbit,sea,cockroach,bridge,Q4,0.697814,0.789474,logreg,25,0.8133,0.6022
98,rabbit,sea,cockroach,bridge,Q4,0.697814,0.789474,random,25,0.3333,1.2603
98,rabbit,sea,cockroach,bridge,Q4,0.697814,0.789474,centroid,26,0.7867,0.3403
98,rabbit,sea,cockroach,bridge,Q4,0.697814,0.789474,exemplar_knn_k3,26,0.7867,1.1361
98,rabbit,sea,cockroach,bridge,Q4,0.697814,0.789474,logreg,26,0.7733,0.7415
98,rabbit,sea,cockroach,bridge,Q4,0.697814,0.789474,random,26,0.34,1.228
98,rabbit,sea,cockroach,bridge,Q4,0.697814,0.789474,centroid,27,0.8067,0.3409
98,rabbit,sea,cockroach,bridge,Q4,0.697814,0.789474,exemplar_knn_k3,27,0.8,1.2151
98,rabbit,sea,cockroach,bridge,Q4,0.697814,0.789474,logreg,27,0.8,0.654
98,rabbit,sea,cockroach,bridge,Q4,0.697814,0.789474,random,27,0.3533,1.1808
98,rabbit,sea,cockroach,bridge,Q4,0.697814,0.789474,centroid,28,0.8067,0.2723
98,rabbit,sea,cockroach,bridge,Q4,0.697814,0.789474,exemplar_knn_k3,28,0.7933,1.0893
98,rabbit,sea,cockroach,bridge,Q4,0.697814,0.789474,logreg,28,0.8067,0.5985
98,rabbit,sea,cockroach,bridge,Q4,0.697814,0.789474,random,28,0.36,1.2046
98,rabbit,sea,cockroach,bridge,Q4,0.697814,0.789474,centroid,29,0.8267,0.3135
98,rabbit,sea,cockroach,bridge,Q4,0.697814,0.789474,exemplar_knn_k3,29,0.8133,1.1738
98,rabbit,sea,cockroach,bridge,Q4,0.697814,0.789474,logreg,29,0.8133,0.6283
98,rabbit,sea,cockroach,bridge,Q4,0.697814,0.789474,random,29,0.32,1.3493
99,table,tractor,boy,cattle,Q4,0.70997,0.875,centroid,0,0.8133,0.2713
99,table,tractor,boy,cattle,Q4,0.70997,0.875,exemplar_knn_k3,0,0.8533,1.0121
99,table,tractor,boy,cattle,Q4,0.70997,0.875,logreg,0,0.8,0.5536
99,table,tractor,boy,cattle,Q4,0.70997,0.875,random,0,0.3467,1.3203
99,table,tractor,boy,cattle,Q4,0.70997,0.875,centroid,1,0.8933,0.249
99,table,tractor,boy,cattle,Q4,0.70997,0.875,exemplar_knn_k3,1,0.9133,0.975
99,table,tractor,boy,cattle,Q4,0.70997,0.875,logreg,1,0.8667,0.5222
99,table,tractor,boy,cattle,Q4,0.70997,0.875,random,1,0.2933,1.2924
99,table,tractor,boy,cattle,Q4,0.70997,0.875,centroid,2,0.8,0.2653
99,table,tractor,boy,cattle,Q4,0.70997,0.875,exemplar_knn_k3,2,0.8,1.013
99,table,tractor,boy,cattle,Q4,0.70997,0.875,logreg,2,0.8,0.5448
99,table,tractor,boy,cattle,Q4,0.70997,0.875,random,2,0.2933,1.1437
99,table,tractor,boy,cattle,Q4,0.70997,0.875,centroid,3,0.8333,0.3149
99,table,tractor,boy,cattle,Q4,0.70997,0.875,exemplar_knn_k3,3,0.8667,1.0793
99,table,tractor,boy,cattle,Q4,0.70997,0.875,logreg,3,0.8267,0.6476
99,table,tractor,boy,cattle,Q4,0.70997,0.875,random,3,0.3867,1.1424
99,table,tractor,boy,cattle,Q4,0.70997,0.875,centroid,4,0.8733,0.2644
99,table,tractor,boy,cattle,Q4,0.70997,0.875,exemplar_knn_k3,4,0.8667,1.0156
99,table,tractor,boy,cattle,Q4,0.70997,0.875,logreg,4,0.9467,0.5254
99,table,tractor,boy,cattle,Q4,0.70997,0.875,random,4,0.36,1.2712
99,table,tractor,boy,cattle,Q4,0.70997,0.875,centroid,5,0.8667,0.2353
99,table,tractor,boy,cattle,Q4,0.70997,0.875,exemplar_knn_k3,5,0.8533,0.9604
99,table,tractor,boy,cattle,Q4,0.70997,0.875,logreg,5,0.8467,0.4815
99,table,tractor,boy,cattle,Q4,0.70997,0.875,random,5,0.34,1.2773
99,table,tractor,boy,cattle,Q4,0.70997,0.875,centroid,6,0.8533,0.2647
99,table,tractor,boy,cattle,Q4,0.70997,0.875,exemplar_knn_k3,6,0.8467,1.0151
99,table,tractor,boy,cattle,Q4,0.70997,0.875,logreg,6,0.8067,0.5646
99,table,tractor,boy,cattle,Q4,0.70997,0.875,random,6,0.3,1.1609
99,table,tractor,boy,cattle,Q4,0.70997,0.875,centroid,7,0.7933,0.2811
99,table,tractor,boy,cattle,Q4,0.70997,0.875,exemplar_knn_k3,7,0.7867,1.0574
99,table,tractor,boy,cattle,Q4,0.70997,0.875,logreg,7,0.7933,0.5592
99,table,tractor,boy,cattle,Q4,0.70997,0.875,random,7,0.3867,1.0625
99,table,tractor,boy,cattle,Q4,0.70997,0.875,centroid,8,0.84,0.2378
99,table,tractor,boy,cattle,Q4,0.70997,0.875,exemplar_knn_k3,8,0.88,0.9048
99,table,tractor,boy,cattle,Q4,0.70997,0.875,logreg,8,0.8267,0.4982
99,table,tractor,boy,cattle,Q4,0.70997,0.875,random,8,0.3267,1.1785
99,table,tractor,boy,cattle,Q4,0.70997,0.875,centroid,9,0.8933,0.2529
99,table,tractor,boy,cattle,Q4,0.70997,0.875,exemplar_knn_k3,9,0.9267,1.0345
99,table,tractor,boy,cattle,Q4,0.70997,0.875,logreg,9,0.8733,0.5254
99,table,tractor,boy,cattle,Q4,0.70997,0.875,random,9,0.32,1.0289
99,table,tractor,boy,cattle,Q4,0.70997,0.875,centroid,10,0.8467,0.2774
99,table,tractor,boy,cattle,Q4,0.70997,0.875,exemplar_knn_k3,10,0.8267,1.0264
99,table,tractor,boy,cattle,Q4,0.70997,0.875,logreg,10,0.82,0.5769
99,table,tractor,boy,cattle,Q4,0.70997,0.875,random,10,0.3533,1.2289
99,table,tractor,boy,cattle,Q4,0.70997,0.875,centroid,11,0.8933,0.2582
99,table,tractor,boy,cattle,Q4,0.70997,0.875,exemplar_knn_k3,11,0.8533,0.9797
99,table,tractor,boy,cattle,Q4,0.70997,0.875,logreg,11,0.8933,0.5174
99,table,tractor,boy,cattle,Q4,0.70997,0.875,random,11,0.3,1.3203
99,table,tractor,boy,cattle,Q4,0.70997,0.875,centroid,12,0.8733,0.2235
99,table,tractor,boy,cattle,Q4,0.70997,0.875,exemplar_knn_k3,12,0.9,0.8898
99,table,tractor,boy,cattle,Q4,0.70997,0.875,logreg,12,0.86,0.4621
99,table,tractor,boy,cattle,Q4,0.70997,0.875,random,12,0.3933,1.2038
99,table,tractor,boy,cattle,Q4,0.70997,0.875,centroid,13,0.84,0.2779
99,table,tractor,boy,cattle,Q4,0.70997,0.875,exemplar_knn_k3,13,0.8667,1.0299
99,table,tractor,boy,cattle,Q4,0.70997,0.875,logreg,13,0.8133,0.5748
99,table,tractor,boy,cattle,Q4,0.70997,0.875,random,13,0.32,1.2075
99,table,tractor,boy,cattle,Q4,0.70997,0.875,centroid,14,0.8333,0.2812
99,table,tractor,boy,cattle,Q4,0.70997,0.875,exemplar_knn_k3,14,0.8267,1.0289
99,table,tractor,boy,cattle,Q4,0.70997,0.875,logreg,14,0.8067,0.5752
99,table,tractor,boy,cattle,Q4,0.70997,0.875,random,14,0.3067,1.3532
99,table,tractor,boy,cattle,Q4,0.70997,0.875,centroid,15,0.8267,0.2205
99,table,tractor,boy,cattle,Q4,0.70997,0.875,exemplar_knn_k3,15,0.82,0.9436
99,table,tractor,boy,cattle,Q4,0.70997,0.875,logreg,15,0.82,0.4646
99,table,tractor,boy,cattle,Q4,0.70997,0.875,random,15,0.3267,1.2495
99,table,tractor,boy,cattle,Q4,0.70997,0.875,centroid,16,0.8067,0.2579
99,table,tractor,boy,cattle,Q4,0.70997,0.875,exemplar_knn_k3,16,0.8133,0.9289
99,table,tractor,boy,cattle,Q4,0.70997,0.875,logreg,16,0.8333,0.5133
99,table,tractor,boy,cattle,Q4,0.70997,0.875,random,16,0.2733,1.2499
99,table,tractor,boy,cattle,Q4,0.70997,0.875,centroid,17,0.8133,0.2545
99,table,tractor,boy,cattle,Q4,0.70997,0.875,exemplar_knn_k3,17,0.8067,1.0266
99,table,tractor,boy,cattle,Q4,0.70997,0.875,logreg,17,0.82,0.5463
99,table,tractor,boy,cattle,Q4,0.70997,0.875,random,17,0.32,1.2534
99,table,tractor,boy,cattle,Q4,0.70997,0.875,centroid,18,0.8333,0.2563
99,table,tractor,boy,cattle,Q4,0.70997,0.875,exemplar_knn_k3,18,0.86,0.9416
99,table,tractor,boy,cattle,Q4,0.70997,0.875,logreg,18,0.8133,0.5367
99,table,tractor,boy,cattle,Q4,0.70997,0.875,random,18,0.34,1.2044
99,table,tractor,boy,cattle,Q4,0.70997,0.875,centroid,19,0.8333,0.2725
99,table,tractor,boy,cattle,Q4,0.70997,0.875,exemplar_knn_k3,19,0.8267,0.992
99,table,tractor,boy,cattle,Q4,0.70997,0.875,logreg,19,0.8267,0.5541
99,table,tractor,boy,cattle,Q4,0.70997,0.875,random,19,0.3133,1.4164
99,table,tractor,boy,cattle,Q4,0.70997,0.875,centroid,20,0.8333,0.2224
99,table,tractor,boy,cattle,Q4,0.70997,0.875,exemplar_knn_k3,20,0.8067,0.7918
99,table,tractor,boy,cattle,Q4,0.70997,0.875,logreg,20,0.8267,0.441
99,table,tractor,boy,cattle,Q4,0.70997,0.875,random,20,0.3,1.328
99,table,tractor,boy,cattle,Q4,0.70997,0.875,centroid,21,0.88,0.253
99,table,tractor,boy,cattle,Q4,0.70997,0.875,exemplar_knn_k3,21,0.8867,0.9986
99,table,tractor,boy,cattle,Q4,0.70997,0.875,logreg,21,0.8533,0.5409
99,table,tractor,boy,cattle,Q4,0.70997,0.875,random,21,0.2933,1.2354
99,table,tractor,boy,cattle,Q4,0.70997,0.875,centroid,22,0.8133,0.2315
99,table,tractor,boy,cattle,Q4,0.70997,0.875,exemplar_knn_k3,22,0.7733,0.8995
99,table,tractor,boy,cattle,Q4,0.70997,0.875,logreg,22,0.8067,0.4859
99,table,tractor,boy,cattle,Q4,0.70997,0.875,random,22,0.32,1.2303
99,table,tractor,boy,cattle,Q4,0.70997,0.875,centroid,23,0.8267,0.2505
99,table,tractor,boy,cattle,Q4,0.70997,0.875,exemplar_knn_k3,23,0.9,0.8981
99,table,tractor,boy,cattle,Q4,0.70997,0.875,logreg,23,0.8133,0.4968
99,table,tractor,boy,cattle,Q4,0.70997,0.875,random,23,0.3067,1.2925
99,table,tractor,boy,cattle,Q4,0.70997,0.875,centroid,24,0.82,0.2263
99,table,tractor,boy,cattle,Q4,0.70997,0.875,exemplar_knn_k3,24,0.7933,0.8101
99,table,tractor,boy,cattle,Q4,0.70997,0.875,logreg,24,0.84,0.4429
99,table,tractor,boy,cattle,Q4,0.70997,0.875,random,24,0.34,1.2024
99,table,tractor,boy,cattle,Q4,0.70997,0.875,centroid,25,0.82,0.2406
99,table,tractor,boy,cattle,Q4,0.70997,0.875,exemplar_knn_k3,25,0.8267,0.9497
99,table,tractor,boy,cattle,Q4,0.70997,0.875,logreg,25,0.8533,0.4863
99,table,tractor,boy,cattle,Q4,0.70997,0.875,random,25,0.34,1.1163
99,table,tractor,boy,cattle,Q4,0.70997,0.875,centroid,26,0.8467,0.2125
99,table,tractor,boy,cattle,Q4,0.70997,0.875,exemplar_knn_k3,26,0.82,0.9048
99,table,tractor,boy,cattle,Q4,0.70997,0.875,logreg,26,0.8667,0.4578
99,table,tractor,boy,cattle,Q4,0.70997,0.875,random,26,0.3667,1.1603
99,table,tractor,boy,cattle,Q4,0.70997,0.875,centroid,27,0.8,0.2035
99,table,tractor,boy,cattle,Q4,0.70997,0.875,exemplar_knn_k3,27,0.8,0.9073
99,table,tractor,boy,cattle,Q4,0.70997,0.875,logreg,27,0.8067,0.4464
99,table,tractor,boy,cattle,Q4,0.70997,0.875,random,27,0.2667,1.2104
99,table,tractor,boy,cattle,Q4,0.70997,0.875,centroid,28,0.86,0.2319
99,table,tractor,boy,cattle,Q4,0.70997,0.875,exemplar_knn_k3,28,0.84,0.8729
99,table,tractor,boy,cattle,Q4,0.70997,0.875,logreg,28,0.8333,0.5054
99,table,tractor,boy,cattle,Q4,0.70997,0.875,random,28,0.3333,1.3079
99,table,tractor,boy,cattle,Q4,0.70997,0.875,centroid,29,0.8533,0.2604
99,table,tractor,boy,cattle,Q4,0.70997,0.875,exemplar_knn_k3,29,0.8667,1.0222
99,table,tractor,boy,cattle,Q4,0.70997,0.875,logreg,29,0.8733,0.5371
99,table,tractor,boy,cattle,Q4,0.70997,0.875,random,29,0.3267,1.2638
