pair_id,class_u,class_v,superclass_u,superclass_v,same_superclass,d_perc,d_sem,quadrant
0,apple,aquarium_fish,fruit_and_vegetables,fish,False,0.785177,0.636364,Q2
1,apple,baby,fruit_and_vegetables,people,False,0.753465,0.636364,Q2
2,apple,bear,fruit_and_vegetables,large_carnivores,False,0.833981,0.666667,Q2
3,apple,beaver,fruit_and_vegetables,aquatic_mammals,False,0.787012,0.666667,Q2
4,apple,bed,fruit_and_vegetables,household_furniture,False,0.883882,0.619048,Q2
5,apple,bee,fruit_and_vegetables,insects,False,0.820122,0.652174,Q2
6,apple,beetle,fruit_and_vegetables,insects,False,0.740561,0.636364,Q2
7,apple,bicycle,fruit_and_vegetables,vehicles_1,False,0.788027,0.6,Q3
8,apple,bottle,fruit_and_vegetables,food_containers,False,0.76794,0.6,Q3
9,apple,bowl,fruit_and_vegetables,food_containers,False,0.603405,0.6,Q1
10,apple,boy,fruit_and_vegetables,people,False,0.745404,0.6,Q3
11,apple,bridge,fruit_and_vegetables,large_man_made_outdoor_things,False,0.848693,0.555556,Q3
12,apple,bus,fruit_and_vegetables,vehicles_1,False,0.821937,0.6,Q3
13,apple,butterfly,fruit_and_vegetables,insects,False,0.830295,0.652174,Q2
14,apple,camel,fruit_and_vegetables,large_omnivores_and_herbivores,False,0.820321,0.68,Q2
15,apple,can,fruit_and_vegetables,food_containers,False,0.732645,0.578947,Q3
16,apple,castle,fruit_and_vegetables,large_man_made_outdoor_things,False,0.842033,0.619048,Q2
17,apple,caterpillar,fruit_and_vegetables,insects,False,0.818032,0.6,Q3
18,apple,cattle,fruit_and_vegetables,large_omnivores_and_herbivores,False,0.791414,0.714286,Q2
19,apple,chair,fruit_and_vegetables,household_furniture,False,0.806737,0.619048,Q2
20,apple,chimpanzee,fruit_and_vegetables,large_omnivores_and_herbivores,False,0.784447,0.703704,Q2
21,apple,clock,fruit_and_vegetables,household_electrical_devices,False,0.728214,0.636364,Q2
22,apple,cloud,fruit_and_vegetables,large_natural_outdoor_scenes,False,0.7922,0.733333,Q2
23,apple,cockroach,fruit_and_vegetables,insects,False,0.79365,0.652174,Q2
24,apple,couch,fruit_and_vegetables,household_furniture,False,0.828058,0.619048,Q2
25,apple,crab,fruit_and_vegetables,non_insect_invertebrates,False,0.763972,0.652174,Q2
26,apple,crocodile,fruit_and_vegetables,reptiles,False,0.821253,0.666667,Q2
27,apple,cup,fruit_and_vegetables,food_containers,False,0.716807,0.578947,Q3
28,apple,dinosaur,fruit_and_vegetables,reptiles,False,0.801764,0.666667,Q2
29,apple,dolphin,fruit_and_vegetables,aquatic_mammals,False,0.844612,0.703704,Q2
30,apple,elephant,fruit_and_vegetables,large_omnivores_and_herbivores,False,0.817117,0.666667,Q2
31,apple,flatfish,fruit_and_vegetables,fish,False,0.742027,0.375,Q3
32,apple,forest,fruit_and_vegetables,large_natural_outdoor_scenes,False,0.80776,0.857143,Q2
33,apple,fox,fruit_and_vegetables,medium_mammals,False,0.847577,0.68,Q2
34,apple,girl,fruit_and_vegetables,people,False,0.762357,0.619048,Q2
35,apple,hamster,fruit_and_vegetables,small_mammals,False,0.78891,0.666667,Q2
36,apple,house,fruit_and_vegetables,large_man_made_outdoor_things,False,0.823893,0.578947,Q3
37,apple,kangaroo,fruit_and_vegetables,large_omnivores_and_herbivores,False,0.828525,0.666667,Q2
38,apple,keyboard,fruit_and_vegetables,household_electrical_devices,False,0.793369,0.6,Q3
39,apple,lamp,fruit_and_vegetables,household_electrical_devices,False,0.726335,0.6,Q3
40,apple,lawn_mower,fruit_and_vegetables,vehicles_2,False,0.777439,0.619048,Q2
41,apple,leopard,fruit_and_vegetables,large_carnivores,False,0.8942,0.666667,Q2
42,apple,lion,fruit_and_vegetables,large_carnivores,False,0.808085,0.692308,Q2
43,apple,lizard,fruit_and_vegetables,reptiles,False,0.76888,0.666667,Q2
44,apple,lobster,fruit_and_vegetables,non_insect_invertebrates,False,0.699694,0.375,Q1
45,apple,man,fruit_and_vegetables,people,False,0.768773,0.6,Q3
46,apple,maple_tree,fruit_and_vegetables,trees,False,0.76533,0.625,Q2
47,apple,motorcycle,fruit_and_vegetables,vehicles_1,False,0.792954,0.636364,Q2
48,apple,mountain,fruit_and_vegetables,large_natural_outdoor_scenes,False,0.801988,0.625,Q2
49,apple,mouse,fruit_and_vegetables,small_mammals,False,0.760011,0.666667,Q2
50,apple,mushroom,fruit_and_vegetables,fruit_and_vegetables,True,0.801117,0.619048,Q2
51,apple,oak_tree,fruit_and_vegetables,trees,False,0.771062,0.625,Q2
52,apple,orange,fruit_and_vegetables,fruit_and_vegetables,True,0.493074,0.217391,Q1
53,apple,orchid,fruit_and_vegetables,flowers,False,0.807842,0.652174,Q2
54,apple,otter,fruit_and_vegetables,aquatic_mammals,False,0.75394,0.666667,Q2
55,apple,palm_tree,fruit_and_vegetables,trees,False,0.813353,0.733333,Q2
56,apple,pear,fruit_and_vegetables,fruit_and_vegetables,True,0.342056,0.090909,Q1
57,apple,pickup_truck,fruit_and_vegetables,vehicles_1,False,0.785261,0.636364,Q2
58,apple,pine_tree,fruit_and_vegetables,trees,False,0.788662,0.666667,Q2
59,apple,plain,fruit_and_vegetables,large_natural_outdoor_scenes,False,0.746451,0.6,Q3
60,apple,plate,fruit_and_vegetables,food_containers,False,0.707551,0.619048,Q4
61,apple,poppy,fruit_and_vegetables,flowers,False,0.765442,0.652174,Q2
62,apple,porcupine,fruit_and_vegetables,medium_mammals,False,0.838193,0.666667,Q2
63,apple,possum,fruit_and_vegetables,medium_mammals,False,0.820877,0.666667,Q2
64,apple,rabbit,fruit_and_vegetables,small_mammals,False,0.768719,0.68,Q2
65,apple,raccoon,fruit_and_vegetables,medium_mammals,False,0.836131,0.666667,Q2
66,apple,ray,fruit_and_vegetables,fish,False,0.766321,0.875,Q2
67,apple,road,fruit_and_vegetables,large_man_made_outdoor_things,False,0.822258,0.555556,Q3
68,apple,rocket,fruit_and_vegetables,vehicles_2,False,0.860413,0.6,Q3
69,apple,rose,fruit_and_vegetables,flowers,False,0.766743,0.636364,Q2
70,apple,sea,fruit_and_vegetables,large_natural_outdoor_scenes,False,0.785494,0.692308,Q2
71,apple,seal,fruit_and_vegetables,aquatic_mammals,False,0.756967,0.68,Q2
72,apple,shark,fruit_and_vegetables,fish,False,0.799792,0.68,Q2
73,apple,shrew,fruit_and_vegetables,small_mammals,False,0.788927,0.636364,Q2
74,apple,skunk,fruit_and_vegetables,medium_mammals,False,0.839716,0.619048,Q2
75,apple,skyscraper,fruit_and_vegetables,large_man_made_outdoor_things,False,0.865425,0.578947,Q3
76,apple,snail,fruit_and_vegetables,non_insect_invertebrates,False,0.673951,0.636364,Q4
77,apple,snake,fruit_and_vegetables,reptiles,False,0.757418,0.652174,Q2
78,apple,spider,fruit_and_vegetables,non_insect_invertebrates,False,0.807298,0.636364,Q2
79,apple,squirrel,fruit_and_vegetables,small_mammals,False,0.819103,0.666667,Q2
80,apple,streetcar,fruit_and_vegetables,vehicles_2,False,0.806961,0.619048,Q2
81,apple,sunflower,fruit_and_vegetables,flowers,False,0.75352,0.652174,Q2
82,apple,sweet_pepper,fruit_and_vegetables,fruit_and_vegetables,True,0.396187,0.333333,Q1
83,apple,table,fruit_and_vegetables,household_furniture,False,0.783538,0.857143,Q2
84,apple,tank,fruit_and_vegetables,vehicles_2,False,0.798193,0.619048,Q2
85,apple,telephone,fruit_and_vegetables,household_electrical_devices,False,0.794531,0.6,Q3
86,apple,television,fruit_and_vegetables,household_electrical_devices,False,0.759021,0.619048,Q2
87,apple,tiger,fruit_and_vegetables,large_carnivores,False,0.828674,0.578947,Q3
88,apple,tractor,fruit_and_vegetables,vehicles_2,False,0.799385,0.619048,Q2
89,apple,train,fruit_and_vegetables,vehicles_1,False,0.778188,0.6,Q3
90,apple,trout,fruit_and_vegetables,fish,False,0.77871,0.333333,Q3
91,apple,tulip,fruit_and_vegetables,flowers,False,0.718042,0.636364,Q2
92,apple,turtle,fruit_and_vegetables,reptiles,False,0.846041,0.619048,Q2
93,apple,wardrobe,fruit_and_vegetables,household_furniture,False,0.809086,0.6,Q3
94,apple,whale,fruit_and_vegetables,aquatic_mammals,False,0.824313,0.6,Q3
95,apple,willow_tree,fruit_and_vegetables,trees,False,0.755678,0.636364,Q2
96,apple,wolf,fruit_and_vegetables,large_carnivores,False,0.833767,0.68,Q2
97,apple,woman,fruit_and_vegetables,people,False,0.77054,0.6,Q3
98,apple,worm,fruit_and_vegetables,non_insect_invertebrates,False,0.721271,0.6,Q3
99,aquarium_fish,baby,fish,people,False,0.74301,0.454545,Q3
100,aquarium_fish,bear,fish,large_carnivores,False,0.729285,0.25,Q3
101,aquarium_fish,beaver,fish,aquatic_mammals,False,0.624985,0.809524,Q4
102,aquarium_fish,bed,fish,household_furniture,False,0.806702,0.619048,Q2
103,aquarium_fish,bee,fish,insects,False,0.653902,0.391304,Q1
104,aquarium_fish,beetle,fish,insects,False,0.644301,0.363636,Q1
105,aquarium_fish,bicycle,fish,vehicles_1,False,0.7932,0.6,Q3
106,aquarium_fish,bottle,fish,food_containers,False,0.785463,0.6,Q3
107,aquarium_fish,bowl,fish,food_containers,False,0.69801,0.6,Q1
108,aquarium_fish,boy,fish,people,False,0.735196,0.4,Q3
109,aquarium_fish,bridge,fish,large_man_made_outdoor_things,False,0.803779,0.555556,Q3
110,aquarium_fish,bus,fish,vehicles_1,False,0.800892,0.6,Q3
111,aquarium_fish,butterfly,fish,insects,False,0.66307,0.391304,Q1
112,aquarium_fish,camel,fish,large_omnivores_and_herbivores,False,0.776828,0.28,Q3
113,aquarium_fish,can,fish,food_containers,False,0.768588,0.578947,Q3
114,aquarium_fish,castle,fish,large_man_made_outdoor_things,False,0.813351,0.619048,Q2
115,aquarium_fish,caterpillar,fish,insects,False,0.66912,0.3,Q1
116,aquarium_fish,cattle,fish,large_omnivores_and_herbivores,False,0.757956,0.357143,Q3
117,aquarium_fish,chair,fish,household_furniture,False,0.82572,0.619048,Q2
118,aquarium_fish,chimpanzee,fish,large_omnivores_and_herbivores,False,0.768969,0.333333,Q3
119,aquarium_fish,clock,fish,household_electrical_devices,False,0.797267,0.636364,Q2
120,aquarium_fish,cloud,fish,large_natural_outdoor_scenes,False,0.795175,0.777778,Q2
121,aquarium_fish,cockroach,fish,insects,False,0.712846,0.391304,Q3
122,aquarium_fish,couch,fish,household_furniture,False,0.792394,0.619048,Q2
123,aquarium_fish,crab,fish,non_insect_invertebrates,False,0.635892,0.391304,Q1
124,aquarium_fish,crocodile,fish,reptiles,False,0.624146,0.25,Q1
125,aquarium_fish,cup,fish,food_containers,False,0.789929,0.578947,Q3
126,aquarium_fish,dinosaur,fish,reptiles,False,0.629995,0.25,Q1
127,aquarium_fish,dolphin,fish,aquatic_mammals,False,0.659622,0.333333,Q1
128,aquarium_fish,elephant,fish,large_omnivores_and_herbivores,False,0.792498,0.25,Q3
129,aquarium_fish,flatfish,fish,fish,True,0.45666,0.789474,Q4
130,aquarium_fish,forest,fish,large_natural_outdoor_scenes,False,0.747164,0.882353,Q2
131,aquarium_fish,fox,fish,medium_mammals,False,0.676454,0.28,Q1
132,aquarium_fish,girl,fish,people,False,0.737177,0.428571,Q3
133,aquarium_fish,hamster,fish,small_mammals,False,0.633059,0.25,Q1
134,aquarium_fish,house,fish,large_man_made_outdoor_things,False,0.759739,0.578947,Q3
135,aquarium_fish,kangaroo,fish,large_omnivores_and_herbivores,False,0.725151,0.25,Q3
136,aquarium_fish,keyboard,fish,household_electrical_devices,False,0.895792,0.6,Q3
137,aquarium_fish,lamp,fish,household_electrical_devices,False,0.758571,0.6,Q3
138,aquarium_fish,lawn_mower,fish,vehicles_2,False,0.833997,0.619048,Q2
139,aquarium_fish,leopard,fish,large_carnivores,False,0.730144,0.809524,Q2
140,aquarium_fish,lion,fish,large_carnivores,False,0.742796,0.307692,Q3
141,aquarium_fish,lizard,fish,reptiles,False,0.555309,0.25,Q1
142,aquarium_fish,lobster,fish,non_insect_invertebrates,False,0.530894,0.789474,Q4
143,aquarium_fish,man,fish,people,False,0.751899,0.4,Q3
144,aquarium_fish,maple_tree,fish,trees,False,0.789375,0.789474,Q2
145,aquarium_fish,motorcycle,fish,vehicles_1,False,0.755161,0.636364,Q2
146,aquarium_fish,mountain,fish,large_natural_outdoor_scenes,False,0.851965,0.647059,Q2
147,aquarium_fish,mouse,fish,small_mammals,False,0.584179,0.25,Q1
148,aquarium_fish,mushroom,fish,fruit_and_vegetables,False,0.68867,0.428571,Q1
149,aquarium_fish,oak_tree,fish,trees,False,0.835507,0.789474,Q2
150,aquarium_fish,orange,fish,fruit_and_vegetables,False,0.759872,0.652174,Q2
151,aquarium_fish,orchid,fish,flowers,False,0.760139,0.478261,Q3
152,aquarium_fish,otter,fish,aquatic_mammals,False,0.635556,0.809524,Q4
153,aquarium_fish,palm_tree,fish,trees,False,0.821906,0.777778,Q2
154,aquarium_fish,pear,fish,fruit_and_vegetables,False,0.740551,0.636364,Q2
155,aquarium_fish,pickup_truck,fish,vehicles_1,False,0.759836,0.636364,Q2
156,aquarium_fish,pine_tree,fish,trees,False,0.793181,0.5,Q3
157,aquarium_fish,plain,fish,large_natural_outdoor_scenes,False,0.814562,0.625,Q2
158,aquarium_fish,plate,fish,food_containers,False,0.752379,0.619048,Q2
159,aquarium_fish,poppy,fish,flowers,False,0.660506,0.478261,Q1
160,aquarium_fish,porcupine,fish,medium_mammals,False,0.703695,0.25,Q1
161,aquarium_fish,possum,fish,medium_mammals,False,0.67987,0.25,Q1
162,aquarium_fish,rabbit,fish,small_mammals,False,0.63876,0.28,Q1
163,aquarium_fish,raccoon,fish,medium_mammals,False,0.764921,0.809524,Q2
164,aquarium_fish,ray,fish,fish,True,0.503267,0.894737,Q4
165,aquarium_fish,road,fish,large_man_made_outdoor_things,False,0.872299,0.555556,Q3
166,aquarium_fish,rocket,fish,vehicles_2,False,0.788563,0.6,Q3
167,aquarium_fish,rose,fish,flowers,False,0.721774,0.454545,Q3
168,aquarium_fish,sea,fish,large_natural_outdoor_scenes,False,0.825428,0.75,Q2
169,aquarium_fish,seal,fish,aquatic_mammals,False,0.628719,0.28,Q1
170,aquarium_fish,shark,fish,fish,True,0.496565,0.12,Q1
171,aquarium_fish,shrew,fish,small_mammals,False,0.598,0.454545,Q1
172,aquarium_fish,skunk,fish,medium_mammals,False,0.707749,0.428571,Q1
173,aquarium_fish,skyscraper,fish,large_man_made_outdoor_things,False,0.833509,0.578947,Q3
174,aquarium_fish,snail,fish,non_insect_invertebrates,False,0.631,0.363636,Q1
175,aquarium_fish,snake,fish,reptiles,False,0.734507,0.217391,Q3
176,aquarium_fish,spider,fish,non_insect_invertebrates,False,0.701633,0.363636,Q1
177,aquarium_fish,squirrel,fish,small_mammals,False,0.602887,0.25,Q1
178,aquarium_fish,streetcar,fish,vehicles_2,False,0.829919,0.619048,Q2
179,aquarium_fish,sunflower,fish,flowers,False,0.780317,0.478261,Q3
180,aquarium_fish,sweet_pepper,fish,fruit_and_vegetables,False,0.784968,0.809524,Q2
181,aquarium_fish,table,fish,household_furniture,False,0.795145,0.882353,Q2
182,aquarium_fish,tank,fish,vehicles_2,False,0.811789,0.619048,Q2
183,aquarium_fish,telephone,fish,household_electrical_devices,False,0.857026,0.6,Q3
184,aquarium_fish,television,fish,household_electrical_devices,False,0.806654,0.619048,Q2
185,aquarium_fish,tiger,fish,large_carnivores,False,0.704447,0.368421,Q1
186,aquarium_fish,tractor,fish,vehicles_2,False,0.815275,0.619048,Q2
187,aquarium_fish,train,fish,vehicles_1,False,0.760843,0.6,Q3
188,aquarium_fish,trout,fish,fish,True,0.278312,0.777778,Q4
189,aquarium_fish,tulip,fish,flowers,False,0.681856,0.454545,Q1
190,aquarium_fish,turtle,fish,reptiles,False,0.524273,0.619048,Q4
191,aquarium_fish,wardrobe,fish,household_furniture,False,0.845656,0.6,Q3
192,aquarium_fish,whale,fish,aquatic_mammals,False,0.696596,0.4,Q1
193,aquarium_fish,willow_tree,fish,trees,False,0.771351,0.454545,Q3
194,aquarium_fish,wolf,fish,large_carnivores,False,0.768571,0.28,Q3
195,aquarium_fish,woman,fish,people,False,0.777683,0.4,Q3
196,aquarium_fish,worm,fish,non_insect_invertebrates,False,0.731745,0.3,Q3
197,baby,bear,people,large_carnivores,False,0.650832,0.5,Q1
198,baby,beaver,people,aquatic_mammals,False,0.640302,0.777778,Q4
199,baby,bed,people,household_furniture,False,0.677312,0.619048,Q4
200,baby,bee,people,insects,False,0.704585,0.478261,Q1
201,baby,beetle,people,insects,False,0.748055,0.454545,Q3
202,baby,bicycle,people,vehicles_1,False,0.743428,0.6,Q3
203,baby,bottle,people,food_containers,False,0.768882,0.6,Q3
204,baby,bowl,people,food_containers,False,0.641554,0.6,Q1
205,baby,boy,people,people,True,0.161409,0.4,Q1
206,baby,bridge,people,large_man_made_outdoor_things,False,0.735839,0.555556,Q3
207,baby,bus,people,vehicles_1,False,0.709237,0.6,Q1
208,baby,butterfly,people,insects,False,0.757731,0.478261,Q3
209,baby,camel,people,large_omnivores_and_herbivores,False,0.703766,0.52,Q1
210,baby,can,people,food_containers,False,0.739086,0.578947,Q3
211,baby,castle,people,large_man_made_outdoor_things,False,0.711812,0.619048,Q2
212,baby,caterpillar,people,insects,False,0.758039,0.4,Q3
213,baby,cattle,people,large_omnivores_and_herbivores,False,0.719755,0.571429,Q3
214,baby,chair,people,household_furniture,False,0.780972,0.619048,Q2
215,baby,chimpanzee,people,large_omnivores_and_herbivores,False,0.62847,0.555556,Q1
216,baby,clock,people,household_electrical_devices,False,0.78652,0.636364,Q2
217,baby,cloud,people,large_natural_outdoor_scenes,False,0.692714,0.733333,Q4
218,baby,cockroach,people,insects,False,0.822432,0.478261,Q3
219,baby,couch,people,household_furniture,False,0.678077,0.619048,Q4
220,baby,crab,people,non_insect_invertebrates,False,0.676241,0.478261,Q1
221,baby,crocodile,people,reptiles,False,0.653697,0.5,Q1
222,baby,cup,people,food_containers,False,0.772668,0.578947,Q3
223,baby,dinosaur,people,reptiles,False,0.695545,0.5,Q1
224,baby,dolphin,people,aquatic_mammals,False,0.773282,0.555556,Q3
225,baby,elephant,people,large_omnivores_and_herbivores,False,0.751195,0.5,Q3
226,baby,flatfish,people,fish,False,0.562988,0.75,Q4
227,baby,forest,people,large_natural_outdoor_scenes,False,0.672687,0.857143,Q4
228,baby,fox,people,medium_mammals,False,0.742587,0.52,Q3
229,baby,girl,people,people,True,0.188769,0.428571,Q1
230,baby,hamster,people,small_mammals,False,0.646493,0.5,Q1
231,baby,house,people,large_man_made_outdoor_things,False,0.660929,0.578947,Q1
232,baby,kangaroo,people,large_omnivores_and_herbivores,False,0.736692,0.5,Q3
233,baby,keyboard,people,household_electrical_devices,False,0.759234,0.6,Q3
234,baby,lamp,people,household_electrical_devices,False,0.692816,0.6,Q1
235,baby,lawn_mower,people,vehicles_2,False,0.68062,0.619048,Q4
236,baby,leopard,people,large_carnivores,False,0.726169,0.777778,Q2
237,baby,lion,people,large_carnivores,False,0.753642,0.538462,Q3
238,baby,lizard,people,reptiles,False,0.61983,0.5,Q1
239,baby,lobster,people,non_insect_invertebrates,False,0.606562,0.75,Q4
240,baby,man,people,people,True,0.393362,0.4,Q1
241,baby,maple_tree,people,trees,False,0.674416,0.75,Q4
242,baby,motorcycle,people,vehicles_1,False,0.68354,0.636364,Q4
243,baby,mountain,people,large_natural_outdoor_scenes,False,0.758664,0.625,Q2
244,baby,mouse,people,small_mammals,False,0.641128,0.5,Q1
245,baby,mushroom,people,fruit_and_vegetables,False,0.766218,0.428571,Q3
246,baby,oak_tree,people,trees,False,0.683693,0.75,Q4
247,baby,orange,people,fruit_and_vegetables,False,0.80971,0.652174,Q2
248,baby,orchid,people,flowers,False,0.809375,0.478261,Q3
249,baby,otter,people,aquatic_mammals,False,0.581456,0.777778,Q4
250,baby,palm_tree,people,trees,False,0.736947,0.733333,Q2
251,baby,pear,people,fruit_and_vegetables,False,0.687648,0.636364,Q4
252,baby,pickup_truck,people,vehicles_1,False,0.707291,0.636364,Q4
253,baby,pine_tree,people,trees,False,0.65352,0.5,Q1
254,baby,plain,people,large_natural_outdoor_scenes,False,0.730964,0.6,Q3
255,baby,plate,people,food_containers,False,0.698653,0.619048,Q4
256,baby,poppy,people,flowers,False,0.838877,0.478261,Q3
257,baby,porcupine,people,medium_mammals,False,0.693784,0.5,Q1
258,baby,possum,people,medium_mammals,False,0.657361,0.5,Q1
259,baby,rabbit,people,small_mammals,False,0.591333,0.52,Q1
260,baby,raccoon,people,medium_mammals,False,0.726502,0.777778,Q2
261,baby,ray,people,fish,False,0.698945,0.875,Q4
262,baby,road,people,large_man_made_outdoor_things,False,0.774722,0.555556,Q3
263,baby,rocket,people,vehicles_2,False,0.730981,0.6,Q3
264,baby,rose,people,flowers,False,0.777232,0.454545,Q3
265,baby,sea,people,large_natural_outdoor_scenes,False,0.721172,0.692308,Q2
266,baby,seal,people,aquatic_mammals,False,0.591622,0.52,Q1
267,baby,shark,people,fish,False,0.752923,0.52,Q3
268,baby,shrew,people,small_mammals,False,0.662998,0.454545,Q1
269,baby,skunk,people,medium_mammals,False,0.685798,0.428571,Q1
270,baby,skyscraper,people,large_man_made_outdoor_things,False,0.770874,0.578947,Q3
271,baby,snail,people,non_insect_invertebrates,False,0.669766,0.454545,Q1
272,baby,snake,people,reptiles,False,0.777782,0.478261,Q3
273,baby,spider,people,non_insect_invertebrates,False,0.727127,0.454545,Q3
274,baby,squirrel,people,small_mammals,False,0.629865,0.5,Q1
275,baby,streetcar,people,vehicles_2,False,0.739732,0.619048,Q2
276,baby,sunflower,people,flowers,False,0.859711,0.478261,Q3
277,baby,sweet_pepper,people,fruit_and_vegetables,False,0.81003,0.777778,Q2
278,baby,table,people,household_furniture,False,0.676685,0.857143,Q4
279,baby,tank,people,vehicles_2,False,0.687992,0.619048,Q4
280,baby,telephone,people,household_electrical_devices,False,0.796138,0.6,Q3
281,baby,television,people,household_electrical_devices,False,0.671261,0.619048,Q4
282,baby,tiger,people,large_carnivores,False,0.747674,0.368421,Q3
283,baby,tractor,people,vehicles_2,False,0.721236,0.619048,Q2
284,baby,train,people,vehicles_1,False,0.726971,0.6,Q3
285,baby,trout,people,fish,False,0.721762,0.733333,Q2
286,baby,tulip,people,flowers,False,0.815789,0.454545,Q3
287,baby,turtle,people,reptiles,False,0.707574,0.619048,Q4
288,baby,wardrobe,people,household_furniture,False,0.75223,0.6,Q3
289,baby,whale,people,aquatic_mammals,False,0.782029,0.4,Q3
290,baby,willow_tree,people,trees,False,0.663546,0.454545,Q1
291,baby,wolf,people,large_carnivores,False,0.726984,0.52,Q3
292,baby,woman,people,people,True,0.38157,0.4,Q1
293,baby,worm,people,non_insect_invertebrates,False,0.783472,0.4,Q3
294,bear,beaver,large_carnivores,aquatic_mammals,False,0.223545,0.826087,Q4
295,bear,bed,large_carnivores,household_furniture,False,0.777892,0.652174,Q2
296,bear,bee,large_carnivores,insects,False,0.659416,0.44,Q1
297,bear,beetle,large_carnivores,insects,False,0.653251,0.416667,Q1
298,bear,bicycle,large_carnivores,vehicles_1,False,0.749372,0.636364,Q2
299,bear,bottle,large_carnivores,food_containers,False,0.736696,0.636364,Q2
300,bear,bowl,large_carnivores,food_containers,False,0.652621,0.636364,Q4
301,bear,boy,large_carnivores,people,False,0.586875,0.454545,Q1
302,bear,bridge,large_carnivores,large_man_made_outdoor_things,False,0.639595,0.6,Q1
303,bear,bus,large_carnivores,vehicles_1,False,0.685579,0.636364,Q4
304,bear,butterfly,large_carnivores,insects,False,0.637332,0.44,Q1
305,bear,camel,large_carnivores,large_omnivores_and_herbivores,False,0.438915,0.185185,Q1
306,bear,can,large_carnivores,food_containers,False,0.766849,0.619048,Q2
307,bear,castle,large_carnivores,large_man_made_outdoor_things,False,0.62446,0.652174,Q4
308,bear,caterpillar,large_carnivores,insects,False,0.678396,0.363636,Q1
309,bear,cattle,large_carnivores,large_omnivores_and_herbivores,False,0.38658,0.266667,Q1
310,bear,chair,large_carnivores,household_furniture,False,0.827868,0.652174,Q2
311,bear,chimpanzee,large_carnivores,large_omnivores_and_herbivores,False,0.378373,0.241379,Q1
312,bear,clock,large_carnivores,household_electrical_devices,False,0.789298,0.666667,Q2
313,bear,cloud,large_carnivores,large_natural_outdoor_scenes,False,0.667846,0.8,Q4
314,bear,cockroach,large_carnivores,insects,False,0.76198,0.44,Q3
315,bear,couch,large_carnivores,household_furniture,False,0.736264,0.652174,Q2
316,bear,crab,large_carnivores,non_insect_invertebrates,False,0.659702,0.44,Q1
317,bear,crocodile,large_carnivores,reptiles,False,0.441744,0.307692,Q1
318,bear,cup,large_carnivores,food_containers,False,0.782007,0.619048,Q2
319,bear,dinosaur,large_carnivores,reptiles,False,0.475622,0.307692,Q1
320,bear,dolphin,large_carnivores,aquatic_mammals,False,0.642609,0.241379,Q1
321,bear,elephant,large_carnivores,large_omnivores_and_herbivores,False,0.368977,0.153846,Q1
322,bear,flatfish,large_carnivores,fish,False,0.51339,0.809524,Q4
323,bear,forest,large_carnivores,large_natural_outdoor_scenes,False,0.526599,0.894737,Q4
324,bear,fox,large_carnivores,medium_mammals,False,0.447385,0.111111,Q1
325,bear,girl,large_carnivores,people,False,0.58373,0.478261,Q1
326,bear,hamster,large_carnivores,small_mammals,False,0.512707,0.153846,Q1
327,bear,house,large_carnivores,large_man_made_outdoor_things,False,0.602389,0.619048,Q4
328,bear,kangaroo,large_carnivores,large_omnivores_and_herbivores,False,0.451934,0.230769,Q1
329,bear,keyboard,large_carnivores,household_electrical_devices,False,0.82856,0.636364,Q2
330,bear,lamp,large_carnivores,household_electrical_devices,False,0.715559,0.636364,Q2
331,bear,lawn_mower,large_carnivores,vehicles_2,False,0.823343,0.652174,Q2
332,bear,leopard,large_carnivores,large_carnivores,True,0.413826,0.826087,Q4
333,bear,lion,large_carnivores,large_carnivores,True,0.378372,0.142857,Q1
334,bear,lizard,large_carnivores,reptiles,False,0.593659,0.307692,Q1
335,bear,lobster,large_carnivores,non_insect_invertebrates,False,0.626195,0.809524,Q4
336,bear,man,large_carnivores,people,False,0.575186,0.454545,Q1
337,bear,maple_tree,large_carnivores,trees,False,0.606371,0.809524,Q4
338,bear,motorcycle,large_carnivores,vehicles_1,False,0.755617,0.666667,Q2
339,bear,mountain,large_carnivores,large_natural_outdoor_scenes,False,0.630103,0.684211,Q4
340,bear,mouse,large_carnivores,small_mammals,False,0.4578,0.153846,Q1
341,bear,mushroom,large_carnivores,fruit_and_vegetables,False,0.683311,0.478261,Q1
342,bear,oak_tree,large_carnivores,trees,False,0.625464,0.809524,Q4
343,bear,orange,large_carnivores,fruit_and_vegetables,False,0.839166,0.68,Q2
344,bear,orchid,large_carnivores,flowers,False,0.769754,0.52,Q3
345,bear,otter,large_carnivores,aquatic_mammals,False,0.258787,0.826087,Q4
346,bear,palm_tree,large_carnivores,trees,False,0.698905,0.8,Q4
347,bear,pear,large_carnivores,fruit_and_vegetables,False,0.702404,0.666667,Q4
348,bear,pickup_truck,large_carnivores,vehicles_1,False,0.639612,0.666667,Q4
349,bear,pine_tree,large_carnivores,trees,False,0.570259,0.538462,Q1
350,bear,plain,large_carnivores,large_natural_outdoor_scenes,False,0.625211,0.666667,Q4
351,bear,plate,large_carnivores,food_containers,False,0.730021,0.652174,Q2
352,bear,poppy,large_carnivores,flowers,False,0.793311,0.52,Q3
353,bear,porcupine,large_carnivores,medium_mammals,False,0.389131,0.153846,Q1
354,bear,possum,large_carnivores,medium_mammals,False,0.350238,0.230769,Q1
355,bear,rabbit,large_carnivores,small_mammals,False,0.428314,0.185185,Q1
356,bear,raccoon,large_carnivores,medium_mammals,False,0.365467,0.826087,Q4
357,bear,ray,large_carnivores,fish,False,0.633711,0.904762,Q4
358,bear,road,large_carnivores,large_man_made_outdoor_things,False,0.690886,0.6,Q1
359,bear,rocket,large_carnivores,vehicles_2,False,0.699278,0.636364,Q4
360,bear,rose,large_carnivores,flowers,False,0.722197,0.5,Q3
361,bear,sea,large_carnivores,large_natural_outdoor_scenes,False,0.669489,0.777778,Q4
362,bear,seal,large_carnivores,aquatic_mammals,False,0.244702,0.185185,Q1
363,bear,shark,large_carnivores,fish,False,0.71023,0.333333,Q1
364,bear,shrew,large_carnivores,small_mammals,False,0.394237,0.5,Q1
365,bear,skunk,large_carnivores,medium_mammals,False,0.429156,0.478261,Q1
366,bear,skyscraper,large_carnivores,large_man_made_outdoor_things,False,0.683476,0.619048,Q4
367,bear,snail,large_carnivores,non_insect_invertebrates,False,0.63432,0.416667,Q1
368,bear,snake,large_carnivores,reptiles,False,0.722163,0.28,Q3
369,bear,spider,large_carnivores,non_insect_invertebrates,False,0.681193,0.416667,Q1
370,bear,squirrel,large_carnivores,small_mammals,False,0.378137,0.153846,Q1
371,bear,streetcar,large_carnivores,vehicles_2,False,0.737589,0.652174,Q2
372,bear,sunflower,large_carnivores,flowers,False,0.815233,0.52,Q3
373,bear,sweet_pepper,large_carnivores,fruit_and_vegetables,False,0.833085,0.826087,Q2
374,bear,table,large_carnivores,household_furniture,False,0.728514,0.894737,Q2
375,bear,tank,large_carnivores,vehicles_2,False,0.602327,0.652174,Q4
376,bear,telephone,large_carnivores,household_electrical_devices,False,0.748923,0.636364,Q2
377,bear,television,large_carnivores,household_electrical_devices,False,0.727414,0.652174,Q2
378,bear,tiger,large_carnivores,large_carnivores,True,0.49149,0.428571,Q1
379,bear,tractor,large_carnivores,vehicles_2,False,0.702395,0.652174,Q4
380,bear,train,large_carnivores,vehicles_1,False,0.632658,0.636364,Q4
381,bear,trout,large_carnivores,fish,False,0.694337,0.8,Q4
382,bear,tulip,large_carnivores,flowers,False,0.762777,0.5,Q3
383,bear,turtle,large_carnivores,reptiles,False,0.601171,0.652174,Q4
384,bear,wardrobe,large_carnivores,household_furniture,False,0.752081,0.636364,Q2
385,bear,whale,large_carnivores,aquatic_mammals,False,0.591228,0.454545,Q1
386,bear,willow_tree,large_carnivores,trees,False,0.552681,0.5,Q1
387,bear,wolf,large_carnivores,large_carnivores,True,0.432593,0.111111,Q1
388,bear,woman,large_carnivores,people,False,0.595921,0.454545,Q1
389,bear,worm,large_carnivores,non_insect_invertebrates,False,0.754057,0.363636,Q3
390,beaver,bed,aquatic_mammals,household_furniture,False,0.799209,0.8,Q2
391,beaver,bee,aquatic_mammals,insects,False,0.5684,0.818182,Q4
392,beaver,beetle,aquatic_mammals,insects,False,0.539185,0.809524,Q4
393,beaver,bicycle,aquatic_mammals,vehicles_1,False,0.732322,0.789474,Q2
394,beaver,bottle,aquatic_mammals,food_containers,False,0.747893,0.789474,Q2
395,beaver,bowl,aquatic_mammals,food_containers,False,0.601829,0.789474,Q4
396,beaver,boy,aquatic_mammals,people,False,0.584321,0.75,Q4
397,beaver,bridge,aquatic_mammals,large_man_made_outdoor_things,False,0.619461,0.764706,Q4
398,beaver,bus,aquatic_mammals,vehicles_1,False,0.706855,0.789474,Q4
399,beaver,butterfly,aquatic_mammals,insects,False,0.554951,0.818182,Q4
400,beaver,camel,aquatic_mammals,large_omnivores_and_herbivores,False,0.446915,0.833333,Q4
401,beaver,can,aquatic_mammals,food_containers,False,0.748551,0.777778,Q2
402,beaver,castle,aquatic_mammals,large_man_made_outdoor_things,False,0.635463,0.8,Q4
403,beaver,caterpillar,aquatic_mammals,insects,False,0.566877,0.789474,Q4
404,beaver,cattle,aquatic_mammals,large_omnivores_and_herbivores,False,0.5051,0.851852,Q4
405,beaver,chair,aquatic_mammals,household_furniture,False,0.821395,0.8,Q2
406,beaver,chimpanzee,aquatic_mammals,large_omnivores_and_herbivores,False,0.470328,0.846154,Q4
407,beaver,clock,aquatic_mammals,household_electrical_devices,False,0.779745,0.809524,Q2
408,beaver,cloud,aquatic_mammals,large_natural_outdoor_scenes,False,0.62022,0.764706,Q4
409,beaver,cockroach,aquatic_mammals,insects,False,0.675024,0.818182,Q4
410,beaver,couch,aquatic_mammals,household_furniture,False,0.749408,0.8,Q2
411,beaver,crab,aquatic_mammals,non_insect_invertebrates,False,0.543871,0.818182,Q4
412,beaver,crocodile,aquatic_mammals,reptiles,False,0.283828,0.826087,Q4
413,beaver,cup,aquatic_mammals,food_containers,False,0.770971,0.777778,Q2
414,beaver,dinosaur,aquatic_mammals,reptiles,False,0.415857,0.826087,Q4
415,beaver,dolphin,aquatic_mammals,aquatic_mammals,True,0.58171,0.846154,Q4
416,beaver,elephant,aquatic_mammals,large_omnivores_and_herbivores,False,0.446293,0.826087,Q4
417,beaver,flatfish,aquatic_mammals,fish,False,0.39389,0.666667,Q4
418,beaver,forest,aquatic_mammals,large_natural_outdoor_scenes,False,0.509171,0.764706,Q4
419,beaver,fox,aquatic_mammals,medium_mammals,False,0.448649,0.833333,Q4
420,beaver,girl,aquatic_mammals,people,False,0.576695,0.764706,Q4
421,beaver,hamster,aquatic_mammals,small_mammals,False,0.462965,0.826087,Q4
422,beaver,house,aquatic_mammals,large_man_made_outdoor_things,False,0.603081,0.777778,Q4
423,beaver,kangaroo,aquatic_mammals,large_omnivores_and_herbivores,False,0.357254,0.826087,Q4
424,beaver,keyboard,aquatic_mammals,household_electrical_devices,False,0.836353,0.789474,Q2
425,beaver,lamp,aquatic_mammals,household_electrical_devices,False,0.693941,0.789474,Q4
426,beaver,lawn_mower,aquatic_mammals,vehicles_2,False,0.768786,0.8,Q2
427,beaver,leopard,aquatic_mammals,large_carnivores,False,0.391185,0.090909,Q1
428,beaver,lion,aquatic_mammals,large_carnivores,False,0.419929,0.84,Q4
429,beaver,lizard,aquatic_mammals,reptiles,False,0.449076,0.826087,Q4
430,beaver,lobster,aquatic_mammals,non_insect_invertebrates,False,0.485628,0.666667,Q4
431,beaver,man,aquatic_mammals,people,False,0.565487,0.75,Q4
432,beaver,maple_tree,aquatic_mammals,trees,False,0.60301,0.4,Q1
433,beaver,motorcycle,aquatic_mammals,vehicles_1,False,0.709402,0.809524,Q4
434,beaver,mountain,aquatic_mammals,large_natural_outdoor_scenes,False,0.635483,0.75,Q4
435,beaver,mouse,aquatic_mammals,small_mammals,False,0.242536,0.826087,Q4
436,beaver,mushroom,aquatic_mammals,fruit_and_vegetables,False,0.59088,0.8,Q4
437,beaver,oak_tree,aquatic_mammals,trees,False,0.614596,0.4,Q1
438,beaver,orange,aquatic_mammals,fruit_and_vegetables,False,0.860888,0.684211,Q2
439,beaver,orchid,aquatic_mammals,flowers,False,0.791395,0.818182,Q2
440,beaver,otter,aquatic_mammals,aquatic_mammals,True,0.097692,0.090909,Q1
441,beaver,palm_tree,aquatic_mammals,trees,False,0.689008,0.764706,Q4
442,beaver,pear,aquatic_mammals,fruit_and_vegetables,False,0.662162,0.666667,Q4
443,beaver,pickup_truck,aquatic_mammals,vehicles_1,False,0.677149,0.809524,Q4
444,beaver,pine_tree,aquatic_mammals,trees,False,0.561763,0.826087,Q4
445,beaver,plain,aquatic_mammals,large_natural_outdoor_scenes,False,0.62312,0.733333,Q4
446,beaver,plate,aquatic_mammals,food_containers,False,0.708208,0.8,Q4
447,beaver,poppy,aquatic_mammals,flowers,False,0.750094,0.818182,Q2
448,beaver,porcupine,aquatic_mammals,medium_mammals,False,0.221343,0.826087,Q4
449,beaver,possum,aquatic_mammals,medium_mammals,False,0.347116,0.826087,Q4
450,beaver,rabbit,aquatic_mammals,small_mammals,False,0.290987,0.833333,Q4
451,beaver,raccoon,aquatic_mammals,medium_mammals,False,0.345182,0.090909,Q1
452,beaver,ray,aquatic_mammals,fish,False,0.515666,0.578947,Q1
453,beaver,road,aquatic_mammals,large_man_made_outdoor_things,False,0.711785,0.764706,Q4
454,beaver,rocket,aquatic_mammals,vehicles_2,False,0.685541,0.789474,Q4
455,beaver,rose,aquatic_mammals,flowers,False,0.730682,0.809524,Q2
456,beaver,sea,aquatic_mammals,large_natural_outdoor_scenes,False,0.638956,0.733333,Q4
457,beaver,seal,aquatic_mammals,aquatic_mammals,True,0.182596,0.833333,Q4
458,beaver,shark,aquatic_mammals,fish,False,0.63908,0.833333,Q4
459,beaver,shrew,aquatic_mammals,small_mammals,False,0.165047,0.777778,Q4
460,beaver,skunk,aquatic_mammals,medium_mammals,False,0.428875,0.764706,Q4
461,beaver,skyscraper,aquatic_mammals,large_man_made_outdoor_things,False,0.705656,0.777778,Q4
462,beaver,snail,aquatic_mammals,non_insect_invertebrates,False,0.474777,0.809524,Q4
463,beaver,snake,aquatic_mammals,reptiles,False,0.593674,0.818182,Q4
464,beaver,spider,aquatic_mammals,non_insect_invertebrates,False,0.59533,0.809524,Q4
465,beaver,squirrel,aquatic_mammals,small_mammals,False,0.238598,0.826087,Q4
466,beaver,streetcar,aquatic_mammals,vehicles_2,False,0.722085,0.8,Q2
467,beaver,sunflower,aquatic_mammals,flowers,False,0.793203,0.818182,Q2
468,beaver,sweet_pepper,aquatic_mammals,fruit_and_vegetables,False,0.795322,0.7,Q2
469,beaver,table,aquatic_mammals,household_furniture,False,0.728796,0.764706,Q2
470,beaver,tank,aquatic_mammals,vehicles_2,False,0.598988,0.8,Q4
471,beaver,telephone,aquatic_mammals,household_electrical_devices,False,0.766605,0.789474,Q2
472,beaver,television,aquatic_mammals,household_electrical_devices,False,0.713451,0.8,Q2
473,beaver,tiger,aquatic_mammals,large_carnivores,False,0.467092,0.733333,Q4
474,beaver,tractor,aquatic_mammals,vehicles_2,False,0.694862,0.8,Q4
475,beaver,train,aquatic_mammals,vehicles_1,False,0.624414,0.789474,Q4
476,beaver,trout,aquatic_mammals,fish,False,0.564161,0.647059,Q4
477,beaver,tulip,aquatic_mammals,flowers,False,0.732088,0.809524,Q2
478,beaver,turtle,aquatic_mammals,reptiles,False,0.457126,0.8,Q4
479,beaver,wardrobe,aquatic_mammals,household_furniture,False,0.710904,0.789474,Q4
480,beaver,whale,aquatic_mammals,aquatic_mammals,True,0.566628,0.75,Q4
481,beaver,willow_tree,aquatic_mammals,trees,False,0.523829,0.809524,Q4
482,beaver,wolf,aquatic_mammals,large_carnivores,False,0.462966,0.833333,Q4
483,beaver,woman,aquatic_mammals,people,False,0.578191,0.75,Q4
484,beaver,worm,aquatic_mammals,non_insect_invertebrates,False,0.65251,0.789474,Q4
485,bed,bee,household_furniture,insects,False,0.815203,0.636364,Q2
486,bed,beetle,household_furniture,insects,False,0.830908,0.619048,Q2
487,bed,bicycle,household_furniture,vehicles_1,False,0.866212,0.368421,Q3
488,bed,bottle,household_furniture,food_containers,False,0.721464,0.368421,Q3
489,bed,bowl,household_furniture,food_containers,False,0.771501,0.368421,Q3
490,bed,boy,household_furniture,people,False,0.746441,0.578947,Q3
491,bed,bridge,household_furniture,large_man_made_outdoor_things,False,0.697421,0.411765,Q1
492,bed,bus,household_furniture,vehicles_1,False,0.680932,0.368421,Q1
493,bed,butterfly,household_furniture,insects,False,0.843567,0.636364,Q2
494,bed,camel,household_furniture,large_omnivores_and_herbivores,False,0.782411,0.666667,Q2
495,bed,can,household_furniture,food_containers,False,0.812709,0.333333,Q3
496,bed,castle,household_furniture,large_man_made_outdoor_things,False,0.735932,0.5,Q3
497,bed,caterpillar,household_furniture,insects,False,0.853532,0.578947,Q3
498,bed,cattle,household_furniture,large_omnivores_and_herbivores,False,0.818752,0.703704,Q2
499,bed,chair,household_furniture,household_furniture,True,0.614322,0.2,Q1
500,bed,chimpanzee,household_furniture,large_omnivores_and_herbivores,False,0.826479,0.692308,Q2
501,bed,clock,household_furniture,household_electrical_devices,False,0.799362,0.428571,Q3
502,bed,cloud,household_furniture,large_natural_outdoor_scenes,False,0.830756,0.764706,Q2
503,bed,cockroach,household_furniture,insects,False,0.87615,0.636364,Q2
504,bed,couch,household_furniture,household_furniture,True,0.377673,0.2,Q1
505,bed,crab,household_furniture,non_insect_invertebrates,False,0.811691,0.636364,Q2
506,bed,crocodile,household_furniture,reptiles,False,0.791469,0.652174,Q2
507,bed,cup,household_furniture,food_containers,False,0.825096,0.333333,Q3
508,bed,dinosaur,household_furniture,reptiles,False,0.790909,0.652174,Q2
509,bed,dolphin,household_furniture,aquatic_mammals,False,0.850649,0.692308,Q2
510,bed,elephant,household_furniture,large_omnivores_and_herbivores,False,0.8326,0.652174,Q2
511,bed,flatfish,household_furniture,fish,False,0.759372,0.777778,Q2
512,bed,forest,household_furniture,large_natural_outdoor_scenes,False,0.760356,0.875,Q2
513,bed,fox,household_furniture,medium_mammals,False,0.779899,0.666667,Q2
514,bed,girl,household_furniture,people,False,0.760355,0.6,Q3
515,bed,hamster,household_furniture,small_mammals,False,0.793894,0.652174,Q2
516,bed,house,household_furniture,large_man_made_outdoor_things,False,0.682023,0.444444,Q1
517,bed,kangaroo,household_furniture,large_omnivores_and_herbivores,False,0.824317,0.652174,Q2
518,bed,keyboard,household_furniture,household_electrical_devices,False,0.78524,0.368421,Q3
519,bed,lamp,household_furniture,household_electrical_devices,False,0.684883,0.368421,Q1
520,bed,lawn_mower,household_furniture,vehicles_2,False,0.775266,0.4,Q3
521,bed,leopard,household_furniture,large_carnivores,False,0.824355,0.8,Q2
522,bed,lion,household_furniture,large_carnivores,False,0.833271,0.68,Q2
523,bed,lizard,household_furniture,reptiles,False,0.782702,0.652174,Q2
524,bed,lobster,household_furniture,non_insect_invertebrates,False,0.807646,0.777778,Q2
525,bed,man,household_furniture,people,False,0.748537,0.578947,Q3
526,bed,maple_tree,household_furniture,trees,False,0.768713,0.777778,Q2
527,bed,motorcycle,household_furniture,vehicles_1,False,0.847354,0.428571,Q3
528,bed,mountain,household_furniture,large_natural_outdoor_scenes,False,0.812583,0.625,Q2
529,bed,mouse,household_furniture,small_mammals,False,0.798747,0.652174,Q2
530,bed,mushroom,household_furniture,fruit_and_vegetables,False,0.924549,0.6,Q3
531,bed,oak_tree,household_furniture,trees,False,0.755176,0.777778,Q2
532,bed,orange,household_furniture,fruit_and_vegetables,False,0.909903,0.636364,Q2
533,bed,orchid,household_furniture,flowers,False,0.84551,0.636364,Q2
534,bed,otter,household_furniture,aquatic_mammals,False,0.777465,0.8,Q2
535,bed,palm_tree,household_furniture,trees,False,0.823373,0.764706,Q2
536,bed,pear,household_furniture,fruit_and_vegetables,False,0.812847,0.619048,Q2
537,bed,pickup_truck,household_furniture,vehicles_1,False,0.677866,0.428571,Q1
538,bed,pine_tree,household_furniture,trees,False,0.775298,0.652174,Q2
539,bed,plain,household_furniture,large_natural_outdoor_scenes,False,0.775631,0.6,Q3
540,bed,plate,household_furniture,food_containers,False,0.81427,0.5,Q3
541,bed,poppy,household_furniture,flowers,False,0.943022,0.636364,Q2
542,bed,porcupine,household_furniture,medium_mammals,False,0.826858,0.652174,Q2
543,bed,possum,household_furniture,medium_mammals,False,0.821142,0.652174,Q2
544,bed,rabbit,household_furniture,small_mammals,False,0.762927,0.666667,Q2
545,bed,raccoon,household_furniture,medium_mammals,False,0.803929,0.8,Q2
546,bed,ray,household_furniture,fish,False,0.825579,0.888889,Q2
547,bed,road,household_furniture,large_man_made_outdoor_things,False,0.782988,0.411765,Q3
548,bed,rocket,household_furniture,vehicles_2,False,0.835827,0.368421,Q3
549,bed,rose,household_furniture,flowers,False,0.925225,0.619048,Q2
550,bed,sea,household_furniture,large_natural_outdoor_scenes,False,0.775448,0.733333,Q2
551,bed,seal,household_furniture,aquatic_mammals,False,0.771847,0.666667,Q2
552,bed,shark,household_furniture,fish,False,0.822435,0.666667,Q2
553,bed,shrew,household_furniture,small_mammals,False,0.828304,0.619048,Q2
554,bed,skunk,household_furniture,medium_mammals,False,0.819939,0.6,Q3
555,bed,skyscraper,household_furniture,large_man_made_outdoor_things,False,0.827677,0.444444,Q3
556,bed,snail,household_furniture,non_insect_invertebrates,False,0.815155,0.619048,Q2
557,bed,snake,household_furniture,reptiles,False,0.886323,0.636364,Q2
558,bed,spider,household_furniture,non_insect_invertebrates,False,0.834264,0.619048,Q2
559,bed,squirrel,household_furniture,small_mammals,False,0.78743,0.652174,Q2
560,bed,streetcar,household_furniture,vehicles_2,False,0.73131,0.4,Q3
561,bed,sunflower,household_furniture,flowers,False,0.923236,0.636364,Q2
562,bed,sweet_pepper,household_furniture,fruit_and_vegetables,False,0.908091,0.8,Q2
563,bed,table,household_furniture,household_furniture,True,0.427798,0.875,Q4
564,bed,tank,household_furniture,vehicles_2,False,0.743316,0.4,Q3
565,bed,telephone,household_furniture,household_electrical_devices,False,0.716476,0.368421,Q3
566,bed,television,household_furniture,household_electrical_devices,False,0.628996,0.4,Q1
567,bed,tiger,household_furniture,large_carnivores,False,0.82619,0.555556,Q3
568,bed,tractor,household_furniture,vehicles_2,False,0.725019,0.4,Q3
569,bed,train,household_furniture,vehicles_1,False,0.73828,0.368421,Q3
570,bed,trout,household_furniture,fish,False,0.77166,0.764706,Q2
571,bed,tulip,household_furniture,flowers,False,0.905415,0.619048,Q2
572,bed,turtle,household_furniture,reptiles,False,0.781155,0.5,Q3
573,bed,wardrobe,household_furniture,household_furniture,True,0.458605,0.157895,Q1
574,bed,whale,household_furniture,aquatic_mammals,False,0.83776,0.578947,Q3
575,bed,willow_tree,household_furniture,trees,False,0.791419,0.619048,Q2
576,bed,wolf,household_furniture,large_carnivores,False,0.802679,0.666667,Q2
577,bed,woman,household_furniture,people,False,0.748152,0.578947,Q3
578,bed,worm,household_furniture,non_insect_invertebrates,False,0.913449,0.578947,Q3
579,bee,beetle,insects,insects,True,0.398431,0.130435,Q1
580,bee,bicycle,insects,vehicles_1,False,0.788966,0.619048,Q2
581,bee,bottle,insects,food_containers,False,0.782047,0.619048,Q2
582,bee,bowl,insects,food_containers,False,0.660457,0.619048,Q4
583,bee,boy,insects,people,False,0.680689,0.428571,Q1
584,bee,bridge,insects,large_man_made_outdoor_things,False,0.725807,0.578947,Q3
585,bee,bus,insects,vehicles_1,False,0.747844,0.619048,Q2
586,bee,butterfly,insects,insects,True,0.433472,0.166667,Q1
587,bee,camel,insects,large_omnivores_and_herbivores,False,0.678449,0.461538,Q1
588,bee,can,insects,food_containers,False,0.736885,0.6,Q3
589,bee,castle,insects,large_man_made_outdoor_things,False,0.693926,0.636364,Q4
590,bee,caterpillar,insects,insects,True,0.501537,0.333333,Q1
591,bee,cattle,insects,large_omnivores_and_herbivores,False,0.66435,0.517241,Q1
592,bee,chair,insects,household_furniture,False,0.834703,0.636364,Q2
593,bee,chimpanzee,insects,large_omnivores_and_herbivores,False,0.709114,0.5,Q1
594,bee,clock,insects,household_electrical_devices,False,0.757692,0.652174,Q2
595,bee,cloud,insects,large_natural_outdoor_scenes,False,0.706713,0.789474,Q4
596,bee,cockroach,insects,insects,True,0.52838,0.166667,Q1
597,bee,couch,insects,household_furniture,False,0.820443,0.636364,Q2
598,bee,crab,insects,non_insect_invertebrates,False,0.507627,0.25,Q1
599,bee,crocodile,insects,reptiles,False,0.614278,0.44,Q1
600,bee,cup,insects,food_containers,False,0.772388,0.6,Q3
601,bee,dinosaur,insects,reptiles,False,0.621983,0.44,Q1
602,bee,dolphin,insects,aquatic_mammals,False,0.791818,0.5,Q3
603,bee,elephant,insects,large_omnivores_and_herbivores,False,0.727096,0.44,Q3
604,bee,flatfish,insects,fish,False,0.619765,0.8,Q4
605,bee,forest,insects,large_natural_outdoor_scenes,False,0.702753,0.888889,Q4
606,bee,fox,insects,medium_mammals,False,0.660783,0.461538,Q1
607,bee,girl,insects,people,False,0.678855,0.454545,Q1
608,bee,hamster,insects,small_mammals,False,0.689461,0.44,Q1
609,bee,house,insects,large_man_made_outdoor_things,False,0.697274,0.6,Q1
610,bee,kangaroo,insects,large_omnivores_and_herbivores,False,0.63678,0.44,Q1
611,bee,keyboard,insects,household_electrical_devices,False,0.787854,0.619048,Q2
612,bee,lamp,insects,household_electrical_devices,False,0.739517,0.619048,Q2
613,bee,lawn_mower,insects,vehicles_2,False,0.770329,0.636364,Q2
614,bee,leopard,insects,large_carnivores,False,0.65924,0.818182,Q4
615,bee,lion,insects,large_carnivores,False,0.68027,0.481481,Q1
616,bee,lizard,insects,reptiles,False,0.56255,0.44,Q1
617,bee,lobster,insects,non_insect_invertebrates,False,0.488804,0.8,Q4
618,bee,man,insects,people,False,0.686646,0.428571,Q1
619,bee,maple_tree,insects,trees,False,0.683116,0.8,Q4
620,bee,motorcycle,insects,vehicles_1,False,0.756607,0.652174,Q2
621,bee,mountain,insects,large_natural_outdoor_scenes,False,0.703243,0.666667,Q4
622,bee,mouse,insects,small_mammals,False,0.590553,0.44,Q1
623,bee,mushroom,insects,fruit_and_vegetables,False,0.693424,0.454545,Q1
624,bee,oak_tree,insects,trees,False,0.704093,0.8,Q4
625,bee,orange,insects,fruit_and_vegetables,False,0.770217,0.666667,Q2
626,bee,orchid,insects,flowers,False,0.676283,0.5,Q1
627,bee,otter,insects,aquatic_mammals,False,0.564391,0.818182,Q4
628,bee,palm_tree,insects,trees,False,0.751743,0.789474,Q2
629,bee,pear,insects,fruit_and_vegetables,False,0.742307,0.652174,Q2
630,bee,pickup_truck,insects,vehicles_1,False,0.731528,0.652174,Q2
631,bee,pine_tree,insects,trees,False,0.686532,0.52,Q1
632,bee,plain,insects,large_natural_outdoor_scenes,False,0.703102,0.647059,Q4
633,bee,plate,insects,food_containers,False,0.737587,0.636364,Q2
634,bee,poppy,insects,flowers,False,0.648176,0.5,Q1
635,bee,porcupine,insects,medium_mammals,False,0.617467,0.44,Q1
636,bee,possum,insects,medium_mammals,False,0.665414,0.44,Q1
637,bee,rabbit,insects,small_mammals,False,0.614818,0.461538,Q1
638,bee,raccoon,insects,medium_mammals,False,0.643321,0.818182,Q4
639,bee,ray,insects,fish,False,0.706438,0.9,Q4
640,bee,road,insects,large_man_made_outdoor_things,False,0.757858,0.578947,Q3
641,bee,rocket,insects,vehicles_2,False,0.723658,0.619048,Q2
642,bee,rose,insects,flowers,False,0.698145,0.478261,Q1
643,bee,sea,insects,large_natural_outdoor_scenes,False,0.748332,0.764706,Q2
644,bee,seal,insects,aquatic_mammals,False,0.604497,0.461538,Q1
645,bee,shark,insects,fish,False,0.738349,0.461538,Q3
646,bee,shrew,insects,small_mammals,False,0.546604,0.478261,Q1
647,bee,skunk,insects,medium_mammals,False,0.664984,0.454545,Q1
648,bee,skyscraper,insects,large_man_made_outdoor_things,False,0.76619,0.6,Q3
649,bee,snail,insects,non_insect_invertebrates,False,0.576713,0.304348,Q1
650,bee,snake,insects,reptiles,False,0.70906,0.416667,Q1
651,bee,spider,insects,non_insect_invertebrates,False,0.433935,0.217391,Q1
652,bee,squirrel,insects,small_mammals,False,0.570579,0.44,Q1
653,bee,streetcar,insects,vehicles_2,False,0.734796,0.636364,Q2
654,bee,sunflower,insects,flowers,False,0.623494,0.5,Q1
655,bee,sweet_pepper,insects,fruit_and_vegetables,False,0.791482,0.818182,Q2
656,bee,table,insects,household_furniture,False,0.73877,0.888889,Q2
657,bee,tank,insects,vehicles_2,False,0.686787,0.636364,Q4
658,bee,telephone,insects,household_electrical_devices,False,0.796982,0.619048,Q2
659,bee,television,insects,household_electrical_devices,False,0.775054,0.636364,Q2
660,bee,tiger,insects,large_carnivores,False,0.632248,0.4,Q1
661,bee,tractor,insects,vehicles_2,False,0.712653,0.636364,Q2
662,bee,train,insects,vehicles_1,False,0.652969,0.619048,Q4
663,bee,trout,insects,fish,False,0.676836,0.789474,Q4
664,bee,tulip,insects,flowers,False,0.658288,0.478261,Q1
665,bee,turtle,insects,reptiles,False,0.618805,0.636364,Q4
666,bee,wardrobe,insects,household_furniture,False,0.815065,0.619048,Q2
667,bee,whale,insects,aquatic_mammals,False,0.795131,0.428571,Q3
668,bee,willow_tree,insects,trees,False,0.670368,0.478261,Q1
669,bee,wolf,insects,large_carnivores,False,0.729093,0.461538,Q3
670,bee,woman,insects,people,False,0.701457,0.428571,Q1
671,bee,worm,insects,non_insect_invertebrates,False,0.736628,0.238095,Q3
672,beetle,bicycle,insects,vehicles_1,False,0.745549,0.6,Q3
673,beetle,bottle,insects,food_containers,False,0.724961,0.6,Q3
674,beetle,bowl,insects,food_containers,False,0.637921,0.6,Q1
675,beetle,boy,insects,people,False,0.686967,0.4,Q1
676,beetle,bridge,insects,large_man_made_outdoor_things,False,0.752967,0.555556,Q3
677,beetle,bus,insects,vehicles_1,False,0.735686,0.6,Q3
678,beetle,butterfly,insects,insects,True,0.495689,0.130435,Q1
679,beetle,camel,insects,large_omnivores_and_herbivores,False,0.689702,0.44,Q1
680,beetle,can,insects,food_containers,False,0.688372,0.578947,Q1
681,beetle,castle,insects,large_man_made_outdoor_things,False,0.708957,0.619048,Q4
682,beetle,caterpillar,insects,insects,True,0.511638,0.3,Q1
683,beetle,cattle,insects,large_omnivores_and_herbivores,False,0.628183,0.5,Q1
684,beetle,chair,insects,household_furniture,False,0.769568,0.619048,Q2
685,beetle,chimpanzee,insects,large_omnivores_and_herbivores,False,0.697212,0.481481,Q1
686,beetle,clock,insects,household_electrical_devices,False,0.697393,0.636364,Q4
687,beetle,cloud,insects,large_natural_outdoor_scenes,False,0.714412,0.777778,Q2
688,beetle,cockroach,insects,insects,True,0.235723,0.130435,Q1
689,beetle,couch,insects,household_furniture,False,0.766321,0.619048,Q2
690,beetle,crab,insects,non_insect_invertebrates,False,0.438102,0.217391,Q1
691,beetle,crocodile,insects,reptiles,False,0.553789,0.416667,Q1
692,beetle,cup,insects,food_containers,False,0.767105,0.578947,Q3
693,beetle,dinosaur,insects,reptiles,False,0.617762,0.416667,Q1
694,beetle,dolphin,insects,aquatic_mammals,False,0.706247,0.481481,Q1
695,beetle,elephant,insects,large_omnivores_and_herbivores,False,0.703254,0.416667,Q1
696,beetle,flatfish,insects,fish,False,0.536336,0.789474,Q4
697,beetle,forest,insects,large_natural_outdoor_scenes,False,0.677627,0.882353,Q4
698,beetle,fox,insects,medium_mammals,False,0.666408,0.44,Q1
699,beetle,girl,insects,people,False,0.701479,0.428571,Q1
700,beetle,hamster,insects,small_mammals,False,0.68105,0.416667,Q1
701,beetle,house,insects,large_man_made_outdoor_things,False,0.694504,0.578947,Q1
702,beetle,kangaroo,insects,large_omnivores_and_herbivores,False,0.602062,0.416667,Q1
703,beetle,keyboard,insects,household_electrical_devices,False,0.781498,0.6,Q3
704,beetle,lamp,insects,household_electrical_devices,False,0.69639,0.6,Q1
705,beetle,lawn_mower,insects,vehicles_2,False,0.703533,0.619048,Q4
706,beetle,leopard,insects,large_carnivores,False,0.698255,0.809524,Q4
707,beetle,lion,insects,large_carnivores,False,0.729839,0.461538,Q3
708,beetle,lizard,insects,reptiles,False,0.463707,0.416667,Q1
709,beetle,lobster,insects,non_insect_invertebrates,False,0.423667,0.789474,Q4
710,beetle,man,insects,people,False,0.659251,0.4,Q1
711,beetle,maple_tree,insects,trees,False,0.694377,0.789474,Q4
712,beetle,motorcycle,insects,vehicles_1,False,0.692655,0.636364,Q4
713,beetle,mountain,insects,large_natural_outdoor_scenes,False,0.746676,0.647059,Q2
714,beetle,mouse,insects,small_mammals,False,0.497423,0.416667,Q1
715,beetle,mushroom,insects,fruit_and_vegetables,False,0.700726,0.428571,Q1
716,beetle,oak_tree,insects,trees,False,0.6826,0.789474,Q4
717,beetle,orange,insects,fruit_and_vegetables,False,0.821789,0.652174,Q2
718,beetle,orchid,insects,flowers,False,0.844753,0.478261,Q3
719,beetle,otter,insects,aquatic_mammals,False,0.51561,0.809524,Q4
720,beetle,palm_tree,insects,trees,False,0.774089,0.777778,Q2
721,beetle,pear,insects,fruit_and_vegetables,False,0.667446,0.636364,Q4
722,beetle,pickup_truck,insects,vehicles_1,False,0.726825,0.636364,Q2
723,beetle,pine_tree,insects,trees,False,0.666504,0.5,Q1
724,beetle,plain,insects,large_natural_outdoor_scenes,False,0.673287,0.625,Q4
725,beetle,plate,insects,food_containers,False,0.681638,0.619048,Q4
726,beetle,poppy,insects,flowers,False,0.741224,0.478261,Q3
727,beetle,porcupine,insects,medium_mammals,False,0.600012,0.416667,Q1
728,beetle,possum,insects,medium_mammals,False,0.615343,0.416667,Q1
729,beetle,rabbit,insects,small_mammals,False,0.565824,0.44,Q1
730,beetle,raccoon,insects,medium_mammals,False,0.634926,0.809524,Q4
731,beetle,ray,insects,fish,False,0.587556,0.894737,Q4
732,beetle,road,insects,large_man_made_outdoor_things,False,0.765035,0.555556,Q3
733,beetle,rocket,insects,vehicles_2,False,0.74763,0.6,Q3
734,beetle,rose,insects,flowers,False,0.748247,0.454545,Q3
735,beetle,sea,insects,large_natural_outdoor_scenes,False,0.737556,0.75,Q2
736,beetle,seal,insects,aquatic_mammals,False,0.567271,0.44,Q1
737,beetle,shark,insects,fish,False,0.686128,0.44,Q1
738,beetle,shrew,insects,small_mammals,False,0.465069,0.454545,Q1
739,beetle,skunk,insects,medium_mammals,False,0.57766,0.428571,Q1
740,beetle,skyscraper,insects,large_man_made_outdoor_things,False,0.749437,0.578947,Q3
741,beetle,snail,insects,non_insect_invertebrates,False,0.490537,0.272727,Q1
742,beetle,snake,insects,reptiles,False,0.629439,0.391304,Q1
743,beetle,spider,insects,non_insect_invertebrates,False,0.344066,0.181818,Q1
744,beetle,squirrel,insects,small_mammals,False,0.598652,0.416667,Q1
745,beetle,streetcar,insects,vehicles_2,False,0.709459,0.619048,Q4
746,beetle,sunflower,insects,flowers,False,0.784615,0.478261,Q3
747,beetle,sweet_pepper,insects,fruit_and_vegetables,False,0.673226,0.809524,Q4
748,beetle,table,insects,household_furniture,False,0.727973,0.882353,Q2
749,beetle,tank,insects,vehicles_2,False,0.666695,0.619048,Q4
750,beetle,telephone,insects,household_electrical_devices,False,0.693797,0.6,Q1
751,beetle,television,insects,household_electrical_devices,False,0.717903,0.619048,Q2
752,beetle,tiger,insects,large_carnivores,False,0.669076,0.368421,Q1
753,beetle,tractor,insects,vehicles_2,False,0.690972,0.619048,Q4
754,beetle,train,insects,vehicles_1,False,0.632126,0.6,Q1
755,beetle,trout,insects,fish,False,0.568207,0.777778,Q4
756,beetle,tulip,insects,flowers,False,0.716327,0.454545,Q3
757,beetle,turtle,insects,reptiles,False,0.539767,0.619048,Q4
758,beetle,wardrobe,insects,household_furniture,False,0.773316,0.6,Q3
759,beetle,whale,insects,aquatic_mammals,False,0.699484,0.4,Q1
760,beetle,willow_tree,insects,trees,False,0.672983,0.454545,Q1
761,beetle,wolf,insects,large_carnivores,False,0.697798,0.44,Q1
762,beetle,woman,insects,people,False,0.684854,0.4,Q1
763,beetle,worm,insects,non_insect_invertebrates,False,0.638917,0.2,Q1
764,bicycle,bottle,vehicles_1,food_containers,False,0.789938,0.222222,Q3
765,bicycle,bowl,vehicles_1,food_containers,False,0.722612,0.222222,Q3
766,bicycle,boy,vehicles_1,people,False,0.692163,0.555556,Q1
767,bicycle,bridge,vehicles_1,large_man_made_outdoor_things,False,0.74516,0.375,Q3
768,bicycle,bus,vehicles_1,vehicles_1,True,0.694004,0.263158,Q1
769,bicycle,butterfly,vehicles_1,insects,False,0.719928,0.619048,Q2
770,bicycle,camel,vehicles_1,large_omnivores_and_herbivores,False,0.717374,0.652174,Q2
771,bicycle,can,vehicles_1,food_containers,False,0.755995,0.176471,Q3
772,bicycle,castle,vehicles_1,large_man_made_outdoor_things,False,0.740626,0.473684,Q3
773,bicycle,caterpillar,vehicles_1,insects,False,0.803478,0.555556,Q3
774,bicycle,cattle,vehicles_1,large_omnivores_and_herbivores,False,0.751783,0.692308,Q2
775,bicycle,chair,vehicles_1,household_furniture,False,0.754381,0.368421,Q3
776,bicycle,chimpanzee,vehicles_1,large_omnivores_and_herbivores,False,0.82456,0.68,Q2
777,bicycle,clock,vehicles_1,household_electrical_devices,False,0.693764,0.4,Q1
778,bicycle,cloud,vehicles_1,large_natural_outdoor_scenes,False,0.783641,0.75,Q2
779,bicycle,cockroach,vehicles_1,insects,False,0.827492,0.619048,Q2
780,bicycle,couch,vehicles_1,household_furniture,False,0.804156,0.368421,Q3
781,bicycle,crab,vehicles_1,non_insect_invertebrates,False,0.697864,0.619048,Q4
782,bicycle,crocodile,vehicles_1,reptiles,False,0.735008,0.636364,Q2
783,bicycle,cup,vehicles_1,food_containers,False,0.770148,0.176471,Q3
784,bicycle,dinosaur,vehicles_1,reptiles,False,0.674733,0.636364,Q4
785,bicycle,dolphin,vehicles_1,aquatic_mammals,False,0.826967,0.68,Q2
786,bicycle,elephant,vehicles_1,large_omnivores_and_herbivores,False,0.770402,0.636364,Q2
787,bicycle,flatfish,vehicles_1,fish,False,0.686799,0.764706,Q4
788,bicycle,forest,vehicles_1,large_natural_outdoor_scenes,False,0.707299,0.866667,Q4
789,bicycle,fox,vehicles_1,medium_mammals,False,0.740011,0.652174,Q2
790,bicycle,girl,vehicles_1,people,False,0.706952,0.578947,Q1
791,bicycle,hamster,vehicles_1,small_mammals,False,0.85266,0.636364,Q2
792,bicycle,house,vehicles_1,large_man_made_outdoor_things,False,0.679603,0.411765,Q1
793,bicycle,kangaroo,vehicles_1,large_omnivores_and_herbivores,False,0.711049,0.636364,Q4
794,bicycle,keyboard,vehicles_1,household_electrical_devices,False,0.871624,0.333333,Q3
795,bicycle,lamp,vehicles_1,household_electrical_devices,False,0.723465,0.333333,Q3
796,bicycle,lawn_mower,vehicles_1,vehicles_2,False,0.643077,0.368421,Q1
797,bicycle,leopard,vehicles_1,large_carnivores,False,0.784698,0.789474,Q2
798,bicycle,lion,vehicles_1,large_carnivores,False,0.788592,0.666667,Q2
799,bicycle,lizard,vehicles_1,reptiles,False,0.684954,0.636364,Q4
800,bicycle,lobster,vehicles_1,non_insect_invertebrates,False,0.661063,0.764706,Q4
801,bicycle,man,vehicles_1,people,False,0.727764,0.555556,Q3
802,bicycle,maple_tree,vehicles_1,trees,False,0.721548,0.764706,Q2
803,bicycle,motorcycle,vehicles_1,vehicles_1,True,0.391117,0.272727,Q1
804,bicycle,mountain,vehicles_1,large_natural_outdoor_scenes,False,0.817909,0.6,Q3
805,bicycle,mouse,vehicles_1,small_mammals,False,0.792086,0.636364,Q2
806,bicycle,mushroom,vehicles_1,fruit_and_vegetables,False,0.795222,0.578947,Q3
807,bicycle,oak_tree,vehicles_1,trees,False,0.719251,0.764706,Q2
808,bicycle,orange,vehicles_1,fruit_and_vegetables,False,0.731901,0.619048,Q2
809,bicycle,orchid,vehicles_1,flowers,False,0.865267,0.619048,Q2
810,bicycle,otter,vehicles_1,aquatic_mammals,False,0.686791,0.789474,Q4
811,bicycle,palm_tree,vehicles_1,trees,False,0.764676,0.75,Q2
812,bicycle,pear,vehicles_1,fruit_and_vegetables,False,0.697073,0.6,Q1
813,bicycle,pickup_truck,vehicles_1,vehicles_1,True,0.641961,0.272727,Q1
814,bicycle,pine_tree,vehicles_1,trees,False,0.7004,0.636364,Q4
815,bicycle,plain,vehicles_1,large_natural_outdoor_scenes,False,0.723247,0.571429,Q3
816,bicycle,plate,vehicles_1,food_containers,False,0.7472,0.473684,Q3
817,bicycle,poppy,vehicles_1,flowers,False,0.881555,0.619048,Q2
818,bicycle,porcupine,vehicles_1,medium_mammals,False,0.796592,0.636364,Q2
819,bicycle,possum,vehicles_1,medium_mammals,False,0.782639,0.636364,Q2
820,bicycle,rabbit,vehicles_1,small_mammals,False,0.731664,0.652174,Q2
821,bicycle,raccoon,vehicles_1,medium_mammals,False,0.738202,0.789474,Q2
822,bicycle,ray,vehicles_1,fish,False,0.800356,0.882353,Q2
823,bicycle,road,vehicles_1,large_man_made_outdoor_things,False,0.750607,0.375,Q3
824,bicycle,rocket,vehicles_1,vehicles_2,False,0.813459,0.157895,Q3
825,bicycle,rose,vehicles_1,flowers,False,0.861878,0.6,Q3
826,bicycle,sea,vehicles_1,large_natural_outdoor_scenes,False,0.821118,0.714286,Q2
827,bicycle,seal,vehicles_1,aquatic_mammals,False,0.760012,0.652174,Q2
828,bicycle,shark,vehicles_1,fish,False,0.841774,0.652174,Q2
829,bicycle,shrew,vehicles_1,small_mammals,False,0.757893,0.6,Q3
830,bicycle,skunk,vehicles_1,medium_mammals,False,0.732323,0.578947,Q3
831,bicycle,skyscraper,vehicles_1,large_man_made_outdoor_things,False,0.822012,0.411765,Q3
832,bicycle,snail,vehicles_1,non_insect_invertebrates,False,0.761084,0.6,Q3
833,bicycle,snake,vehicles_1,reptiles,False,0.714917,0.619048,Q2
834,bicycle,spider,vehicles_1,non_insect_invertebrates,False,0.664881,0.6,Q1
835,bicycle,squirrel,vehicles_1,small_mammals,False,0.717281,0.636364,Q2
836,bicycle,streetcar,vehicles_1,vehicles_2,False,0.742297,0.238095,Q3
837,bicycle,sunflower,vehicles_1,flowers,False,0.869738,0.619048,Q2
838,bicycle,sweet_pepper,vehicles_1,fruit_and_vegetables,False,0.849,0.789474,Q2
839,bicycle,table,vehicles_1,household_furniture,False,0.66614,0.866667,Q4
840,bicycle,tank,vehicles_1,vehicles_2,False,0.709962,0.2,Q1
841,bicycle,telephone,vehicles_1,household_electrical_devices,False,0.81205,0.333333,Q3
842,bicycle,television,vehicles_1,household_electrical_devices,False,0.758529,0.368421,Q3
843,bicycle,tiger,vehicles_1,large_carnivores,False,0.799433,0.529412,Q3
844,bicycle,tractor,vehicles_1,vehicles_2,False,0.682277,0.238095,Q1
845,bicycle,train,vehicles_1,vehicles_1,True,0.725522,0.263158,Q3
846,bicycle,trout,vehicles_1,fish,False,0.719998,0.75,Q2
847,bicycle,tulip,vehicles_1,flowers,False,0.842082,0.6,Q3
848,bicycle,turtle,vehicles_1,reptiles,False,0.777126,0.473684,Q3
849,bicycle,wardrobe,vehicles_1,household_furniture,False,0.790268,0.333333,Q3
850,bicycle,whale,vehicles_1,aquatic_mammals,False,0.827983,0.555556,Q3
851,bicycle,willow_tree,vehicles_1,trees,False,0.699187,0.6,Q1
852,bicycle,wolf,vehicles_1,large_carnivores,False,0.747314,0.652174,Q2
853,bicycle,woman,vehicles_1,people,False,0.753205,0.555556,Q3
854,bicycle,worm,vehicles_1,non_insect_invertebrates,False,0.686828,0.555556,Q1
855,bottle,bowl,food_containers,food_containers,True,0.626355,0.111111,Q1
856,bottle,boy,food_containers,people,False,0.719934,0.555556,Q3
857,bottle,bridge,food_containers,large_man_made_outdoor_things,False,0.694498,0.375,Q1
858,bottle,bus,food_containers,vehicles_1,False,0.709496,0.333333,Q1
859,bottle,butterfly,food_containers,insects,False,0.826654,0.619048,Q2
860,bottle,camel,food_containers,large_omnivores_and_herbivores,False,0.751552,0.652174,Q2
861,bottle,can,food_containers,food_containers,True,0.355666,0.176471,Q1
862,bottle,castle,food_containers,large_man_made_outdoor_things,False,0.695514,0.473684,Q1
863,bottle,caterpillar,food_containers,insects,False,0.733787,0.555556,Q3
864,bottle,cattle,food_containers,large_omnivores_and_herbivores,False,0.821627,0.692308,Q2
865,bottle,chair,food_containers,household_furniture,False,0.710562,0.368421,Q1
866,bottle,chimpanzee,food_containers,large_omnivores_and_herbivores,False,0.823097,0.68,Q2
867,bottle,clock,food_containers,household_electrical_devices,False,0.729646,0.4,Q3
868,bottle,cloud,food_containers,large_natural_outdoor_scenes,False,0.795229,0.75,Q2
869,bottle,cockroach,food_containers,insects,False,0.804649,0.619048,Q2
870,bottle,couch,food_containers,household_furniture,False,0.705006,0.368421,Q1
871,bottle,crab,food_containers,non_insect_invertebrates,False,0.770939,0.619048,Q2
872,bottle,crocodile,food_containers,reptiles,False,0.751279,0.636364,Q2
873,bottle,cup,food_containers,food_containers,True,0.603037,0.176471,Q1
874,bottle,dinosaur,food_containers,reptiles,False,0.726958,0.636364,Q2
875,bottle,dolphin,food_containers,aquatic_mammals,False,0.866029,0.68,Q2
876,bottle,elephant,food_containers,large_omnivores_and_herbivores,False,0.823305,0.636364,Q2
877,bottle,flatfish,food_containers,fish,False,0.709254,0.764706,Q4
878,bottle,forest,food_containers,large_natural_outdoor_scenes,False,0.721064,0.866667,Q2
879,bottle,fox,food_containers,medium_mammals,False,0.708882,0.652174,Q4
880,bottle,girl,food_containers,people,False,0.732444,0.578947,Q3
881,bottle,hamster,food_containers,small_mammals,False,0.818121,0.636364,Q2
882,bottle,house,food_containers,large_man_made_outdoor_things,False,0.729291,0.411765,Q3
883,bottle,kangaroo,food_containers,large_omnivores_and_herbivores,False,0.729849,0.636364,Q2
884,bottle,keyboard,food_containers,household_electrical_devices,False,0.821888,0.333333,Q3
885,bottle,lamp,food_containers,household_electrical_devices,False,0.526218,0.333333,Q1
886,bottle,lawn_mower,food_containers,vehicles_2,False,0.781029,0.368421,Q3
887,bottle,leopard,food_containers,large_carnivores,False,0.772207,0.789474,Q2
888,bottle,lion,food_containers,large_carnivores,False,0.793505,0.666667,Q2
889,bottle,lizard,food_containers,reptiles,False,0.740562,0.636364,Q2
890,bottle,lobster,food_containers,non_insect_invertebrates,False,0.698098,0.764706,Q4
891,bottle,man,food_containers,people,False,0.686779,0.555556,Q1
892,bottle,maple_tree,food_containers,trees,False,0.749224,0.764706,Q2
893,bottle,motorcycle,food_containers,vehicles_1,False,0.810881,0.3,Q3
894,bottle,mountain,food_containers,large_natural_outdoor_scenes,False,0.791081,0.6,Q3
895,bottle,mouse,food_containers,small_mammals,False,0.774721,0.636364,Q2
896,bottle,mushroom,food_containers,fruit_and_vegetables,False,0.781519,0.578947,Q3
897,bottle,oak_tree,food_containers,trees,False,0.779808,0.764706,Q2
898,bottle,orange,food_containers,fruit_and_vegetables,False,0.754651,0.619048,Q2
899,bottle,orchid,food_containers,flowers,False,0.86935,0.619048,Q2
900,bottle,otter,food_containers,aquatic_mammals,False,0.698779,0.789474,Q4
901,bottle,palm_tree,food_containers,trees,False,0.825962,0.75,Q2
902,bottle,pear,food_containers,fruit_and_vegetables,False,0.58708,0.6,Q1
903,bottle,pickup_truck,food_containers,vehicles_1,False,0.699309,0.3,Q1
904,bottle,pine_tree,food_containers,trees,False,0.752791,0.636364,Q2
905,bottle,plain,food_containers,large_natural_outdoor_scenes,False,0.776705,0.571429,Q3
906,bottle,plate,food_containers,food_containers,True,0.72358,0.473684,Q3
907,bottle,poppy,food_containers,flowers,False,0.883406,0.619048,Q2
908,bottle,porcupine,food_containers,medium_mammals,False,0.770223,0.636364,Q2
909,bottle,possum,food_containers,medium_mammals,False,0.772633,0.636364,Q2
910,bottle,rabbit,food_containers,small_mammals,False,0.715634,0.652174,Q2
911,bottle,raccoon,food_containers,medium_mammals,False,0.740357,0.789474,Q2
912,bottle,ray,food_containers,fish,False,0.813233,0.882353,Q2
913,bottle,road,food_containers,large_man_made_outdoor_things,False,0.800943,0.375,Q3
914,bottle,rocket,food_containers,vehicles_2,False,0.595536,0.333333,Q1
915,bottle,rose,food_containers,flowers,False,0.886501,0.6,Q3
916,bottle,sea,food_containers,large_natural_outdoor_scenes,False,0.790692,0.714286,Q2
917,bottle,seal,food_containers,aquatic_mammals,False,0.729416,0.652174,Q2
918,bottle,shark,food_containers,fish,False,0.812042,0.652174,Q2
919,bottle,shrew,food_containers,small_mammals,False,0.764026,0.6,Q3
920,bottle,skunk,food_containers,medium_mammals,False,0.761963,0.578947,Q3
921,bottle,skyscraper,food_containers,large_man_made_outdoor_things,False,0.705337,0.411765,Q1
922,bottle,snail,food_containers,non_insect_invertebrates,False,0.739272,0.6,Q3
923,bottle,snake,food_containers,reptiles,False,0.819309,0.619048,Q2
924,bottle,spider,food_containers,non_insect_invertebrates,False,0.740624,0.6,Q3
925,bottle,squirrel,food_containers,small_mammals,False,0.72361,0.636364,Q2
926,bottle,streetcar,food_containers,vehicles_2,False,0.736078,0.263158,Q3
927,bottle,sunflower,food_containers,flowers,False,0.84464,0.619048,Q2
928,bottle,sweet_pepper,food_containers,fruit_and_vegetables,False,0.746843,0.789474,Q2
929,bottle,table,food_containers,household_furniture,False,0.642666,0.866667,Q4
930,bottle,tank,food_containers,vehicles_2,False,0.72593,0.3,Q3
931,bottle,telephone,food_containers,household_electrical_devices,False,0.757339,0.333333,Q3
932,bottle,television,food_containers,household_electrical_devices,False,0.659404,0.368421,Q1
933,bottle,tiger,food_containers,large_carnivores,False,0.758095,0.529412,Q3
934,bottle,tractor,food_containers,vehicles_2,False,0.730188,0.263158,Q3
935,bottle,train,food_containers,vehicles_1,False,0.746858,0.333333,Q3
936,bottle,trout,food_containers,fish,False,0.721672,0.75,Q2
937,bottle,tulip,food_containers,flowers,False,0.870165,0.6,Q3
938,bottle,turtle,food_containers,reptiles,False,0.824948,0.473684,Q3
939,bottle,wardrobe,food_containers,household_furniture,False,0.669008,0.333333,Q1
940,bottle,whale,food_containers,aquatic_mammals,False,0.858998,0.555556,Q3
941,bottle,willow_tree,food_containers,trees,False,0.73534,0.6,Q3
942,bottle,wolf,food_containers,large_carnivores,False,0.730195,0.652174,Q2
943,bottle,woman,food_containers,people,False,0.716428,0.555556,Q3
944,bottle,worm,food_containers,non_insect_invertebrates,False,0.777745,0.555556,Q3
945,bowl,boy,food_containers,people,False,0.604608,0.555556,Q1
946,bowl,bridge,food_containers,large_man_made_outdoor_things,False,0.745445,0.375,Q3
947,bowl,bus,food_containers,vehicles_1,False,0.72496,0.333333,Q3
948,bowl,butterfly,food_containers,insects,False,0.671669,0.619048,Q4
949,bowl,camel,food_containers,large_omnivores_and_herbivores,False,0.687682,0.652174,Q4
950,bowl,can,food_containers,food_containers,True,0.521122,0.176471,Q1
951,bowl,castle,food_containers,large_man_made_outdoor_things,False,0.745344,0.473684,Q3
952,bowl,caterpillar,food_containers,insects,False,0.694341,0.555556,Q1
953,bowl,cattle,food_containers,large_omnivores_and_herbivores,False,0.68512,0.692308,Q4
954,bowl,chair,food_containers,household_furniture,False,0.693145,0.368421,Q1
955,bowl,chimpanzee,food_containers,large_omnivores_and_herbivores,False,0.702415,0.68,Q4
956,bowl,clock,food_containers,household_electrical_devices,False,0.554088,0.4,Q1
957,bowl,cloud,food_containers,large_natural_outdoor_scenes,False,0.685432,0.75,Q4
958,bowl,cockroach,food_containers,insects,False,0.751984,0.619048,Q2
959,bowl,couch,food_containers,household_furniture,False,0.640579,0.368421,Q1
960,bowl,crab,food_containers,non_insect_invertebrates,False,0.550889,0.619048,Q4
961,bowl,crocodile,food_containers,reptiles,False,0.614052,0.636364,Q4
962,bowl,cup,food_containers,food_containers,True,0.282683,0.176471,Q1
963,bowl,dinosaur,food_containers,reptiles,False,0.583238,0.636364,Q4
964,bowl,dolphin,food_containers,aquatic_mammals,False,0.79471,0.68,Q2
965,bowl,elephant,food_containers,large_omnivores_and_herbivores,False,0.727339,0.636364,Q2
966,bowl,flatfish,food_containers,fish,False,0.534695,0.764706,Q4
967,bowl,forest,food_containers,large_natural_outdoor_scenes,False,0.693806,0.866667,Q4
968,bowl,fox,food_containers,medium_mammals,False,0.696145,0.652174,Q4
969,bowl,girl,food_containers,people,False,0.627581,0.578947,Q1
970,bowl,hamster,food_containers,small_mammals,False,0.667432,0.636364,Q4
971,bowl,house,food_containers,large_man_made_outdoor_things,False,0.71418,0.411765,Q3
972,bowl,kangaroo,food_containers,large_omnivores_and_herbivores,False,0.683335,0.636364,Q4
973,bowl,keyboard,food_containers,household_electrical_devices,False,0.763562,0.333333,Q3
974,bowl,lamp,food_containers,household_electrical_devices,False,0.466626,0.333333,Q1
975,bowl,lawn_mower,food_containers,vehicles_2,False,0.769642,0.368421,Q3
976,bowl,leopard,food_containers,large_carnivores,False,0.715956,0.789474,Q2
977,bowl,lion,food_containers,large_carnivores,False,0.744071,0.666667,Q2
978,bowl,lizard,food_containers,reptiles,False,0.626608,0.636364,Q4
979,bowl,lobster,food_containers,non_insect_invertebrates,False,0.493669,0.764706,Q4
980,bowl,man,food_containers,people,False,0.612603,0.555556,Q1
981,bowl,maple_tree,food_containers,trees,False,0.694816,0.764706,Q4
982,bowl,motorcycle,food_containers,vehicles_1,False,0.678989,0.3,Q1
983,bowl,mountain,food_containers,large_natural_outdoor_scenes,False,0.730628,0.6,Q3
984,bowl,mouse,food_containers,small_mammals,False,0.586688,0.636364,Q4
985,bowl,mushroom,food_containers,fruit_and_vegetables,False,0.668225,0.578947,Q1
986,bowl,oak_tree,food_containers,trees,False,0.711558,0.764706,Q4
987,bowl,orange,food_containers,fruit_and_vegetables,False,0.624629,0.619048,Q4
988,bowl,orchid,food_containers,flowers,False,0.790885,0.619048,Q2
989,bowl,otter,food_containers,aquatic_mammals,False,0.56387,0.789474,Q4
990,bowl,palm_tree,food_containers,trees,False,0.755536,0.75,Q2
991,bowl,pear,food_containers,fruit_and_vegetables,False,0.541077,0.6,Q1
992,bowl,pickup_truck,food_containers,vehicles_1,False,0.723772,0.3,Q3
993,bowl,pine_tree,food_containers,trees,False,0.659426,0.636364,Q4
994,bowl,plain,food_containers,large_natural_outdoor_scenes,False,0.710979,0.571429,Q1
995,bowl,plate,food_containers,food_containers,True,0.241377,0.473684,Q1
996,bowl,poppy,food_containers,flowers,False,0.686105,0.619048,Q4
997,bowl,porcupine,food_containers,medium_mammals,False,0.61536,0.636364,Q4
998,bowl,possum,food_containers,medium_mammals,False,0.633257,0.636364,Q4
999,bowl,rabbit,food_containers,small_mammals,False,0.581282,0.652174,Q4
1000,bowl,raccoon,food_containers,medium_mammals,False,0.658517,0.789474,Q4
1001,bowl,ray,food_containers,fish,False,0.592645,0.882353,Q4
1002,bowl,road,food_containers,large_man_made_outdoor_things,False,0.787892,0.375,Q3
1003,bowl,rocket,food_containers,vehicles_2,False,0.713137,0.333333,Q3
1004,bowl,rose,food_containers,flowers,False,0.684024,0.6,Q1
1005,bowl,sea,food_containers,large_natural_outdoor_scenes,False,0.725866,0.714286,Q2
1006,bowl,seal,food_containers,aquatic_mammals,False,0.608645,0.652174,Q4
1007,bowl,shark,food_containers,fish,False,0.734557,0.652174,Q2
1008,bowl,shrew,food_containers,small_mammals,False,0.57584,0.6,Q1
1009,bowl,skunk,food_containers,medium_mammals,False,0.648411,0.578947,Q1
1010,bowl,skyscraper,food_containers,large_man_made_outdoor_things,False,0.726881,0.411765,Q3
1011,bowl,snail,food_containers,non_insect_invertebrates,False,0.564126,0.6,Q1
1012,bowl,snake,food_containers,reptiles,False,0.666654,0.619048,Q4
1013,bowl,spider,food_containers,non_insect_invertebrates,False,0.677936,0.6,Q1
1014,bowl,squirrel,food_containers,small_mammals,False,0.628964,0.636364,Q4
1015,bowl,streetcar,food_containers,vehicles_2,False,0.736914,0.263158,Q3
1016,bowl,sunflower,food_containers,flowers,False,0.79731,0.619048,Q2
1017,bowl,sweet_pepper,food_containers,fruit_and_vegetables,False,0.664545,0.789474,Q4
1018,bowl,table,food_containers,household_furniture,False,0.553314,0.866667,Q4
1019,bowl,tank,food_containers,vehicles_2,False,0.669466,0.3,Q1
1020,bowl,telephone,food_containers,household_electrical_devices,False,0.742243,0.333333,Q3
1021,bowl,television,food_containers,household_electrical_devices,False,0.641422,0.368421,Q1
1022,bowl,tiger,food_containers,large_carnivores,False,0.695199,0.529412,Q1
1023,bowl,tractor,food_containers,vehicles_2,False,0.761082,0.263158,Q3
1024,bowl,train,food_containers,vehicles_1,False,0.712912,0.333333,Q3
1025,bowl,trout,food_containers,fish,False,0.661451,0.75,Q4
1026,bowl,tulip,food_containers,flowers,False,0.66925,0.6,Q1
1027,bowl,turtle,food_containers,reptiles,False,0.634754,0.473684,Q1
1028,bowl,wardrobe,food_containers,household_furniture,False,0.696149,0.333333,Q1
1029,bowl,whale,food_containers,aquatic_mammals,False,0.759609,0.555556,Q3
1030,bowl,willow_tree,food_containers,trees,False,0.664654,0.6,Q1
1031,bowl,wolf,food_containers,large_carnivores,False,0.708148,0.652174,Q4
1032,bowl,woman,food_containers,people,False,0.639606,0.555556,Q1
1033,bowl,worm,food_containers,non_insect_invertebrates,False,0.629687,0.555556,Q1
1034,boy,bridge,people,large_man_made_outdoor_things,False,0.648515,0.5,Q1
1035,boy,bus,people,vehicles_1,False,0.662521,0.555556,Q1
1036,boy,butterfly,people,insects,False,0.714449,0.428571,Q3
1037,boy,camel,people,large_omnivores_and_herbivores,False,0.634583,0.478261,Q1
1038,boy,can,people,food_containers,False,0.684677,0.529412,Q1
1039,boy,castle,people,large_man_made_outdoor_things,False,0.655899,0.578947,Q1
1040,boy,caterpillar,people,insects,False,0.736067,0.333333,Q3
1041,boy,cattle,people,large_omnivores_and_herbivores,False,0.637303,0.538462,Q1
1042,boy,chair,people,household_furniture,False,0.735733,0.578947,Q3
1043,boy,chimpanzee,people,large_omnivores_and_herbivores,False,0.568069,0.52,Q1
1044,boy,clock,people,household_electrical_devices,False,0.737019,0.6,Q3
1045,boy,cloud,people,large_natural_outdoor_scenes,False,0.619493,0.692308,Q4
1046,boy,cockroach,people,insects,False,0.779567,0.428571,Q3
1047,boy,couch,people,household_furniture,False,0.674843,0.578947,Q1
1048,boy,crab,people,non_insect_invertebrates,False,0.641858,0.428571,Q1
1049,boy,crocodile,people,reptiles,False,0.604217,0.454545,Q1
1050,boy,cup,people,food_containers,False,0.715468,0.529412,Q3
1051,boy,dinosaur,people,reptiles,False,0.606351,0.454545,Q1
1052,boy,dolphin,people,aquatic_mammals,False,0.752673,0.52,Q3
1053,boy,elephant,people,large_omnivores_and_herbivores,False,0.661781,0.454545,Q1
1054,boy,flatfish,people,fish,False,0.471641,0.714286,Q4
1055,boy,forest,people,large_natural_outdoor_scenes,False,0.576892,0.833333,Q4
1056,boy,fox,people,medium_mammals,False,0.67029,0.478261,Q1
1057,boy,girl,people,people,True,0.032469,0.368421,Q1
1058,boy,hamster,people,small_mammals,False,0.676597,0.454545,Q1
1059,boy,house,people,large_man_made_outdoor_things,False,0.566691,0.529412,Q1
1060,boy,kangaroo,people,large_omnivores_and_herbivores,False,0.632305,0.454545,Q1
1061,boy,keyboard,people,household_electrical_devices,False,0.742284,0.555556,Q3
1062,boy,lamp,people,household_electrical_devices,False,0.608829,0.555556,Q1
1063,boy,lawn_mower,people,vehicles_2,False,0.67799,0.578947,Q1
1064,boy,leopard,people,large_carnivores,False,0.676637,0.75,Q4
1065,boy,lion,people,large_carnivores,False,0.689971,0.5,Q1
1066,boy,lizard,people,reptiles,False,0.602663,0.454545,Q1
1067,boy,lobster,people,non_insect_invertebrates,False,0.580141,0.714286,Q4
1068,boy,man,people,people,True,0.181818,0.333333,Q1
1069,boy,maple_tree,people,trees,False,0.564071,0.714286,Q4
1070,boy,motorcycle,people,vehicles_1,False,0.681013,0.6,Q1
1071,boy,mountain,people,large_natural_outdoor_scenes,False,0.702123,0.571429,Q1
1072,boy,mouse,people,small_mammals,False,0.615923,0.454545,Q1
1073,boy,mushroom,people,fruit_and_vegetables,False,0.751327,0.368421,Q3
1074,boy,oak_tree,people,trees,False,0.561762,0.714286,Q4
1075,boy,orange,people,fruit_and_vegetables,False,0.78658,0.619048,Q2
1076,boy,orchid,people,flowers,False,0.806442,0.428571,Q3
1077,boy,otter,people,aquatic_mammals,False,0.525491,0.75,Q4
1078,boy,palm_tree,people,trees,False,0.671234,0.692308,Q4
1079,boy,pear,people,fruit_and_vegetables,False,0.688421,0.6,Q1
1080,boy,pickup_truck,people,vehicles_1,False,0.644012,0.6,Q1
1081,boy,pine_tree,people,trees,False,0.5503,0.454545,Q1
1082,boy,plain,people,large_natural_outdoor_scenes,False,0.634028,0.538462,Q1
1083,boy,plate,people,food_containers,False,0.676203,0.578947,Q1
1084,boy,poppy,people,flowers,False,0.81003,0.428571,Q3
1085,boy,porcupine,people,medium_mammals,False,0.63353,0.454545,Q1
1086,boy,possum,people,medium_mammals,False,0.601775,0.454545,Q1
1087,boy,rabbit,people,small_mammals,False,0.565629,0.478261,Q1
1088,boy,raccoon,people,medium_mammals,False,0.636311,0.75,Q4
1089,boy,ray,people,fish,False,0.679781,0.857143,Q4
1090,boy,road,people,large_man_made_outdoor_things,False,0.717873,0.5,Q3
1091,boy,rocket,people,vehicles_2,False,0.685123,0.555556,Q1
1092,boy,rose,people,flowers,False,0.781773,0.4,Q3
1093,boy,sea,people,large_natural_outdoor_scenes,False,0.668068,0.636364,Q4
1094,boy,seal,people,aquatic_mammals,False,0.578682,0.478261,Q1
1095,boy,shark,people,fish,False,0.708493,0.478261,Q1
1096,boy,shrew,people,small_mammals,False,0.599827,0.4,Q1
1097,boy,skunk,people,medium_mammals,False,0.615356,0.368421,Q1
1098,boy,skyscraper,people,large_man_made_outdoor_things,False,0.657528,0.529412,Q1
1099,boy,snail,people,non_insect_invertebrates,False,0.671871,0.4,Q1
1100,boy,snake,people,reptiles,False,0.77189,0.428571,Q3
1101,boy,spider,people,non_insect_invertebrates,False,0.663746,0.4,Q1
1102,boy,squirrel,people,small_mammals,False,0.588957,0.454545,Q1
1103,boy,streetcar,people,vehicles_2,False,0.667565,0.578947,Q1
1104,boy,sunflower,people,flowers,False,0.824812,0.428571,Q3
1105,boy,sweet_pepper,people,fruit_and_vegetables,False,0.774479,0.75,Q2
1106,boy,table,people,household_furniture,False,0.615044,0.833333,Q4
1107,boy,tank,people,vehicles_2,False,0.627573,0.578947,Q1
1108,boy,telephone,people,household_electrical_devices,False,0.748074,0.555556,Q3
1109,boy,television,people,household_electrical_devices,False,0.583662,0.578947,Q1
1110,boy,tiger,people,large_carnivores,False,0.693147,0.294118,Q1
1111,boy,tractor,people,vehicles_2,False,0.675189,0.578947,Q1
1112,boy,train,people,vehicles_1,False,0.649684,0.555556,Q1
1113,boy,trout,people,fish,False,0.667584,0.692308,Q4
1114,boy,tulip,people,flowers,False,0.788859,0.4,Q3
1115,boy,turtle,people,reptiles,False,0.676747,0.578947,Q1
1116,boy,wardrobe,people,household_furniture,False,0.720418,0.555556,Q3
1117,boy,whale,people,aquatic_mammals,False,0.740485,0.333333,Q3
1118,boy,willow_tree,people,trees,False,0.549075,0.4,Q1
1119,boy,wolf,people,large_carnivores,False,0.658067,0.478261,Q1
1120,boy,woman,people,people,True,0.193944,0.333333,Q1
1121,boy,worm,people,non_insect_invertebrates,False,0.756641,0.333333,Q3
1122,bridge,bus,large_man_made_outdoor_things,vehicles_1,False,0.544119,0.375,Q1
1123,bridge,butterfly,large_man_made_outdoor_things,insects,False,0.730911,0.578947,Q3
1124,bridge,camel,large_man_made_outdoor_things,large_omnivores_and_herbivores,False,0.640795,0.619048,Q4
1125,bridge,can,large_man_made_outdoor_things,food_containers,False,0.727176,0.333333,Q3
1126,bridge,castle,large_man_made_outdoor_things,large_man_made_outdoor_things,True,0.409002,0.294118,Q1
1127,bridge,caterpillar,large_man_made_outdoor_things,insects,False,0.688143,0.5,Q1
1128,bridge,cattle,large_man_made_outdoor_things,large_omnivores_and_herbivores,False,0.692268,0.666667,Q4
1129,bridge,chair,large_man_made_outdoor_things,household_furniture,False,0.771512,0.411765,Q3
1130,bridge,chimpanzee,large_man_made_outdoor_things,large_omnivores_and_herbivores,False,0.73723,0.652174,Q2
1131,bridge,clock,large_man_made_outdoor_things,household_electrical_devices,False,0.77313,0.444444,Q3
1132,bridge,cloud,large_man_made_outdoor_things,large_natural_outdoor_scenes,False,0.484923,0.714286,Q4
1133,bridge,cockroach,large_man_made_outdoor_things,insects,False,0.833333,0.578947,Q3
1134,bridge,couch,large_man_made_outdoor_things,household_furniture,False,0.670462,0.411765,Q1
1135,bridge,crab,large_man_made_outdoor_things,non_insect_invertebrates,False,0.677443,0.578947,Q1
1136,bridge,crocodile,large_man_made_outdoor_things,reptiles,False,0.558004,0.6,Q1
1137,bridge,cup,large_man_made_outdoor_things,food_containers,False,0.800164,0.333333,Q3
1138,bridge,dinosaur,large_man_made_outdoor_things,reptiles,False,0.644504,0.6,Q1
1139,bridge,dolphin,large_man_made_outdoor_things,aquatic_mammals,False,0.695285,0.652174,Q4
1140,bridge,elephant,large_man_made_outdoor_things,large_omnivores_and_herbivores,False,0.654559,0.6,Q1
1141,bridge,flatfish,large_man_made_outdoor_things,fish,False,0.591103,0.733333,Q4
1142,bridge,forest,large_man_made_outdoor_things,large_natural_outdoor_scenes,False,0.457389,0.846154,Q4
1143,bridge,fox,large_man_made_outdoor_things,medium_mammals,False,0.724505,0.619048,Q2
1144,bridge,girl,large_man_made_outdoor_things,people,False,0.643841,0.529412,Q1
1145,bridge,hamster,large_man_made_outdoor_things,small_mammals,False,0.790191,0.6,Q3
1146,bridge,house,large_man_made_outdoor_things,large_man_made_outdoor_things,True,0.417801,0.2,Q1
1147,bridge,kangaroo,large_man_made_outdoor_things,large_omnivores_and_herbivores,False,0.688218,0.6,Q1
1148,bridge,keyboard,large_man_made_outdoor_things,household_electrical_devices,False,0.73125,0.375,Q3
1149,bridge,lamp,large_man_made_outdoor_things,household_electrical_devices,False,0.659057,0.375,Q1
1150,bridge,lawn_mower,large_man_made_outdoor_things,vehicles_2,False,0.754548,0.411765,Q3
1151,bridge,leopard,large_man_made_outdoor_things,large_carnivores,False,0.712622,0.764706,Q2
1152,bridge,lion,large_man_made_outdoor_things,large_carnivores,False,0.776058,0.636364,Q2
1153,bridge,lizard,large_man_made_outdoor_things,reptiles,False,0.643062,0.6,Q1
1154,bridge,lobster,large_man_made_outdoor_things,non_insect_invertebrates,False,0.664533,0.733333,Q4
1155,bridge,man,large_man_made_outdoor_things,people,False,0.59387,0.5,Q1
1156,bridge,maple_tree,large_man_made_outdoor_things,trees,False,0.490643,0.733333,Q4
1157,bridge,motorcycle,large_man_made_outdoor_things,vehicles_1,False,0.771135,0.444444,Q3
1158,bridge,mountain,large_man_made_outdoor_things,large_natural_outdoor_scenes,False,0.555847,0.538462,Q1
1159,bridge,mouse,large_man_made_outdoor_things,small_mammals,False,0.712763,0.6,Q3
1160,bridge,mushroom,large_man_made_outdoor_things,fruit_and_vegetables,False,0.78316,0.529412,Q3
1161,bridge,oak_tree,large_man_made_outdoor_things,trees,False,0.478569,0.733333,Q4
1162,bridge,orange,large_man_made_outdoor_things,fruit_and_vegetables,False,0.869857,0.578947,Q3
1163,bridge,orchid,large_man_made_outdoor_things,flowers,False,0.828673,0.578947,Q3
1164,bridge,otter,large_man_made_outdoor_things,aquatic_mammals,False,0.556123,0.764706,Q4
1165,bridge,palm_tree,large_man_made_outdoor_things,trees,False,0.599735,0.714286,Q4
1166,bridge,pear,large_man_made_outdoor_things,fruit_and_vegetables,False,0.791452,0.555556,Q3
1167,bridge,pickup_truck,large_man_made_outdoor_things,vehicles_1,False,0.589165,0.444444,Q1
1168,bridge,pine_tree,large_man_made_outdoor_things,trees,False,0.464349,0.6,Q1
1169,bridge,plain,large_man_made_outdoor_things,large_natural_outdoor_scenes,False,0.476465,0.5,Q1
1170,bridge,plate,large_man_made_outdoor_things,food_containers,False,0.793545,0.411765,Q3
1171,bridge,poppy,large_man_made_outdoor_things,flowers,False,0.848685,0.578947,Q3
1172,bridge,porcupine,large_man_made_outdoor_things,medium_mammals,False,0.702089,0.6,Q1
1173,bridge,possum,large_man_made_outdoor_things,medium_mammals,False,0.720254,0.6,Q3
1174,bridge,rabbit,large_man_made_outdoor_things,small_mammals,False,0.667367,0.619048,Q4
1175,bridge,raccoon,large_man_made_outdoor_things,medium_mammals,False,0.690036,0.764706,Q4
1176,bridge,ray,large_man_made_outdoor_things,fish,False,0.745927,0.866667,Q2
1177,bridge,road,large_man_made_outdoor_things,large_man_made_outdoor_things,True,0.500146,0.285714,Q1
1178,bridge,rocket,large_man_made_outdoor_things,vehicles_2,False,0.523375,0.375,Q1
1179,bridge,rose,large_man_made_outdoor_things,flowers,False,0.833482,0.555556,Q3
1180,bridge,sea,large_man_made_outdoor_things,large_natural_outdoor_scenes,False,0.448461,0.666667,Q4
1181,bridge,seal,large_man_made_outdoor_things,aquatic_mammals,False,0.587295,0.619048,Q4
1182,bridge,shark,large_man_made_outdoor_things,fish,False,0.710938,0.619048,Q4
1183,bridge,shrew,large_man_made_outdoor_things,small_mammals,False,0.666876,0.555556,Q1
1184,bridge,skunk,large_man_made_outdoor_things,medium_mammals,False,0.695098,0.529412,Q1
1185,bridge,skyscraper,large_man_made_outdoor_things,large_man_made_outdoor_things,True,0.407447,0.2,Q1
1186,bridge,snail,large_man_made_outdoor_things,non_insect_invertebrates,False,0.738328,0.555556,Q3
1187,bridge,snake,large_man_made_outdoor_things,reptiles,False,0.790226,0.578947,Q3
1188,bridge,spider,large_man_made_outdoor_things,non_insect_invertebrates,False,0.719007,0.555556,Q3
1189,bridge,squirrel,large_man_made_outdoor_things,small_mammals,False,0.631334,0.6,Q1
1190,bridge,streetcar,large_man_made_outdoor_things,vehicles_2,False,0.489886,0.411765,Q1
1191,bridge,sunflower,large_man_made_outdoor_things,flowers,False,0.871816,0.578947,Q3
1192,bridge,sweet_pepper,large_man_made_outdoor_things,fruit_and_vegetables,False,0.878137,0.764706,Q2
1193,bridge,table,large_man_made_outdoor_things,household_furniture,False,0.633984,0.846154,Q4
1194,bridge,tank,large_man_made_outdoor_things,vehicles_2,False,0.483684,0.411765,Q1
1195,bridge,telephone,large_man_made_outdoor_things,household_electrical_devices,False,0.74656,0.375,Q3
1196,bridge,television,large_man_made_outdoor_things,household_electrical_devices,False,0.630609,0.411765,Q1
1197,bridge,tiger,large_man_made_outdoor_things,large_carnivores,False,0.723949,0.466667,Q3
1198,bridge,tractor,large_man_made_outdoor_things,vehicles_2,False,0.568878,0.411765,Q1
1199,bridge,train,large_man_made_outdoor_things,vehicles_1,False,0.388228,0.375,Q1
1200,bridge,trout,large_man_made_outdoor_things,fish,False,0.702035,0.714286,Q4
1201,bridge,tulip,large_man_made_outdoor_things,flowers,False,0.805355,0.555556,Q3
1202,bridge,turtle,large_man_made_outdoor_things,reptiles,False,0.66986,0.411765,Q1
1203,bridge,wardrobe,large_man_made_outdoor_things,household_furniture,False,0.714353,0.375,Q3
1204,bridge,whale,large_man_made_outdoor_things,aquatic_mammals,False,0.644066,0.5,Q1
1205,bridge,willow_tree,large_man_made_outdoor_things,trees,False,0.42518,0.555556,Q1
1206,bridge,wolf,large_man_made_outdoor_things,large_carnivores,False,0.709202,0.619048,Q4
1207,bridge,woman,large_man_made_outdoor_things,people,False,0.65702,0.5,Q1
1208,bridge,worm,large_man_made_outdoor_things,non_insect_invertebrates,False,0.801177,0.5,Q3
1209,bus,butterfly,vehicles_1,insects,False,0.735479,0.619048,Q2
1210,bus,camel,vehicles_1,large_omnivores_and_herbivores,False,0.698973,0.652174,Q4
1211,bus,can,vehicles_1,food_containers,False,0.685982,0.294118,Q1
1212,bus,castle,vehicles_1,large_man_made_outdoor_things,False,0.557733,0.473684,Q1
1213,bus,caterpillar,vehicles_1,insects,False,0.752478,0.555556,Q3
1214,bus,cattle,vehicles_1,large_omnivores_and_herbivores,False,0.643853,0.692308,Q4
1215,bus,chair,vehicles_1,household_furniture,False,0.805685,0.368421,Q3
1216,bus,chimpanzee,vehicles_1,large_omnivores_and_herbivores,False,0.74108,0.68,Q2
1217,bus,clock,vehicles_1,household_electrical_devices,False,0.810723,0.4,Q3
1218,bus,cloud,vehicles_1,large_natural_outdoor_scenes,False,0.670537,0.75,Q4
1219,bus,cockroach,vehicles_1,insects,False,0.834414,0.619048,Q2
1220,bus,couch,vehicles_1,household_furniture,False,0.684701,0.368421,Q1
1221,bus,crab,vehicles_1,non_insect_invertebrates,False,0.735117,0.619048,Q2
1222,bus,crocodile,vehicles_1,reptiles,False,0.676584,0.636364,Q4
1223,bus,cup,vehicles_1,food_containers,False,0.769813,0.294118,Q3
1224,bus,dinosaur,vehicles_1,reptiles,False,0.676617,0.636364,Q4
1225,bus,dolphin,vehicles_1,aquatic_mammals,False,0.830398,0.68,Q2
1226,bus,elephant,vehicles_1,large_omnivores_and_herbivores,False,0.652321,0.636364,Q4
1227,bus,flatfish,vehicles_1,fish,False,0.695716,0.764706,Q4
1228,bus,forest,vehicles_1,large_natural_outdoor_scenes,False,0.631693,0.866667,Q4
1229,bus,fox,vehicles_1,medium_mammals,False,0.776037,0.652174,Q2
1230,bus,girl,vehicles_1,people,False,0.679108,0.578947,Q1
1231,bus,hamster,vehicles_1,small_mammals,False,0.760689,0.636364,Q2
1232,bus,house,vehicles_1,large_man_made_outdoor_things,False,0.507028,0.411765,Q1
1233,bus,kangaroo,vehicles_1,large_omnivores_and_herbivores,False,0.698402,0.636364,Q4
1234,bus,keyboard,vehicles_1,household_electrical_devices,False,0.699917,0.333333,Q1
1235,bus,lamp,vehicles_1,household_electrical_devices,False,0.716572,0.333333,Q3
1236,bus,lawn_mower,vehicles_1,vehicles_2,False,0.626171,0.368421,Q1
1237,bus,leopard,vehicles_1,large_carnivores,False,0.73919,0.789474,Q2
1238,bus,lion,vehicles_1,large_carnivores,False,0.778598,0.666667,Q2
1239,bus,lizard,vehicles_1,reptiles,False,0.710054,0.636364,Q4
1240,bus,lobster,vehicles_1,non_insect_invertebrates,False,0.730389,0.764706,Q2
1241,bus,man,vehicles_1,people,False,0.645467,0.555556,Q1
1242,bus,maple_tree,vehicles_1,trees,False,0.571919,0.764706,Q4
1243,bus,motorcycle,vehicles_1,vehicles_1,True,0.646287,0.333333,Q1
1244,bus,mountain,vehicles_1,large_natural_outdoor_scenes,False,0.683207,0.6,Q1
1245,bus,mouse,vehicles_1,small_mammals,False,0.721827,0.636364,Q2
1246,bus,mushroom,vehicles_1,fruit_and_vegetables,False,0.809322,0.578947,Q3
1247,bus,oak_tree,vehicles_1,trees,False,0.566066,0.764706,Q4
1248,bus,orange,vehicles_1,fruit_and_vegetables,False,0.852018,0.619048,Q2
1249,bus,orchid,vehicles_1,flowers,False,0.807841,0.619048,Q2
1250,bus,otter,vehicles_1,aquatic_mammals,False,0.692639,0.789474,Q4
1251,bus,palm_tree,vehicles_1,trees,False,0.663897,0.75,Q4
1252,bus,pear,vehicles_1,fruit_and_vegetables,False,0.76254,0.6,Q3
1253,bus,pickup_truck,vehicles_1,vehicles_1,True,0.320208,0.333333,Q1
1254,bus,pine_tree,vehicles_1,trees,False,0.57808,0.636364,Q4
1255,bus,plain,vehicles_1,large_natural_outdoor_scenes,False,0.649377,0.571429,Q1
1256,bus,plate,vehicles_1,food_containers,False,0.761971,0.473684,Q3
1257,bus,poppy,vehicles_1,flowers,False,0.821887,0.619048,Q2
1258,bus,porcupine,vehicles_1,medium_mammals,False,0.70489,0.636364,Q4
1259,bus,possum,vehicles_1,medium_mammals,False,0.727966,0.636364,Q2
1260,bus,rabbit,vehicles_1,small_mammals,False,0.672354,0.652174,Q4
1261,bus,raccoon,vehicles_1,medium_mammals,False,0.720832,0.789474,Q2
1262,bus,ray,vehicles_1,fish,False,0.809861,0.882353,Q2
1263,bus,road,vehicles_1,large_man_made_outdoor_things,False,0.60223,0.375,Q1
1264,bus,rocket,vehicles_1,vehicles_2,False,0.701222,0.222222,Q1
1265,bus,rose,vehicles_1,flowers,False,0.825665,0.6,Q3
1266,bus,sea,vehicles_1,large_natural_outdoor_scenes,False,0.698812,0.714286,Q4
1267,bus,seal,vehicles_1,aquatic_mammals,False,0.694488,0.652174,Q4
1268,bus,shark,vehicles_1,fish,False,0.79458,0.652174,Q2
1269,bus,shrew,vehicles_1,small_mammals,False,0.705887,0.6,Q1
1270,bus,skunk,vehicles_1,medium_mammals,False,0.702874,0.578947,Q1
1271,bus,skyscraper,vehicles_1,large_man_made_outdoor_things,False,0.594809,0.411765,Q1
1272,bus,snail,vehicles_1,non_insect_invertebrates,False,0.775338,0.6,Q3
1273,bus,snake,vehicles_1,reptiles,False,0.823472,0.619048,Q2
1274,bus,spider,vehicles_1,non_insect_invertebrates,False,0.756891,0.6,Q3
1275,bus,squirrel,vehicles_1,small_mammals,False,0.710127,0.636364,Q4
1276,bus,streetcar,vehicles_1,vehicles_2,False,0.183299,0.3,Q1
1277,bus,sunflower,vehicles_1,flowers,False,0.826713,0.619048,Q2
1278,bus,sweet_pepper,vehicles_1,fruit_and_vegetables,False,0.813256,0.789474,Q2
1279,bus,table,vehicles_1,household_furniture,False,0.709896,0.866667,Q4
1280,bus,tank,vehicles_1,vehicles_2,False,0.535534,0.263158,Q1
1281,bus,telephone,vehicles_1,household_electrical_devices,False,0.717338,0.333333,Q3
1282,bus,television,vehicles_1,household_electrical_devices,False,0.606014,0.368421,Q1
1283,bus,tiger,vehicles_1,large_carnivores,False,0.775455,0.529412,Q3
1284,bus,tractor,vehicles_1,vehicles_2,False,0.47611,0.3,Q1
1285,bus,train,vehicles_1,vehicles_1,True,0.349745,0.111111,Q1
1286,bus,trout,vehicles_1,fish,False,0.780449,0.75,Q2
1287,bus,tulip,vehicles_1,flowers,False,0.776947,0.6,Q3
1288,bus,turtle,vehicles_1,reptiles,False,0.740664,0.473684,Q3
1289,bus,wardrobe,vehicles_1,household_furniture,False,0.702539,0.333333,Q1
1290,bus,whale,vehicles_1,aquatic_mammals,False,0.795702,0.555556,Q3
1291,bus,willow_tree,vehicles_1,trees,False,0.567826,0.6,Q1
1292,bus,wolf,vehicles_1,large_carnivores,False,0.742479,0.652174,Q2
1293,bus,woman,vehicles_1,people,False,0.722159,0.555556,Q3
1294,bus,worm,vehicles_1,non_insect_invertebrates,False,0.814568,0.555556,Q3
1295,butterfly,camel,insects,large_omnivores_and_herbivores,False,0.664478,0.461538,Q1
1296,butterfly,can,insects,food_containers,False,0.807673,0.6,Q3
1297,butterfly,castle,insects,large_man_made_outdoor_things,False,0.706292,0.636364,Q4
1298,butterfly,caterpillar,insects,insects,True,0.437292,0.333333,Q1
1299,butterfly,cattle,insects,large_omnivores_and_herbivores,False,0.638572,0.517241,Q1
1300,butterfly,chair,insects,household_furniture,False,0.875659,0.636364,Q2
1301,butterfly,chimpanzee,insects,large_omnivores_and_herbivores,False,0.715462,0.5,Q3
1302,butterfly,clock,insects,household_electrical_devices,False,0.763787,0.652174,Q2
1303,butterfly,cloud,insects,large_natural_outdoor_scenes,False,0.679541,0.789474,Q4
1304,butterfly,cockroach,insects,insects,True,0.711645,0.166667,Q1
1305,butterfly,couch,insects,household_furniture,False,0.829232,0.636364,Q2
1306,butterfly,crab,insects,non_insect_invertebrates,False,0.596603,0.25,Q1
1307,butterfly,crocodile,insects,reptiles,False,0.58121,0.44,Q1
1308,butterfly,cup,insects,food_containers,False,0.785679,0.6,Q3
1309,butterfly,dinosaur,insects,reptiles,False,0.622081,0.44,Q1
1310,butterfly,dolphin,insects,aquatic_mammals,False,0.766105,0.5,Q3
1311,butterfly,elephant,insects,large_omnivores_and_herbivores,False,0.66458,0.44,Q1
1312,butterfly,flatfish,insects,fish,False,0.558055,0.8,Q4
1313,butterfly,forest,insects,large_natural_outdoor_scenes,False,0.622117,0.888889,Q4
1314,butterfly,fox,insects,medium_mammals,False,0.674734,0.461538,Q1
1315,butterfly,girl,insects,people,False,0.715123,0.454545,Q3
1316,butterfly,hamster,insects,small_mammals,False,0.750417,0.44,Q3
1317,butterfly,house,insects,large_man_made_outdoor_things,False,0.669604,0.6,Q1
1318,butterfly,kangaroo,insects,large_omnivores_and_herbivores,False,0.638903,0.44,Q1
1319,butterfly,keyboard,insects,household_electrical_devices,False,0.843581,0.619048,Q2
1320,butterfly,lamp,insects,household_electrical_devices,False,0.72205,0.619048,Q2
1321,butterfly,lawn_mower,insects,vehicles_2,False,0.772468,0.636364,Q2
1322,butterfly,leopard,insects,large_carnivores,False,0.623687,0.818182,Q4
1323,butterfly,lion,insects,large_carnivores,False,0.690347,0.481481,Q1
1324,butterfly,lizard,insects,reptiles,False,0.578429,0.44,Q1
1325,butterfly,lobster,insects,non_insect_invertebrates,False,0.521973,0.8,Q4
1326,butterfly,man,insects,people,False,0.694852,0.428571,Q1
1327,butterfly,maple_tree,insects,trees,False,0.668813,0.8,Q4
1328,butterfly,motorcycle,insects,vehicles_1,False,0.7193,0.652174,Q2
1329,butterfly,mountain,insects,large_natural_outdoor_scenes,False,0.705068,0.666667,Q4
1330,butterfly,mouse,insects,small_mammals,False,0.59679,0.44,Q1
1331,butterfly,mushroom,insects,fruit_and_vegetables,False,0.660503,0.454545,Q1
1332,butterfly,oak_tree,insects,trees,False,0.691082,0.8,Q4
1333,butterfly,orange,insects,fruit_and_vegetables,False,0.842613,0.666667,Q2
1334,butterfly,orchid,insects,flowers,False,0.679858,0.5,Q1
1335,butterfly,otter,insects,aquatic_mammals,False,0.540377,0.818182,Q4
1336,butterfly,palm_tree,insects,trees,False,0.668812,0.789474,Q4
1337,butterfly,pear,insects,fruit_and_vegetables,False,0.728902,0.652174,Q2
1338,butterfly,pickup_truck,insects,vehicles_1,False,0.714504,0.652174,Q2
1339,butterfly,pine_tree,insects,trees,False,0.629704,0.52,Q1
1340,butterfly,plain,insects,large_natural_outdoor_scenes,False,0.660621,0.647059,Q4
1341,butterfly,plate,insects,food_containers,False,0.727769,0.636364,Q2
1342,butterfly,poppy,insects,flowers,False,0.644396,0.5,Q1
1343,butterfly,porcupine,insects,medium_mammals,False,0.606699,0.44,Q1
1344,butterfly,possum,insects,medium_mammals,False,0.658198,0.44,Q1
1345,butterfly,rabbit,insects,small_mammals,False,0.589504,0.461538,Q1
1346,butterfly,raccoon,insects,medium_mammals,False,0.639266,0.818182,Q4
1347,butterfly,ray,insects,fish,False,0.612515,0.9,Q4
1348,butterfly,road,insects,large_man_made_outdoor_things,False,0.724352,0.578947,Q3
1349,butterfly,rocket,insects,vehicles_2,False,0.710868,0.619048,Q4
1350,butterfly,rose,insects,flowers,False,0.652266,0.478261,Q1
1351,butterfly,sea,insects,large_natural_outdoor_scenes,False,0.735302,0.764706,Q2
1352,butterfly,seal,insects,aquatic_mammals,False,0.617486,0.461538,Q1
1353,butterfly,shark,insects,fish,False,0.748493,0.461538,Q3
1354,butterfly,shrew,insects,small_mammals,False,0.512946,0.478261,Q1
1355,butterfly,skunk,insects,medium_mammals,False,0.534574,0.454545,Q1
1356,butterfly,skyscraper,insects,large_man_made_outdoor_things,False,0.715719,0.6,Q3
1357,butterfly,snail,insects,non_insect_invertebrates,False,0.614297,0.304348,Q1
1358,butterfly,snake,insects,reptiles,False,0.654711,0.416667,Q1
1359,butterfly,spider,insects,non_insect_invertebrates,False,0.534356,0.217391,Q1
1360,butterfly,squirrel,insects,small_mammals,False,0.549217,0.44,Q1
1361,butterfly,streetcar,insects,vehicles_2,False,0.71858,0.636364,Q2
1362,butterfly,sunflower,insects,flowers,False,0.709631,0.5,Q1
1363,butterfly,sweet_pepper,insects,fruit_and_vegetables,False,0.764903,0.818182,Q2
1364,butterfly,table,insects,household_furniture,False,0.77582,0.888889,Q2
1365,butterfly,tank,insects,vehicles_2,False,0.693814,0.636364,Q4
1366,butterfly,telephone,insects,household_electrical_devices,False,0.846628,0.619048,Q2
1367,butterfly,television,insects,household_electrical_devices,False,0.741909,0.636364,Q2
1368,butterfly,tiger,insects,large_carnivores,False,0.604175,0.4,Q1
1369,butterfly,tractor,insects,vehicles_2,False,0.737083,0.636364,Q2
1370,butterfly,train,insects,vehicles_1,False,0.64856,0.619048,Q4
1371,butterfly,trout,insects,fish,False,0.632151,0.789474,Q4
1372,butterfly,tulip,insects,flowers,False,0.636874,0.478261,Q1
1373,butterfly,turtle,insects,reptiles,False,0.637472,0.636364,Q4
1374,butterfly,wardrobe,insects,household_furniture,False,0.799355,0.619048,Q2
1375,butterfly,whale,insects,aquatic_mammals,False,0.723475,0.428571,Q3
1376,butterfly,willow_tree,insects,trees,False,0.636718,0.478261,Q1
1377,butterfly,wolf,insects,large_carnivores,False,0.722582,0.461538,Q3
1378,butterfly,woman,insects,people,False,0.738194,0.428571,Q3
1379,butterfly,worm,insects,non_insect_invertebrates,False,0.689837,0.238095,Q1
1380,camel,can,large_omnivores_and_herbivores,food_containers,False,0.803801,0.636364,Q2
1381,camel,castle,large_omnivores_and_herbivores,large_man_made_outdoor_things,False,0.53714,0.666667,Q4
1382,camel,caterpillar,large_omnivores_and_herbivores,insects,False,0.700804,0.391304,Q1
1383,camel,cattle,large_omnivores_and_herbivores,large_omnivores_and_herbivores,True,0.369754,0.16129,Q1
1384,camel,chair,large_omnivores_and_herbivores,household_furniture,False,0.798533,0.666667,Q2
1385,camel,chimpanzee,large_omnivores_and_herbivores,large_omnivores_and_herbivores,True,0.616647,0.266667,Q1
1386,camel,clock,large_omnivores_and_herbivores,household_electrical_devices,False,0.793718,0.68,Q2
1387,camel,cloud,large_omnivores_and_herbivores,large_natural_outdoor_scenes,False,0.666541,0.809524,Q4
1388,camel,cockroach,large_omnivores_and_herbivores,insects,False,0.784154,0.461538,Q3
1389,camel,couch,large_omnivores_and_herbivores,household_furniture,False,0.7331,0.666667,Q2
1390,camel,crab,large_omnivores_and_herbivores,non_insect_invertebrates,False,0.603128,0.461538,Q1
1391,camel,crocodile,large_omnivores_and_herbivores,reptiles,False,0.515449,0.333333,Q1
1392,camel,cup,large_omnivores_and_herbivores,food_containers,False,0.744344,0.636364,Q2
1393,camel,dinosaur,large_omnivores_and_herbivores,reptiles,False,0.39189,0.333333,Q1
1394,camel,dolphin,large_omnivores_and_herbivores,aquatic_mammals,False,0.748196,0.266667,Q3
1395,camel,elephant,large_omnivores_and_herbivores,large_omnivores_and_herbivores,True,0.420167,0.185185,Q1
1396,camel,flatfish,large_omnivores_and_herbivores,fish,False,0.540194,0.818182,Q4
1397,camel,forest,large_omnivores_and_herbivores,large_natural_outdoor_scenes,False,0.596758,0.9,Q4
1398,camel,fox,large_omnivores_and_herbivores,medium_mammals,False,0.588318,0.214286,Q1
1399,camel,girl,large_omnivores_and_herbivores,people,False,0.632645,0.5,Q1
1400,camel,hamster,large_omnivores_and_herbivores,small_mammals,False,0.694508,0.185185,Q1
1401,camel,house,large_omnivores_and_herbivores,large_man_made_outdoor_things,False,0.606737,0.636364,Q4
1402,camel,kangaroo,large_omnivores_and_herbivores,large_omnivores_and_herbivores,True,0.398779,0.259259,Q1
1403,camel,keyboard,large_omnivores_and_herbivores,household_electrical_devices,False,0.864747,0.652174,Q2
1404,camel,lamp,large_omnivores_and_herbivores,household_electrical_devices,False,0.686416,0.652174,Q4
1405,camel,lawn_mower,large_omnivores_and_herbivores,vehicles_2,False,0.800548,0.666667,Q2
1406,camel,leopard,large_omnivores_and_herbivores,large_carnivores,False,0.551124,0.833333,Q4
1407,camel,lion,large_omnivores_and_herbivores,large_carnivores,False,0.471843,0.241379,Q1
1408,camel,lizard,large_omnivores_and_herbivores,reptiles,False,0.56705,0.333333,Q1
1409,camel,lobster,large_omnivores_and_herbivores,non_insect_invertebrates,False,0.590417,0.818182,Q4
1410,camel,man,large_omnivores_and_herbivores,people,False,0.60795,0.478261,Q1
1411,camel,maple_tree,large_omnivores_and_herbivores,trees,False,0.563647,0.818182,Q4
1412,camel,motorcycle,large_omnivores_and_herbivores,vehicles_1,False,0.675113,0.68,Q4
1413,camel,mountain,large_omnivores_and_herbivores,large_natural_outdoor_scenes,False,0.612605,0.7,Q4
1414,camel,mouse,large_omnivores_and_herbivores,small_mammals,False,0.587869,0.185185,Q1
1415,camel,mushroom,large_omnivores_and_herbivores,fruit_and_vegetables,False,0.727528,0.5,Q3
1416,camel,oak_tree,large_omnivores_and_herbivores,trees,False,0.534004,0.818182,Q4
1417,camel,orange,large_omnivores_and_herbivores,fruit_and_vegetables,False,0.82988,0.692308,Q2
1418,camel,orchid,large_omnivores_and_herbivores,flowers,False,0.796026,0.538462,Q3
1419,camel,otter,large_omnivores_and_herbivores,aquatic_mammals,False,0.417797,0.833333,Q4
1420,camel,palm_tree,large_omnivores_and_herbivores,trees,False,0.58231,0.809524,Q4
1421,camel,pear,large_omnivores_and_herbivores,fruit_and_vegetables,False,0.667684,0.68,Q4
1422,camel,pickup_truck,large_omnivores_and_herbivores,vehicles_1,False,0.610273,0.68,Q4
1423,camel,pine_tree,large_omnivores_and_herbivores,trees,False,0.534026,0.555556,Q1
1424,camel,plain,large_omnivores_and_herbivores,large_natural_outdoor_scenes,False,0.549282,0.684211,Q4
1425,camel,plate,large_omnivores_and_herbivores,food_containers,False,0.757268,0.666667,Q2
1426,camel,poppy,large_omnivores_and_herbivores,flowers,False,0.783042,0.538462,Q3
1427,camel,porcupine,large_omnivores_and_herbivores,medium_mammals,False,0.593816,0.185185,Q1
1428,camel,possum,large_omnivores_and_herbivores,medium_mammals,False,0.590018,0.259259,Q1
1429,camel,rabbit,large_omnivores_and_herbivores,small_mammals,False,0.523991,0.214286,Q1
1430,camel,raccoon,large_omnivores_and_herbivores,medium_mammals,False,0.568955,0.833333,Q4
1431,camel,ray,large_omnivores_and_herbivores,fish,False,0.687997,0.909091,Q4
1432,camel,road,large_omnivores_and_herbivores,large_man_made_outdoor_things,False,0.693276,0.619048,Q4
1433,camel,rocket,large_omnivores_and_herbivores,vehicles_2,False,0.695123,0.652174,Q4
1434,camel,rose,large_omnivores_and_herbivores,flowers,False,0.765997,0.52,Q3
1435,camel,sea,large_omnivores_and_herbivores,large_natural_outdoor_scenes,False,0.70411,0.789474,Q4
1436,camel,seal,large_omnivores_and_herbivores,aquatic_mammals,False,0.455722,0.214286,Q1
1437,camel,shark,large_omnivores_and_herbivores,fish,False,0.769556,0.357143,Q3
1438,camel,shrew,large_omnivores_and_herbivores,small_mammals,False,0.580314,0.52,Q1
1439,camel,skunk,large_omnivores_and_herbivores,medium_mammals,False,0.61314,0.5,Q1
1440,camel,skyscraper,large_omnivores_and_herbivores,large_man_made_outdoor_things,False,0.656518,0.636364,Q4
1441,camel,snail,large_omnivores_and_herbivores,non_insect_invertebrates,False,0.659993,0.44,Q1
1442,camel,snake,large_omnivores_and_herbivores,reptiles,False,0.718322,0.307692,Q3
1443,camel,spider,large_omnivores_and_herbivores,non_insect_invertebrates,False,0.667555,0.44,Q1
1444,camel,squirrel,large_omnivores_and_herbivores,small_mammals,False,0.508426,0.185185,Q1
1445,camel,streetcar,large_omnivores_and_herbivores,vehicles_2,False,0.689024,0.666667,Q4
1446,camel,sunflower,large_omnivores_and_herbivores,flowers,False,0.814031,0.538462,Q3
1447,camel,sweet_pepper,large_omnivores_and_herbivores,fruit_and_vegetables,False,0.837468,0.833333,Q2
1448,camel,table,large_omnivores_and_herbivores,household_furniture,False,0.709752,0.9,Q4
1449,camel,tank,large_omnivores_and_herbivores,vehicles_2,False,0.553466,0.666667,Q4
1450,camel,telephone,large_omnivores_and_herbivores,household_electrical_devices,False,0.761256,0.652174,Q2
1451,camel,television,large_omnivores_and_herbivores,household_electrical_devices,False,0.717744,0.666667,Q2
1452,camel,tiger,large_omnivores_and_herbivores,large_carnivores,False,0.588823,0.454545,Q1
1453,camel,tractor,large_omnivores_and_herbivores,vehicles_2,False,0.603246,0.666667,Q4
1454,camel,train,large_omnivores_and_herbivores,vehicles_1,False,0.609185,0.652174,Q4
1455,camel,trout,large_omnivores_and_herbivores,fish,False,0.731622,0.809524,Q2
1456,camel,tulip,large_omnivores_and_herbivores,flowers,False,0.75951,0.52,Q3
1457,camel,turtle,large_omnivores_and_herbivores,reptiles,False,0.607463,0.666667,Q4
1458,camel,wardrobe,large_omnivores_and_herbivores,household_furniture,False,0.745992,0.652174,Q2
1459,camel,whale,large_omnivores_and_herbivores,aquatic_mammals,False,0.735719,0.478261,Q3
1460,camel,willow_tree,large_omnivores_and_herbivores,trees,False,0.52579,0.52,Q1
1461,camel,wolf,large_omnivores_and_herbivores,large_carnivores,False,0.598007,0.214286,Q1
1462,camel,woman,large_omnivores_and_herbivores,people,False,0.632008,0.478261,Q1
1463,camel,worm,large_omnivores_and_herbivores,non_insect_invertebrates,False,0.728244,0.391304,Q3
1464,can,castle,food_containers,large_man_made_outdoor_things,False,0.718462,0.444444,Q3
1465,can,caterpillar,food_containers,insects,False,0.762747,0.529412,Q3
1466,can,cattle,food_containers,large_omnivores_and_herbivores,False,0.750242,0.68,Q2
1467,can,chair,food_containers,household_furniture,False,0.773697,0.333333,Q3
1468,can,chimpanzee,food_containers,large_omnivores_and_herbivores,False,0.814217,0.666667,Q2
1469,can,clock,food_containers,household_electrical_devices,False,0.66764,0.368421,Q1
1470,can,cloud,food_containers,large_natural_outdoor_scenes,False,0.768175,0.733333,Q2
1471,can,cockroach,food_containers,insects,False,0.765082,0.6,Q3
1472,can,couch,food_containers,household_furniture,False,0.741804,0.333333,Q3
1473,can,crab,food_containers,non_insect_invertebrates,False,0.716349,0.6,Q3
1474,can,crocodile,food_containers,reptiles,False,0.73874,0.619048,Q2
1475,can,cup,food_containers,food_containers,True,0.614233,0.125,Q1
1476,can,dinosaur,food_containers,reptiles,False,0.749112,0.619048,Q2
1477,can,dolphin,food_containers,aquatic_mammals,False,0.845652,0.666667,Q2
1478,can,elephant,food_containers,large_omnivores_and_herbivores,False,0.772722,0.619048,Q2
1479,can,flatfish,food_containers,fish,False,0.702562,0.75,Q4
1480,can,forest,food_containers,large_natural_outdoor_scenes,False,0.756075,0.857143,Q2
1481,can,fox,food_containers,medium_mammals,False,0.764795,0.636364,Q2
1482,can,girl,food_containers,people,False,0.704745,0.555556,Q1
1483,can,hamster,food_containers,small_mammals,False,0.758686,0.619048,Q2
1484,can,house,food_containers,large_man_made_outdoor_things,False,0.758975,0.375,Q3
1485,can,kangaroo,food_containers,large_omnivores_and_herbivores,False,0.7534,0.619048,Q2
1486,can,keyboard,food_containers,household_electrical_devices,False,0.748057,0.294118,Q3
1487,can,lamp,food_containers,household_electrical_devices,False,0.601513,0.294118,Q1
1488,can,lawn_mower,food_containers,vehicles_2,False,0.770477,0.333333,Q3
1489,can,leopard,food_containers,large_carnivores,False,0.761073,0.777778,Q2
1490,can,lion,food_containers,large_carnivores,False,0.796807,0.652174,Q2
1491,can,lizard,food_containers,reptiles,False,0.738067,0.619048,Q2
1492,can,lobster,food_containers,non_insect_invertebrates,False,0.656449,0.75,Q4
1493,can,man,food_containers,people,False,0.675429,0.529412,Q1
1494,can,maple_tree,food_containers,trees,False,0.78019,0.75,Q2
1495,can,motorcycle,food_containers,vehicles_1,False,0.747249,0.263158,Q3
1496,can,mountain,food_containers,large_natural_outdoor_scenes,False,0.786441,0.571429,Q3
1497,can,mouse,food_containers,small_mammals,False,0.69447,0.619048,Q4
1498,can,mushroom,food_containers,fruit_and_vegetables,False,0.809147,0.555556,Q3
1499,can,oak_tree,food_containers,trees,False,0.803138,0.75,Q2
1500,can,orange,food_containers,fruit_and_vegetables,False,0.769958,0.6,Q3
1501,can,orchid,food_containers,flowers,False,0.889573,0.6,Q3
1502,can,otter,food_containers,aquatic_mammals,False,0.709995,0.777778,Q4
1503,can,palm_tree,food_containers,trees,False,0.840326,0.733333,Q2
1504,can,pear,food_containers,fruit_and_vegetables,False,0.70288,0.578947,Q1
1505,can,pickup_truck,food_containers,vehicles_1,False,0.704694,0.263158,Q1
1506,can,pine_tree,food_containers,trees,False,0.784145,0.619048,Q2
1507,can,plain,food_containers,large_natural_outdoor_scenes,False,0.768929,0.538462,Q3
1508,can,plate,food_containers,food_containers,True,0.622386,0.444444,Q1
1509,can,poppy,food_containers,flowers,False,0.853243,0.6,Q3
1510,can,porcupine,food_containers,medium_mammals,False,0.724924,0.619048,Q2
1511,can,possum,food_containers,medium_mammals,False,0.726018,0.619048,Q2
1512,can,rabbit,food_containers,small_mammals,False,0.691678,0.636364,Q4
1513,can,raccoon,food_containers,medium_mammals,False,0.718703,0.777778,Q2
1514,can,ray,food_containers,fish,False,0.786195,0.875,Q2
1515,can,road,food_containers,large_man_made_outdoor_things,False,0.819492,0.333333,Q3
1516,can,rocket,food_containers,vehicles_2,False,0.715047,0.294118,Q3
1517,can,rose,food_containers,flowers,False,0.823821,0.578947,Q3
1518,can,sea,food_containers,large_natural_outdoor_scenes,False,0.779563,0.692308,Q2
1519,can,seal,food_containers,aquatic_mammals,False,0.716922,0.636364,Q2
1520,can,shark,food_containers,fish,False,0.812577,0.636364,Q2
1521,can,shrew,food_containers,small_mammals,False,0.708952,0.578947,Q1
1522,can,skunk,food_containers,medium_mammals,False,0.756814,0.555556,Q3
1523,can,skyscraper,food_containers,large_man_made_outdoor_things,False,0.712972,0.375,Q3
1524,can,snail,food_containers,non_insect_invertebrates,False,0.736532,0.578947,Q3
1525,can,snake,food_containers,reptiles,False,0.790946,0.6,Q3
1526,can,spider,food_containers,non_insect_invertebrates,False,0.740176,0.578947,Q3
1527,can,squirrel,food_containers,small_mammals,False,0.714264,0.619048,Q2
1528,can,streetcar,food_containers,vehicles_2,False,0.707909,0.222222,Q1
1529,can,sunflower,food_containers,flowers,False,0.853384,0.6,Q3
1530,can,sweet_pepper,food_containers,fruit_and_vegetables,False,0.744544,0.777778,Q2
1531,can,table,food_containers,household_furniture,False,0.681008,0.857143,Q4
1532,can,tank,food_containers,vehicles_2,False,0.785214,0.263158,Q3
1533,can,telephone,food_containers,household_electrical_devices,False,0.714209,0.294118,Q3
1534,can,television,food_containers,household_electrical_devices,False,0.648498,0.333333,Q1
1535,can,tiger,food_containers,large_carnivores,False,0.729791,0.5,Q3
1536,can,tractor,food_containers,vehicles_2,False,0.758319,0.222222,Q3
1537,can,train,food_containers,vehicles_1,False,0.721454,0.294118,Q3
1538,can,trout,food_containers,fish,False,0.713507,0.733333,Q2
1539,can,tulip,food_containers,flowers,False,0.818491,0.578947,Q3
1540,can,turtle,food_containers,reptiles,False,0.819536,0.444444,Q3
1541,can,wardrobe,food_containers,household_furniture,False,0.703551,0.294118,Q1
1542,can,whale,food_containers,aquatic_mammals,False,0.822914,0.529412,Q3
1543,can,willow_tree,food_containers,trees,False,0.769637,0.578947,Q3
1544,can,wolf,food_containers,large_carnivores,False,0.721506,0.636364,Q2
1545,can,woman,food_containers,people,False,0.705216,0.529412,Q1
1546,can,worm,food_containers,non_insect_invertebrates,False,0.760306,0.529412,Q3
1547,castle,caterpillar,large_man_made_outdoor_things,insects,False,0.715272,0.578947,Q3
1548,castle,cattle,large_man_made_outdoor_things,large_omnivores_and_herbivores,False,0.59246,0.703704,Q4
1549,castle,chair,large_man_made_outdoor_things,household_furniture,False,0.850894,0.5,Q3
1550,castle,chimpanzee,large_man_made_outdoor_things,large_omnivores_and_herbivores,False,0.721384,0.692308,Q2
1551,castle,clock,large_man_made_outdoor_things,household_electrical_devices,False,0.802512,0.52381,Q3
1552,castle,cloud,large_man_made_outdoor_things,large_natural_outdoor_scenes,False,0.520216,0.764706,Q4
1553,castle,cockroach,large_man_made_outdoor_things,insects,False,0.804268,0.636364,Q2
1554,castle,couch,large_man_made_outdoor_things,household_furniture,False,0.669122,0.5,Q1
1555,castle,crab,large_man_made_outdoor_things,non_insect_invertebrates,False,0.696575,0.636364,Q4
1556,castle,crocodile,large_man_made_outdoor_things,reptiles,False,0.586436,0.652174,Q4
1557,castle,cup,large_man_made_outdoor_things,food_containers,False,0.786804,0.444444,Q3
1558,castle,dinosaur,large_man_made_outdoor_things,reptiles,False,0.610911,0.652174,Q4
1559,castle,dolphin,large_man_made_outdoor_things,aquatic_mammals,False,0.758987,0.692308,Q2
1560,castle,elephant,large_man_made_outdoor_things,large_omnivores_and_herbivores,False,0.615066,0.652174,Q4
1561,castle,flatfish,large_man_made_outdoor_things,fish,False,0.625329,0.777778,Q4
1562,castle,forest,large_man_made_outdoor_things,large_natural_outdoor_scenes,False,0.492444,0.875,Q4
1563,castle,fox,large_man_made_outdoor_things,medium_mammals,False,0.725728,0.666667,Q2
1564,castle,girl,large_man_made_outdoor_things,people,False,0.660554,0.6,Q1
1565,castle,hamster,large_man_made_outdoor_things,small_mammals,False,0.754038,0.652174,Q2
1566,castle,house,large_man_made_outdoor_things,large_man_made_outdoor_things,True,0.33914,0.2,Q1
1567,castle,kangaroo,large_man_made_outdoor_things,large_omnivores_and_herbivores,False,0.620627,0.652174,Q4
1568,castle,keyboard,large_man_made_outdoor_things,household_electrical_devices,False,0.774158,0.473684,Q3
1569,castle,lamp,large_man_made_outdoor_things,household_electrical_devices,False,0.700964,0.473684,Q1
1570,castle,lawn_mower,large_man_made_outdoor_things,vehicles_2,False,0.742606,0.5,Q3
1571,castle,leopard,large_man_made_outdoor_things,large_carnivores,False,0.671835,0.8,Q4
1572,castle,lion,large_man_made_outdoor_things,large_carnivores,False,0.692057,0.68,Q4
1573,castle,lizard,large_man_made_outdoor_things,reptiles,False,0.628828,0.652174,Q4
1574,castle,lobster,large_man_made_outdoor_things,non_insect_invertebrates,False,0.68981,0.777778,Q4
1575,castle,man,large_man_made_outdoor_things,people,False,0.617603,0.578947,Q1
1576,castle,maple_tree,large_man_made_outdoor_things,trees,False,0.42633,0.777778,Q4
1577,castle,motorcycle,large_man_made_outdoor_things,vehicles_1,False,0.709729,0.52381,Q1
1578,castle,mountain,large_man_made_outdoor_things,large_natural_outdoor_scenes,False,0.537413,0.625,Q4
1579,castle,mouse,large_man_made_outdoor_things,small_mammals,False,0.669893,0.652174,Q4
1580,castle,mushroom,large_man_made_outdoor_things,fruit_and_vegetables,False,0.73208,0.6,Q3
1581,castle,oak_tree,large_man_made_outdoor_things,trees,False,0.400659,0.777778,Q4
1582,castle,orange,large_man_made_outdoor_things,fruit_and_vegetables,False,0.825719,0.636364,Q2
1583,castle,orchid,large_man_made_outdoor_things,flowers,False,0.784009,0.636364,Q2
1584,castle,otter,large_man_made_outdoor_things,aquatic_mammals,False,0.582172,0.8,Q4
1585,castle,palm_tree,large_man_made_outdoor_things,trees,False,0.573917,0.764706,Q4
1586,castle,pear,large_man_made_outdoor_things,fruit_and_vegetables,False,0.752802,0.619048,Q2
1587,castle,pickup_truck,large_man_made_outdoor_things,vehicles_1,False,0.578905,0.52381,Q1
1588,castle,pine_tree,large_man_made_outdoor_things,trees,False,0.42903,0.652174,Q4
1589,castle,plain,large_man_made_outdoor_things,large_natural_outdoor_scenes,False,0.473415,0.6,Q1
1590,castle,plate,large_man_made_outdoor_things,food_containers,False,0.787391,0.5,Q3
1591,castle,poppy,large_man_made_outdoor_things,flowers,False,0.798085,0.636364,Q2
1592,castle,porcupine,large_man_made_outdoor_things,medium_mammals,False,0.652658,0.652174,Q4
1593,castle,possum,large_man_made_outdoor_things,medium_mammals,False,0.678956,0.652174,Q4
1594,castle,rabbit,large_man_made_outdoor_things,small_mammals,False,0.637942,0.666667,Q4
1595,castle,raccoon,large_man_made_outdoor_things,medium_mammals,False,0.680252,0.8,Q4
1596,castle,ray,large_man_made_outdoor_things,fish,False,0.708148,0.888889,Q4
1597,castle,road,large_man_made_outdoor_things,large_man_made_outdoor_things,True,0.537369,0.411765,Q1
1598,castle,rocket,large_man_made_outdoor_things,vehicles_2,False,0.585803,0.473684,Q1
1599,castle,rose,large_man_made_outdoor_things,flowers,False,0.779801,0.619048,Q2
1600,castle,sea,large_man_made_outdoor_things,large_natural_outdoor_scenes,False,0.57763,0.733333,Q4
1601,castle,seal,large_man_made_outdoor_things,aquatic_mammals,False,0.609465,0.666667,Q4
1602,castle,shark,large_man_made_outdoor_things,fish,False,0.7635,0.666667,Q2
1603,castle,shrew,large_man_made_outdoor_things,small_mammals,False,0.631805,0.619048,Q4
1604,castle,skunk,large_man_made_outdoor_things,medium_mammals,False,0.69594,0.6,Q1
1605,castle,skyscraper,large_man_made_outdoor_things,large_man_made_outdoor_things,True,0.448473,0.222222,Q1
1606,castle,snail,large_man_made_outdoor_things,non_insect_invertebrates,False,0.725374,0.619048,Q2
1607,castle,snake,large_man_made_outdoor_things,reptiles,False,0.724687,0.636364,Q2
1608,castle,spider,large_man_made_outdoor_things,non_insect_invertebrates,False,0.696577,0.619048,Q4
1609,castle,squirrel,large_man_made_outdoor_things,small_mammals,False,0.603679,0.652174,Q4
1610,castle,streetcar,large_man_made_outdoor_things,vehicles_2,False,0.531115,0.5,Q1
1611,castle,sunflower,large_man_made_outdoor_things,flowers,False,0.796028,0.636364,Q2
1612,castle,sweet_pepper,large_man_made_outdoor_things,fruit_and_vegetables,False,0.830414,0.8,Q2
1613,castle,table,large_man_made_outdoor_things,household_furniture,False,0.692903,0.875,Q4
1614,castle,tank,large_man_made_outdoor_things,vehicles_2,False,0.544046,0.5,Q1
1615,castle,telephone,large_man_made_outdoor_things,household_electrical_devices,False,0.767644,0.473684,Q3
1616,castle,television,large_man_made_outdoor_things,household_electrical_devices,False,0.69204,0.5,Q1
1617,castle,tiger,large_man_made_outdoor_things,large_carnivores,False,0.710248,0.555556,Q1
1618,castle,tractor,large_man_made_outdoor_things,vehicles_2,False,0.597931,0.5,Q1
1619,castle,train,large_man_made_outdoor_things,vehicles_1,False,0.488113,0.473684,Q1
1620,castle,trout,large_man_made_outdoor_things,fish,False,0.734776,0.764706,Q2
1621,castle,tulip,large_man_made_outdoor_things,flowers,False,0.766142,0.619048,Q2
1622,castle,turtle,large_man_made_outdoor_things,reptiles,False,0.682951,0.5,Q1
1623,castle,wardrobe,large_man_made_outdoor_things,household_furniture,False,0.691262,0.473684,Q1
1624,castle,whale,large_man_made_outdoor_things,aquatic_mammals,False,0.764001,0.578947,Q3
1625,castle,willow_tree,large_man_made_outdoor_things,trees,False,0.40787,0.619048,Q4
1626,castle,wolf,large_man_made_outdoor_things,large_carnivores,False,0.671377,0.666667,Q4
1627,castle,woman,large_man_made_outdoor_things,people,False,0.68298,0.578947,Q1
1628,castle,worm,large_man_made_outdoor_things,non_insect_invertebrates,False,0.756843,0.578947,Q3
1629,caterpillar,cattle,insects,large_omnivores_and_herbivores,False,0.740093,0.461538,Q3
1630,caterpillar,chair,insects,household_furniture,False,0.871619,0.578947,Q3
1631,caterpillar,chimpanzee,insects,large_omnivores_and_herbivores,False,0.696277,0.44,Q1
1632,caterpillar,clock,insects,household_electrical_devices,False,0.782948,0.6,Q3
1633,caterpillar,cloud,insects,large_natural_outdoor_scenes,False,0.668362,0.75,Q4
1634,caterpillar,cockroach,insects,insects,True,0.728353,0.333333,Q3
1635,caterpillar,couch,insects,household_furniture,False,0.838593,0.578947,Q3
1636,caterpillar,crab,insects,non_insect_invertebrates,False,0.615308,0.333333,Q1
1637,caterpillar,crocodile,insects,reptiles,False,0.504854,0.363636,Q1
1638,caterpillar,cup,insects,food_containers,False,0.800072,0.529412,Q3
1639,caterpillar,dinosaur,insects,reptiles,False,0.562653,0.363636,Q1
1640,caterpillar,dolphin,insects,aquatic_mammals,False,0.763719,0.44,Q3
1641,caterpillar,elephant,insects,large_omnivores_and_herbivores,False,0.704898,0.363636,Q1
1642,caterpillar,flatfish,insects,fish,False,0.597697,0.764706,Q4
1643,caterpillar,forest,insects,large_natural_outdoor_scenes,False,0.595151,0.866667,Q4
1644,caterpillar,fox,insects,medium_mammals,False,0.716261,0.391304,Q3
1645,caterpillar,girl,insects,people,False,0.728444,0.368421,Q3
1646,caterpillar,hamster,insects,small_mammals,False,0.752127,0.363636,Q3
1647,caterpillar,house,insects,large_man_made_outdoor_things,False,0.696682,0.529412,Q1
1648,caterpillar,kangaroo,insects,large_omnivores_and_herbivores,False,0.643696,0.363636,Q1
1649,caterpillar,keyboard,insects,household_electrical_devices,False,0.839868,0.555556,Q3
1650,caterpillar,lamp,insects,household_electrical_devices,False,0.759554,0.555556,Q3
1651,caterpillar,lawn_mower,insects,vehicles_2,False,0.763635,0.578947,Q3
1652,caterpillar,leopard,insects,large_carnivores,False,0.645914,0.789474,Q4
1653,caterpillar,lion,insects,large_carnivores,False,0.735445,0.416667,Q3
1654,caterpillar,lizard,insects,reptiles,False,0.42321,0.363636,Q1
1655,caterpillar,lobster,insects,non_insect_invertebrates,False,0.493122,0.764706,Q4
1656,caterpillar,man,insects,people,False,0.697225,0.333333,Q1
1657,caterpillar,maple_tree,insects,trees,False,0.698215,0.764706,Q4
1658,caterpillar,motorcycle,insects,vehicles_1,False,0.82342,0.6,Q3
1659,caterpillar,mountain,insects,large_natural_outdoor_scenes,False,0.721712,0.6,Q3
1660,caterpillar,mouse,insects,small_mammals,False,0.588788,0.363636,Q1
1661,caterpillar,mushroom,insects,fruit_and_vegetables,False,0.647802,0.368421,Q1
1662,caterpillar,oak_tree,insects,trees,False,0.711493,0.764706,Q4
1663,caterpillar,orange,insects,fruit_and_vegetables,False,0.85414,0.619048,Q2
1664,caterpillar,orchid,insects,flowers,False,0.749963,0.428571,Q3
1665,caterpillar,otter,insects,aquatic_mammals,False,0.536948,0.789474,Q4
1666,caterpillar,palm_tree,insects,trees,False,0.634881,0.75,Q4
1667,caterpillar,pear,insects,fruit_and_vegetables,False,0.691615,0.6,Q1
1668,caterpillar,pickup_truck,insects,vehicles_1,False,0.778208,0.6,Q3
1669,caterpillar,pine_tree,insects,trees,False,0.633018,0.454545,Q1
1670,caterpillar,plain,insects,large_natural_outdoor_scenes,False,0.664701,0.571429,Q1
1671,caterpillar,plate,insects,food_containers,False,0.727974,0.578947,Q3
1672,caterpillar,poppy,insects,flowers,False,0.733889,0.428571,Q3
1673,caterpillar,porcupine,insects,medium_mammals,False,0.574159,0.363636,Q1
1674,caterpillar,possum,insects,medium_mammals,False,0.65926,0.363636,Q1
1675,caterpillar,rabbit,insects,small_mammals,False,0.621983,0.391304,Q1
1676,caterpillar,raccoon,insects,medium_mammals,False,0.655154,0.789474,Q4
1677,caterpillar,ray,insects,fish,False,0.666175,0.882353,Q4
1678,caterpillar,road,insects,large_man_made_outdoor_things,False,0.73073,0.5,Q3
1679,caterpillar,rocket,insects,vehicles_2,False,0.629023,0.555556,Q1
1680,caterpillar,rose,insects,flowers,False,0.746267,0.4,Q3
1681,caterpillar,sea,insects,large_natural_outdoor_scenes,False,0.715232,0.714286,Q2
1682,caterpillar,seal,insects,aquatic_mammals,False,0.610436,0.391304,Q1
1683,caterpillar,shark,insects,fish,False,0.73517,0.391304,Q3
1684,caterpillar,shrew,insects,small_mammals,False,0.503209,0.4,Q1
1685,caterpillar,skunk,insects,medium_mammals,False,0.596996,0.368421,Q1
1686,caterpillar,skyscraper,insects,large_man_made_outdoor_things,False,0.707524,0.529412,Q1
1687,caterpillar,snail,insects,non_insect_invertebrates,False,0.524642,0.3,Q1
1688,caterpillar,snake,insects,reptiles,False,0.499312,0.333333,Q1
1689,caterpillar,spider,insects,non_insect_invertebrates,False,0.530153,0.3,Q1
1690,caterpillar,squirrel,insects,small_mammals,False,0.521294,0.363636,Q1
1691,caterpillar,streetcar,insects,vehicles_2,False,0.753119,0.578947,Q3
1692,caterpillar,sunflower,insects,flowers,False,0.726589,0.428571,Q3
1693,caterpillar,sweet_pepper,insects,fruit_and_vegetables,False,0.731816,0.789474,Q2
1694,caterpillar,table,insects,household_furniture,False,0.770328,0.866667,Q2
1695,caterpillar,tank,insects,vehicles_2,False,0.668559,0.578947,Q1
1696,caterpillar,telephone,insects,household_electrical_devices,False,0.841568,0.555556,Q3
1697,caterpillar,television,insects,household_electrical_devices,False,0.768594,0.578947,Q3
1698,caterpillar,tiger,insects,large_carnivores,False,0.661568,0.294118,Q1
1699,caterpillar,tractor,insects,vehicles_2,False,0.7358,0.578947,Q3
1700,caterpillar,train,insects,vehicles_1,False,0.672671,0.555556,Q1
1701,caterpillar,trout,insects,fish,False,0.607686,0.75,Q4
1702,caterpillar,tulip,insects,flowers,False,0.715356,0.4,Q3
1703,caterpillar,turtle,insects,reptiles,False,0.634578,0.578947,Q1
1704,caterpillar,wardrobe,insects,household_furniture,False,0.802234,0.555556,Q3
1705,caterpillar,whale,insects,aquatic_mammals,False,0.742321,0.333333,Q3
1706,caterpillar,willow_tree,insects,trees,False,0.61059,0.4,Q1
1707,caterpillar,wolf,insects,large_carnivores,False,0.711035,0.391304,Q1
1708,caterpillar,woman,insects,people,False,0.72755,0.333333,Q3
1709,caterpillar,worm,insects,non_insect_invertebrates,False,0.482216,0.222222,Q1
1710,cattle,chair,large_omnivores_and_herbivores,household_furniture,False,0.830792,0.703704,Q2
1711,cattle,chimpanzee,large_omnivores_and_herbivores,large_omnivores_and_herbivores,True,0.583654,0.333333,Q1
1712,cattle,clock,large_omnivores_and_herbivores,household_electrical_devices,False,0.811648,0.714286,Q2
1713,cattle,cloud,large_omnivores_and_herbivores,large_natural_outdoor_scenes,False,0.675929,0.833333,Q4
1714,cattle,cockroach,large_omnivores_and_herbivores,insects,False,0.698717,0.517241,Q1
1715,cattle,couch,large_omnivores_and_herbivores,household_furniture,False,0.732568,0.703704,Q2
1716,cattle,crab,large_omnivores_and_herbivores,non_insect_invertebrates,False,0.628295,0.517241,Q1
1717,cattle,crocodile,large_omnivores_and_herbivores,reptiles,False,0.585605,0.4,Q1
1718,cattle,cup,large_omnivores_and_herbivores,food_containers,False,0.744034,0.68,Q2
1719,cattle,dinosaur,large_omnivores_and_herbivores,reptiles,False,0.522696,0.4,Q1
1720,cattle,dolphin,large_omnivores_and_herbivores,aquatic_mammals,False,0.793799,0.333333,Q3
1721,cattle,elephant,large_omnivores_and_herbivores,large_omnivores_and_herbivores,True,0.447984,0.266667,Q1
1722,cattle,flatfish,large_omnivores_and_herbivores,fish,False,0.58141,0.84,Q4
1723,cattle,forest,large_omnivores_and_herbivores,large_natural_outdoor_scenes,False,0.59113,0.913043,Q4
1724,cattle,fox,large_omnivores_and_herbivores,medium_mammals,False,0.54642,0.290323,Q1
1725,cattle,girl,large_omnivores_and_herbivores,people,False,0.648393,0.555556,Q1
1726,cattle,hamster,large_omnivores_and_herbivores,small_mammals,False,0.63261,0.266667,Q1
1727,cattle,house,large_omnivores_and_herbivores,large_man_made_outdoor_things,False,0.607001,0.68,Q4
1728,cattle,kangaroo,large_omnivores_and_herbivores,large_omnivores_and_herbivores,True,0.475513,0.333333,Q1
1729,cattle,keyboard,large_omnivores_and_herbivores,household_electrical_devices,False,0.831789,0.692308,Q2
1730,cattle,lamp,large_omnivores_and_herbivores,household_electrical_devices,False,0.741001,0.692308,Q2
1731,cattle,lawn_mower,large_omnivores_and_herbivores,vehicles_2,False,0.808709,0.703704,Q2
1732,cattle,leopard,large_omnivores_and_herbivores,large_carnivores,False,0.552295,0.851852,Q4
1733,cattle,lion,large_omnivores_and_herbivores,large_carnivores,False,0.485109,0.3125,Q1
1734,cattle,lizard,large_omnivores_and_herbivores,reptiles,False,0.677533,0.4,Q1
1735,cattle,lobster,large_omnivores_and_herbivores,non_insect_invertebrates,False,0.641244,0.84,Q4
1736,cattle,man,large_omnivores_and_herbivores,people,False,0.609858,0.538462,Q1
1737,cattle,maple_tree,large_omnivores_and_herbivores,trees,False,0.560913,0.84,Q4
1738,cattle,motorcycle,large_omnivores_and_herbivores,vehicles_1,False,0.723623,0.714286,Q2
1739,cattle,mountain,large_omnivores_and_herbivores,large_natural_outdoor_scenes,False,0.66509,0.73913,Q4
1740,cattle,mouse,large_omnivores_and_herbivores,small_mammals,False,0.599644,0.266667,Q1
1741,cattle,mushroom,large_omnivores_and_herbivores,fruit_and_vegetables,False,0.755573,0.555556,Q3
1742,cattle,oak_tree,large_omnivores_and_herbivores,trees,False,0.537274,0.84,Q4
1743,cattle,orange,large_omnivores_and_herbivores,fruit_and_vegetables,False,0.850357,0.724138,Q2
1744,cattle,orchid,large_omnivores_and_herbivores,flowers,False,0.758908,0.586207,Q3
1745,cattle,otter,large_omnivores_and_herbivores,aquatic_mammals,False,0.522584,0.851852,Q4
1746,cattle,palm_tree,large_omnivores_and_herbivores,trees,False,0.726614,0.833333,Q2
1747,cattle,pear,large_omnivores_and_herbivores,fruit_and_vegetables,False,0.754034,0.714286,Q2
1748,cattle,pickup_truck,large_omnivores_and_herbivores,vehicles_1,False,0.620642,0.714286,Q4
1749,cattle,pine_tree,large_omnivores_and_herbivores,trees,False,0.584404,0.6,Q1
1750,cattle,plain,large_omnivores_and_herbivores,large_natural_outdoor_scenes,False,0.562156,0.727273,Q4
1751,cattle,plate,large_omnivores_and_herbivores,food_containers,False,0.763696,0.703704,Q2
1752,cattle,poppy,large_omnivores_and_herbivores,flowers,False,0.743571,0.586207,Q3
1753,cattle,porcupine,large_omnivores_and_herbivores,medium_mammals,False,0.627275,0.266667,Q1
1754,cattle,possum,large_omnivores_and_herbivores,medium_mammals,False,0.57943,0.333333,Q1
1755,cattle,rabbit,large_omnivores_and_herbivores,small_mammals,False,0.490745,0.290323,Q1
1756,cattle,raccoon,large_omnivores_and_herbivores,medium_mammals,False,0.597036,0.851852,Q4
1757,cattle,ray,large_omnivores_and_herbivores,fish,False,0.706292,0.92,Q4
1758,cattle,road,large_omnivores_and_herbivores,large_man_made_outdoor_things,False,0.670942,0.666667,Q4
1759,cattle,rocket,large_omnivores_and_herbivores,vehicles_2,False,0.742186,0.692308,Q2
1760,cattle,rose,large_omnivores_and_herbivores,flowers,False,0.72849,0.571429,Q3
1761,cattle,sea,large_omnivores_and_herbivores,large_natural_outdoor_scenes,False,0.708069,0.818182,Q4
1762,cattle,seal,large_omnivores_and_herbivores,aquatic_mammals,False,0.558773,0.290323,Q1
1763,cattle,shark,large_omnivores_and_herbivores,fish,False,0.797869,0.419355,Q3
1764,cattle,shrew,large_omnivores_and_herbivores,small_mammals,False,0.58424,0.571429,Q1
1765,cattle,skunk,large_omnivores_and_herbivores,medium_mammals,False,0.556642,0.555556,Q1
1766,cattle,skyscraper,large_omnivores_and_herbivores,large_man_made_outdoor_things,False,0.706327,0.68,Q4
1767,cattle,snail,large_omnivores_and_herbivores,non_insect_invertebrates,False,0.693487,0.5,Q1
1768,cattle,snake,large_omnivores_and_herbivores,reptiles,False,0.7882,0.37931,Q3
1769,cattle,spider,large_omnivores_and_herbivores,non_insect_invertebrates,False,0.653283,0.5,Q1
1770,cattle,squirrel,large_omnivores_and_herbivores,small_mammals,False,0.5606,0.266667,Q1
1771,cattle,streetcar,large_omnivores_and_herbivores,vehicles_2,False,0.682553,0.703704,Q4
1772,cattle,sunflower,large_omnivores_and_herbivores,flowers,False,0.797578,0.586207,Q3
1773,cattle,sweet_pepper,large_omnivores_and_herbivores,fruit_and_vegetables,False,0.7917,0.851852,Q2
1774,cattle,table,large_omnivores_and_herbivores,household_furniture,False,0.734506,0.913043,Q2
1775,cattle,tank,large_omnivores_and_herbivores,vehicles_2,False,0.646832,0.703704,Q4
1776,cattle,telephone,large_omnivores_and_herbivores,household_electrical_devices,False,0.813117,0.692308,Q2
1777,cattle,television,large_omnivores_and_herbivores,household_electrical_devices,False,0.759264,0.703704,Q2
1778,cattle,tiger,large_omnivores_and_herbivores,large_carnivores,False,0.532395,0.52,Q1
1779,cattle,tractor,large_omnivores_and_herbivores,vehicles_2,False,0.65902,0.703704,Q4
1780,cattle,train,large_omnivores_and_herbivores,vehicles_1,False,0.61484,0.692308,Q4
1781,cattle,trout,large_omnivores_and_herbivores,fish,False,0.756484,0.833333,Q2
1782,cattle,tulip,large_omnivores_and_herbivores,flowers,False,0.726988,0.571429,Q3
1783,cattle,turtle,large_omnivores_and_herbivores,reptiles,False,0.681895,0.703704,Q4
1784,cattle,wardrobe,large_omnivores_and_herbivores,household_furniture,False,0.75863,0.692308,Q2
1785,cattle,whale,large_omnivores_and_herbivores,aquatic_mammals,False,0.739856,0.538462,Q3
1786,cattle,willow_tree,large_omnivores_and_herbivores,trees,False,0.548212,0.571429,Q1
1787,cattle,wolf,large_omnivores_and_herbivores,large_carnivores,False,0.599427,0.290323,Q1
1788,cattle,woman,large_omnivores_and_herbivores,people,False,0.662477,0.538462,Q1
1789,cattle,worm,large_omnivores_and_herbivores,non_insect_invertebrates,False,0.792956,0.461538,Q3
1790,chair,chimpanzee,household_furniture,large_omnivores_and_herbivores,False,0.892984,0.692308,Q2
1791,chair,clock,household_furniture,household_electrical_devices,False,0.731163,0.428571,Q3
1792,chair,cloud,household_furniture,large_natural_outdoor_scenes,False,0.900755,0.764706,Q2
1793,chair,cockroach,household_furniture,insects,False,0.779789,0.636364,Q2
1794,chair,couch,household_furniture,household_furniture,True,0.460811,0.1,Q1
1795,chair,crab,household_furniture,non_insect_invertebrates,False,0.731855,0.636364,Q2
1796,chair,crocodile,household_furniture,reptiles,False,0.834986,0.652174,Q2
1797,chair,cup,household_furniture,food_containers,False,0.699029,0.333333,Q1
1798,chair,dinosaur,household_furniture,reptiles,False,0.693337,0.652174,Q4
1799,chair,dolphin,household_furniture,aquatic_mammals,False,0.82936,0.692308,Q2
1800,chair,elephant,household_furniture,large_omnivores_and_herbivores,False,0.851461,0.652174,Q2
1801,chair,flatfish,household_furniture,fish,False,0.791202,0.777778,Q2
1802,chair,forest,household_furniture,large_natural_outdoor_scenes,False,0.828061,0.875,Q2
1803,chair,fox,household_furniture,medium_mammals,False,0.78188,0.666667,Q2
1804,chair,girl,household_furniture,people,False,0.772608,0.6,Q3
1805,chair,hamster,household_furniture,small_mammals,False,0.839638,0.652174,Q2
1806,chair,house,household_furniture,large_man_made_outdoor_things,False,0.804955,0.444444,Q3
1807,chair,kangaroo,household_furniture,large_omnivores_and_herbivores,False,0.764404,0.652174,Q2
1808,chair,keyboard,household_furniture,household_electrical_devices,False,0.821385,0.368421,Q3
1809,chair,lamp,household_furniture,household_electrical_devices,False,0.648674,0.368421,Q1
1810,chair,lawn_mower,household_furniture,vehicles_2,False,0.653861,0.4,Q1
1811,chair,leopard,household_furniture,large_carnivores,False,0.801768,0.8,Q2
1812,chair,lion,household_furniture,large_carnivores,False,0.855498,0.68,Q2
1813,chair,lizard,household_furniture,reptiles,False,0.74991,0.652174,Q2
1814,chair,lobster,household_furniture,non_insect_invertebrates,False,0.77276,0.777778,Q2
1815,chair,man,household_furniture,people,False,0.773108,0.578947,Q3
1816,chair,maple_tree,household_furniture,trees,False,0.773469,0.777778,Q2
1817,chair,motorcycle,household_furniture,vehicles_1,False,0.782117,0.428571,Q3
1818,chair,mountain,household_furniture,large_natural_outdoor_scenes,False,0.926133,0.625,Q2
1819,chair,mouse,household_furniture,small_mammals,False,0.796574,0.652174,Q2
1820,chair,mushroom,household_furniture,fruit_and_vegetables,False,0.791536,0.6,Q3
1821,chair,oak_tree,household_furniture,trees,False,0.79168,0.777778,Q2
1822,chair,orange,household_furniture,fruit_and_vegetables,False,0.848156,0.636364,Q2
1823,chair,orchid,household_furniture,flowers,False,0.848281,0.636364,Q2
1824,chair,otter,household_furniture,aquatic_mammals,False,0.768974,0.8,Q2
1825,chair,palm_tree,household_furniture,trees,False,0.839575,0.764706,Q2
1826,chair,pear,household_furniture,fruit_and_vegetables,False,0.774925,0.619048,Q2
1827,chair,pickup_truck,household_furniture,vehicles_1,False,0.766654,0.428571,Q3
1828,chair,pine_tree,household_furniture,trees,False,0.824572,0.652174,Q2
1829,chair,plain,household_furniture,large_natural_outdoor_scenes,False,0.876204,0.6,Q3
1830,chair,plate,household_furniture,food_containers,False,0.738478,0.5,Q3
1831,chair,poppy,household_furniture,flowers,False,0.904063,0.636364,Q2
1832,chair,porcupine,household_furniture,medium_mammals,False,0.842182,0.652174,Q2
1833,chair,possum,household_furniture,medium_mammals,False,0.830688,0.652174,Q2
1834,chair,rabbit,household_furniture,small_mammals,False,0.79804,0.666667,Q2
1835,chair,raccoon,household_furniture,medium_mammals,False,0.787312,0.8,Q2
1836,chair,ray,household_furniture,fish,False,0.847595,0.888889,Q2
1837,chair,road,household_furniture,large_man_made_outdoor_things,False,0.898288,0.411765,Q3
1838,chair,rocket,household_furniture,vehicles_2,False,0.866331,0.368421,Q3
1839,chair,rose,household_furniture,flowers,False,0.890024,0.619048,Q2
1840,chair,sea,household_furniture,large_natural_outdoor_scenes,False,0.889151,0.733333,Q2
1841,chair,seal,household_furniture,aquatic_mammals,False,0.806799,0.666667,Q2
1842,chair,shark,household_furniture,fish,False,0.849707,0.666667,Q2
1843,chair,shrew,household_furniture,small_mammals,False,0.81726,0.619048,Q2
1844,chair,skunk,household_furniture,medium_mammals,False,0.834549,0.6,Q3
1845,chair,skyscraper,household_furniture,large_man_made_outdoor_things,False,0.835837,0.444444,Q3
1846,chair,snail,household_furniture,non_insect_invertebrates,False,0.832382,0.619048,Q2
1847,chair,snake,household_furniture,reptiles,False,0.886641,0.636364,Q2
1848,chair,spider,household_furniture,non_insect_invertebrates,False,0.804216,0.619048,Q2
1849,chair,squirrel,household_furniture,small_mammals,False,0.794837,0.652174,Q2
1850,chair,streetcar,household_furniture,vehicles_2,False,0.864533,0.4,Q3
1851,chair,sunflower,household_furniture,flowers,False,0.895933,0.636364,Q2
1852,chair,sweet_pepper,household_furniture,fruit_and_vegetables,False,0.881763,0.8,Q2
1853,chair,table,household_furniture,household_furniture,True,0.446778,0.875,Q4
1854,chair,tank,household_furniture,vehicles_2,False,0.834367,0.4,Q3
1855,chair,telephone,household_furniture,household_electrical_devices,False,0.721112,0.368421,Q3
1856,chair,television,household_furniture,household_electrical_devices,False,0.67395,0.4,Q1
1857,chair,tiger,household_furniture,large_carnivores,False,0.809234,0.555556,Q3
1858,chair,tractor,household_furniture,vehicles_2,False,0.78508,0.4,Q3
1859,chair,train,household_furniture,vehicles_1,False,0.910096,0.368421,Q3
1860,chair,trout,household_furniture,fish,False,0.775498,0.764706,Q2
1861,chair,tulip,household_furniture,flowers,False,0.866622,0.619048,Q2
1862,chair,turtle,household_furniture,reptiles,False,0.811086,0.5,Q3
1863,chair,wardrobe,household_furniture,household_furniture,True,0.66012,0.157895,Q1
1864,chair,whale,household_furniture,aquatic_mammals,False,0.823659,0.578947,Q3
1865,chair,willow_tree,household_furniture,trees,False,0.807057,0.619048,Q2
1866,chair,wolf,household_furniture,large_carnivores,False,0.798911,0.666667,Q2
1867,chair,woman,household_furniture,people,False,0.748464,0.578947,Q3
1868,chair,worm,household_furniture,non_insect_invertebrates,False,0.837538,0.578947,Q3
1869,chimpanzee,clock,large_omnivores_and_herbivores,household_electrical_devices,False,0.807775,0.703704,Q2
1870,chimpanzee,cloud,large_omnivores_and_herbivores,large_natural_outdoor_scenes,False,0.751573,0.826087,Q2
1871,chimpanzee,cockroach,large_omnivores_and_herbivores,insects,False,0.791077,0.5,Q3
1872,chimpanzee,couch,large_omnivores_and_herbivores,household_furniture,False,0.790053,0.692308,Q2
1873,chimpanzee,crab,large_omnivores_and_herbivores,non_insect_invertebrates,False,0.645166,0.5,Q1
1874,chimpanzee,crocodile,large_omnivores_and_herbivores,reptiles,False,0.560166,0.37931,Q1
1875,chimpanzee,cup,large_omnivores_and_herbivores,food_containers,False,0.822508,0.666667,Q2
1876,chimpanzee,dinosaur,large_omnivores_and_herbivores,reptiles,False,0.608239,0.37931,Q1
1877,chimpanzee,dolphin,large_omnivores_and_herbivores,aquatic_mammals,False,0.788121,0.3125,Q3
1878,chimpanzee,elephant,large_omnivores_and_herbivores,large_omnivores_and_herbivores,True,0.48329,0.241379,Q1
1879,chimpanzee,flatfish,large_omnivores_and_herbivores,fish,False,0.629623,0.833333,Q4
1880,chimpanzee,forest,large_omnivores_and_herbivores,large_natural_outdoor_scenes,False,0.672645,0.909091,Q4
1881,chimpanzee,fox,large_omnivores_and_herbivores,medium_mammals,False,0.704631,0.266667,Q1
1882,chimpanzee,girl,large_omnivores_and_herbivores,people,False,0.577074,0.538462,Q1
1883,chimpanzee,hamster,large_omnivores_and_herbivores,small_mammals,False,0.669719,0.241379,Q1
1884,chimpanzee,house,large_omnivores_and_herbivores,large_man_made_outdoor_things,False,0.681766,0.666667,Q4
1885,chimpanzee,kangaroo,large_omnivores_and_herbivores,large_omnivores_and_herbivores,True,0.654223,0.310345,Q1
1886,chimpanzee,keyboard,large_omnivores_and_herbivores,household_electrical_devices,False,0.870149,0.68,Q2
1887,chimpanzee,lamp,large_omnivores_and_herbivores,household_electrical_devices,False,0.761536,0.68,Q2
1888,chimpanzee,lawn_mower,large_omnivores_and_herbivores,vehicles_2,False,0.818583,0.692308,Q2
1889,chimpanzee,leopard,large_omnivores_and_herbivores,large_carnivores,False,0.642599,0.846154,Q4
1890,chimpanzee,lion,large_omnivores_and_herbivores,large_carnivores,False,0.546784,0.290323,Q1
1891,chimpanzee,lizard,large_omnivores_and_herbivores,reptiles,False,0.643105,0.37931,Q1
1892,chimpanzee,lobster,large_omnivores_and_herbivores,non_insect_invertebrates,False,0.620187,0.833333,Q4
1893,chimpanzee,man,large_omnivores_and_herbivores,people,False,0.553468,0.52,Q1
1894,chimpanzee,maple_tree,large_omnivores_and_herbivores,trees,False,0.71125,0.833333,Q4
1895,chimpanzee,motorcycle,large_omnivores_and_herbivores,vehicles_1,False,0.774501,0.703704,Q2
1896,chimpanzee,mountain,large_omnivores_and_herbivores,large_natural_outdoor_scenes,False,0.747571,0.727273,Q2
1897,chimpanzee,mouse,large_omnivores_and_herbivores,small_mammals,False,0.594188,0.241379,Q1
1898,chimpanzee,mushroom,large_omnivores_and_herbivores,fruit_and_vegetables,False,0.75197,0.538462,Q3
1899,chimpanzee,oak_tree,large_omnivores_and_herbivores,trees,False,0.69492,0.833333,Q4
1900,chimpanzee,orange,large_omnivores_and_herbivores,fruit_and_vegetables,False,0.807195,0.714286,Q2
1901,chimpanzee,orchid,large_omnivores_and_herbivores,flowers,False,0.848901,0.571429,Q3
1902,chimpanzee,otter,large_omnivores_and_herbivores,aquatic_mammals,False,0.464533,0.846154,Q4
1903,chimpanzee,palm_tree,large_omnivores_and_herbivores,trees,False,0.743136,0.826087,Q2
1904,chimpanzee,pear,large_omnivores_and_herbivores,fruit_and_vegetables,False,0.754849,0.703704,Q2
1905,chimpanzee,pickup_truck,large_omnivores_and_herbivores,vehicles_1,False,0.770575,0.703704,Q2
1906,chimpanzee,pine_tree,large_omnivores_and_herbivores,trees,False,0.676835,0.586207,Q1
1907,chimpanzee,plain,large_omnivores_and_herbivores,large_natural_outdoor_scenes,False,0.721762,0.714286,Q2
1908,chimpanzee,plate,large_omnivores_and_herbivores,food_containers,False,0.780829,0.692308,Q2
1909,chimpanzee,poppy,large_omnivores_and_herbivores,flowers,False,0.81868,0.571429,Q3
1910,chimpanzee,porcupine,large_omnivores_and_herbivores,medium_mammals,False,0.582334,0.241379,Q1
1911,chimpanzee,possum,large_omnivores_and_herbivores,medium_mammals,False,0.519266,0.310345,Q1
1912,chimpanzee,rabbit,large_omnivores_and_herbivores,small_mammals,False,0.610131,0.266667,Q1
1913,chimpanzee,raccoon,large_omnivores_and_herbivores,medium_mammals,False,0.540031,0.846154,Q4
1914,chimpanzee,ray,large_omnivores_and_herbivores,fish,False,0.723936,0.916667,Q2
1915,chimpanzee,road,large_omnivores_and_herbivores,large_man_made_outdoor_things,False,0.785182,0.652174,Q2
1916,chimpanzee,rocket,large_omnivores_and_herbivores,vehicles_2,False,0.782638,0.68,Q2
1917,chimpanzee,rose,large_omnivores_and_herbivores,flowers,False,0.808616,0.555556,Q3
1918,chimpanzee,sea,large_omnivores_and_herbivores,large_natural_outdoor_scenes,False,0.764348,0.809524,Q2
1919,chimpanzee,seal,large_omnivores_and_herbivores,aquatic_mammals,False,0.511365,0.266667,Q1
1920,chimpanzee,shark,large_omnivores_and_herbivores,fish,False,0.763949,0.4,Q3
1921,chimpanzee,shrew,large_omnivores_and_herbivores,small_mammals,False,0.534945,0.555556,Q1
1922,chimpanzee,skunk,large_omnivores_and_herbivores,medium_mammals,False,0.555065,0.538462,Q1
1923,chimpanzee,skyscraper,large_omnivores_and_herbivores,large_man_made_outdoor_things,False,0.762193,0.666667,Q2
1924,chimpanzee,snail,large_omnivores_and_herbivores,non_insect_invertebrates,False,0.658164,0.481481,Q1
1925,chimpanzee,snake,large_omnivores_and_herbivores,reptiles,False,0.700615,0.357143,Q1
1926,chimpanzee,spider,large_omnivores_and_herbivores,non_insect_invertebrates,False,0.733792,0.481481,Q3
1927,chimpanzee,squirrel,large_omnivores_and_herbivores,small_mammals,False,0.535004,0.241379,Q1
1928,chimpanzee,streetcar,large_omnivores_and_herbivores,vehicles_2,False,0.756831,0.692308,Q2
1929,chimpanzee,sunflower,large_omnivores_and_herbivores,flowers,False,0.887213,0.571429,Q3
1930,chimpanzee,sweet_pepper,large_omnivores_and_herbivores,fruit_and_vegetables,False,0.760738,0.846154,Q2
1931,chimpanzee,table,large_omnivores_and_herbivores,household_furniture,False,0.794883,0.909091,Q2
1932,chimpanzee,tank,large_omnivores_and_herbivores,vehicles_2,False,0.671841,0.692308,Q4
1933,chimpanzee,telephone,large_omnivores_and_herbivores,household_electrical_devices,False,0.773818,0.68,Q2
1934,chimpanzee,television,large_omnivores_and_herbivores,household_electrical_devices,False,0.763472,0.692308,Q2
1935,chimpanzee,tiger,large_omnivores_and_herbivores,large_carnivores,False,0.636213,0.5,Q1
1936,chimpanzee,tractor,large_omnivores_and_herbivores,vehicles_2,False,0.73513,0.692308,Q2
1937,chimpanzee,train,large_omnivores_and_herbivores,vehicles_1,False,0.709605,0.68,Q4
1938,chimpanzee,trout,large_omnivores_and_herbivores,fish,False,0.759739,0.826087,Q2
1939,chimpanzee,tulip,large_omnivores_and_herbivores,flowers,False,0.813798,0.555556,Q3
1940,chimpanzee,turtle,large_omnivores_and_herbivores,reptiles,False,0.692379,0.692308,Q4
1941,chimpanzee,wardrobe,large_omnivores_and_herbivores,household_furniture,False,0.807476,0.68,Q2
1942,chimpanzee,whale,large_omnivores_and_herbivores,aquatic_mammals,False,0.746324,0.52,Q3
1943,chimpanzee,willow_tree,large_omnivores_and_herbivores,trees,False,0.665167,0.555556,Q1
1944,chimpanzee,wolf,large_omnivores_and_herbivores,large_carnivores,False,0.64555,0.266667,Q1
1945,chimpanzee,woman,large_omnivores_and_herbivores,people,False,0.565986,0.52,Q1
1946,chimpanzee,worm,large_omnivores_and_herbivores,non_insect_invertebrates,False,0.782058,0.44,Q3
1947,clock,cloud,household_electrical_devices,large_natural_outdoor_scenes,False,0.818628,0.777778,Q2
1948,clock,cockroach,household_electrical_devices,insects,False,0.784514,0.652174,Q2
1949,clock,couch,household_electrical_devices,household_furniture,False,0.730967,0.428571,Q3
1950,clock,crab,household_electrical_devices,non_insect_invertebrates,False,0.70837,0.652174,Q4
1951,clock,crocodile,household_electrical_devices,reptiles,False,0.774997,0.666667,Q2
1952,clock,cup,household_electrical_devices,food_containers,False,0.721235,0.368421,Q3
1953,clock,dinosaur,household_electrical_devices,reptiles,False,0.714652,0.666667,Q2
1954,clock,dolphin,household_electrical_devices,aquatic_mammals,False,0.865695,0.703704,Q2
1955,clock,elephant,household_electrical_devices,large_omnivores_and_herbivores,False,0.832502,0.666667,Q2
1956,clock,flatfish,household_electrical_devices,fish,False,0.677055,0.789474,Q4
1957,clock,forest,household_electrical_devices,large_natural_outdoor_scenes,False,0.806727,0.882353,Q2
1958,clock,fox,household_electrical_devices,medium_mammals,False,0.800885,0.68,Q2
1959,clock,girl,household_electrical_devices,people,False,0.741453,0.619048,Q2
1960,clock,hamster,household_electrical_devices,small_mammals,False,0.801018,0.666667,Q2
1961,clock,house,household_electrical_devices,large_man_made_outdoor_things,False,0.753968,0.473684,Q3
1962,clock,kangaroo,household_electrical_devices,large_omnivores_and_herbivores,False,0.783384,0.666667,Q2
1963,clock,keyboard,household_electrical_devices,household_electrical_devices,True,0.778436,0.3,Q3
1964,clock,lamp,household_electrical_devices,household_electrical_devices,True,0.600663,0.3,Q1
1965,clock,lawn_mower,household_electrical_devices,vehicles_2,False,0.753087,0.428571,Q3
1966,clock,leopard,household_electrical_devices,large_carnivores,False,0.788924,0.809524,Q2
1967,clock,lion,household_electrical_devices,large_carnivores,False,0.807898,0.692308,Q2
1968,clock,lizard,household_electrical_devices,reptiles,False,0.70125,0.666667,Q4
1969,clock,lobster,household_electrical_devices,non_insect_invertebrates,False,0.679638,0.789474,Q4
1970,clock,man,household_electrical_devices,people,False,0.700877,0.6,Q1
1971,clock,maple_tree,household_electrical_devices,trees,False,0.805133,0.789474,Q2
1972,clock,motorcycle,household_electrical_devices,vehicles_1,False,0.710248,0.454545,Q1
1973,clock,mountain,household_electrical_devices,large_natural_outdoor_scenes,False,0.841596,0.647059,Q2
1974,clock,mouse,household_electrical_devices,small_mammals,False,0.746279,0.666667,Q2
1975,clock,mushroom,household_electrical_devices,fruit_and_vegetables,False,0.793625,0.619048,Q2
1976,clock,oak_tree,household_electrical_devices,trees,False,0.794129,0.789474,Q2
1977,clock,orange,household_electrical_devices,fruit_and_vegetables,False,0.702797,0.652174,Q4
1978,clock,orchid,household_electrical_devices,flowers,False,0.873441,0.652174,Q2
1979,clock,otter,household_electrical_devices,aquatic_mammals,False,0.72908,0.809524,Q2
1980,clock,palm_tree,household_electrical_devices,trees,False,0.780688,0.777778,Q2
1981,clock,pear,household_electrical_devices,fruit_and_vegetables,False,0.712256,0.636364,Q2
1982,clock,pickup_truck,household_electrical_devices,vehicles_1,False,0.777891,0.454545,Q3
1983,clock,pine_tree,household_electrical_devices,trees,False,0.791953,0.666667,Q2
1984,clock,plain,household_electrical_devices,large_natural_outdoor_scenes,False,0.803332,0.625,Q2
1985,clock,plate,household_electrical_devices,food_containers,False,0.466844,0.52381,Q1
1986,clock,poppy,household_electrical_devices,flowers,False,0.848627,0.652174,Q2
1987,clock,porcupine,household_electrical_devices,medium_mammals,False,0.801725,0.666667,Q2
1988,clock,possum,household_electrical_devices,medium_mammals,False,0.755623,0.666667,Q2
1989,clock,rabbit,household_electrical_devices,small_mammals,False,0.724028,0.68,Q2
1990,clock,raccoon,household_electrical_devices,medium_mammals,False,0.762127,0.809524,Q2
1991,clock,ray,household_electrical_devices,fish,False,0.779772,0.894737,Q2
1992,clock,road,household_electrical_devices,large_man_made_outdoor_things,False,0.848617,0.444444,Q3
1993,clock,rocket,household_electrical_devices,vehicles_2,False,0.794537,0.4,Q3
1994,clock,rose,household_electrical_devices,flowers,False,0.811866,0.636364,Q2
1995,clock,sea,household_electrical_devices,large_natural_outdoor_scenes,False,0.822636,0.75,Q2
1996,clock,seal,household_electrical_devices,aquatic_mammals,False,0.770944,0.68,Q2
1997,clock,shark,household_electrical_devices,fish,False,0.808766,0.68,Q2
1998,clock,shrew,household_electrical_devices,small_mammals,False,0.769077,0.636364,Q2
1999,clock,skunk,household_electrical_devices,medium_mammals,False,0.798059,0.619048,Q2
2000,clock,skyscraper,household_electrical_devices,large_man_made_outdoor_things,False,0.817041,0.473684,Q3
2001,clock,snail,household_electrical_devices,non_insect_invertebrates,False,0.727223,0.636364,Q2
2002,clock,snake,household_electrical_devices,reptiles,False,0.715223,0.652174,Q2
2003,clock,spider,household_electrical_devices,non_insect_invertebrates,False,0.703385,0.636364,Q4
2004,clock,squirrel,household_electrical_devices,small_mammals,False,0.72402,0.666667,Q2
2005,clock,streetcar,household_electrical_devices,vehicles_2,False,0.827914,0.428571,Q3
2006,clock,sunflower,household_electrical_devices,flowers,False,0.862945,0.652174,Q2
2007,clock,sweet_pepper,household_electrical_devices,fruit_and_vegetables,False,0.770583,0.809524,Q2
2008,clock,table,household_electrical_devices,household_furniture,False,0.706849,0.882353,Q4
2009,clock,tank,household_electrical_devices,vehicles_2,False,0.765994,0.428571,Q3
2010,clock,telephone,household_electrical_devices,household_electrical_devices,True,0.62866,0.4,Q1
2011,clock,television,household_electrical_devices,household_electrical_devices,True,0.559404,0.428571,Q1
2012,clock,tiger,household_electrical_devices,large_carnivores,False,0.75583,0.578947,Q3
2013,clock,tractor,household_electrical_devices,vehicles_2,False,0.800138,0.428571,Q3
2014,clock,train,household_electrical_devices,vehicles_1,False,0.832796,0.4,Q3
2015,clock,trout,household_electrical_devices,fish,False,0.710575,0.777778,Q4
2016,clock,tulip,household_electrical_devices,flowers,False,0.847118,0.636364,Q2
2017,clock,turtle,household_electrical_devices,reptiles,False,0.801569,0.52381,Q3
2018,clock,wardrobe,household_electrical_devices,household_furniture,False,0.673091,0.4,Q1
2019,clock,whale,household_electrical_devices,aquatic_mammals,False,0.847649,0.6,Q3
2020,clock,willow_tree,household_electrical_devices,trees,False,0.805751,0.636364,Q2
2021,clock,wolf,household_electrical_devices,large_carnivores,False,0.75865,0.68,Q2
2022,clock,woman,household_electrical_devices,people,False,0.695761,0.6,Q1
2023,clock,worm,household_electrical_devices,non_insect_invertebrates,False,0.721061,0.6,Q3
2024,cloud,cockroach,large_natural_outdoor_scenes,insects,False,0.836814,0.789474,Q2
2025,cloud,couch,large_natural_outdoor_scenes,household_furniture,False,0.744896,0.764706,Q2
2026,cloud,crab,large_natural_outdoor_scenes,non_insect_invertebrates,False,0.725694,0.789474,Q2
2027,cloud,crocodile,large_natural_outdoor_scenes,reptiles,False,0.559621,0.8,Q4
2028,cloud,cup,large_natural_outdoor_scenes,food_containers,False,0.757581,0.733333,Q2
2029,cloud,dinosaur,large_natural_outdoor_scenes,reptiles,False,0.674244,0.8,Q4
2030,cloud,dolphin,large_natural_outdoor_scenes,aquatic_mammals,False,0.639202,0.826087,Q4
2031,cloud,elephant,large_natural_outdoor_scenes,large_omnivores_and_herbivores,False,0.640511,0.8,Q4
2032,cloud,flatfish,large_natural_outdoor_scenes,fish,False,0.562014,0.733333,Q4
2033,cloud,forest,large_natural_outdoor_scenes,large_natural_outdoor_scenes,True,0.398729,0.846154,Q4
2034,cloud,fox,large_natural_outdoor_scenes,medium_mammals,False,0.767987,0.809524,Q2
2035,cloud,girl,large_natural_outdoor_scenes,people,False,0.609286,0.714286,Q4
2036,cloud,hamster,large_natural_outdoor_scenes,small_mammals,False,0.817912,0.8,Q2
2037,cloud,house,large_natural_outdoor_scenes,large_man_made_outdoor_things,False,0.489465,0.733333,Q4
2038,cloud,kangaroo,large_natural_outdoor_scenes,large_omnivores_and_herbivores,False,0.683914,0.8,Q4
2039,cloud,keyboard,large_natural_outdoor_scenes,household_electrical_devices,False,0.724084,0.75,Q2
2040,cloud,lamp,large_natural_outdoor_scenes,household_electrical_devices,False,0.659825,0.75,Q4
2041,cloud,lawn_mower,large_natural_outdoor_scenes,vehicles_2,False,0.827094,0.764706,Q2
2042,cloud,leopard,large_natural_outdoor_scenes,large_carnivores,False,0.738399,0.764706,Q2
2043,cloud,lion,large_natural_outdoor_scenes,large_carnivores,False,0.76254,0.818182,Q2
2044,cloud,lizard,large_natural_outdoor_scenes,reptiles,False,0.688526,0.8,Q4
2045,cloud,lobster,large_natural_outdoor_scenes,non_insect_invertebrates,False,0.660908,0.733333,Q4
2046,cloud,man,large_natural_outdoor_scenes,people,False,0.573196,0.692308,Q4
2047,cloud,maple_tree,large_natural_outdoor_scenes,trees,False,0.442249,0.733333,Q4
2048,cloud,motorcycle,large_natural_outdoor_scenes,vehicles_1,False,0.799599,0.777778,Q2
2049,cloud,mountain,large_natural_outdoor_scenes,large_natural_outdoor_scenes,True,0.274847,0.692308,Q4
2050,cloud,mouse,large_natural_outdoor_scenes,small_mammals,False,0.696492,0.8,Q4
2051,cloud,mushroom,large_natural_outdoor_scenes,fruit_and_vegetables,False,0.758962,0.764706,Q2
2052,cloud,oak_tree,large_natural_outdoor_scenes,trees,False,0.412016,0.733333,Q4
2053,cloud,orange,large_natural_outdoor_scenes,fruit_and_vegetables,False,0.812432,0.75,Q2
2054,cloud,orchid,large_natural_outdoor_scenes,flowers,False,0.861925,0.789474,Q2
2055,cloud,otter,large_natural_outdoor_scenes,aquatic_mammals,False,0.546079,0.764706,Q4
2056,cloud,palm_tree,large_natural_outdoor_scenes,trees,False,0.484363,0.714286,Q4
2057,cloud,pear,large_natural_outdoor_scenes,fruit_and_vegetables,False,0.767727,0.733333,Q2
2058,cloud,pickup_truck,large_natural_outdoor_scenes,vehicles_1,False,0.663056,0.777778,Q4
2059,cloud,pine_tree,large_natural_outdoor_scenes,trees,False,0.361098,0.8,Q4
2060,cloud,plain,large_natural_outdoor_scenes,large_natural_outdoor_scenes,True,0.248875,0.666667,Q4
2061,cloud,plate,large_natural_outdoor_scenes,food_containers,False,0.720399,0.764706,Q2
2062,cloud,poppy,large_natural_outdoor_scenes,flowers,False,0.766204,0.789474,Q2
2063,cloud,porcupine,large_natural_outdoor_scenes,medium_mammals,False,0.692108,0.8,Q4
2064,cloud,possum,large_natural_outdoor_scenes,medium_mammals,False,0.753871,0.8,Q2
2065,cloud,rabbit,large_natural_outdoor_scenes,small_mammals,False,0.65509,0.809524,Q4
2066,cloud,raccoon,large_natural_outdoor_scenes,medium_mammals,False,0.731972,0.764706,Q2
2067,cloud,ray,large_natural_outdoor_scenes,fish,False,0.558193,0.866667,Q4
2068,cloud,road,large_natural_outdoor_scenes,large_man_made_outdoor_things,False,0.500653,0.714286,Q4
2069,cloud,rocket,large_natural_outdoor_scenes,vehicles_2,False,0.4142,0.75,Q4
2070,cloud,rose,large_natural_outdoor_scenes,flowers,False,0.759335,0.777778,Q2
2071,cloud,sea,large_natural_outdoor_scenes,large_natural_outdoor_scenes,True,0.197603,0.666667,Q4
2072,cloud,seal,large_natural_outdoor_scenes,aquatic_mammals,False,0.56649,0.809524,Q4
2073,cloud,shark,large_natural_outdoor_scenes,fish,False,0.586357,0.809524,Q4
2074,cloud,shrew,large_natural_outdoor_scenes,small_mammals,False,0.60824,0.733333,Q4
2075,cloud,skunk,large_natural_outdoor_scenes,medium_mammals,False,0.657027,0.714286,Q4
2076,cloud,skyscraper,large_natural_outdoor_scenes,large_man_made_outdoor_things,False,0.377543,0.733333,Q4
2077,cloud,snail,large_natural_outdoor_scenes,non_insect_invertebrates,False,0.721485,0.777778,Q2
2078,cloud,snake,large_natural_outdoor_scenes,reptiles,False,0.78051,0.789474,Q2
2079,cloud,spider,large_natural_outdoor_scenes,non_insect_invertebrates,False,0.665312,0.777778,Q4
2080,cloud,squirrel,large_natural_outdoor_scenes,small_mammals,False,0.667873,0.8,Q4
2081,cloud,streetcar,large_natural_outdoor_scenes,vehicles_2,False,0.671459,0.764706,Q4
2082,cloud,sunflower,large_natural_outdoor_scenes,flowers,False,0.751815,0.789474,Q2
2083,cloud,sweet_pepper,large_natural_outdoor_scenes,fruit_and_vegetables,False,0.84407,0.764706,Q2
2084,cloud,table,large_natural_outdoor_scenes,household_furniture,False,0.757594,0.846154,Q2
2085,cloud,tank,large_natural_outdoor_scenes,vehicles_2,False,0.593261,0.764706,Q4
2086,cloud,telephone,large_natural_outdoor_scenes,household_electrical_devices,False,0.838617,0.75,Q2
2087,cloud,television,large_natural_outdoor_scenes,household_electrical_devices,False,0.680609,0.764706,Q4
2088,cloud,tiger,large_natural_outdoor_scenes,large_carnivores,False,0.747876,0.666667,Q2
2089,cloud,tractor,large_natural_outdoor_scenes,vehicles_2,False,0.690114,0.764706,Q4
2090,cloud,train,large_natural_outdoor_scenes,vehicles_1,False,0.557749,0.75,Q4
2091,cloud,trout,large_natural_outdoor_scenes,fish,False,0.702561,0.714286,Q4
2092,cloud,tulip,large_natural_outdoor_scenes,flowers,False,0.774478,0.777778,Q2
2093,cloud,turtle,large_natural_outdoor_scenes,reptiles,False,0.64597,0.764706,Q4
2094,cloud,wardrobe,large_natural_outdoor_scenes,household_furniture,False,0.766318,0.75,Q2
2095,cloud,whale,large_natural_outdoor_scenes,aquatic_mammals,False,0.591396,0.692308,Q4
2096,cloud,willow_tree,large_natural_outdoor_scenes,trees,False,0.386978,0.777778,Q4
2097,cloud,wolf,large_natural_outdoor_scenes,large_carnivores,False,0.718001,0.809524,Q2
2098,cloud,woman,large_natural_outdoor_scenes,people,False,0.619871,0.692308,Q4
2099,cloud,worm,large_natural_outdoor_scenes,non_insect_invertebrates,False,0.643453,0.75,Q4
2100,cockroach,couch,insects,household_furniture,False,0.809515,0.636364,Q2
2101,cockroach,crab,insects,non_insect_invertebrates,False,0.489234,0.25,Q1
2102,cockroach,crocodile,insects,reptiles,False,0.744462,0.44,Q3
2103,cockroach,cup,insects,food_containers,False,0.835697,0.6,Q3
2104,cockroach,dinosaur,insects,reptiles,False,0.722094,0.44,Q3
2105,cockroach,dolphin,insects,aquatic_mammals,False,0.752376,0.5,Q3
2106,cockroach,elephant,insects,large_omnivores_and_herbivores,False,0.828897,0.44,Q3
2107,cockroach,flatfish,insects,fish,False,0.616971,0.8,Q4
2108,cockroach,forest,insects,large_natural_outdoor_scenes,False,0.818927,0.888889,Q2
2109,cockroach,fox,insects,medium_mammals,False,0.784664,0.461538,Q3
2110,cockroach,girl,insects,people,False,0.789723,0.454545,Q3
2111,cockroach,hamster,insects,small_mammals,False,0.742958,0.44,Q3
2112,cockroach,house,insects,large_man_made_outdoor_things,False,0.81196,0.6,Q3
2113,cockroach,kangaroo,insects,large_omnivores_and_herbivores,False,0.71851,0.44,Q3
2114,cockroach,keyboard,insects,household_electrical_devices,False,0.806354,0.619048,Q2
2115,cockroach,lamp,insects,household_electrical_devices,False,0.792604,0.619048,Q2
2116,cockroach,lawn_mower,insects,vehicles_2,False,0.808926,0.636364,Q2
2117,cockroach,leopard,insects,large_carnivores,False,0.822054,0.818182,Q2
2118,cockroach,lion,insects,large_carnivores,False,0.776189,0.481481,Q3
2119,cockroach,lizard,insects,reptiles,False,0.616957,0.44,Q1
2120,cockroach,lobster,insects,non_insect_invertebrates,False,0.493445,0.8,Q4
2121,cockroach,man,insects,people,False,0.771329,0.428571,Q3
2122,cockroach,maple_tree,insects,trees,False,0.803926,0.8,Q2
2123,cockroach,motorcycle,insects,vehicles_1,False,0.801752,0.652174,Q2
2124,cockroach,mountain,insects,large_natural_outdoor_scenes,False,0.856546,0.666667,Q2
2125,cockroach,mouse,insects,small_mammals,False,0.604572,0.44,Q1
2126,cockroach,mushroom,insects,fruit_and_vegetables,False,0.836115,0.454545,Q3
2127,cockroach,oak_tree,insects,trees,False,0.800884,0.8,Q2
2128,cockroach,orange,insects,fruit_and_vegetables,False,0.843764,0.666667,Q2
2129,cockroach,orchid,insects,flowers,False,0.883645,0.5,Q3
2130,cockroach,otter,insects,aquatic_mammals,False,0.675604,0.818182,Q4
2131,cockroach,palm_tree,insects,trees,False,0.858234,0.789474,Q2
2132,cockroach,pear,insects,fruit_and_vegetables,False,0.736943,0.652174,Q2
2133,cockroach,pickup_truck,insects,vehicles_1,False,0.860272,0.652174,Q2
2134,cockroach,pine_tree,insects,trees,False,0.804225,0.52,Q3
2135,cockroach,plain,insects,large_natural_outdoor_scenes,False,0.824768,0.647059,Q2
2136,cockroach,plate,insects,food_containers,False,0.750246,0.636364,Q2
2137,cockroach,poppy,insects,flowers,False,0.865328,0.5,Q3
2138,cockroach,porcupine,insects,medium_mammals,False,0.760488,0.44,Q3
2139,cockroach,possum,insects,medium_mammals,False,0.732197,0.44,Q3
2140,cockroach,rabbit,insects,small_mammals,False,0.698354,0.461538,Q1
2141,cockroach,raccoon,insects,medium_mammals,False,0.74469,0.818182,Q2
2142,cockroach,ray,insects,fish,False,0.691921,0.9,Q4
2143,cockroach,road,insects,large_man_made_outdoor_things,False,0.83725,0.578947,Q3
2144,cockroach,rocket,insects,vehicles_2,False,0.822891,0.619048,Q2
2145,cockroach,rose,insects,flowers,False,0.869523,0.478261,Q3
2146,cockroach,sea,insects,large_natural_outdoor_scenes,False,0.842479,0.764706,Q2
2147,cockroach,seal,insects,aquatic_mammals,False,0.700052,0.461538,Q1
2148,cockroach,shark,insects,fish,False,0.733561,0.461538,Q3
2149,cockroach,shrew,insects,small_mammals,False,0.640222,0.478261,Q1
2150,cockroach,skunk,insects,medium_mammals,False,0.779118,0.454545,Q3
2151,cockroach,skyscraper,insects,large_man_made_outdoor_things,False,0.851865,0.6,Q3
2152,cockroach,snail,insects,non_insect_invertebrates,False,0.645618,0.304348,Q1
2153,cockroach,snake,insects,reptiles,False,0.744085,0.416667,Q3
2154,cockroach,spider,insects,non_insect_invertebrates,False,0.446068,0.217391,Q1
2155,cockroach,squirrel,insects,small_mammals,False,0.747846,0.44,Q3
2156,cockroach,streetcar,insects,vehicles_2,False,0.797691,0.636364,Q2
2157,cockroach,sunflower,insects,flowers,False,0.771054,0.5,Q3
2158,cockroach,sweet_pepper,insects,fruit_and_vegetables,False,0.800599,0.818182,Q2
2159,cockroach,table,insects,household_furniture,False,0.796916,0.888889,Q2
2160,cockroach,tank,insects,vehicles_2,False,0.830365,0.636364,Q2
2161,cockroach,telephone,insects,household_electrical_devices,False,0.679367,0.619048,Q4
2162,cockroach,television,insects,household_electrical_devices,False,0.774908,0.636364,Q2
2163,cockroach,tiger,insects,large_carnivores,False,0.768441,0.4,Q3
2164,cockroach,tractor,insects,vehicles_2,False,0.80863,0.636364,Q2
2165,cockroach,train,insects,vehicles_1,False,0.754971,0.619048,Q2
2166,cockroach,trout,insects,fish,False,0.61919,0.789474,Q4
2167,cockroach,tulip,insects,flowers,False,0.827739,0.478261,Q3
2168,cockroach,turtle,insects,reptiles,False,0.629504,0.636364,Q4
2169,cockroach,wardrobe,insects,household_furniture,False,0.791091,0.619048,Q2
2170,cockroach,whale,insects,aquatic_mammals,False,0.726863,0.428571,Q3
2171,cockroach,willow_tree,insects,trees,False,0.795154,0.478261,Q3
2172,cockroach,wolf,insects,large_carnivores,False,0.77624,0.461538,Q3
2173,cockroach,woman,insects,people,False,0.757068,0.428571,Q3
2174,cockroach,worm,insects,non_insect_invertebrates,False,0.677548,0.238095,Q1
2175,couch,crab,household_furniture,non_insect_invertebrates,False,0.753142,0.636364,Q2
2176,couch,crocodile,household_furniture,reptiles,False,0.731759,0.652174,Q2
2177,couch,cup,household_furniture,food_containers,False,0.698274,0.333333,Q1
2178,couch,dinosaur,household_furniture,reptiles,False,0.69886,0.652174,Q4
2179,couch,dolphin,household_furniture,aquatic_mammals,False,0.834632,0.692308,Q2
2180,couch,elephant,household_furniture,large_omnivores_and_herbivores,False,0.745713,0.652174,Q2
2181,couch,flatfish,household_furniture,fish,False,0.700244,0.777778,Q4
2182,couch,forest,household_furniture,large_natural_outdoor_scenes,False,0.686628,0.875,Q4
2183,couch,fox,household_furniture,medium_mammals,False,0.776946,0.666667,Q2
2184,couch,girl,household_furniture,people,False,0.690817,0.6,Q1
2185,couch,hamster,household_furniture,small_mammals,False,0.795064,0.652174,Q2
2186,couch,house,household_furniture,large_man_made_outdoor_things,False,0.631309,0.444444,Q1
2187,couch,kangaroo,household_furniture,large_omnivores_and_herbivores,False,0.758732,0.652174,Q2
2188,couch,keyboard,household_furniture,household_electrical_devices,False,0.726223,0.368421,Q3
2189,couch,lamp,household_furniture,household_electrical_devices,False,0.571446,0.368421,Q1
2190,couch,lawn_mower,household_furniture,vehicles_2,False,0.744007,0.4,Q3
2191,couch,leopard,household_furniture,large_carnivores,False,0.776853,0.8,Q2
2192,couch,lion,household_furniture,large_carnivores,False,0.76745,0.68,Q2
2193,couch,lizard,household_furniture,reptiles,False,0.721175,0.652174,Q2
2194,couch,lobster,household_furniture,non_insect_invertebrates,False,0.730031,0.777778,Q2
2195,couch,man,household_furniture,people,False,0.641636,0.578947,Q1
2196,couch,maple_tree,household_furniture,trees,False,0.670881,0.777778,Q4
2197,couch,motorcycle,household_furniture,vehicles_1,False,0.740461,0.428571,Q3
2198,couch,mountain,household_furniture,large_natural_outdoor_scenes,False,0.788186,0.625,Q2
2199,couch,mouse,household_furniture,small_mammals,False,0.762326,0.652174,Q2
2200,couch,mushroom,household_furniture,fruit_and_vegetables,False,0.809387,0.6,Q3
2201,couch,oak_tree,household_furniture,trees,False,0.665873,0.777778,Q4
2202,couch,orange,household_furniture,fruit_and_vegetables,False,0.811238,0.636364,Q2
2203,couch,orchid,household_furniture,flowers,False,0.846444,0.636364,Q2
2204,couch,otter,household_furniture,aquatic_mammals,False,0.698121,0.8,Q4
2205,couch,palm_tree,household_furniture,trees,False,0.726044,0.764706,Q2
2206,couch,pear,household_furniture,fruit_and_vegetables,False,0.754207,0.619048,Q2
2207,couch,pickup_truck,household_furniture,vehicles_1,False,0.626079,0.428571,Q1
2208,couch,pine_tree,household_furniture,trees,False,0.680965,0.652174,Q4
2209,couch,plain,household_furniture,large_natural_outdoor_scenes,False,0.678803,0.6,Q1
2210,couch,plate,household_furniture,food_containers,False,0.735956,0.5,Q3
2211,couch,poppy,household_furniture,flowers,False,0.854389,0.636364,Q2
2212,couch,porcupine,household_furniture,medium_mammals,False,0.783266,0.652174,Q2
2213,couch,possum,household_furniture,medium_mammals,False,0.798709,0.652174,Q2
2214,couch,rabbit,household_furniture,small_mammals,False,0.705207,0.666667,Q4
2215,couch,raccoon,household_furniture,medium_mammals,False,0.760156,0.8,Q2
2216,couch,ray,household_furniture,fish,False,0.797254,0.888889,Q2
2217,couch,road,household_furniture,large_man_made_outdoor_things,False,0.758378,0.411765,Q3
2218,couch,rocket,household_furniture,vehicles_2,False,0.780361,0.368421,Q3
2219,couch,rose,household_furniture,flowers,False,0.830379,0.619048,Q2
2220,couch,sea,household_furniture,large_natural_outdoor_scenes,False,0.713049,0.733333,Q2
2221,couch,seal,household_furniture,aquatic_mammals,False,0.708065,0.666667,Q4
2222,couch,shark,household_furniture,fish,False,0.812445,0.666667,Q2
2223,couch,shrew,household_furniture,small_mammals,False,0.767689,0.619048,Q2
2224,couch,skunk,household_furniture,medium_mammals,False,0.762655,0.6,Q3
2225,couch,skyscraper,household_furniture,large_man_made_outdoor_things,False,0.731266,0.444444,Q3
2226,couch,snail,household_furniture,non_insect_invertebrates,False,0.814662,0.619048,Q2
2227,couch,snake,household_furniture,reptiles,False,0.807761,0.636364,Q2
2228,couch,spider,household_furniture,non_insect_invertebrates,False,0.801644,0.619048,Q2
2229,couch,squirrel,household_furniture,small_mammals,False,0.741638,0.652174,Q2
2230,couch,streetcar,household_furniture,vehicles_2,False,0.757833,0.4,Q3
2231,couch,sunflower,household_furniture,flowers,False,0.902101,0.636364,Q2
2232,couch,sweet_pepper,household_furniture,fruit_and_vegetables,False,0.829509,0.8,Q2
2233,couch,table,household_furniture,household_furniture,True,0.448188,0.875,Q4
2234,couch,tank,household_furniture,vehicles_2,False,0.673766,0.4,Q1
2235,couch,telephone,household_furniture,household_electrical_devices,False,0.769065,0.368421,Q3
2236,couch,television,household_furniture,household_electrical_devices,False,0.546347,0.4,Q1
2237,couch,tiger,household_furniture,large_carnivores,False,0.757521,0.555556,Q3
2238,couch,tractor,household_furniture,vehicles_2,False,0.683946,0.4,Q1
2239,couch,train,household_furniture,vehicles_1,False,0.720944,0.368421,Q3
2240,couch,trout,household_furniture,fish,False,0.752235,0.764706,Q2
2241,couch,tulip,household_furniture,flowers,False,0.815854,0.619048,Q2
2242,couch,turtle,household_furniture,reptiles,False,0.776688,0.5,Q3
2243,couch,wardrobe,household_furniture,household_furniture,True,0.534527,0.157895,Q1
2244,couch,whale,household_furniture,aquatic_mammals,False,0.790496,0.578947,Q3
2245,couch,willow_tree,household_furniture,trees,False,0.680456,0.619048,Q4
2246,couch,wolf,household_furniture,large_carnivores,False,0.746415,0.666667,Q2
2247,couch,woman,household_furniture,people,False,0.665383,0.578947,Q1
2248,couch,worm,household_furniture,non_insect_invertebrates,False,0.833942,0.578947,Q3
2249,crab,crocodile,non_insect_invertebrates,reptiles,False,0.469601,0.44,Q1
2250,crab,cup,non_insect_invertebrates,food_containers,False,0.717645,0.6,Q3
2251,crab,dinosaur,non_insect_invertebrates,reptiles,False,0.449996,0.44,Q1
2252,crab,dolphin,non_insect_invertebrates,aquatic_mammals,False,0.717994,0.5,Q3
2253,crab,elephant,non_insect_invertebrates,large_omnivores_and_herbivores,False,0.632598,0.44,Q1
2254,crab,flatfish,non_insect_invertebrates,fish,False,0.4747,0.8,Q4
2255,crab,forest,non_insect_invertebrates,large_natural_outdoor_scenes,False,0.680042,0.888889,Q4
2256,crab,fox,non_insect_invertebrates,medium_mammals,False,0.618665,0.461538,Q1
2257,crab,girl,non_insect_invertebrates,people,False,0.643052,0.454545,Q1
2258,crab,hamster,non_insect_invertebrates,small_mammals,False,0.646131,0.44,Q1
2259,crab,house,non_insect_invertebrates,large_man_made_outdoor_things,False,0.705163,0.6,Q1
2260,crab,kangaroo,non_insect_invertebrates,large_omnivores_and_herbivores,False,0.596342,0.44,Q1
2261,crab,keyboard,non_insect_invertebrates,household_electrical_devices,False,0.859283,0.619048,Q2
2262,crab,lamp,non_insect_invertebrates,household_electrical_devices,False,0.66779,0.619048,Q4
2263,crab,lawn_mower,non_insect_invertebrates,vehicles_2,False,0.760737,0.636364,Q2
2264,crab,leopard,non_insect_invertebrates,large_carnivores,False,0.629801,0.818182,Q4
2265,crab,lion,non_insect_invertebrates,large_carnivores,False,0.641831,0.481481,Q1
2266,crab,lizard,non_insect_invertebrates,reptiles,False,0.453697,0.44,Q1
2267,crab,lobster,non_insect_invertebrates,non_insect_invertebrates,True,0.16306,0.8,Q4
2268,crab,man,non_insect_invertebrates,people,False,0.642211,0.428571,Q1
2269,crab,maple_tree,non_insect_invertebrates,trees,False,0.721649,0.8,Q2
2270,crab,motorcycle,non_insect_invertebrates,vehicles_1,False,0.660996,0.652174,Q4
2271,crab,mountain,non_insect_invertebrates,large_natural_outdoor_scenes,False,0.747726,0.666667,Q2
2272,crab,mouse,non_insect_invertebrates,small_mammals,False,0.531536,0.44,Q1
2273,crab,mushroom,non_insect_invertebrates,fruit_and_vegetables,False,0.674654,0.454545,Q1
2274,crab,oak_tree,non_insect_invertebrates,trees,False,0.742248,0.8,Q2
2275,crab,orange,non_insect_invertebrates,fruit_and_vegetables,False,0.773809,0.666667,Q2
2276,crab,orchid,non_insect_invertebrates,flowers,False,0.742395,0.5,Q3
2277,crab,otter,non_insect_invertebrates,aquatic_mammals,False,0.496605,0.818182,Q4
2278,crab,palm_tree,non_insect_invertebrates,trees,False,0.700427,0.789474,Q4
2279,crab,pear,non_insect_invertebrates,fruit_and_vegetables,False,0.686209,0.652174,Q4
2280,crab,pickup_truck,non_insect_invertebrates,vehicles_1,False,0.745085,0.652174,Q2
2281,crab,pine_tree,non_insect_invertebrates,trees,False,0.691206,0.52,Q1
2282,crab,plain,non_insect_invertebrates,large_natural_outdoor_scenes,False,0.737292,0.647059,Q2
2283,crab,plate,non_insect_invertebrates,food_containers,False,0.60257,0.636364,Q4
2284,crab,poppy,non_insect_invertebrates,flowers,False,0.782789,0.5,Q3
2285,crab,porcupine,non_insect_invertebrates,medium_mammals,False,0.605361,0.44,Q1
2286,crab,possum,non_insect_invertebrates,medium_mammals,False,0.605188,0.44,Q1
2287,crab,rabbit,non_insect_invertebrates,small_mammals,False,0.565173,0.461538,Q1
2288,crab,raccoon,non_insect_invertebrates,medium_mammals,False,0.589477,0.818182,Q4
2289,crab,ray,non_insect_invertebrates,fish,False,0.550638,0.9,Q4
2290,crab,road,non_insect_invertebrates,large_man_made_outdoor_things,False,0.790068,0.578947,Q3
2291,crab,rocket,non_insect_invertebrates,vehicles_2,False,0.760961,0.619048,Q2
2292,crab,rose,non_insect_invertebrates,flowers,False,0.729694,0.478261,Q3
2293,crab,sea,non_insect_invertebrates,large_natural_outdoor_scenes,False,0.721601,0.764706,Q2
2294,crab,seal,non_insect_invertebrates,aquatic_mammals,False,0.546573,0.461538,Q1
2295,crab,shark,non_insect_invertebrates,fish,False,0.63556,0.461538,Q1
2296,crab,shrew,non_insect_invertebrates,small_mammals,False,0.494353,0.478261,Q1
2297,crab,skunk,non_insect_invertebrates,medium_mammals,False,0.634012,0.454545,Q1
2298,crab,skyscraper,non_insect_invertebrates,large_man_made_outdoor_things,False,0.777227,0.6,Q3
2299,crab,snail,non_insect_invertebrates,non_insect_invertebrates,True,0.540064,0.304348,Q1
2300,crab,snake,non_insect_invertebrates,reptiles,False,0.554824,0.416667,Q1
2301,crab,spider,non_insect_invertebrates,non_insect_invertebrates,True,0.32397,0.217391,Q1
2302,crab,squirrel,non_insect_invertebrates,small_mammals,False,0.541291,0.44,Q1
2303,crab,streetcar,non_insect_invertebrates,vehicles_2,False,0.733824,0.636364,Q2
2304,crab,sunflower,non_insect_invertebrates,flowers,False,0.795266,0.5,Q3
2305,crab,sweet_pepper,non_insect_invertebrates,fruit_and_vegetables,False,0.723812,0.818182,Q2
2306,crab,table,non_insect_invertebrates,household_furniture,False,0.656353,0.888889,Q4
2307,crab,tank,non_insect_invertebrates,vehicles_2,False,0.638578,0.636364,Q4
2308,crab,telephone,non_insect_invertebrates,household_electrical_devices,False,0.730778,0.619048,Q2
2309,crab,television,non_insect_invertebrates,household_electrical_devices,False,0.691518,0.636364,Q4
2310,crab,tiger,non_insect_invertebrates,large_carnivores,False,0.548597,0.4,Q1
2311,crab,tractor,non_insect_invertebrates,vehicles_2,False,0.680682,0.636364,Q4
2312,crab,train,non_insect_invertebrates,vehicles_1,False,0.683321,0.619048,Q4
2313,crab,trout,non_insect_invertebrates,fish,False,0.581105,0.789474,Q4
2314,crab,tulip,non_insect_invertebrates,flowers,False,0.741403,0.478261,Q3
2315,crab,turtle,non_insect_invertebrates,reptiles,False,0.388781,0.636364,Q4
2316,crab,wardrobe,non_insect_invertebrates,household_furniture,False,0.785675,0.619048,Q2
2317,crab,whale,non_insect_invertebrates,aquatic_mammals,False,0.721486,0.428571,Q3
2318,crab,willow_tree,non_insect_invertebrates,trees,False,0.696975,0.478261,Q1
2319,crab,wolf,non_insect_invertebrates,large_carnivores,False,0.648091,0.461538,Q1
2320,crab,woman,non_insect_invertebrates,people,False,0.646607,0.428571,Q1
2321,crab,worm,non_insect_invertebrates,non_insect_invertebrates,True,0.535516,0.238095,Q1
2322,crocodile,cup,reptiles,food_containers,False,0.747225,0.619048,Q2
2323,crocodile,dinosaur,reptiles,reptiles,True,0.34175,0.153846,Q1
2324,crocodile,dolphin,reptiles,aquatic_mammals,False,0.556589,0.37931,Q1
2325,crocodile,elephant,reptiles,large_omnivores_and_herbivores,False,0.492771,0.307692,Q1
2326,crocodile,flatfish,reptiles,fish,False,0.389993,0.809524,Q4
2327,crocodile,forest,reptiles,large_natural_outdoor_scenes,False,0.454161,0.894737,Q4
2328,crocodile,fox,reptiles,medium_mammals,False,0.555444,0.333333,Q1
2329,crocodile,girl,reptiles,people,False,0.605734,0.478261,Q1
2330,crocodile,hamster,reptiles,small_mammals,False,0.622535,0.307692,Q1
2331,crocodile,house,reptiles,large_man_made_outdoor_things,False,0.573171,0.619048,Q4
2332,crocodile,kangaroo,reptiles,large_omnivores_and_herbivores,False,0.433903,0.307692,Q1
2333,crocodile,keyboard,reptiles,household_electrical_devices,False,0.808393,0.636364,Q2
2334,crocodile,lamp,reptiles,household_electrical_devices,False,0.70303,0.636364,Q4
2335,crocodile,lawn_mower,reptiles,vehicles_2,False,0.770529,0.652174,Q2
2336,crocodile,leopard,reptiles,large_carnivores,False,0.416198,0.826087,Q4
2337,crocodile,lion,reptiles,large_carnivores,False,0.550114,0.357143,Q1
2338,crocodile,lizard,reptiles,reptiles,True,0.261578,0.153846,Q1
2339,crocodile,lobster,reptiles,non_insect_invertebrates,False,0.396843,0.809524,Q4
2340,crocodile,man,reptiles,people,False,0.584696,0.454545,Q1
2341,crocodile,maple_tree,reptiles,trees,False,0.585731,0.809524,Q4
2342,crocodile,motorcycle,reptiles,vehicles_1,False,0.705581,0.666667,Q4
2343,crocodile,mountain,reptiles,large_natural_outdoor_scenes,False,0.609413,0.684211,Q4
2344,crocodile,mouse,reptiles,small_mammals,False,0.408235,0.307692,Q1
2345,crocodile,mushroom,reptiles,fruit_and_vegetables,False,0.642126,0.478261,Q1
2346,crocodile,oak_tree,reptiles,trees,False,0.57841,0.809524,Q4
2347,crocodile,orange,reptiles,fruit_and_vegetables,False,0.851242,0.68,Q2
2348,crocodile,orchid,reptiles,flowers,False,0.786875,0.52,Q3
2349,crocodile,otter,reptiles,aquatic_mammals,False,0.22284,0.826087,Q4
2350,crocodile,palm_tree,reptiles,trees,False,0.633182,0.8,Q4
2351,crocodile,pear,reptiles,fruit_and_vegetables,False,0.689973,0.666667,Q4
2352,crocodile,pickup_truck,reptiles,vehicles_1,False,0.670313,0.666667,Q4
2353,crocodile,pine_tree,reptiles,trees,False,0.50733,0.538462,Q1
2354,crocodile,plain,reptiles,large_natural_outdoor_scenes,False,0.560195,0.666667,Q4
2355,crocodile,plate,reptiles,food_containers,False,0.702817,0.652174,Q4
2356,crocodile,poppy,reptiles,flowers,False,0.792257,0.52,Q3
2357,crocodile,porcupine,reptiles,medium_mammals,False,0.361104,0.307692,Q1
2358,crocodile,possum,reptiles,medium_mammals,False,0.405595,0.307692,Q1
2359,crocodile,rabbit,reptiles,small_mammals,False,0.439339,0.333333,Q1
2360,crocodile,raccoon,reptiles,medium_mammals,False,0.442912,0.826087,Q4
2361,crocodile,ray,reptiles,fish,False,0.432401,0.904762,Q4
2362,crocodile,road,reptiles,large_man_made_outdoor_things,False,0.652409,0.6,Q1
2363,crocodile,rocket,reptiles,vehicles_2,False,0.632976,0.636364,Q4
2364,crocodile,rose,reptiles,flowers,False,0.725521,0.5,Q3
2365,crocodile,sea,reptiles,large_natural_outdoor_scenes,False,0.58403,0.777778,Q4
2366,crocodile,seal,reptiles,aquatic_mammals,False,0.275718,0.333333,Q1
2367,crocodile,shark,reptiles,fish,False,0.512951,0.333333,Q1
2368,crocodile,shrew,reptiles,small_mammals,False,0.258664,0.5,Q1
2369,crocodile,skunk,reptiles,medium_mammals,False,0.446824,0.478261,Q1
2370,crocodile,skyscraper,reptiles,large_man_made_outdoor_things,False,0.661043,0.619048,Q4
2371,crocodile,snail,reptiles,non_insect_invertebrates,False,0.523357,0.416667,Q1
2372,crocodile,snake,reptiles,reptiles,True,0.545504,0.12,Q1
2373,crocodile,spider,reptiles,non_insect_invertebrates,False,0.587313,0.416667,Q1
2374,crocodile,squirrel,reptiles,small_mammals,False,0.350231,0.307692,Q1
2375,crocodile,streetcar,reptiles,vehicles_2,False,0.704847,0.652174,Q4
2376,crocodile,sunflower,reptiles,flowers,False,0.810827,0.52,Q3
2377,crocodile,sweet_pepper,reptiles,fruit_and_vegetables,False,0.828802,0.826087,Q2
2378,crocodile,table,reptiles,household_furniture,False,0.691583,0.894737,Q4
2379,crocodile,tank,reptiles,vehicles_2,False,0.490226,0.652174,Q4
2380,crocodile,telephone,reptiles,household_electrical_devices,False,0.772566,0.636364,Q2
2381,crocodile,television,reptiles,household_electrical_devices,False,0.684668,0.652174,Q4
2382,crocodile,tiger,reptiles,large_carnivores,False,0.49922,0.428571,Q1
2383,crocodile,tractor,reptiles,vehicles_2,False,0.683648,0.652174,Q4
2384,crocodile,train,reptiles,vehicles_1,False,0.61191,0.636364,Q4
2385,crocodile,trout,reptiles,fish,False,0.489642,0.8,Q4
2386,crocodile,tulip,reptiles,flowers,False,0.760195,0.5,Q3
2387,crocodile,turtle,reptiles,reptiles,True,0.376028,0.652174,Q4
2388,crocodile,wardrobe,reptiles,household_furniture,False,0.759154,0.636364,Q2
2389,crocodile,whale,reptiles,aquatic_mammals,False,0.54727,0.454545,Q1
2390,crocodile,willow_tree,reptiles,trees,False,0.479202,0.5,Q1
2391,crocodile,wolf,reptiles,large_carnivores,False,0.47101,0.333333,Q1
2392,crocodile,woman,reptiles,people,False,0.630956,0.454545,Q1
2393,crocodile,worm,reptiles,non_insect_invertebrates,False,0.625804,0.363636,Q1
2394,cup,dinosaur,food_containers,reptiles,False,0.689133,0.619048,Q4
2395,cup,dolphin,food_containers,aquatic_mammals,False,0.816465,0.666667,Q2
2396,cup,elephant,food_containers,large_omnivores_and_herbivores,False,0.840965,0.619048,Q2
2397,cup,flatfish,food_containers,fish,False,0.683522,0.75,Q4
2398,cup,forest,food_containers,large_natural_outdoor_scenes,False,0.780499,0.857143,Q2
2399,cup,fox,food_containers,medium_mammals,False,0.796658,0.636364,Q2
2400,cup,girl,food_containers,people,False,0.737818,0.555556,Q3
2401,cup,hamster,food_containers,small_mammals,False,0.791541,0.619048,Q2
2402,cup,house,food_containers,large_man_made_outdoor_things,False,0.780128,0.375,Q3
2403,cup,kangaroo,food_containers,large_omnivores_and_herbivores,False,0.747051,0.619048,Q2
2404,cup,keyboard,food_containers,household_electrical_devices,False,0.833535,0.294118,Q3
2405,cup,lamp,food_containers,household_electrical_devices,False,0.325746,0.294118,Q1
2406,cup,lawn_mower,food_containers,vehicles_2,False,0.816705,0.333333,Q3
2407,cup,leopard,food_containers,large_carnivores,False,0.78131,0.777778,Q2
2408,cup,lion,food_containers,large_carnivores,False,0.817291,0.652174,Q2
2409,cup,lizard,food_containers,reptiles,False,0.73261,0.619048,Q2
2410,cup,lobster,food_containers,non_insect_invertebrates,False,0.681516,0.75,Q4
2411,cup,man,food_containers,people,False,0.684468,0.529412,Q1
2412,cup,maple_tree,food_containers,trees,False,0.755162,0.75,Q2
2413,cup,motorcycle,food_containers,vehicles_1,False,0.761675,0.263158,Q3
2414,cup,mountain,food_containers,large_natural_outdoor_scenes,False,0.790862,0.571429,Q3
2415,cup,mouse,food_containers,small_mammals,False,0.739821,0.619048,Q2
2416,cup,mushroom,food_containers,fruit_and_vegetables,False,0.722642,0.555556,Q3
2417,cup,oak_tree,food_containers,trees,False,0.769762,0.75,Q2
2418,cup,orange,food_containers,fruit_and_vegetables,False,0.775612,0.6,Q3
2419,cup,orchid,food_containers,flowers,False,0.844147,0.6,Q3
2420,cup,otter,food_containers,aquatic_mammals,False,0.724101,0.777778,Q2
2421,cup,palm_tree,food_containers,trees,False,0.803969,0.733333,Q2
2422,cup,pear,food_containers,fruit_and_vegetables,False,0.678619,0.578947,Q1
2423,cup,pickup_truck,food_containers,vehicles_1,False,0.75143,0.263158,Q3
2424,cup,pine_tree,food_containers,trees,False,0.731073,0.619048,Q2
2425,cup,plain,food_containers,large_natural_outdoor_scenes,False,0.789188,0.538462,Q3
2426,cup,plate,food_containers,food_containers,True,0.544535,0.2,Q1
2427,cup,poppy,food_containers,flowers,False,0.780116,0.6,Q3
2428,cup,porcupine,food_containers,medium_mammals,False,0.785011,0.619048,Q2
2429,cup,possum,food_containers,medium_mammals,False,0.758214,0.619048,Q2
2430,cup,rabbit,food_containers,small_mammals,False,0.738969,0.636364,Q2
2431,cup,raccoon,food_containers,medium_mammals,False,0.795546,0.777778,Q2
2432,cup,ray,food_containers,fish,False,0.725563,0.875,Q2
2433,cup,road,food_containers,large_man_made_outdoor_things,False,0.837104,0.333333,Q3
2434,cup,rocket,food_containers,vehicles_2,False,0.689778,0.294118,Q1
2435,cup,rose,food_containers,flowers,False,0.765264,0.578947,Q3
2436,cup,sea,food_containers,large_natural_outdoor_scenes,False,0.785977,0.692308,Q2
2437,cup,seal,food_containers,aquatic_mammals,False,0.75501,0.636364,Q2
2438,cup,shark,food_containers,fish,False,0.769384,0.636364,Q2
2439,cup,shrew,food_containers,small_mammals,False,0.750208,0.578947,Q3
2440,cup,skunk,food_containers,medium_mammals,False,0.770769,0.555556,Q3
2441,cup,skyscraper,food_containers,large_man_made_outdoor_things,False,0.776036,0.375,Q3
2442,cup,snail,food_containers,non_insect_invertebrates,False,0.717458,0.578947,Q3
2443,cup,snake,food_containers,reptiles,False,0.779973,0.6,Q3
2444,cup,spider,food_containers,non_insect_invertebrates,False,0.746644,0.578947,Q3
2445,cup,squirrel,food_containers,small_mammals,False,0.776473,0.619048,Q2
2446,cup,streetcar,food_containers,vehicles_2,False,0.784902,0.222222,Q3
2447,cup,sunflower,food_containers,flowers,False,0.903252,0.6,Q3
2448,cup,sweet_pepper,food_containers,fruit_and_vegetables,False,0.802786,0.777778,Q2
2449,cup,table,food_containers,household_furniture,False,0.566334,0.857143,Q4
2450,cup,tank,food_containers,vehicles_2,False,0.781559,0.263158,Q3
2451,cup,telephone,food_containers,household_electrical_devices,False,0.784469,0.294118,Q3
2452,cup,television,food_containers,household_electrical_devices,False,0.67588,0.333333,Q1
2453,cup,tiger,food_containers,large_carnivores,False,0.80849,0.5,Q3
2454,cup,tractor,food_containers,vehicles_2,False,0.850058,0.222222,Q3
2455,cup,train,food_containers,vehicles_1,False,0.798608,0.294118,Q3
2456,cup,trout,food_containers,fish,False,0.756197,0.733333,Q2
2457,cup,tulip,food_containers,flowers,False,0.716571,0.578947,Q3
2458,cup,turtle,food_containers,reptiles,False,0.745746,0.444444,Q3
2459,cup,wardrobe,food_containers,household_furniture,False,0.757548,0.294118,Q3
2460,cup,whale,food_containers,aquatic_mammals,False,0.785329,0.529412,Q3
2461,cup,willow_tree,food_containers,trees,False,0.733988,0.578947,Q3
2462,cup,wolf,food_containers,large_carnivores,False,0.806575,0.636364,Q2
2463,cup,woman,food_containers,people,False,0.716951,0.529412,Q3
2464,cup,worm,food_containers,non_insect_invertebrates,False,0.73786,0.529412,Q3
2465,dinosaur,dolphin,reptiles,aquatic_mammals,False,0.664176,0.37931,Q1
2466,dinosaur,elephant,reptiles,large_omnivores_and_herbivores,False,0.403892,0.307692,Q1
2467,dinosaur,flatfish,reptiles,fish,False,0.489243,0.809524,Q4
2468,dinosaur,forest,reptiles,large_natural_outdoor_scenes,False,0.600099,0.894737,Q4
2469,dinosaur,fox,reptiles,medium_mammals,False,0.545131,0.333333,Q1
2470,dinosaur,girl,reptiles,people,False,0.614914,0.478261,Q1
2471,dinosaur,hamster,reptiles,small_mammals,False,0.645766,0.307692,Q1
2472,dinosaur,house,reptiles,large_man_made_outdoor_things,False,0.617436,0.619048,Q4
2473,dinosaur,kangaroo,reptiles,large_omnivores_and_herbivores,False,0.423466,0.307692,Q1
2474,dinosaur,keyboard,reptiles,household_electrical_devices,False,0.815222,0.636364,Q2
2475,dinosaur,lamp,reptiles,household_electrical_devices,False,0.598762,0.636364,Q4
2476,dinosaur,lawn_mower,reptiles,vehicles_2,False,0.790493,0.652174,Q2
2477,dinosaur,leopard,reptiles,large_carnivores,False,0.496027,0.826087,Q4
2478,dinosaur,lion,reptiles,large_carnivores,False,0.563964,0.357143,Q1
2479,dinosaur,lizard,reptiles,reptiles,True,0.316047,0.153846,Q1
2480,dinosaur,lobster,reptiles,non_insect_invertebrates,False,0.404389,0.809524,Q4
2481,dinosaur,man,reptiles,people,False,0.629842,0.454545,Q1
2482,dinosaur,maple_tree,reptiles,trees,False,0.631995,0.809524,Q4
2483,dinosaur,motorcycle,reptiles,vehicles_1,False,0.688357,0.666667,Q4
2484,dinosaur,mountain,reptiles,large_natural_outdoor_scenes,False,0.688538,0.684211,Q4
2485,dinosaur,mouse,reptiles,small_mammals,False,0.469661,0.307692,Q1
2486,dinosaur,mushroom,reptiles,fruit_and_vegetables,False,0.692295,0.478261,Q1
2487,dinosaur,oak_tree,reptiles,trees,False,0.64539,0.809524,Q4
2488,dinosaur,orange,reptiles,fruit_and_vegetables,False,0.822979,0.68,Q2
2489,dinosaur,orchid,reptiles,flowers,False,0.753806,0.52,Q3
2490,dinosaur,otter,reptiles,aquatic_mammals,False,0.385585,0.826087,Q4
2491,dinosaur,palm_tree,reptiles,trees,False,0.631566,0.8,Q4
2492,dinosaur,pear,reptiles,fruit_and_vegetables,False,0.615124,0.666667,Q4
2493,dinosaur,pickup_truck,reptiles,vehicles_1,False,0.667114,0.666667,Q4
2494,dinosaur,pine_tree,reptiles,trees,False,0.605826,0.538462,Q1
2495,dinosaur,plain,reptiles,large_natural_outdoor_scenes,False,0.668635,0.666667,Q4
2496,dinosaur,plate,reptiles,food_containers,False,0.649567,0.652174,Q4
2497,dinosaur,poppy,reptiles,flowers,False,0.837602,0.52,Q3
2498,dinosaur,porcupine,reptiles,medium_mammals,False,0.519808,0.307692,Q1
2499,dinosaur,possum,reptiles,medium_mammals,False,0.48316,0.307692,Q1
2500,dinosaur,rabbit,reptiles,small_mammals,False,0.515581,0.333333,Q1
2501,dinosaur,raccoon,reptiles,medium_mammals,False,0.503048,0.826087,Q4
2502,dinosaur,ray,reptiles,fish,False,0.59659,0.904762,Q4
2503,dinosaur,road,reptiles,large_man_made_outdoor_things,False,0.754151,0.6,Q3
2504,dinosaur,rocket,reptiles,vehicles_2,False,0.714205,0.636364,Q2
2505,dinosaur,rose,reptiles,flowers,False,0.773781,0.5,Q3
2506,dinosaur,sea,reptiles,large_natural_outdoor_scenes,False,0.728752,0.777778,Q2
2507,dinosaur,seal,reptiles,aquatic_mammals,False,0.473339,0.333333,Q1
2508,dinosaur,shark,reptiles,fish,False,0.630472,0.333333,Q1
2509,dinosaur,shrew,reptiles,small_mammals,False,0.437733,0.5,Q1
2510,dinosaur,skunk,reptiles,medium_mammals,False,0.571913,0.478261,Q1
2511,dinosaur,skyscraper,reptiles,large_man_made_outdoor_things,False,0.676749,0.619048,Q4
2512,dinosaur,snail,reptiles,non_insect_invertebrates,False,0.596104,0.416667,Q1
2513,dinosaur,snake,reptiles,reptiles,True,0.602025,0.12,Q1
2514,dinosaur,spider,reptiles,non_insect_invertebrates,False,0.613694,0.416667,Q1
2515,dinosaur,squirrel,reptiles,small_mammals,False,0.43366,0.307692,Q1
2516,dinosaur,streetcar,reptiles,vehicles_2,False,0.710014,0.652174,Q4
2517,dinosaur,sunflower,reptiles,flowers,False,0.796631,0.52,Q3
2518,dinosaur,sweet_pepper,reptiles,fruit_and_vegetables,False,0.762438,0.826087,Q2
2519,dinosaur,table,reptiles,household_furniture,False,0.640148,0.894737,Q4
2520,dinosaur,tank,reptiles,vehicles_2,False,0.564776,0.652174,Q4
2521,dinosaur,telephone,reptiles,household_electrical_devices,False,0.744394,0.636364,Q2
2522,dinosaur,television,reptiles,household_electrical_devices,False,0.674775,0.652174,Q4
2523,dinosaur,tiger,reptiles,large_carnivores,False,0.530684,0.428571,Q1
2524,dinosaur,tractor,reptiles,vehicles_2,False,0.674274,0.652174,Q4
2525,dinosaur,train,reptiles,vehicles_1,False,0.666168,0.636364,Q4
2526,dinosaur,trout,reptiles,fish,False,0.536547,0.8,Q4
2527,dinosaur,tulip,reptiles,flowers,False,0.768194,0.5,Q3
2528,dinosaur,turtle,reptiles,reptiles,True,0.462812,0.652174,Q4
2529,dinosaur,wardrobe,reptiles,household_furniture,False,0.755727,0.636364,Q2
2530,dinosaur,whale,reptiles,aquatic_mammals,False,0.670329,0.454545,Q1
2531,dinosaur,willow_tree,reptiles,trees,False,0.600561,0.5,Q1
2532,dinosaur,wolf,reptiles,large_carnivores,False,0.581318,0.333333,Q1
2533,dinosaur,woman,reptiles,people,False,0.614146,0.454545,Q1
2534,dinosaur,worm,reptiles,non_insect_invertebrates,False,0.578077,0.363636,Q1
2535,dolphin,elephant,aquatic_mammals,large_omnivores_and_herbivores,False,0.720585,0.241379,Q3
2536,dolphin,flatfish,aquatic_mammals,fish,False,0.520265,0.833333,Q4
2537,dolphin,forest,aquatic_mammals,large_natural_outdoor_scenes,False,0.767823,0.909091,Q2
2538,dolphin,fox,aquatic_mammals,medium_mammals,False,0.767124,0.266667,Q3
2539,dolphin,girl,aquatic_mammals,people,False,0.765843,0.538462,Q3
2540,dolphin,hamster,aquatic_mammals,small_mammals,False,0.773114,0.241379,Q3
2541,dolphin,house,aquatic_mammals,large_man_made_outdoor_things,False,0.743747,0.666667,Q2
2542,dolphin,kangaroo,aquatic_mammals,large_omnivores_and_herbivores,False,0.623108,0.310345,Q1
2543,dolphin,keyboard,aquatic_mammals,household_electrical_devices,False,0.817,0.68,Q2
2544,dolphin,lamp,aquatic_mammals,household_electrical_devices,False,0.783347,0.68,Q2
2545,dolphin,lawn_mower,aquatic_mammals,vehicles_2,False,0.843301,0.692308,Q2
2546,dolphin,leopard,aquatic_mammals,large_carnivores,False,0.755024,0.846154,Q2
2547,dolphin,lion,aquatic_mammals,large_carnivores,False,0.798517,0.290323,Q3
2548,dolphin,lizard,aquatic_mammals,reptiles,False,0.656357,0.37931,Q1
2549,dolphin,lobster,aquatic_mammals,non_insect_invertebrates,False,0.674732,0.833333,Q4
2550,dolphin,man,aquatic_mammals,people,False,0.758323,0.52,Q3
2551,dolphin,maple_tree,aquatic_mammals,trees,False,0.817744,0.833333,Q2
2552,dolphin,motorcycle,aquatic_mammals,vehicles_1,False,0.795047,0.703704,Q2
2553,dolphin,mountain,aquatic_mammals,large_natural_outdoor_scenes,False,0.65982,0.727273,Q4
2554,dolphin,mouse,aquatic_mammals,small_mammals,False,0.642614,0.241379,Q1
2555,dolphin,mushroom,aquatic_mammals,fruit_and_vegetables,False,0.834464,0.538462,Q3
2556,dolphin,oak_tree,aquatic_mammals,trees,False,0.807376,0.833333,Q2
2557,dolphin,orange,aquatic_mammals,fruit_and_vegetables,False,0.899031,0.714286,Q2
2558,dolphin,orchid,aquatic_mammals,flowers,False,0.836633,0.571429,Q3
2559,dolphin,otter,aquatic_mammals,aquatic_mammals,True,0.432433,0.846154,Q4
2560,dolphin,palm_tree,aquatic_mammals,trees,False,0.78263,0.826087,Q2
2561,dolphin,pear,aquatic_mammals,fruit_and_vegetables,False,0.785706,0.703704,Q2
2562,dolphin,pickup_truck,aquatic_mammals,vehicles_1,False,0.80182,0.703704,Q2
2563,dolphin,pine_tree,aquatic_mammals,trees,False,0.771754,0.586207,Q3
2564,dolphin,plain,aquatic_mammals,large_natural_outdoor_scenes,False,0.742856,0.714286,Q2
2565,dolphin,plate,aquatic_mammals,food_containers,False,0.831335,0.692308,Q2
2566,dolphin,poppy,aquatic_mammals,flowers,False,0.894252,0.571429,Q3
2567,dolphin,porcupine,aquatic_mammals,medium_mammals,False,0.700827,0.241379,Q1
2568,dolphin,possum,aquatic_mammals,medium_mammals,False,0.67412,0.310345,Q1
2569,dolphin,rabbit,aquatic_mammals,small_mammals,False,0.645615,0.266667,Q1
2570,dolphin,raccoon,aquatic_mammals,medium_mammals,False,0.679116,0.846154,Q4
2571,dolphin,ray,aquatic_mammals,fish,False,0.47224,0.916667,Q4
2572,dolphin,road,aquatic_mammals,large_man_made_outdoor_things,False,0.799839,0.652174,Q2
2573,dolphin,rocket,aquatic_mammals,vehicles_2,False,0.662872,0.68,Q4
2574,dolphin,rose,aquatic_mammals,flowers,False,0.841031,0.555556,Q3
2575,dolphin,sea,aquatic_mammals,large_natural_outdoor_scenes,False,0.555564,0.809524,Q4
2576,dolphin,seal,aquatic_mammals,aquatic_mammals,True,0.423068,0.2,Q1
2577,dolphin,shark,aquatic_mammals,fish,False,0.229144,0.4,Q1
2578,dolphin,shrew,aquatic_mammals,small_mammals,False,0.61189,0.555556,Q1
2579,dolphin,skunk,aquatic_mammals,medium_mammals,False,0.686909,0.538462,Q1
2580,dolphin,skyscraper,aquatic_mammals,large_man_made_outdoor_things,False,0.717328,0.666667,Q2
2581,dolphin,snail,aquatic_mammals,non_insect_invertebrates,False,0.766033,0.481481,Q3
2582,dolphin,snake,aquatic_mammals,reptiles,False,0.766472,0.357143,Q3
2583,dolphin,spider,aquatic_mammals,non_insect_invertebrates,False,0.702002,0.481481,Q1
2584,dolphin,squirrel,aquatic_mammals,small_mammals,False,0.665525,0.241379,Q1
2585,dolphin,streetcar,aquatic_mammals,vehicles_2,False,0.839883,0.692308,Q2
2586,dolphin,sunflower,aquatic_mammals,flowers,False,0.900394,0.571429,Q3
2587,dolphin,sweet_pepper,aquatic_mammals,fruit_and_vegetables,False,0.906013,0.846154,Q2
2588,dolphin,table,aquatic_mammals,household_furniture,False,0.831055,0.909091,Q2
2589,dolphin,tank,aquatic_mammals,vehicles_2,False,0.797728,0.692308,Q2
2590,dolphin,telephone,aquatic_mammals,household_electrical_devices,False,0.776761,0.68,Q2
2591,dolphin,television,aquatic_mammals,household_electrical_devices,False,0.79807,0.692308,Q2
2592,dolphin,tiger,aquatic_mammals,large_carnivores,False,0.799974,0.5,Q3
2593,dolphin,tractor,aquatic_mammals,vehicles_2,False,0.858085,0.692308,Q2
2594,dolphin,train,aquatic_mammals,vehicles_1,False,0.807712,0.68,Q2
2595,dolphin,trout,aquatic_mammals,fish,False,0.487455,0.826087,Q4
2596,dolphin,tulip,aquatic_mammals,flowers,False,0.841888,0.555556,Q3
2597,dolphin,turtle,aquatic_mammals,reptiles,False,0.493183,0.692308,Q4
2598,dolphin,wardrobe,aquatic_mammals,household_furniture,False,0.861218,0.68,Q2
2599,dolphin,whale,aquatic_mammals,aquatic_mammals,True,0.0758,0.52,Q1
2600,dolphin,willow_tree,aquatic_mammals,trees,False,0.768833,0.555556,Q3
2601,dolphin,wolf,aquatic_mammals,large_carnivores,False,0.699446,0.266667,Q1
2602,dolphin,woman,aquatic_mammals,people,False,0.77846,0.52,Q3
2603,dolphin,worm,aquatic_mammals,non_insect_invertebrates,False,0.733203,0.44,Q3
2604,elephant,flatfish,large_omnivores_and_herbivores,fish,False,0.597208,0.809524,Q4
2605,elephant,forest,large_omnivores_and_herbivores,large_natural_outdoor_scenes,False,0.557055,0.894737,Q4
2606,elephant,fox,large_omnivores_and_herbivores,medium_mammals,False,0.70435,0.185185,Q1
2607,elephant,girl,large_omnivores_and_herbivores,people,False,0.663171,0.478261,Q1
2608,elephant,hamster,large_omnivores_and_herbivores,small_mammals,False,0.750017,0.153846,Q3
2609,elephant,house,large_omnivores_and_herbivores,large_man_made_outdoor_things,False,0.601057,0.619048,Q4
2610,elephant,kangaroo,large_omnivores_and_herbivores,large_omnivores_and_herbivores,True,0.540824,0.230769,Q1
2611,elephant,keyboard,large_omnivores_and_herbivores,household_electrical_devices,False,0.831721,0.636364,Q2
2612,elephant,lamp,large_omnivores_and_herbivores,household_electrical_devices,False,0.766698,0.636364,Q2
2613,elephant,lawn_mower,large_omnivores_and_herbivores,vehicles_2,False,0.871201,0.652174,Q2
2614,elephant,leopard,large_omnivores_and_herbivores,large_carnivores,False,0.575276,0.826087,Q4
2615,elephant,lion,large_omnivores_and_herbivores,large_carnivores,False,0.574369,0.214286,Q1
2616,elephant,lizard,large_omnivores_and_herbivores,reptiles,False,0.612958,0.307692,Q1
2617,elephant,lobster,large_omnivores_and_herbivores,non_insect_invertebrates,False,0.650646,0.809524,Q4
2618,elephant,man,large_omnivores_and_herbivores,people,False,0.662946,0.454545,Q1
2619,elephant,maple_tree,large_omnivores_and_herbivores,trees,False,0.614455,0.809524,Q4
2620,elephant,motorcycle,large_omnivores_and_herbivores,vehicles_1,False,0.769927,0.666667,Q2
2621,elephant,mountain,large_omnivores_and_herbivores,large_natural_outdoor_scenes,False,0.655426,0.684211,Q4
2622,elephant,mouse,large_omnivores_and_herbivores,small_mammals,False,0.608702,0.153846,Q1
2623,elephant,mushroom,large_omnivores_and_herbivores,fruit_and_vegetables,False,0.707896,0.478261,Q1
2624,elephant,oak_tree,large_omnivores_and_herbivores,trees,False,0.568735,0.809524,Q4
2625,elephant,orange,large_omnivores_and_herbivores,fruit_and_vegetables,False,0.885519,0.68,Q2
2626,elephant,orchid,large_omnivores_and_herbivores,flowers,False,0.783454,0.52,Q3
2627,elephant,otter,large_omnivores_and_herbivores,aquatic_mammals,False,0.465386,0.826087,Q4
2628,elephant,palm_tree,large_omnivores_and_herbivores,trees,False,0.614449,0.8,Q4
2629,elephant,pear,large_omnivores_and_herbivores,fruit_and_vegetables,False,0.781977,0.666667,Q2
2630,elephant,pickup_truck,large_omnivores_and_herbivores,vehicles_1,False,0.651255,0.666667,Q4
2631,elephant,pine_tree,large_omnivores_and_herbivores,trees,False,0.578846,0.538462,Q1
2632,elephant,plain,large_omnivores_and_herbivores,large_natural_outdoor_scenes,False,0.571753,0.666667,Q4
2633,elephant,plate,large_omnivores_and_herbivores,food_containers,False,0.754678,0.652174,Q2
2634,elephant,poppy,large_omnivores_and_herbivores,flowers,False,0.826739,0.52,Q3
2635,elephant,porcupine,large_omnivores_and_herbivores,medium_mammals,False,0.544704,0.153846,Q1
2636,elephant,possum,large_omnivores_and_herbivores,medium_mammals,False,0.578674,0.230769,Q1
2637,elephant,rabbit,large_omnivores_and_herbivores,small_mammals,False,0.592469,0.185185,Q1
2638,elephant,raccoon,large_omnivores_and_herbivores,medium_mammals,False,0.561002,0.826087,Q4
2639,elephant,ray,large_omnivores_and_herbivores,fish,False,0.686809,0.904762,Q4
2640,elephant,road,large_omnivores_and_herbivores,large_man_made_outdoor_things,False,0.694814,0.6,Q1
2641,elephant,rocket,large_omnivores_and_herbivores,vehicles_2,False,0.753525,0.636364,Q2
2642,elephant,rose,large_omnivores_and_herbivores,flowers,False,0.817986,0.5,Q3
2643,elephant,sea,large_omnivores_and_herbivores,large_natural_outdoor_scenes,False,0.684142,0.777778,Q4
2644,elephant,seal,large_omnivores_and_herbivores,aquatic_mammals,False,0.505719,0.185185,Q1
2645,elephant,shark,large_omnivores_and_herbivores,fish,False,0.745625,0.333333,Q3
2646,elephant,shrew,large_omnivores_and_herbivores,small_mammals,False,0.528193,0.5,Q1
2647,elephant,skunk,large_omnivores_and_herbivores,medium_mammals,False,0.595669,0.478261,Q1
2648,elephant,skyscraper,large_omnivores_and_herbivores,large_man_made_outdoor_things,False,0.668972,0.619048,Q4
2649,elephant,snail,large_omnivores_and_herbivores,non_insect_invertebrates,False,0.660779,0.416667,Q1
2650,elephant,snake,large_omnivores_and_herbivores,reptiles,False,0.714072,0.28,Q3
2651,elephant,spider,large_omnivores_and_herbivores,non_insect_invertebrates,False,0.695845,0.416667,Q1
2652,elephant,squirrel,large_omnivores_and_herbivores,small_mammals,False,0.567126,0.153846,Q1
2653,elephant,streetcar,large_omnivores_and_herbivores,vehicles_2,False,0.675698,0.652174,Q4
2654,elephant,sunflower,large_omnivores_and_herbivores,flowers,False,0.826434,0.52,Q3
2655,elephant,sweet_pepper,large_omnivores_and_herbivores,fruit_and_vegetables,False,0.773624,0.826087,Q2
2656,elephant,table,large_omnivores_and_herbivores,household_furniture,False,0.730684,0.894737,Q2
2657,elephant,tank,large_omnivores_and_herbivores,vehicles_2,False,0.605366,0.652174,Q4
2658,elephant,telephone,large_omnivores_and_herbivores,household_electrical_devices,False,0.800417,0.636364,Q2
2659,elephant,television,large_omnivores_and_herbivores,household_electrical_devices,False,0.745669,0.652174,Q2
2660,elephant,tiger,large_omnivores_and_herbivores,large_carnivores,False,0.645759,0.428571,Q1
2661,elephant,tractor,large_omnivores_and_herbivores,vehicles_2,False,0.669769,0.652174,Q4
2662,elephant,train,large_omnivores_and_herbivores,vehicles_1,False,0.59835,0.636364,Q4
2663,elephant,trout,large_omnivores_and_herbivores,fish,False,0.738665,0.8,Q2
2664,elephant,tulip,large_omnivores_and_herbivores,flowers,False,0.773185,0.5,Q3
2665,elephant,turtle,large_omnivores_and_herbivores,reptiles,False,0.623952,0.652174,Q4
2666,elephant,wardrobe,large_omnivores_and_herbivores,household_furniture,False,0.781416,0.636364,Q2
2667,elephant,whale,large_omnivores_and_herbivores,aquatic_mammals,False,0.700615,0.454545,Q1
2668,elephant,willow_tree,large_omnivores_and_herbivores,trees,False,0.539886,0.5,Q1
2669,elephant,wolf,large_omnivores_and_herbivores,large_carnivores,False,0.643521,0.185185,Q1
2670,elephant,woman,large_omnivores_and_herbivores,people,False,0.688782,0.454545,Q1
2671,elephant,worm,large_omnivores_and_herbivores,non_insect_invertebrates,False,0.743182,0.363636,Q3
2672,flatfish,forest,fish,large_natural_outdoor_scenes,False,0.556547,0.857143,Q4
2673,flatfish,fox,fish,medium_mammals,False,0.668005,0.818182,Q4
2674,flatfish,girl,fish,people,False,0.4931,0.733333,Q4
2675,flatfish,hamster,fish,small_mammals,False,0.644484,0.809524,Q4
2676,flatfish,house,fish,large_man_made_outdoor_things,False,0.603278,0.75,Q4
2677,flatfish,kangaroo,fish,large_omnivores_and_herbivores,False,0.536992,0.809524,Q4
2678,flatfish,keyboard,fish,household_electrical_devices,False,0.772981,0.764706,Q2
2679,flatfish,lamp,fish,household_electrical_devices,False,0.610939,0.764706,Q4
2680,flatfish,lawn_mower,fish,vehicles_2,False,0.740501,0.777778,Q2
2681,flatfish,leopard,fish,large_carnivores,False,0.581897,0.666667,Q4
2682,flatfish,lion,fish,large_carnivores,False,0.634382,0.826087,Q4
2683,flatfish,lizard,fish,reptiles,False,0.465474,0.809524,Q4
2684,flatfish,lobster,fish,non_insect_invertebrates,False,0.40354,0.25,Q1
2685,flatfish,man,fish,people,False,0.427284,0.714286,Q4
2686,flatfish,maple_tree,fish,trees,False,0.620829,0.625,Q4
2687,flatfish,motorcycle,fish,vehicles_1,False,0.66988,0.789474,Q4
2688,flatfish,mountain,fish,large_natural_outdoor_scenes,False,0.642963,0.714286,Q4
2689,flatfish,mouse,fish,small_mammals,False,0.437392,0.809524,Q4
2690,flatfish,mushroom,fish,fruit_and_vegetables,False,0.623679,0.777778,Q4
2691,flatfish,oak_tree,fish,trees,False,0.624887,0.625,Q4
2692,flatfish,orange,fish,fruit_and_vegetables,False,0.811841,0.411765,Q3
2693,flatfish,orchid,fish,flowers,False,0.751455,0.8,Q2
2694,flatfish,otter,fish,aquatic_mammals,False,0.358263,0.666667,Q4
2695,flatfish,palm_tree,fish,trees,False,0.660423,0.733333,Q4
2696,flatfish,pear,fish,fruit_and_vegetables,False,0.561831,0.375,Q1
2697,flatfish,pickup_truck,fish,vehicles_1,False,0.659826,0.789474,Q4
2698,flatfish,pine_tree,fish,trees,False,0.541715,0.809524,Q4
2699,flatfish,plain,fish,large_natural_outdoor_scenes,False,0.58912,0.692308,Q4
2700,flatfish,plate,fish,food_containers,False,0.575306,0.777778,Q4
2701,flatfish,poppy,fish,flowers,False,0.70141,0.8,Q4
2702,flatfish,porcupine,fish,medium_mammals,False,0.450573,0.809524,Q4
2703,flatfish,possum,fish,medium_mammals,False,0.546517,0.809524,Q4
2704,flatfish,rabbit,fish,small_mammals,False,0.454821,0.818182,Q4
2705,flatfish,raccoon,fish,medium_mammals,False,0.576589,0.666667,Q4
2706,flatfish,ray,fish,fish,True,0.300783,0.875,Q4
2707,flatfish,road,fish,large_man_made_outdoor_things,False,0.707588,0.733333,Q4
2708,flatfish,rocket,fish,vehicles_2,False,0.59392,0.764706,Q4
2709,flatfish,rose,fish,flowers,False,0.72268,0.789474,Q2
2710,flatfish,sea,fish,large_natural_outdoor_scenes,False,0.575273,0.692308,Q4
2711,flatfish,seal,fish,aquatic_mammals,False,0.357544,0.818182,Q4
2712,flatfish,shark,fish,fish,True,0.483452,0.818182,Q4
2713,flatfish,shrew,fish,small_mammals,False,0.380093,0.75,Q4
2714,flatfish,skunk,fish,medium_mammals,False,0.539424,0.733333,Q4
2715,flatfish,skyscraper,fish,large_man_made_outdoor_things,False,0.618933,0.75,Q4
2716,flatfish,snail,fish,non_insect_invertebrates,False,0.504839,0.789474,Q4
2717,flatfish,snake,fish,reptiles,False,0.64281,0.8,Q4
2718,flatfish,spider,fish,non_insect_invertebrates,False,0.570334,0.789474,Q4
2719,flatfish,squirrel,fish,small_mammals,False,0.447388,0.809524,Q4
2720,flatfish,streetcar,fish,vehicles_2,False,0.716328,0.777778,Q2
2721,flatfish,sunflower,fish,flowers,False,0.801698,0.8,Q2
2722,flatfish,sweet_pepper,fish,fruit_and_vegetables,False,0.763648,0.444444,Q3
2723,flatfish,table,fish,household_furniture,False,0.656981,0.857143,Q4
2724,flatfish,tank,fish,vehicles_2,False,0.554336,0.777778,Q4
2725,flatfish,telephone,fish,household_electrical_devices,False,0.737612,0.764706,Q2
2726,flatfish,television,fish,household_electrical_devices,False,0.642673,0.777778,Q4
2727,flatfish,tiger,fish,large_carnivores,False,0.632621,0.692308,Q4
2728,flatfish,tractor,fish,vehicles_2,False,0.674072,0.777778,Q4
2729,flatfish,train,fish,vehicles_1,False,0.635916,0.764706,Q4
2730,flatfish,trout,fish,fish,True,0.295483,0.333333,Q1
2731,flatfish,tulip,fish,flowers,False,0.718433,0.789474,Q2
2732,flatfish,turtle,fish,reptiles,False,0.364172,0.777778,Q4
2733,flatfish,wardrobe,fish,household_furniture,False,0.711352,0.764706,Q4
2734,flatfish,whale,fish,aquatic_mammals,False,0.50778,0.714286,Q4
2735,flatfish,willow_tree,fish,trees,False,0.544688,0.789474,Q4
2736,flatfish,wolf,fish,large_carnivores,False,0.609765,0.818182,Q4
2737,flatfish,woman,fish,people,False,0.523035,0.714286,Q4
2738,flatfish,worm,fish,non_insect_invertebrates,False,0.610485,0.764706,Q4
2739,forest,fox,large_natural_outdoor_scenes,medium_mammals,False,0.629896,0.9,Q4
2740,forest,girl,large_natural_outdoor_scenes,people,False,0.568152,0.846154,Q4
2741,forest,hamster,large_natural_outdoor_scenes,small_mammals,False,0.783451,0.894737,Q2
2742,forest,house,large_natural_outdoor_scenes,large_man_made_outdoor_things,False,0.344774,0.857143,Q4
2743,forest,kangaroo,large_natural_outdoor_scenes,large_omnivores_and_herbivores,False,0.589625,0.894737,Q4
2744,forest,keyboard,large_natural_outdoor_scenes,household_electrical_devices,False,0.779791,0.866667,Q2
2745,forest,lamp,large_natural_outdoor_scenes,household_electrical_devices,False,0.647868,0.866667,Q4
2746,forest,lawn_mower,large_natural_outdoor_scenes,vehicles_2,False,0.769028,0.875,Q2
2747,forest,leopard,large_natural_outdoor_scenes,large_carnivores,False,0.617942,0.764706,Q4
2748,forest,lion,large_natural_outdoor_scenes,large_carnivores,False,0.692665,0.904762,Q4
2749,forest,lizard,large_natural_outdoor_scenes,reptiles,False,0.600186,0.894737,Q4
2750,forest,lobster,large_natural_outdoor_scenes,non_insect_invertebrates,False,0.606805,0.857143,Q4
2751,forest,man,large_natural_outdoor_scenes,people,False,0.527543,0.833333,Q4
2752,forest,maple_tree,large_natural_outdoor_scenes,trees,False,0.253009,0.733333,Q4
2753,forest,motorcycle,large_natural_outdoor_scenes,vehicles_1,False,0.753929,0.882353,Q2
2754,forest,mountain,large_natural_outdoor_scenes,large_natural_outdoor_scenes,True,0.418593,0.833333,Q4
2755,forest,mouse,large_natural_outdoor_scenes,small_mammals,False,0.646855,0.894737,Q4
2756,forest,mushroom,large_natural_outdoor_scenes,fruit_and_vegetables,False,0.592461,0.875,Q4
2757,forest,oak_tree,large_natural_outdoor_scenes,trees,False,0.264929,0.733333,Q4
2758,forest,orange,large_natural_outdoor_scenes,fruit_and_vegetables,False,0.835934,0.866667,Q2
2759,forest,orchid,large_natural_outdoor_scenes,flowers,False,0.792513,0.888889,Q2
2760,forest,otter,large_natural_outdoor_scenes,aquatic_mammals,False,0.497662,0.764706,Q4
2761,forest,palm_tree,large_natural_outdoor_scenes,trees,False,0.444101,0.846154,Q4
2762,forest,pear,large_natural_outdoor_scenes,fruit_and_vegetables,False,0.730873,0.857143,Q2
2763,forest,pickup_truck,large_natural_outdoor_scenes,vehicles_1,False,0.581051,0.882353,Q4
2764,forest,pine_tree,large_natural_outdoor_scenes,trees,False,0.187273,0.894737,Q4
2765,forest,plain,large_natural_outdoor_scenes,large_natural_outdoor_scenes,True,0.323789,0.818182,Q4
2766,forest,plate,large_natural_outdoor_scenes,food_containers,False,0.750199,0.875,Q2
2767,forest,poppy,large_natural_outdoor_scenes,flowers,False,0.776378,0.888889,Q2
2768,forest,porcupine,large_natural_outdoor_scenes,medium_mammals,False,0.578816,0.894737,Q4
2769,forest,possum,large_natural_outdoor_scenes,medium_mammals,False,0.668552,0.894737,Q4
2770,forest,rabbit,large_natural_outdoor_scenes,small_mammals,False,0.59495,0.9,Q4
2771,forest,raccoon,large_natural_outdoor_scenes,medium_mammals,False,0.613155,0.764706,Q4
2772,forest,ray,large_natural_outdoor_scenes,fish,False,0.632399,0.714286,Q4
2773,forest,road,large_natural_outdoor_scenes,large_man_made_outdoor_things,False,0.406024,0.846154,Q4
2774,forest,rocket,large_natural_outdoor_scenes,vehicles_2,False,0.563798,0.866667,Q4
2775,forest,rose,large_natural_outdoor_scenes,flowers,False,0.755444,0.882353,Q2
2776,forest,sea,large_natural_outdoor_scenes,large_natural_outdoor_scenes,True,0.466449,0.818182,Q4
2777,forest,seal,large_natural_outdoor_scenes,aquatic_mammals,False,0.569206,0.9,Q4
2778,forest,shark,large_natural_outdoor_scenes,fish,False,0.707225,0.9,Q4
2779,forest,shrew,large_natural_outdoor_scenes,small_mammals,False,0.512803,0.857143,Q4
2780,forest,skunk,large_natural_outdoor_scenes,medium_mammals,False,0.552535,0.846154,Q4
2781,forest,skyscraper,large_natural_outdoor_scenes,large_man_made_outdoor_things,False,0.54773,0.857143,Q4
2782,forest,snail,large_natural_outdoor_scenes,non_insect_invertebrates,False,0.674058,0.882353,Q4
2783,forest,snake,large_natural_outdoor_scenes,reptiles,False,0.741564,0.888889,Q2
2784,forest,spider,large_natural_outdoor_scenes,non_insect_invertebrates,False,0.621132,0.882353,Q4
2785,forest,squirrel,large_natural_outdoor_scenes,small_mammals,False,0.552279,0.894737,Q4
2786,forest,streetcar,large_natural_outdoor_scenes,vehicles_2,False,0.586654,0.875,Q4
2787,forest,sunflower,large_natural_outdoor_scenes,flowers,False,0.772594,0.888889,Q2
2788,forest,sweet_pepper,large_natural_outdoor_scenes,fruit_and_vegetables,False,0.847869,0.875,Q2
2789,forest,table,large_natural_outdoor_scenes,household_furniture,False,0.637013,0.5,Q1
2790,forest,tank,large_natural_outdoor_scenes,vehicles_2,False,0.514994,0.875,Q4
2791,forest,telephone,large_natural_outdoor_scenes,household_electrical_devices,False,0.835355,0.866667,Q2
2792,forest,television,large_natural_outdoor_scenes,household_electrical_devices,False,0.659563,0.875,Q4
2793,forest,tiger,large_natural_outdoor_scenes,large_carnivores,False,0.645036,0.818182,Q4
2794,forest,tractor,large_natural_outdoor_scenes,vehicles_2,False,0.599911,0.875,Q4
2795,forest,train,large_natural_outdoor_scenes,vehicles_1,False,0.479583,0.866667,Q4
2796,forest,trout,large_natural_outdoor_scenes,fish,False,0.669463,0.846154,Q4
2797,forest,tulip,large_natural_outdoor_scenes,flowers,False,0.744153,0.882353,Q2
2798,forest,turtle,large_natural_outdoor_scenes,reptiles,False,0.656311,0.875,Q4
2799,forest,wardrobe,large_natural_outdoor_scenes,household_furniture,False,0.693151,0.866667,Q4
2800,forest,whale,large_natural_outdoor_scenes,aquatic_mammals,False,0.720504,0.833333,Q2
2801,forest,willow_tree,large_natural_outdoor_scenes,trees,False,0.1901,0.882353,Q4
2802,forest,wolf,large_natural_outdoor_scenes,large_carnivores,False,0.619444,0.9,Q4
2803,forest,woman,large_natural_outdoor_scenes,people,False,0.604147,0.833333,Q4
2804,forest,worm,large_natural_outdoor_scenes,non_insect_invertebrates,False,0.692852,0.866667,Q4
2805,fox,girl,medium_mammals,people,False,0.661817,0.5,Q1
2806,fox,hamster,medium_mammals,small_mammals,False,0.485169,0.185185,Q1
2807,fox,house,medium_mammals,large_man_made_outdoor_things,False,0.700624,0.636364,Q4
2808,fox,kangaroo,medium_mammals,large_omnivores_and_herbivores,False,0.335125,0.259259,Q1
2809,fox,keyboard,medium_mammals,household_electrical_devices,False,0.837529,0.652174,Q2
2810,fox,lamp,medium_mammals,household_electrical_devices,False,0.737975,0.652174,Q2
2811,fox,lawn_mower,medium_mammals,vehicles_2,False,0.817404,0.666667,Q2
2812,fox,leopard,medium_mammals,large_carnivores,False,0.334759,0.833333,Q4
2813,fox,lion,medium_mammals,large_carnivores,False,0.345131,0.172414,Q1
2814,fox,lizard,medium_mammals,reptiles,False,0.595375,0.333333,Q1
2815,fox,lobster,medium_mammals,non_insect_invertebrates,False,0.600229,0.818182,Q4
2816,fox,man,medium_mammals,people,False,0.659142,0.478261,Q1
2817,fox,maple_tree,medium_mammals,trees,False,0.688942,0.818182,Q4
2818,fox,motorcycle,medium_mammals,vehicles_1,False,0.769606,0.68,Q2
2819,fox,mountain,medium_mammals,large_natural_outdoor_scenes,False,0.741162,0.7,Q2
2820,fox,mouse,medium_mammals,small_mammals,False,0.485289,0.185185,Q1
2821,fox,mushroom,medium_mammals,fruit_and_vegetables,False,0.676156,0.5,Q1
2822,fox,oak_tree,medium_mammals,trees,False,0.729638,0.818182,Q2
2823,fox,orange,medium_mammals,fruit_and_vegetables,False,0.777889,0.692308,Q2
2824,fox,orchid,medium_mammals,flowers,False,0.83557,0.538462,Q3
2825,fox,otter,medium_mammals,aquatic_mammals,False,0.474542,0.833333,Q4
2826,fox,palm_tree,medium_mammals,trees,False,0.791193,0.809524,Q2
2827,fox,pear,medium_mammals,fruit_and_vegetables,False,0.735404,0.68,Q2
2828,fox,pickup_truck,medium_mammals,vehicles_1,False,0.710548,0.68,Q4
2829,fox,pine_tree,medium_mammals,trees,False,0.671879,0.555556,Q1
2830,fox,plain,medium_mammals,large_natural_outdoor_scenes,False,0.727555,0.684211,Q2
2831,fox,plate,medium_mammals,food_containers,False,0.768147,0.666667,Q2
2832,fox,poppy,medium_mammals,flowers,False,0.757297,0.538462,Q3
2833,fox,porcupine,medium_mammals,medium_mammals,True,0.529386,0.185185,Q1
2834,fox,possum,medium_mammals,medium_mammals,True,0.470018,0.259259,Q1
2835,fox,rabbit,medium_mammals,small_mammals,False,0.45662,0.214286,Q1
2836,fox,raccoon,medium_mammals,medium_mammals,True,0.393727,0.833333,Q4
2837,fox,ray,medium_mammals,fish,False,0.712726,0.909091,Q2
2838,fox,road,medium_mammals,large_man_made_outdoor_things,False,0.771291,0.619048,Q2
2839,fox,rocket,medium_mammals,vehicles_2,False,0.71348,0.652174,Q2
2840,fox,rose,medium_mammals,flowers,False,0.757493,0.52,Q3
2841,fox,sea,medium_mammals,large_natural_outdoor_scenes,False,0.783484,0.789474,Q2
2842,fox,seal,medium_mammals,aquatic_mammals,False,0.53799,0.214286,Q1
2843,fox,shark,medium_mammals,fish,False,0.733956,0.357143,Q3
2844,fox,shrew,medium_mammals,small_mammals,False,0.504612,0.52,Q1
2845,fox,skunk,medium_mammals,medium_mammals,True,0.63288,0.5,Q1
2846,fox,skyscraper,medium_mammals,large_man_made_outdoor_things,False,0.783141,0.636364,Q2
2847,fox,snail,medium_mammals,non_insect_invertebrates,False,0.65803,0.44,Q1
2848,fox,snake,medium_mammals,reptiles,False,0.711462,0.307692,Q1
2849,fox,spider,medium_mammals,non_insect_invertebrates,False,0.660396,0.44,Q1
2850,fox,squirrel,medium_mammals,small_mammals,False,0.347828,0.185185,Q1
2851,fox,streetcar,medium_mammals,vehicles_2,False,0.810559,0.666667,Q2
2852,fox,sunflower,medium_mammals,flowers,False,0.810818,0.538462,Q3
2853,fox,sweet_pepper,medium_mammals,fruit_and_vegetables,False,0.794554,0.833333,Q2
2854,fox,table,medium_mammals,household_furniture,False,0.71408,0.9,Q2
2855,fox,tank,medium_mammals,vehicles_2,False,0.746635,0.666667,Q2
2856,fox,telephone,medium_mammals,household_electrical_devices,False,0.792988,0.652174,Q2
2857,fox,television,medium_mammals,household_electrical_devices,False,0.770751,0.666667,Q2
2858,fox,tiger,medium_mammals,large_carnivores,False,0.268942,0.454545,Q1
2859,fox,tractor,medium_mammals,vehicles_2,False,0.776444,0.666667,Q2
2860,fox,train,medium_mammals,vehicles_1,False,0.745979,0.652174,Q2
2861,fox,trout,medium_mammals,fish,False,0.695172,0.809524,Q4
2862,fox,tulip,medium_mammals,flowers,False,0.765496,0.52,Q3
2863,fox,turtle,medium_mammals,reptiles,False,0.666512,0.666667,Q4
2864,fox,wardrobe,medium_mammals,household_furniture,False,0.79704,0.652174,Q2
2865,fox,whale,medium_mammals,aquatic_mammals,False,0.772077,0.478261,Q3
2866,fox,willow_tree,medium_mammals,trees,False,0.685082,0.52,Q1
2867,fox,wolf,medium_mammals,large_carnivores,False,0.295865,0.071429,Q1
2868,fox,woman,medium_mammals,people,False,0.645765,0.478261,Q1
2869,fox,worm,medium_mammals,non_insect_invertebrates,False,0.772003,0.391304,Q3
2870,girl,hamster,people,small_mammals,False,0.668505,0.478261,Q1
2871,girl,house,people,large_man_made_outdoor_things,False,0.560962,0.555556,Q1
2872,girl,kangaroo,people,large_omnivores_and_herbivores,False,0.635658,0.478261,Q1
2873,girl,keyboard,people,household_electrical_devices,False,0.756325,0.578947,Q3
2874,girl,lamp,people,household_electrical_devices,False,0.610486,0.578947,Q1
2875,girl,lawn_mower,people,vehicles_2,False,0.713791,0.6,Q3
2876,girl,leopard,people,large_carnivores,False,0.681643,0.764706,Q4
2877,girl,lion,people,large_carnivores,False,0.671649,0.52,Q1
2878,girl,lizard,people,reptiles,False,0.610433,0.478261,Q1
2879,girl,lobster,people,non_insect_invertebrates,False,0.576088,0.733333,Q4
2880,girl,man,people,people,True,0.204728,0.368421,Q1
2881,girl,maple_tree,people,trees,False,0.558401,0.733333,Q4
2882,girl,motorcycle,people,vehicles_1,False,0.694208,0.619048,Q4
2883,girl,mountain,people,large_natural_outdoor_scenes,False,0.686748,0.6,Q1
2884,girl,mouse,people,small_mammals,False,0.618372,0.478261,Q1
2885,girl,mushroom,people,fruit_and_vegetables,False,0.754246,0.4,Q3
2886,girl,oak_tree,people,trees,False,0.558421,0.733333,Q4
2887,girl,orange,people,fruit_and_vegetables,False,0.803392,0.636364,Q2
2888,girl,orchid,people,flowers,False,0.791767,0.454545,Q3
2889,girl,otter,people,aquatic_mammals,False,0.524449,0.764706,Q4
2890,girl,palm_tree,people,trees,False,0.650752,0.714286,Q4
2891,girl,pear,people,fruit_and_vegetables,False,0.691195,0.619048,Q4
2892,girl,pickup_truck,people,vehicles_1,False,0.666641,0.619048,Q4
2893,girl,pine_tree,people,trees,False,0.539117,0.478261,Q1
2894,girl,plain,people,large_natural_outdoor_scenes,False,0.627021,0.571429,Q1
2895,girl,plate,people,food_containers,False,0.693718,0.6,Q1
2896,girl,poppy,people,flowers,False,0.801688,0.454545,Q3
2897,girl,porcupine,people,medium_mammals,False,0.636061,0.478261,Q1
2898,girl,possum,people,medium_mammals,False,0.60774,0.478261,Q1
2899,girl,rabbit,people,small_mammals,False,0.56239,0.5,Q1
2900,girl,raccoon,people,medium_mammals,False,0.643156,0.764706,Q4
2901,girl,ray,people,fish,False,0.688722,0.866667,Q4
2902,girl,road,people,large_man_made_outdoor_things,False,0.70675,0.529412,Q1
2903,girl,rocket,people,vehicles_2,False,0.676879,0.578947,Q1
2904,girl,rose,people,flowers,False,0.758907,0.428571,Q3
2905,girl,sea,people,large_natural_outdoor_scenes,False,0.660177,0.666667,Q4
2906,girl,seal,people,aquatic_mammals,False,0.572695,0.5,Q1
2907,girl,shark,people,fish,False,0.726703,0.5,Q3
2908,girl,shrew,people,small_mammals,False,0.59824,0.428571,Q1
2909,girl,skunk,people,medium_mammals,False,0.622378,0.4,Q1
2910,girl,skyscraper,people,large_man_made_outdoor_things,False,0.652073,0.555556,Q1
2911,girl,snail,people,non_insect_invertebrates,False,0.664942,0.428571,Q1
2912,girl,snake,people,reptiles,False,0.775995,0.454545,Q3
2913,girl,spider,people,non_insect_invertebrates,False,0.66425,0.428571,Q1
2914,girl,squirrel,people,small_mammals,False,0.576171,0.478261,Q1
2915,girl,streetcar,people,vehicles_2,False,0.665575,0.6,Q1
2916,girl,sunflower,people,flowers,False,0.810978,0.454545,Q3
2917,girl,sweet_pepper,people,fruit_and_vegetables,False,0.767525,0.764706,Q2
2918,girl,table,people,household_furniture,False,0.629102,0.846154,Q4
2919,girl,tank,people,vehicles_2,False,0.623581,0.6,Q1
2920,girl,telephone,people,household_electrical_devices,False,0.750839,0.578947,Q3
2921,girl,television,people,household_electrical_devices,False,0.592431,0.6,Q1
2922,girl,tiger,people,large_carnivores,False,0.685622,0.333333,Q1
2923,girl,tractor,people,vehicles_2,False,0.691362,0.6,Q1
2924,girl,train,people,vehicles_1,False,0.643851,0.578947,Q1
2925,girl,trout,people,fish,False,0.689301,0.714286,Q4
2926,girl,tulip,people,flowers,False,0.774247,0.428571,Q3
2927,girl,turtle,people,reptiles,False,0.67135,0.6,Q1
2928,girl,wardrobe,people,household_furniture,False,0.729607,0.578947,Q3
2929,girl,whale,people,aquatic_mammals,False,0.752146,0.368421,Q3
2930,girl,willow_tree,people,trees,False,0.531037,0.428571,Q1
2931,girl,wolf,people,large_carnivores,False,0.645574,0.5,Q1
2932,girl,woman,people,people,True,0.132336,0.368421,Q1
2933,girl,worm,people,non_insect_invertebrates,False,0.762337,0.368421,Q3
2934,hamster,house,small_mammals,large_man_made_outdoor_things,False,0.762231,0.619048,Q2
2935,hamster,kangaroo,small_mammals,large_omnivores_and_herbivores,False,0.528744,0.230769,Q1
2936,hamster,keyboard,small_mammals,household_electrical_devices,False,0.865053,0.636364,Q2
2937,hamster,lamp,small_mammals,household_electrical_devices,False,0.758713,0.636364,Q2
2938,hamster,lawn_mower,small_mammals,vehicles_2,False,0.834024,0.652174,Q2
2939,hamster,leopard,small_mammals,large_carnivores,False,0.531469,0.826087,Q4
2940,hamster,lion,small_mammals,large_carnivores,False,0.549194,0.214286,Q1
2941,hamster,lizard,small_mammals,reptiles,False,0.557991,0.307692,Q1
2942,hamster,lobster,small_mammals,non_insect_invertebrates,False,0.645226,0.809524,Q4
2943,hamster,man,small_mammals,people,False,0.693758,0.454545,Q1
2944,hamster,maple_tree,small_mammals,trees,False,0.765338,0.809524,Q2
2945,hamster,motorcycle,small_mammals,vehicles_1,False,0.813466,0.666667,Q2
2946,hamster,mountain,small_mammals,large_natural_outdoor_scenes,False,0.847102,0.684211,Q2
2947,hamster,mouse,small_mammals,small_mammals,True,0.178738,0.076923,Q1
2948,hamster,mushroom,small_mammals,fruit_and_vegetables,False,0.724239,0.478261,Q3
2949,hamster,oak_tree,small_mammals,trees,False,0.784318,0.809524,Q2
2950,hamster,orange,small_mammals,fruit_and_vegetables,False,0.769788,0.68,Q2
2951,hamster,orchid,small_mammals,flowers,False,0.767695,0.52,Q3
2952,hamster,otter,small_mammals,aquatic_mammals,False,0.558324,0.826087,Q4
2953,hamster,palm_tree,small_mammals,trees,False,0.859911,0.8,Q2
2954,hamster,pear,small_mammals,fruit_and_vegetables,False,0.688399,0.666667,Q4
2955,hamster,pickup_truck,small_mammals,vehicles_1,False,0.764782,0.666667,Q2
2956,hamster,pine_tree,small_mammals,trees,False,0.765937,0.538462,Q3
2957,hamster,plain,small_mammals,large_natural_outdoor_scenes,False,0.792944,0.666667,Q2
2958,hamster,plate,small_mammals,food_containers,False,0.782153,0.652174,Q2
2959,hamster,poppy,small_mammals,flowers,False,0.775345,0.52,Q3
2960,hamster,porcupine,small_mammals,medium_mammals,False,0.497124,0.076923,Q1
2961,hamster,possum,small_mammals,medium_mammals,False,0.287754,0.230769,Q1
2962,hamster,rabbit,small_mammals,small_mammals,True,0.262921,0.185185,Q1
2963,hamster,raccoon,small_mammals,medium_mammals,False,0.560846,0.826087,Q4
2964,hamster,ray,small_mammals,fish,False,0.689188,0.904762,Q4
2965,hamster,road,small_mammals,large_man_made_outdoor_things,False,0.850872,0.6,Q3
2966,hamster,rocket,small_mammals,vehicles_2,False,0.807871,0.636364,Q2
2967,hamster,rose,small_mammals,flowers,False,0.708045,0.5,Q1
2968,hamster,sea,small_mammals,large_natural_outdoor_scenes,False,0.812364,0.777778,Q2
2969,hamster,seal,small_mammals,aquatic_mammals,False,0.560257,0.185185,Q1
2970,hamster,shark,small_mammals,fish,False,0.744487,0.333333,Q3
2971,hamster,shrew,small_mammals,small_mammals,True,0.444686,0.5,Q1
2972,hamster,skunk,small_mammals,medium_mammals,False,0.662614,0.478261,Q1
2973,hamster,skyscraper,small_mammals,large_man_made_outdoor_things,False,0.874812,0.619048,Q2
2974,hamster,snail,small_mammals,non_insect_invertebrates,False,0.725413,0.416667,Q3
2975,hamster,snake,small_mammals,reptiles,False,0.690461,0.28,Q1
2976,hamster,spider,small_mammals,non_insect_invertebrates,False,0.710644,0.416667,Q1
2977,hamster,squirrel,small_mammals,small_mammals,True,0.342208,0.076923,Q1
2978,hamster,streetcar,small_mammals,vehicles_2,False,0.80483,0.652174,Q2
2979,hamster,sunflower,small_mammals,flowers,False,0.842731,0.52,Q3
2980,hamster,sweet_pepper,small_mammals,fruit_and_vegetables,False,0.753362,0.826087,Q2
2981,hamster,table,small_mammals,household_furniture,False,0.815223,0.894737,Q2
2982,hamster,tank,small_mammals,vehicles_2,False,0.745799,0.652174,Q2
2983,hamster,telephone,small_mammals,household_electrical_devices,False,0.793075,0.636364,Q2
2984,hamster,television,small_mammals,household_electrical_devices,False,0.827545,0.652174,Q2
2985,hamster,tiger,small_mammals,large_carnivores,False,0.51083,0.428571,Q1
2986,hamster,tractor,small_mammals,vehicles_2,False,0.776723,0.652174,Q2
2987,hamster,train,small_mammals,vehicles_1,False,0.751308,0.636364,Q2
2988,hamster,trout,small_mammals,fish,False,0.718632,0.8,Q2
2989,hamster,tulip,small_mammals,flowers,False,0.746257,0.5,Q3
2990,hamster,turtle,small_mammals,reptiles,False,0.705263,0.652174,Q4
2991,hamster,wardrobe,small_mammals,household_furniture,False,0.804085,0.636364,Q2
2992,hamster,whale,small_mammals,aquatic_mammals,False,0.790616,0.454545,Q3
2993,hamster,willow_tree,small_mammals,trees,False,0.767688,0.5,Q3
2994,hamster,wolf,small_mammals,large_carnivores,False,0.551402,0.185185,Q1
2995,hamster,woman,small_mammals,people,False,0.690165,0.454545,Q1
2996,hamster,worm,small_mammals,non_insect_invertebrates,False,0.794824,0.363636,Q3
2997,house,kangaroo,large_man_made_outdoor_things,large_omnivores_and_herbivores,False,0.596789,0.619048,Q4
2998,house,keyboard,large_man_made_outdoor_things,household_electrical_devices,False,0.755149,0.411765,Q3
2999,house,lamp,large_man_made_outdoor_things,household_electrical_devices,False,0.627683,0.411765,Q1
3000,house,lawn_mower,large_man_made_outdoor_things,vehicles_2,False,0.727341,0.444444,Q3
3001,house,leopard,large_man_made_outdoor_things,large_carnivores,False,0.715933,0.777778,Q2
3002,house,lion,large_man_made_outdoor_things,large_carnivores,False,0.725015,0.652174,Q2
3003,house,lizard,large_man_made_outdoor_things,reptiles,False,0.634644,0.619048,Q4
3004,house,lobster,large_man_made_outdoor_things,non_insect_invertebrates,False,0.668453,0.75,Q4
3005,house,man,large_man_made_outdoor_things,people,False,0.548137,0.529412,Q1
3006,house,maple_tree,large_man_made_outdoor_things,trees,False,0.267761,0.75,Q4
3007,house,motorcycle,large_man_made_outdoor_things,vehicles_1,False,0.697995,0.473684,Q1
3008,house,mountain,large_man_made_outdoor_things,large_natural_outdoor_scenes,False,0.489826,0.571429,Q1
3009,house,mouse,large_man_made_outdoor_things,small_mammals,False,0.671394,0.619048,Q4
3010,house,mushroom,large_man_made_outdoor_things,fruit_and_vegetables,False,0.670257,0.555556,Q1
3011,house,oak_tree,large_man_made_outdoor_things,trees,False,0.255547,0.75,Q4
3012,house,orange,large_man_made_outdoor_things,fruit_and_vegetables,False,0.845813,0.6,Q3
3013,house,orchid,large_man_made_outdoor_things,flowers,False,0.780092,0.6,Q3
3014,house,otter,large_man_made_outdoor_things,aquatic_mammals,False,0.57022,0.777778,Q4
3015,house,palm_tree,large_man_made_outdoor_things,trees,False,0.440671,0.733333,Q4
3016,house,pear,large_man_made_outdoor_things,fruit_and_vegetables,False,0.740773,0.578947,Q3
3017,house,pickup_truck,large_man_made_outdoor_things,vehicles_1,False,0.463699,0.473684,Q1
3018,house,pine_tree,large_man_made_outdoor_things,trees,False,0.257439,0.619048,Q4
3019,house,plain,large_man_made_outdoor_things,large_natural_outdoor_scenes,False,0.433101,0.538462,Q1
3020,house,plate,large_man_made_outdoor_things,food_containers,False,0.75187,0.444444,Q3
3021,house,poppy,large_man_made_outdoor_things,flowers,False,0.799703,0.6,Q3
3022,house,porcupine,large_man_made_outdoor_things,medium_mammals,False,0.6388,0.619048,Q4
3023,house,possum,large_man_made_outdoor_things,medium_mammals,False,0.677518,0.619048,Q4
3024,house,rabbit,large_man_made_outdoor_things,small_mammals,False,0.577259,0.636364,Q4
3025,house,raccoon,large_man_made_outdoor_things,medium_mammals,False,0.638361,0.777778,Q4
3026,house,ray,large_man_made_outdoor_things,fish,False,0.710622,0.875,Q4
3027,house,road,large_man_made_outdoor_things,large_man_made_outdoor_things,True,0.455007,0.333333,Q1
3028,house,rocket,large_man_made_outdoor_things,vehicles_2,False,0.617162,0.411765,Q1
3029,house,rose,large_man_made_outdoor_things,flowers,False,0.745114,0.578947,Q3
3030,house,sea,large_man_made_outdoor_things,large_natural_outdoor_scenes,False,0.532717,0.692308,Q4
3031,house,seal,large_man_made_outdoor_things,aquatic_mammals,False,0.615537,0.636364,Q4
3032,house,shark,large_man_made_outdoor_things,fish,False,0.738381,0.636364,Q2
3033,house,shrew,large_man_made_outdoor_things,small_mammals,False,0.60943,0.578947,Q1
3034,house,skunk,large_man_made_outdoor_things,medium_mammals,False,0.606823,0.555556,Q1
3035,house,skyscraper,large_man_made_outdoor_things,large_man_made_outdoor_things,True,0.493622,0.125,Q1
3036,house,snail,large_man_made_outdoor_things,non_insect_invertebrates,False,0.679534,0.578947,Q1
3037,house,snake,large_man_made_outdoor_things,reptiles,False,0.76863,0.6,Q3
3038,house,spider,large_man_made_outdoor_things,non_insect_invertebrates,False,0.68303,0.578947,Q1
3039,house,squirrel,large_man_made_outdoor_things,small_mammals,False,0.589435,0.619048,Q4
3040,house,streetcar,large_man_made_outdoor_things,vehicles_2,False,0.458971,0.444444,Q1
3041,house,sunflower,large_man_made_outdoor_things,flowers,False,0.802329,0.6,Q3
3042,house,sweet_pepper,large_man_made_outdoor_things,fruit_and_vegetables,False,0.835314,0.777778,Q2
3043,house,table,large_man_made_outdoor_things,household_furniture,False,0.586824,0.857143,Q4
3044,house,tank,large_man_made_outdoor_things,vehicles_2,False,0.511222,0.444444,Q1
3045,house,telephone,large_man_made_outdoor_things,household_electrical_devices,False,0.78895,0.411765,Q3
3046,house,television,large_man_made_outdoor_things,household_electrical_devices,False,0.625928,0.444444,Q1
3047,house,tiger,large_man_made_outdoor_things,large_carnivores,False,0.717936,0.5,Q3
3048,house,tractor,large_man_made_outdoor_things,vehicles_2,False,0.56837,0.444444,Q1
3049,house,train,large_man_made_outdoor_things,vehicles_1,False,0.440974,0.411765,Q1
3050,house,trout,large_man_made_outdoor_things,fish,False,0.684698,0.733333,Q4
3051,house,tulip,large_man_made_outdoor_things,flowers,False,0.761968,0.578947,Q3
3052,house,turtle,large_man_made_outdoor_things,reptiles,False,0.675028,0.444444,Q1
3053,house,wardrobe,large_man_made_outdoor_things,household_furniture,False,0.635553,0.411765,Q1
3054,house,whale,large_man_made_outdoor_things,aquatic_mammals,False,0.734738,0.529412,Q3
3055,house,willow_tree,large_man_made_outdoor_things,trees,False,0.264948,0.578947,Q1
3056,house,wolf,large_man_made_outdoor_things,large_carnivores,False,0.669719,0.636364,Q4
3057,house,woman,large_man_made_outdoor_things,people,False,0.610566,0.529412,Q1
3058,house,worm,large_man_made_outdoor_things,non_insect_invertebrates,False,0.767211,0.529412,Q3
3059,kangaroo,keyboard,large_omnivores_and_herbivores,household_electrical_devices,False,0.828846,0.636364,Q2
3060,kangaroo,lamp,large_omnivores_and_herbivores,household_electrical_devices,False,0.685654,0.636364,Q4
3061,kangaroo,lawn_mower,large_omnivores_and_herbivores,vehicles_2,False,0.748781,0.652174,Q2
3062,kangaroo,leopard,large_omnivores_and_herbivores,large_carnivores,False,0.368956,0.826087,Q4
3063,kangaroo,lion,large_omnivores_and_herbivores,large_carnivores,False,0.469266,0.285714,Q1
3064,kangaroo,lizard,large_omnivores_and_herbivores,reptiles,False,0.4845,0.307692,Q1
3065,kangaroo,lobster,large_omnivores_and_herbivores,non_insect_invertebrates,False,0.595542,0.809524,Q4
3066,kangaroo,man,large_omnivores_and_herbivores,people,False,0.597047,0.454545,Q1
3067,kangaroo,maple_tree,large_omnivores_and_herbivores,trees,False,0.630173,0.809524,Q4
3068,kangaroo,motorcycle,large_omnivores_and_herbivores,vehicles_1,False,0.70758,0.666667,Q4
3069,kangaroo,mountain,large_omnivores_and_herbivores,large_natural_outdoor_scenes,False,0.677424,0.684211,Q4
3070,kangaroo,mouse,large_omnivores_and_herbivores,small_mammals,False,0.340875,0.230769,Q1
3071,kangaroo,mushroom,large_omnivores_and_herbivores,fruit_and_vegetables,False,0.659027,0.478261,Q1
3072,kangaroo,oak_tree,large_omnivores_and_herbivores,trees,False,0.600623,0.809524,Q4
3073,kangaroo,orange,large_omnivores_and_herbivores,fruit_and_vegetables,False,0.843384,0.68,Q2
3074,kangaroo,orchid,large_omnivores_and_herbivores,flowers,False,0.763948,0.52,Q3
3075,kangaroo,otter,large_omnivores_and_herbivores,aquatic_mammals,False,0.359573,0.826087,Q4
3076,kangaroo,palm_tree,large_omnivores_and_herbivores,trees,False,0.6956,0.8,Q4
3077,kangaroo,pear,large_omnivores_and_herbivores,fruit_and_vegetables,False,0.712562,0.666667,Q2
3078,kangaroo,pickup_truck,large_omnivores_and_herbivores,vehicles_1,False,0.651663,0.666667,Q4
3079,kangaroo,pine_tree,large_omnivores_and_herbivores,trees,False,0.58626,0.538462,Q1
3080,kangaroo,plain,large_omnivores_and_herbivores,large_natural_outdoor_scenes,False,0.603359,0.666667,Q4
3081,kangaroo,plate,large_omnivores_and_herbivores,food_containers,False,0.772419,0.652174,Q2
3082,kangaroo,poppy,large_omnivores_and_herbivores,flowers,False,0.794123,0.52,Q3
3083,kangaroo,porcupine,large_omnivores_and_herbivores,medium_mammals,False,0.390329,0.230769,Q1
3084,kangaroo,possum,large_omnivores_and_herbivores,medium_mammals,False,0.398587,0.076923,Q1
3085,kangaroo,rabbit,large_omnivores_and_herbivores,small_mammals,False,0.266319,0.259259,Q1
3086,kangaroo,raccoon,large_omnivores_and_herbivores,medium_mammals,False,0.323642,0.826087,Q4
3087,kangaroo,ray,large_omnivores_and_herbivores,fish,False,0.630085,0.904762,Q4
3088,kangaroo,road,large_omnivores_and_herbivores,large_man_made_outdoor_things,False,0.711037,0.6,Q1
3089,kangaroo,rocket,large_omnivores_and_herbivores,vehicles_2,False,0.716002,0.636364,Q2
3090,kangaroo,rose,large_omnivores_and_herbivores,flowers,False,0.785839,0.5,Q3
3091,kangaroo,sea,large_omnivores_and_herbivores,large_natural_outdoor_scenes,False,0.714179,0.777778,Q2
3092,kangaroo,seal,large_omnivores_and_herbivores,aquatic_mammals,False,0.439571,0.259259,Q1
3093,kangaroo,shark,large_omnivores_and_herbivores,fish,False,0.6651,0.333333,Q1
3094,kangaroo,shrew,large_omnivores_and_herbivores,small_mammals,False,0.329276,0.5,Q1
3095,kangaroo,skunk,large_omnivores_and_herbivores,medium_mammals,False,0.55338,0.478261,Q1
3096,kangaroo,skyscraper,large_omnivores_and_herbivores,large_man_made_outdoor_things,False,0.726142,0.619048,Q2
3097,kangaroo,snail,large_omnivores_and_herbivores,non_insect_invertebrates,False,0.606532,0.416667,Q1
3098,kangaroo,snake,large_omnivores_and_herbivores,reptiles,False,0.648187,0.28,Q1
3099,kangaroo,spider,large_omnivores_and_herbivores,non_insect_invertebrates,False,0.562222,0.416667,Q1
3100,kangaroo,squirrel,large_omnivores_and_herbivores,small_mammals,False,0.270232,0.230769,Q1
3101,kangaroo,streetcar,large_omnivores_and_herbivores,vehicles_2,False,0.710892,0.652174,Q4
3102,kangaroo,sunflower,large_omnivores_and_herbivores,flowers,False,0.829155,0.52,Q3
3103,kangaroo,sweet_pepper,large_omnivores_and_herbivores,fruit_and_vegetables,False,0.830795,0.826087,Q2
3104,kangaroo,table,large_omnivores_and_herbivores,household_furniture,False,0.730075,0.894737,Q2
3105,kangaroo,tank,large_omnivores_and_herbivores,vehicles_2,False,0.661935,0.652174,Q4
3106,kangaroo,telephone,large_omnivores_and_herbivores,household_electrical_devices,False,0.755128,0.636364,Q2
3107,kangaroo,television,large_omnivores_and_herbivores,household_electrical_devices,False,0.725205,0.652174,Q2
3108,kangaroo,tiger,large_omnivores_and_herbivores,large_carnivores,False,0.398405,0.428571,Q1
3109,kangaroo,tractor,large_omnivores_and_herbivores,vehicles_2,False,0.692646,0.652174,Q4
3110,kangaroo,train,large_omnivores_and_herbivores,vehicles_1,False,0.68054,0.636364,Q4
3111,kangaroo,trout,large_omnivores_and_herbivores,fish,False,0.626847,0.8,Q4
3112,kangaroo,tulip,large_omnivores_and_herbivores,flowers,False,0.761186,0.5,Q3
3113,kangaroo,turtle,large_omnivores_and_herbivores,reptiles,False,0.541729,0.652174,Q4
3114,kangaroo,wardrobe,large_omnivores_and_herbivores,household_furniture,False,0.764861,0.636364,Q2
3115,kangaroo,whale,large_omnivores_and_herbivores,aquatic_mammals,False,0.653629,0.454545,Q1
3116,kangaroo,willow_tree,large_omnivores_and_herbivores,trees,False,0.588521,0.5,Q1
3117,kangaroo,wolf,large_omnivores_and_herbivores,large_carnivores,False,0.360118,0.259259,Q1
3118,kangaroo,woman,large_omnivores_and_herbivores,people,False,0.630178,0.454545,Q1
3119,kangaroo,worm,large_omnivores_and_herbivores,non_insect_invertebrates,False,0.687796,0.363636,Q1
3120,keyboard,lamp,household_electrical_devices,household_electrical_devices,True,0.741974,0.222222,Q3
3121,keyboard,lawn_mower,household_electrical_devices,vehicles_2,False,0.824705,0.368421,Q3
3122,keyboard,leopard,household_electrical_devices,large_carnivores,False,0.82079,0.789474,Q2
3123,keyboard,lion,household_electrical_devices,large_carnivores,False,0.876307,0.666667,Q2
3124,keyboard,lizard,household_electrical_devices,reptiles,False,0.822093,0.636364,Q2
3125,keyboard,lobster,household_electrical_devices,non_insect_invertebrates,False,0.845465,0.764706,Q2
3126,keyboard,man,household_electrical_devices,people,False,0.698422,0.555556,Q1
3127,keyboard,maple_tree,household_electrical_devices,trees,False,0.799459,0.764706,Q2
3128,keyboard,motorcycle,household_electrical_devices,vehicles_1,False,0.850055,0.4,Q3
3129,keyboard,mountain,household_electrical_devices,large_natural_outdoor_scenes,False,0.756414,0.6,Q3
3130,keyboard,mouse,household_electrical_devices,small_mammals,False,0.821291,0.636364,Q2
3131,keyboard,mushroom,household_electrical_devices,fruit_and_vegetables,False,0.853249,0.578947,Q3
3132,keyboard,oak_tree,household_electrical_devices,trees,False,0.771999,0.764706,Q2
3133,keyboard,orange,household_electrical_devices,fruit_and_vegetables,False,0.852065,0.619048,Q2
3134,keyboard,orchid,household_electrical_devices,flowers,False,0.930082,0.619048,Q2
3135,keyboard,otter,household_electrical_devices,aquatic_mammals,False,0.771662,0.789474,Q2
3136,keyboard,palm_tree,household_electrical_devices,trees,False,0.827565,0.75,Q2
3137,keyboard,pear,household_electrical_devices,fruit_and_vegetables,False,0.754086,0.6,Q3
3138,keyboard,pickup_truck,household_electrical_devices,vehicles_1,False,0.792591,0.4,Q3
3139,keyboard,pine_tree,household_electrical_devices,trees,False,0.780501,0.636364,Q2
3140,keyboard,plain,household_electrical_devices,large_natural_outdoor_scenes,False,0.727407,0.571429,Q3
3141,keyboard,plate,household_electrical_devices,food_containers,False,0.746298,0.473684,Q3
3142,keyboard,poppy,household_electrical_devices,flowers,False,0.942899,0.619048,Q2
3143,keyboard,porcupine,household_electrical_devices,medium_mammals,False,0.838912,0.636364,Q2
3144,keyboard,possum,household_electrical_devices,medium_mammals,False,0.841143,0.636364,Q2
3145,keyboard,rabbit,household_electrical_devices,small_mammals,False,0.795966,0.652174,Q2
3146,keyboard,raccoon,household_electrical_devices,medium_mammals,False,0.836908,0.789474,Q2
3147,keyboard,ray,household_electrical_devices,fish,False,0.809495,0.882353,Q2
3148,keyboard,road,household_electrical_devices,large_man_made_outdoor_things,False,0.771341,0.375,Q3
3149,keyboard,rocket,household_electrical_devices,vehicles_2,False,0.812734,0.333333,Q3
3150,keyboard,rose,household_electrical_devices,flowers,False,0.867791,0.6,Q3
3151,keyboard,sea,household_electrical_devices,large_natural_outdoor_scenes,False,0.740553,0.714286,Q2
3152,keyboard,seal,household_electrical_devices,aquatic_mammals,False,0.75673,0.652174,Q2
3153,keyboard,shark,household_electrical_devices,fish,False,0.794373,0.652174,Q2
3154,keyboard,shrew,household_electrical_devices,small_mammals,False,0.816826,0.6,Q3
3155,keyboard,skunk,household_electrical_devices,medium_mammals,False,0.879711,0.578947,Q3
3156,keyboard,skyscraper,household_electrical_devices,large_man_made_outdoor_things,False,0.673993,0.411765,Q1
3157,keyboard,snail,household_electrical_devices,non_insect_invertebrates,False,0.835303,0.6,Q3
3158,keyboard,snake,household_electrical_devices,reptiles,False,0.873735,0.619048,Q2
3159,keyboard,spider,household_electrical_devices,non_insect_invertebrates,False,0.829972,0.6,Q3
3160,keyboard,squirrel,household_electrical_devices,small_mammals,False,0.84786,0.636364,Q2
3161,keyboard,streetcar,household_electrical_devices,vehicles_2,False,0.753226,0.368421,Q3
3162,keyboard,sunflower,household_electrical_devices,flowers,False,0.915122,0.619048,Q2
3163,keyboard,sweet_pepper,household_electrical_devices,fruit_and_vegetables,False,0.839732,0.789474,Q2
3164,keyboard,table,household_electrical_devices,household_furniture,False,0.794121,0.866667,Q2
3165,keyboard,tank,household_electrical_devices,vehicles_2,False,0.73593,0.368421,Q3
3166,keyboard,telephone,household_electrical_devices,household_electrical_devices,True,0.536291,0.2,Q1
3167,keyboard,television,household_electrical_devices,household_electrical_devices,True,0.615954,0.368421,Q1
3168,keyboard,tiger,household_electrical_devices,large_carnivores,False,0.839802,0.529412,Q3
3169,keyboard,tractor,household_electrical_devices,vehicles_2,False,0.795459,0.368421,Q3
3170,keyboard,train,household_electrical_devices,vehicles_1,False,0.711929,0.333333,Q3
3171,keyboard,trout,household_electrical_devices,fish,False,0.827012,0.75,Q2
3172,keyboard,tulip,household_electrical_devices,flowers,False,0.892254,0.6,Q3
3173,keyboard,turtle,household_electrical_devices,reptiles,False,0.821037,0.473684,Q3
3174,keyboard,wardrobe,household_electrical_devices,household_furniture,False,0.768913,0.333333,Q3
3175,keyboard,whale,household_electrical_devices,aquatic_mammals,False,0.79664,0.555556,Q3
3176,keyboard,willow_tree,household_electrical_devices,trees,False,0.77711,0.6,Q3
3177,keyboard,wolf,household_electrical_devices,large_carnivores,False,0.785889,0.652174,Q2
3178,keyboard,woman,household_electrical_devices,people,False,0.740982,0.555556,Q3
3179,keyboard,worm,household_electrical_devices,non_insect_invertebrates,False,0.814776,0.555556,Q3
3180,lamp,lawn_mower,household_electrical_devices,vehicles_2,False,0.677091,0.368421,Q1
3181,lamp,leopard,household_electrical_devices,large_carnivores,False,0.754764,0.789474,Q2
3182,lamp,lion,household_electrical_devices,large_carnivores,False,0.785198,0.666667,Q2
3183,lamp,lizard,household_electrical_devices,reptiles,False,0.68065,0.636364,Q4
3184,lamp,lobster,household_electrical_devices,non_insect_invertebrates,False,0.619196,0.764706,Q4
3185,lamp,man,household_electrical_devices,people,False,0.57108,0.555556,Q1
3186,lamp,maple_tree,household_electrical_devices,trees,False,0.634592,0.764706,Q4
3187,lamp,motorcycle,household_electrical_devices,vehicles_1,False,0.699244,0.4,Q1
3188,lamp,mountain,household_electrical_devices,large_natural_outdoor_scenes,False,0.707823,0.6,Q1
3189,lamp,mouse,household_electrical_devices,small_mammals,False,0.693148,0.636364,Q4
3190,lamp,mushroom,household_electrical_devices,fruit_and_vegetables,False,0.608644,0.578947,Q1
3191,lamp,oak_tree,household_electrical_devices,trees,False,0.657337,0.764706,Q4
3192,lamp,orange,household_electrical_devices,fruit_and_vegetables,False,0.81237,0.619048,Q2
3193,lamp,orchid,household_electrical_devices,flowers,False,0.786901,0.619048,Q2
3194,lamp,otter,household_electrical_devices,aquatic_mammals,False,0.644046,0.789474,Q4
3195,lamp,palm_tree,household_electrical_devices,trees,False,0.697361,0.75,Q4
3196,lamp,pear,household_electrical_devices,fruit_and_vegetables,False,0.598152,0.6,Q1
3197,lamp,pickup_truck,household_electrical_devices,vehicles_1,False,0.675558,0.4,Q1
3198,lamp,pine_tree,household_electrical_devices,trees,False,0.610104,0.636364,Q4
3199,lamp,plain,household_electrical_devices,large_natural_outdoor_scenes,False,0.682834,0.571429,Q1
3200,lamp,plate,household_electrical_devices,food_containers,False,0.615705,0.473684,Q1
3201,lamp,poppy,household_electrical_devices,flowers,False,0.804447,0.619048,Q2
3202,lamp,porcupine,household_electrical_devices,medium_mammals,False,0.74006,0.636364,Q2
3203,lamp,possum,household_electrical_devices,medium_mammals,False,0.73283,0.636364,Q2
3204,lamp,rabbit,household_electrical_devices,small_mammals,False,0.654051,0.652174,Q4
3205,lamp,raccoon,household_electrical_devices,medium_mammals,False,0.71554,0.789474,Q2
3206,lamp,ray,household_electrical_devices,fish,False,0.664115,0.882353,Q4
3207,lamp,road,household_electrical_devices,large_man_made_outdoor_things,False,0.758466,0.375,Q3
3208,lamp,rocket,household_electrical_devices,vehicles_2,False,0.512342,0.333333,Q1
3209,lamp,rose,household_electrical_devices,flowers,False,0.770236,0.6,Q3
3210,lamp,sea,household_electrical_devices,large_natural_outdoor_scenes,False,0.694292,0.714286,Q4
3211,lamp,seal,household_electrical_devices,aquatic_mammals,False,0.69482,0.652174,Q4
3212,lamp,shark,household_electrical_devices,fish,False,0.711697,0.652174,Q4
3213,lamp,shrew,household_electrical_devices,small_mammals,False,0.701458,0.6,Q1
3214,lamp,skunk,household_electrical_devices,medium_mammals,False,0.700288,0.578947,Q1
3215,lamp,skyscraper,household_electrical_devices,large_man_made_outdoor_things,False,0.629972,0.411765,Q1
3216,lamp,snail,household_electrical_devices,non_insect_invertebrates,False,0.686318,0.6,Q1
3217,lamp,snake,household_electrical_devices,reptiles,False,0.76542,0.619048,Q2
3218,lamp,spider,household_electrical_devices,non_insect_invertebrates,False,0.683769,0.6,Q1
3219,lamp,squirrel,household_electrical_devices,small_mammals,False,0.692992,0.636364,Q4
3220,lamp,streetcar,household_electrical_devices,vehicles_2,False,0.729233,0.368421,Q3
3221,lamp,sunflower,household_electrical_devices,flowers,False,0.872245,0.619048,Q2
3222,lamp,sweet_pepper,household_electrical_devices,fruit_and_vegetables,False,0.777692,0.789474,Q2
3223,lamp,table,household_electrical_devices,household_furniture,False,0.462585,0.866667,Q4
3224,lamp,tank,household_electrical_devices,vehicles_2,False,0.638029,0.368421,Q1
3225,lamp,telephone,household_electrical_devices,household_electrical_devices,True,0.603298,0.333333,Q1
3226,lamp,television,household_electrical_devices,household_electrical_devices,True,0.504493,0.368421,Q1
3227,lamp,tiger,household_electrical_devices,large_carnivores,False,0.76521,0.529412,Q3
3228,lamp,tractor,household_electrical_devices,vehicles_2,False,0.70968,0.368421,Q1
3229,lamp,train,household_electrical_devices,vehicles_1,False,0.724395,0.333333,Q3
3230,lamp,trout,household_electrical_devices,fish,False,0.688829,0.75,Q4
3231,lamp,tulip,household_electrical_devices,flowers,False,0.757093,0.6,Q3
3232,lamp,turtle,household_electrical_devices,reptiles,False,0.6918,0.473684,Q1
3233,lamp,wardrobe,household_electrical_devices,household_furniture,False,0.627849,0.333333,Q1
3234,lamp,whale,household_electrical_devices,aquatic_mammals,False,0.736105,0.555556,Q3
3235,lamp,willow_tree,household_electrical_devices,trees,False,0.640204,0.6,Q1
3236,lamp,wolf,household_electrical_devices,large_carnivores,False,0.760743,0.652174,Q2
3237,lamp,woman,household_electrical_devices,people,False,0.584985,0.555556,Q1
3238,lamp,worm,household_electrical_devices,non_insect_invertebrates,False,0.69596,0.555556,Q1
3239,lawn_mower,leopard,vehicles_2,large_carnivores,False,0.843907,0.8,Q2
3240,lawn_mower,lion,vehicles_2,large_carnivores,False,0.868759,0.68,Q2
3241,lawn_mower,lizard,vehicles_2,reptiles,False,0.758132,0.652174,Q2
3242,lawn_mower,lobster,vehicles_2,non_insect_invertebrates,False,0.71593,0.777778,Q2
3243,lawn_mower,man,vehicles_2,people,False,0.748648,0.578947,Q3
3244,lawn_mower,maple_tree,vehicles_2,trees,False,0.717499,0.777778,Q2
3245,lawn_mower,motorcycle,vehicles_2,vehicles_1,False,0.415412,0.428571,Q1
3246,lawn_mower,mountain,vehicles_2,large_natural_outdoor_scenes,False,0.853146,0.625,Q2
3247,lawn_mower,mouse,vehicles_2,small_mammals,False,0.762795,0.652174,Q2
3248,lawn_mower,mushroom,vehicles_2,fruit_and_vegetables,False,0.829132,0.6,Q3
3249,lawn_mower,oak_tree,vehicles_2,trees,False,0.723687,0.777778,Q2
3250,lawn_mower,orange,vehicles_2,fruit_and_vegetables,False,0.859641,0.636364,Q2
3251,lawn_mower,orchid,vehicles_2,flowers,False,0.873503,0.636364,Q2
3252,lawn_mower,otter,vehicles_2,aquatic_mammals,False,0.734895,0.8,Q2
3253,lawn_mower,palm_tree,vehicles_2,trees,False,0.813793,0.764706,Q2
3254,lawn_mower,pear,vehicles_2,fruit_and_vegetables,False,0.763237,0.619048,Q2
3255,lawn_mower,pickup_truck,vehicles_2,vehicles_1,False,0.623422,0.428571,Q1
3256,lawn_mower,pine_tree,vehicles_2,trees,False,0.753303,0.652174,Q2
3257,lawn_mower,plain,vehicles_2,large_natural_outdoor_scenes,False,0.773212,0.6,Q3
3258,lawn_mower,plate,vehicles_2,food_containers,False,0.810082,0.5,Q3
3259,lawn_mower,poppy,vehicles_2,flowers,False,0.808755,0.636364,Q2
3260,lawn_mower,porcupine,vehicles_2,medium_mammals,False,0.813142,0.652174,Q2
3261,lawn_mower,possum,vehicles_2,medium_mammals,False,0.811558,0.652174,Q2
3262,lawn_mower,rabbit,vehicles_2,small_mammals,False,0.705159,0.666667,Q4
3263,lawn_mower,raccoon,vehicles_2,medium_mammals,False,0.810087,0.8,Q2
3264,lawn_mower,ray,vehicles_2,fish,False,0.790768,0.888889,Q2
3265,lawn_mower,road,vehicles_2,large_man_made_outdoor_things,False,0.8329,0.411765,Q3
3266,lawn_mower,rocket,vehicles_2,vehicles_2,True,0.785373,0.368421,Q3
3267,lawn_mower,rose,vehicles_2,flowers,False,0.838543,0.619048,Q2
3268,lawn_mower,sea,vehicles_2,large_natural_outdoor_scenes,False,0.872846,0.733333,Q2
3269,lawn_mower,seal,vehicles_2,aquatic_mammals,False,0.794358,0.666667,Q2
3270,lawn_mower,shark,vehicles_2,fish,False,0.849576,0.666667,Q2
3271,lawn_mower,shrew,vehicles_2,small_mammals,False,0.770371,0.619048,Q2
3272,lawn_mower,skunk,vehicles_2,medium_mammals,False,0.750054,0.6,Q3
3273,lawn_mower,skyscraper,vehicles_2,large_man_made_outdoor_things,False,0.829751,0.444444,Q3
3274,lawn_mower,snail,vehicles_2,non_insect_invertebrates,False,0.805537,0.619048,Q2
3275,lawn_mower,snake,vehicles_2,reptiles,False,0.837534,0.636364,Q2
3276,lawn_mower,spider,vehicles_2,non_insect_invertebrates,False,0.758872,0.619048,Q2
3277,lawn_mower,squirrel,vehicles_2,small_mammals,False,0.75802,0.652174,Q2
3278,lawn_mower,streetcar,vehicles_2,vehicles_2,True,0.717866,0.4,Q3
3279,lawn_mower,sunflower,vehicles_2,flowers,False,0.901572,0.636364,Q2
3280,lawn_mower,sweet_pepper,vehicles_2,fruit_and_vegetables,False,0.771322,0.8,Q2
3281,lawn_mower,table,vehicles_2,household_furniture,False,0.751126,0.875,Q2
3282,lawn_mower,tank,vehicles_2,vehicles_2,True,0.630124,0.4,Q1
3283,lawn_mower,telephone,vehicles_2,household_electrical_devices,False,0.624813,0.368421,Q1
3284,lawn_mower,television,vehicles_2,household_electrical_devices,False,0.720674,0.4,Q3
3285,lawn_mower,tiger,vehicles_2,large_carnivores,False,0.83006,0.555556,Q3
3286,lawn_mower,tractor,vehicles_2,vehicles_2,True,0.431594,0.4,Q1
3287,lawn_mower,train,vehicles_2,vehicles_1,False,0.656883,0.368421,Q1
3288,lawn_mower,trout,vehicles_2,fish,False,0.768972,0.764706,Q2
3289,lawn_mower,tulip,vehicles_2,flowers,False,0.796304,0.619048,Q2
3290,lawn_mower,turtle,vehicles_2,reptiles,False,0.782232,0.5,Q3
3291,lawn_mower,wardrobe,vehicles_2,household_furniture,False,0.846263,0.368421,Q3
3292,lawn_mower,whale,vehicles_2,aquatic_mammals,False,0.822972,0.578947,Q3
3293,lawn_mower,willow_tree,vehicles_2,trees,False,0.724257,0.619048,Q2
3294,lawn_mower,wolf,vehicles_2,large_carnivores,False,0.79634,0.666667,Q2
3295,lawn_mower,woman,vehicles_2,people,False,0.789616,0.578947,Q3
3296,lawn_mower,worm,vehicles_2,non_insect_invertebrates,False,0.833731,0.578947,Q3
3297,leopard,lion,large_carnivores,large_carnivores,True,0.25349,0.84,Q4
3298,leopard,lizard,large_carnivores,reptiles,False,0.51906,0.826087,Q4
3299,leopard,lobster,large_carnivores,non_insect_invertebrates,False,0.604152,0.666667,Q4
3300,leopard,man,large_carnivores,people,False,0.633259,0.75,Q4
3301,leopard,maple_tree,large_carnivores,trees,False,0.699435,0.4,Q1
3302,leopard,motorcycle,large_carnivores,vehicles_1,False,0.739288,0.809524,Q2
3303,leopard,mountain,large_carnivores,large_natural_outdoor_scenes,False,0.761984,0.75,Q2
3304,leopard,mouse,large_carnivores,small_mammals,False,0.436066,0.826087,Q4
3305,leopard,mushroom,large_carnivores,fruit_and_vegetables,False,0.692126,0.8,Q4
3306,leopard,oak_tree,large_carnivores,trees,False,0.741536,0.4,Q3
3307,leopard,orange,large_carnivores,fruit_and_vegetables,False,0.874912,0.684211,Q2
3308,leopard,orchid,large_carnivores,flowers,False,0.815453,0.818182,Q2
3309,leopard,otter,large_carnivores,aquatic_mammals,False,0.450153,0.090909,Q1
3310,leopard,palm_tree,large_carnivores,trees,False,0.745454,0.764706,Q2
3311,leopard,pear,large_carnivores,fruit_and_vegetables,False,0.799559,0.666667,Q2
3312,leopard,pickup_truck,large_carnivores,vehicles_1,False,0.716512,0.809524,Q2
3313,leopard,pine_tree,large_carnivores,trees,False,0.670574,0.826087,Q4
3314,leopard,plain,large_carnivores,large_natural_outdoor_scenes,False,0.711475,0.733333,Q4
3315,leopard,plate,large_carnivores,food_containers,False,0.766007,0.8,Q2
3316,leopard,poppy,large_carnivores,flowers,False,0.814892,0.818182,Q2
3317,leopard,porcupine,large_carnivores,medium_mammals,False,0.418445,0.826087,Q4
3318,leopard,possum,large_carnivores,medium_mammals,False,0.47506,0.826087,Q4
3319,leopard,rabbit,large_carnivores,small_mammals,False,0.465724,0.833333,Q4
3320,leopard,raccoon,large_carnivores,medium_mammals,False,0.426377,0.090909,Q1
3321,leopard,ray,large_carnivores,fish,False,0.637939,0.578947,Q1
3322,leopard,road,large_carnivores,large_man_made_outdoor_things,False,0.769617,0.764706,Q2
3323,leopard,rocket,large_carnivores,vehicles_2,False,0.736446,0.789474,Q2
3324,leopard,rose,large_carnivores,flowers,False,0.79129,0.809524,Q2
3325,leopard,sea,large_carnivores,large_natural_outdoor_scenes,False,0.77627,0.733333,Q2
3326,leopard,seal,large_carnivores,aquatic_mammals,False,0.507632,0.833333,Q4
3327,leopard,shark,large_carnivores,fish,False,0.72624,0.833333,Q2
3328,leopard,shrew,large_carnivores,small_mammals,False,0.459189,0.777778,Q4
3329,leopard,skunk,large_carnivores,medium_mammals,False,0.641332,0.764706,Q4
3330,leopard,skyscraper,large_carnivores,large_man_made_outdoor_things,False,0.757127,0.777778,Q2
3331,leopard,snail,large_carnivores,non_insect_invertebrates,False,0.697091,0.809524,Q4
3332,leopard,snake,large_carnivores,reptiles,False,0.664589,0.818182,Q4
3333,leopard,spider,large_carnivores,non_insect_invertebrates,False,0.667157,0.809524,Q4
3334,leopard,squirrel,large_carnivores,small_mammals,False,0.337625,0.826087,Q4
3335,leopard,streetcar,large_carnivores,vehicles_2,False,0.784549,0.8,Q2
3336,leopard,sunflower,large_carnivores,flowers,False,0.85991,0.818182,Q2
3337,leopard,sweet_pepper,large_carnivores,fruit_and_vegetables,False,0.816081,0.7,Q2
3338,leopard,table,large_carnivores,household_furniture,False,0.766437,0.764706,Q2
3339,leopard,tank,large_carnivores,vehicles_2,False,0.667815,0.8,Q4
3340,leopard,telephone,large_carnivores,household_electrical_devices,False,0.783665,0.789474,Q2
3341,leopard,television,large_carnivores,household_electrical_devices,False,0.767127,0.8,Q2
3342,leopard,tiger,large_carnivores,large_carnivores,True,0.179196,0.733333,Q4
3343,leopard,tractor,large_carnivores,vehicles_2,False,0.738758,0.8,Q2
3344,leopard,train,large_carnivores,vehicles_1,False,0.737798,0.789474,Q2
3345,leopard,trout,large_carnivores,fish,False,0.685587,0.647059,Q4
3346,leopard,tulip,large_carnivores,flowers,False,0.796612,0.809524,Q2
3347,leopard,turtle,large_carnivores,reptiles,False,0.617302,0.8,Q4
3348,leopard,wardrobe,large_carnivores,household_furniture,False,0.79758,0.789474,Q2
3349,leopard,whale,large_carnivores,aquatic_mammals,False,0.755431,0.75,Q2
3350,leopard,willow_tree,large_carnivores,trees,False,0.664285,0.809524,Q4
3351,leopard,wolf,large_carnivores,large_carnivores,True,0.351971,0.833333,Q4
3352,leopard,woman,large_carnivores,people,False,0.668129,0.75,Q4
3353,leopard,worm,large_carnivores,non_insect_invertebrates,False,0.756828,0.789474,Q2
3354,lion,lizard,large_carnivores,reptiles,False,0.65861,0.357143,Q1
3355,lion,lobster,large_carnivores,non_insect_invertebrates,False,0.626206,0.826087,Q4
3356,lion,man,large_carnivores,people,False,0.661456,0.5,Q1
3357,lion,maple_tree,large_carnivores,trees,False,0.69898,0.826087,Q4
3358,lion,motorcycle,large_carnivores,vehicles_1,False,0.784309,0.692308,Q2
3359,lion,mountain,large_carnivores,large_natural_outdoor_scenes,False,0.746111,0.714286,Q2
3360,lion,mouse,large_carnivores,small_mammals,False,0.555817,0.214286,Q1
3361,lion,mushroom,large_carnivores,fruit_and_vegetables,False,0.726392,0.52,Q3
3362,lion,oak_tree,large_carnivores,trees,False,0.723323,0.826087,Q2
3363,lion,orange,large_carnivores,fruit_and_vegetables,False,0.819538,0.703704,Q2
3364,lion,orchid,large_carnivores,flowers,False,0.846234,0.555556,Q3
3365,lion,otter,large_carnivores,aquatic_mammals,False,0.506298,0.84,Q4
3366,lion,palm_tree,large_carnivores,trees,False,0.728122,0.818182,Q2
3367,lion,pear,large_carnivores,fruit_and_vegetables,False,0.761987,0.692308,Q2
3368,lion,pickup_truck,large_carnivores,vehicles_1,False,0.756872,0.692308,Q2
3369,lion,pine_tree,large_carnivores,trees,False,0.680771,0.571429,Q1
3370,lion,plain,large_carnivores,large_natural_outdoor_scenes,False,0.726491,0.7,Q2
3371,lion,plate,large_carnivores,food_containers,False,0.780051,0.68,Q2
3372,lion,poppy,large_carnivores,flowers,False,0.78773,0.555556,Q3
3373,lion,porcupine,large_carnivores,medium_mammals,False,0.58862,0.214286,Q1
3374,lion,possum,large_carnivores,medium_mammals,False,0.550149,0.285714,Q1
3375,lion,rabbit,large_carnivores,small_mammals,False,0.553107,0.241379,Q1
3376,lion,raccoon,large_carnivores,medium_mammals,False,0.504489,0.84,Q4
3377,lion,ray,large_carnivores,fish,False,0.715847,0.913043,Q2
3378,lion,road,large_carnivores,large_man_made_outdoor_things,False,0.802255,0.636364,Q2
3379,lion,rocket,large_carnivores,vehicles_2,False,0.78722,0.666667,Q2
3380,lion,rose,large_carnivores,flowers,False,0.760433,0.538462,Q3
3381,lion,sea,large_carnivores,large_natural_outdoor_scenes,False,0.783616,0.8,Q2
3382,lion,seal,large_carnivores,aquatic_mammals,False,0.549695,0.241379,Q1
3383,lion,shark,large_carnivores,fish,False,0.777423,0.37931,Q3
3384,lion,shrew,large_carnivores,small_mammals,False,0.595005,0.538462,Q1
3385,lion,skunk,large_carnivores,medium_mammals,False,0.667938,0.52,Q1
3386,lion,skyscraper,large_carnivores,large_man_made_outdoor_things,False,0.804056,0.652174,Q2
3387,lion,snail,large_carnivores,non_insect_invertebrates,False,0.754105,0.461538,Q3
3388,lion,snake,large_carnivores,reptiles,False,0.71081,0.333333,Q1
3389,lion,spider,large_carnivores,non_insect_invertebrates,False,0.740333,0.461538,Q3
3390,lion,squirrel,large_carnivores,small_mammals,False,0.456638,0.214286,Q1
3391,lion,streetcar,large_carnivores,vehicles_2,False,0.805505,0.68,Q2
3392,lion,sunflower,large_carnivores,flowers,False,0.803416,0.555556,Q3
3393,lion,sweet_pepper,large_carnivores,fruit_and_vegetables,False,0.776597,0.84,Q2
3394,lion,table,large_carnivores,household_furniture,False,0.777369,0.904762,Q2
3395,lion,tank,large_carnivores,vehicles_2,False,0.708411,0.68,Q4
3396,lion,telephone,large_carnivores,household_electrical_devices,False,0.766403,0.666667,Q2
3397,lion,television,large_carnivores,household_electrical_devices,False,0.739606,0.68,Q2
3398,lion,tiger,large_carnivores,large_carnivores,True,0.241559,0.478261,Q1
3399,lion,tractor,large_carnivores,vehicles_2,False,0.766205,0.68,Q2
3400,lion,train,large_carnivores,vehicles_1,False,0.753279,0.666667,Q2
3401,lion,trout,large_carnivores,fish,False,0.735079,0.818182,Q2
3402,lion,tulip,large_carnivores,flowers,False,0.781135,0.538462,Q3
3403,lion,turtle,large_carnivores,reptiles,False,0.716742,0.68,Q2
3404,lion,wardrobe,large_carnivores,household_furniture,False,0.766314,0.666667,Q2
3405,lion,whale,large_carnivores,aquatic_mammals,False,0.790694,0.5,Q3
3406,lion,willow_tree,large_carnivores,trees,False,0.683731,0.538462,Q1
3407,lion,wolf,large_carnivores,large_carnivores,True,0.369906,0.172414,Q1
3408,lion,woman,large_carnivores,people,False,0.639148,0.5,Q1
3409,lion,worm,large_carnivores,non_insect_invertebrates,False,0.797756,0.416667,Q3
3410,lizard,lobster,reptiles,non_insect_invertebrates,False,0.370866,0.809524,Q4
3411,lizard,man,reptiles,people,False,0.620589,0.454545,Q1
3412,lizard,maple_tree,reptiles,trees,False,0.65854,0.809524,Q4
3413,lizard,motorcycle,reptiles,vehicles_1,False,0.698024,0.666667,Q4
3414,lizard,mountain,reptiles,large_natural_outdoor_scenes,False,0.744046,0.684211,Q2
3415,lizard,mouse,reptiles,small_mammals,False,0.36493,0.307692,Q1
3416,lizard,mushroom,reptiles,fruit_and_vegetables,False,0.610138,0.478261,Q1
3417,lizard,oak_tree,reptiles,trees,False,0.665334,0.809524,Q4
3418,lizard,orange,reptiles,fruit_and_vegetables,False,0.833519,0.68,Q2
3419,lizard,orchid,reptiles,flowers,False,0.738909,0.52,Q3
3420,lizard,otter,reptiles,aquatic_mammals,False,0.378487,0.826087,Q4
3421,lizard,palm_tree,reptiles,trees,False,0.651579,0.8,Q4
3422,lizard,pear,reptiles,fruit_and_vegetables,False,0.669589,0.666667,Q4
3423,lizard,pickup_truck,reptiles,vehicles_1,False,0.696105,0.666667,Q4
3424,lizard,pine_tree,reptiles,trees,False,0.60527,0.538462,Q1
3425,lizard,plain,reptiles,large_natural_outdoor_scenes,False,0.6588,0.666667,Q4
3426,lizard,plate,reptiles,food_containers,False,0.688177,0.652174,Q4
3427,lizard,poppy,reptiles,flowers,False,0.798869,0.52,Q3
3428,lizard,porcupine,reptiles,medium_mammals,False,0.504704,0.307692,Q1
3429,lizard,possum,reptiles,medium_mammals,False,0.47395,0.307692,Q1
3430,lizard,rabbit,reptiles,small_mammals,False,0.493562,0.333333,Q1
3431,lizard,raccoon,reptiles,medium_mammals,False,0.552968,0.826087,Q4
3432,lizard,ray,reptiles,fish,False,0.52854,0.904762,Q4
3433,lizard,road,reptiles,large_man_made_outdoor_things,False,0.714537,0.6,Q3
3434,lizard,rocket,reptiles,vehicles_2,False,0.691457,0.636364,Q4
3435,lizard,rose,reptiles,flowers,False,0.73607,0.5,Q3
3436,lizard,sea,reptiles,large_natural_outdoor_scenes,False,0.695968,0.777778,Q4
3437,lizard,seal,reptiles,aquatic_mammals,False,0.465719,0.333333,Q1
3438,lizard,shark,reptiles,fish,False,0.588145,0.333333,Q1
3439,lizard,shrew,reptiles,small_mammals,False,0.3395,0.5,Q1
3440,lizard,skunk,reptiles,medium_mammals,False,0.569937,0.478261,Q1
3441,lizard,skyscraper,reptiles,large_man_made_outdoor_things,False,0.725548,0.619048,Q2
3442,lizard,snail,reptiles,non_insect_invertebrates,False,0.515372,0.416667,Q1
3443,lizard,snake,reptiles,reptiles,True,0.408246,0.12,Q1
3444,lizard,spider,reptiles,non_insect_invertebrates,False,0.490781,0.416667,Q1
3445,lizard,squirrel,reptiles,small_mammals,False,0.388724,0.307692,Q1
3446,lizard,streetcar,reptiles,vehicles_2,False,0.734294,0.652174,Q2
3447,lizard,sunflower,reptiles,flowers,False,0.809168,0.52,Q3
3448,lizard,sweet_pepper,reptiles,fruit_and_vegetables,False,0.770903,0.826087,Q2
3449,lizard,table,reptiles,household_furniture,False,0.668255,0.894737,Q4
3450,lizard,tank,reptiles,vehicles_2,False,0.613732,0.652174,Q4
3451,lizard,telephone,reptiles,household_electrical_devices,False,0.74581,0.636364,Q2
3452,lizard,television,reptiles,household_electrical_devices,False,0.700276,0.652174,Q4
3453,lizard,tiger,reptiles,large_carnivores,False,0.56084,0.428571,Q1
3454,lizard,tractor,reptiles,vehicles_2,False,0.69845,0.652174,Q4
3455,lizard,train,reptiles,vehicles_1,False,0.683338,0.636364,Q4
3456,lizard,trout,reptiles,fish,False,0.46843,0.8,Q4
3457,lizard,tulip,reptiles,flowers,False,0.76699,0.5,Q3
3458,lizard,turtle,reptiles,reptiles,True,0.466928,0.652174,Q4
3459,lizard,wardrobe,reptiles,household_furniture,False,0.743983,0.636364,Q2
3460,lizard,whale,reptiles,aquatic_mammals,False,0.686745,0.454545,Q1
3461,lizard,willow_tree,reptiles,trees,False,0.599542,0.5,Q1
3462,lizard,wolf,reptiles,large_carnivores,False,0.604927,0.333333,Q1
3463,lizard,woman,reptiles,people,False,0.63511,0.454545,Q1
3464,lizard,worm,reptiles,non_insect_invertebrates,False,0.477442,0.363636,Q1
3465,lobster,man,non_insect_invertebrates,people,False,0.570946,0.714286,Q4
3466,lobster,maple_tree,non_insect_invertebrates,trees,False,0.667796,0.625,Q4
3467,lobster,motorcycle,non_insect_invertebrates,vehicles_1,False,0.606302,0.789474,Q4
3468,lobster,mountain,non_insect_invertebrates,large_natural_outdoor_scenes,False,0.721982,0.714286,Q2
3469,lobster,mouse,non_insect_invertebrates,small_mammals,False,0.49264,0.809524,Q4
3470,lobster,mushroom,non_insect_invertebrates,fruit_and_vegetables,False,0.658879,0.777778,Q4
3471,lobster,oak_tree,non_insect_invertebrates,trees,False,0.710586,0.625,Q4
3472,lobster,orange,non_insect_invertebrates,fruit_and_vegetables,False,0.733717,0.411765,Q3
3473,lobster,orchid,non_insect_invertebrates,flowers,False,0.734366,0.8,Q2
3474,lobster,otter,non_insect_invertebrates,aquatic_mammals,False,0.425974,0.666667,Q4
3475,lobster,palm_tree,non_insect_invertebrates,trees,False,0.666299,0.733333,Q4
3476,lobster,pear,non_insect_invertebrates,fruit_and_vegetables,False,0.591141,0.375,Q1
3477,lobster,pickup_truck,non_insect_invertebrates,vehicles_1,False,0.718505,0.789474,Q2
3478,lobster,pine_tree,non_insect_invertebrates,trees,False,0.629349,0.809524,Q4
3479,lobster,plain,non_insect_invertebrates,large_natural_outdoor_scenes,False,0.697901,0.692308,Q4
3480,lobster,plate,non_insect_invertebrates,food_containers,False,0.555882,0.777778,Q4
3481,lobster,poppy,non_insect_invertebrates,flowers,False,0.740041,0.8,Q2
3482,lobster,porcupine,non_insect_invertebrates,medium_mammals,False,0.577257,0.809524,Q4
3483,lobster,possum,non_insect_invertebrates,medium_mammals,False,0.572532,0.809524,Q4
3484,lobster,rabbit,non_insect_invertebrates,small_mammals,False,0.532318,0.818182,Q4
3485,lobster,raccoon,non_insect_invertebrates,medium_mammals,False,0.604122,0.666667,Q4
3486,lobster,ray,non_insect_invertebrates,fish,False,0.44061,0.875,Q4
3487,lobster,road,non_insect_invertebrates,large_man_made_outdoor_things,False,0.765716,0.733333,Q2
3488,lobster,rocket,non_insect_invertebrates,vehicles_2,False,0.661553,0.764706,Q4
3489,lobster,rose,non_insect_invertebrates,flowers,False,0.689387,0.789474,Q4
3490,lobster,sea,non_insect_invertebrates,large_natural_outdoor_scenes,False,0.694445,0.692308,Q4
3491,lobster,seal,non_insect_invertebrates,aquatic_mammals,False,0.495624,0.818182,Q4
3492,lobster,shark,non_insect_invertebrates,fish,False,0.562844,0.818182,Q4
3493,lobster,shrew,non_insect_invertebrates,small_mammals,False,0.43989,0.75,Q4
3494,lobster,skunk,non_insect_invertebrates,medium_mammals,False,0.586404,0.733333,Q4
3495,lobster,skyscraper,non_insect_invertebrates,large_man_made_outdoor_things,False,0.696254,0.75,Q4
3496,lobster,snail,non_insect_invertebrates,non_insect_invertebrates,True,0.509283,0.789474,Q4
3497,lobster,snake,non_insect_invertebrates,reptiles,False,0.511279,0.8,Q4
3498,lobster,spider,non_insect_invertebrates,non_insect_invertebrates,True,0.405915,0.789474,Q4
3499,lobster,squirrel,non_insect_invertebrates,small_mammals,False,0.505135,0.809524,Q4
3500,lobster,streetcar,non_insect_invertebrates,vehicles_2,False,0.724715,0.777778,Q2
3501,lobster,sunflower,non_insect_invertebrates,flowers,False,0.782007,0.8,Q2
3502,lobster,sweet_pepper,non_insect_invertebrates,fruit_and_vegetables,False,0.579205,0.444444,Q1
3503,lobster,table,non_insect_invertebrates,household_furniture,False,0.605715,0.857143,Q4
3504,lobster,tank,non_insect_invertebrates,vehicles_2,False,0.600921,0.777778,Q4
3505,lobster,telephone,non_insect_invertebrates,household_electrical_devices,False,0.740059,0.764706,Q2
3506,lobster,television,non_insect_invertebrates,household_electrical_devices,False,0.650471,0.777778,Q4
3507,lobster,tiger,non_insect_invertebrates,large_carnivores,False,0.53067,0.692308,Q4
3508,lobster,tractor,non_insect_invertebrates,vehicles_2,False,0.652819,0.777778,Q4
3509,lobster,train,non_insect_invertebrates,vehicles_1,False,0.646429,0.764706,Q4
3510,lobster,trout,non_insect_invertebrates,fish,False,0.494436,0.333333,Q1
3511,lobster,tulip,non_insect_invertebrates,flowers,False,0.707843,0.789474,Q4
3512,lobster,turtle,non_insect_invertebrates,reptiles,False,0.447345,0.777778,Q4
3513,lobster,wardrobe,non_insect_invertebrates,household_furniture,False,0.740339,0.764706,Q2
3514,lobster,whale,non_insect_invertebrates,aquatic_mammals,False,0.667538,0.714286,Q4
3515,lobster,willow_tree,non_insect_invertebrates,trees,False,0.636596,0.789474,Q4
3516,lobster,wolf,non_insect_invertebrates,large_carnivores,False,0.64788,0.818182,Q4
3517,lobster,woman,non_insect_invertebrates,people,False,0.579365,0.714286,Q4
3518,lobster,worm,non_insect_invertebrates,non_insect_invertebrates,True,0.480654,0.764706,Q4
3519,man,maple_tree,people,trees,False,0.527467,0.714286,Q4
3520,man,motorcycle,people,vehicles_1,False,0.732579,0.6,Q3
3521,man,mountain,people,large_natural_outdoor_scenes,False,0.630225,0.571429,Q1
3522,man,mouse,people,small_mammals,False,0.611409,0.454545,Q1
3523,man,mushroom,people,fruit_and_vegetables,False,0.72966,0.368421,Q3
3524,man,oak_tree,people,trees,False,0.522726,0.714286,Q4
3525,man,orange,people,fruit_and_vegetables,False,0.796272,0.619048,Q2
3526,man,orchid,people,flowers,False,0.788879,0.428571,Q3
3527,man,otter,people,aquatic_mammals,False,0.516923,0.75,Q4
3528,man,palm_tree,people,trees,False,0.645284,0.692308,Q4
3529,man,pear,people,fruit_and_vegetables,False,0.706015,0.6,Q1
3530,man,pickup_truck,people,vehicles_1,False,0.624113,0.6,Q1
3531,man,pine_tree,people,trees,False,0.497944,0.454545,Q1
3532,man,plain,people,large_natural_outdoor_scenes,False,0.568657,0.538462,Q1
3533,man,plate,people,food_containers,False,0.681716,0.578947,Q1
3534,man,poppy,people,flowers,False,0.795515,0.428571,Q3
3535,man,porcupine,people,medium_mammals,False,0.59988,0.454545,Q1
3536,man,possum,people,medium_mammals,False,0.598767,0.454545,Q1
3537,man,rabbit,people,small_mammals,False,0.572255,0.478261,Q1
3538,man,raccoon,people,medium_mammals,False,0.610945,0.75,Q4
3539,man,ray,people,fish,False,0.663795,0.857143,Q4
3540,man,road,people,large_man_made_outdoor_things,False,0.674784,0.5,Q1
3541,man,rocket,people,vehicles_2,False,0.616923,0.555556,Q1
3542,man,rose,people,flowers,False,0.756036,0.4,Q3
3543,man,sea,people,large_natural_outdoor_scenes,False,0.611979,0.636364,Q4
3544,man,seal,people,aquatic_mammals,False,0.57486,0.478261,Q1
3545,man,shark,people,fish,False,0.69767,0.478261,Q1
3546,man,shrew,people,small_mammals,False,0.581466,0.4,Q1
3547,man,skunk,people,medium_mammals,False,0.634817,0.368421,Q1
3548,man,skyscraper,people,large_man_made_outdoor_things,False,0.58045,0.529412,Q1
3549,man,snail,people,non_insect_invertebrates,False,0.699388,0.4,Q1
3550,man,snake,people,reptiles,False,0.761117,0.428571,Q3
3551,man,spider,people,non_insect_invertebrates,False,0.639759,0.4,Q1
3552,man,squirrel,people,small_mammals,False,0.582671,0.454545,Q1
3553,man,streetcar,people,vehicles_2,False,0.655706,0.578947,Q1
3554,man,sunflower,people,flowers,False,0.852895,0.428571,Q3
3555,man,sweet_pepper,people,fruit_and_vegetables,False,0.792619,0.75,Q2
3556,man,table,people,household_furniture,False,0.611736,0.833333,Q4
3557,man,tank,people,vehicles_2,False,0.597606,0.578947,Q1
3558,man,telephone,people,household_electrical_devices,False,0.745912,0.555556,Q3
3559,man,television,people,household_electrical_devices,False,0.539092,0.578947,Q1
3560,man,tiger,people,large_carnivores,False,0.662644,0.294118,Q1
3561,man,tractor,people,vehicles_2,False,0.688668,0.578947,Q1
3562,man,train,people,vehicles_1,False,0.611868,0.555556,Q1
3563,man,trout,people,fish,False,0.674467,0.692308,Q4
3564,man,tulip,people,flowers,False,0.764479,0.4,Q3
3565,man,turtle,people,reptiles,False,0.690216,0.578947,Q1
3566,man,wardrobe,people,household_furniture,False,0.676111,0.555556,Q1
3567,man,whale,people,aquatic_mammals,False,0.727669,0.333333,Q3
3568,man,willow_tree,people,trees,False,0.499043,0.4,Q1
3569,man,wolf,people,large_carnivores,False,0.619436,0.478261,Q1
3570,man,woman,people,people,True,0.160862,0.333333,Q1
3571,man,worm,people,non_insect_invertebrates,False,0.728479,0.333333,Q3
3572,maple_tree,motorcycle,trees,vehicles_1,False,0.739605,0.789474,Q2
3573,maple_tree,mountain,trees,large_natural_outdoor_scenes,False,0.521731,0.714286,Q4
3574,maple_tree,mouse,trees,small_mammals,False,0.70275,0.809524,Q4
3575,maple_tree,mushroom,trees,fruit_and_vegetables,False,0.727764,0.777778,Q2
3576,maple_tree,oak_tree,trees,trees,True,0.079588,0.111111,Q1
3577,maple_tree,orange,trees,fruit_and_vegetables,False,0.794744,0.647059,Q2
3578,maple_tree,orchid,trees,flowers,False,0.854949,0.8,Q2
3579,maple_tree,otter,trees,aquatic_mammals,False,0.596759,0.4,Q1
3580,maple_tree,palm_tree,trees,trees,True,0.438547,0.733333,Q4
3581,maple_tree,pear,trees,fruit_and_vegetables,False,0.723407,0.625,Q2
3582,maple_tree,pickup_truck,trees,vehicles_1,False,0.518388,0.789474,Q4
3583,maple_tree,pine_tree,trees,trees,True,0.141103,0.809524,Q4
3584,maple_tree,plain,trees,large_natural_outdoor_scenes,False,0.351027,0.692308,Q4
3585,maple_tree,plate,trees,food_containers,False,0.747589,0.777778,Q2
3586,maple_tree,poppy,trees,flowers,False,0.783198,0.8,Q2
3587,maple_tree,porcupine,trees,medium_mammals,False,0.645353,0.809524,Q4
3588,maple_tree,possum,trees,medium_mammals,False,0.71065,0.809524,Q4
3589,maple_tree,rabbit,trees,small_mammals,False,0.641089,0.818182,Q4
3590,maple_tree,raccoon,trees,medium_mammals,False,0.696331,0.4,Q1
3591,maple_tree,ray,trees,fish,False,0.728646,0.529412,Q3
3592,maple_tree,road,trees,large_man_made_outdoor_things,False,0.457994,0.733333,Q4
3593,maple_tree,rocket,trees,vehicles_2,False,0.580023,0.764706,Q4
3594,maple_tree,rose,trees,flowers,False,0.725094,0.789474,Q2
3595,maple_tree,sea,trees,large_natural_outdoor_scenes,False,0.529313,0.692308,Q4
3596,maple_tree,seal,trees,aquatic_mammals,False,0.667015,0.818182,Q4
3597,maple_tree,shark,trees,fish,False,0.802592,0.818182,Q2
3598,maple_tree,shrew,trees,small_mammals,False,0.634991,0.75,Q4
3599,maple_tree,skunk,trees,medium_mammals,False,0.6442,0.733333,Q4
3600,maple_tree,skyscraper,trees,large_man_made_outdoor_things,False,0.495445,0.75,Q4
3601,maple_tree,snail,trees,non_insect_invertebrates,False,0.746327,0.789474,Q2
3602,maple_tree,snake,trees,reptiles,False,0.799658,0.8,Q2
3603,maple_tree,spider,trees,non_insect_invertebrates,False,0.697159,0.789474,Q4
3604,maple_tree,squirrel,trees,small_mammals,False,0.638168,0.809524,Q4
3605,maple_tree,streetcar,trees,vehicles_2,False,0.546354,0.777778,Q4
3606,maple_tree,sunflower,trees,flowers,False,0.77233,0.8,Q2
3607,maple_tree,sweet_pepper,trees,fruit_and_vegetables,False,0.802761,0.666667,Q2
3608,maple_tree,table,trees,household_furniture,False,0.645106,0.733333,Q4
3609,maple_tree,tank,trees,vehicles_2,False,0.549595,0.777778,Q4
3610,maple_tree,telephone,trees,household_electrical_devices,False,0.823064,0.764706,Q2
3611,maple_tree,television,trees,household_electrical_devices,False,0.689726,0.777778,Q4
3612,maple_tree,tiger,trees,large_carnivores,False,0.711491,0.692308,Q4
3613,maple_tree,tractor,trees,vehicles_2,False,0.605496,0.777778,Q4
3614,maple_tree,train,trees,vehicles_1,False,0.511392,0.764706,Q4
3615,maple_tree,trout,trees,fish,False,0.767328,0.6,Q3
3616,maple_tree,tulip,trees,flowers,False,0.752093,0.789474,Q2
3617,maple_tree,turtle,trees,reptiles,False,0.735425,0.777778,Q2
3618,maple_tree,wardrobe,trees,household_furniture,False,0.688998,0.764706,Q4
3619,maple_tree,whale,trees,aquatic_mammals,False,0.771639,0.714286,Q2
3620,maple_tree,willow_tree,trees,trees,True,0.099974,0.789474,Q4
3621,maple_tree,wolf,trees,large_carnivores,False,0.723524,0.818182,Q2
3622,maple_tree,woman,trees,people,False,0.594405,0.714286,Q4
3623,maple_tree,worm,trees,non_insect_invertebrates,False,0.758081,0.764706,Q2
3624,motorcycle,mountain,vehicles_1,large_natural_outdoor_scenes,False,0.803416,0.647059,Q2
3625,motorcycle,mouse,vehicles_1,small_mammals,False,0.747758,0.666667,Q2
3626,motorcycle,mushroom,vehicles_1,fruit_and_vegetables,False,0.806273,0.619048,Q2
3627,motorcycle,oak_tree,vehicles_1,trees,False,0.741186,0.789474,Q2
3628,motorcycle,orange,vehicles_1,fruit_and_vegetables,False,0.80038,0.652174,Q2
3629,motorcycle,orchid,vehicles_1,flowers,False,0.859495,0.652174,Q2
3630,motorcycle,otter,vehicles_1,aquatic_mammals,False,0.671371,0.809524,Q4
3631,motorcycle,palm_tree,vehicles_1,trees,False,0.728615,0.777778,Q2
3632,motorcycle,pear,vehicles_1,fruit_and_vegetables,False,0.713193,0.636364,Q2
3633,motorcycle,pickup_truck,vehicles_1,vehicles_1,True,0.55098,0.083333,Q1
3634,motorcycle,pine_tree,vehicles_1,trees,False,0.733873,0.666667,Q2
3635,motorcycle,plain,vehicles_1,large_natural_outdoor_scenes,False,0.766164,0.625,Q2
3636,motorcycle,plate,vehicles_1,food_containers,False,0.755252,0.52381,Q3
3637,motorcycle,poppy,vehicles_1,flowers,False,0.856664,0.652174,Q2
3638,motorcycle,porcupine,vehicles_1,medium_mammals,False,0.779157,0.666667,Q2
3639,motorcycle,possum,vehicles_1,medium_mammals,False,0.785179,0.666667,Q2
3640,motorcycle,rabbit,vehicles_1,small_mammals,False,0.676196,0.68,Q4
3641,motorcycle,raccoon,vehicles_1,medium_mammals,False,0.734406,0.809524,Q2
3642,motorcycle,ray,vehicles_1,fish,False,0.765624,0.894737,Q2
3643,motorcycle,road,vehicles_1,large_man_made_outdoor_things,False,0.768824,0.444444,Q3
3644,motorcycle,rocket,vehicles_1,vehicles_2,False,0.767922,0.238095,Q3
3645,motorcycle,rose,vehicles_1,flowers,False,0.845924,0.636364,Q2
3646,motorcycle,sea,vehicles_1,large_natural_outdoor_scenes,False,0.834081,0.75,Q2
3647,motorcycle,seal,vehicles_1,aquatic_mammals,False,0.736458,0.68,Q2
3648,motorcycle,shark,vehicles_1,fish,False,0.810296,0.68,Q2
3649,motorcycle,shrew,vehicles_1,small_mammals,False,0.724309,0.636364,Q2
3650,motorcycle,skunk,vehicles_1,medium_mammals,False,0.665928,0.619048,Q4
3651,motorcycle,skyscraper,vehicles_1,large_man_made_outdoor_things,False,0.823977,0.473684,Q3
3652,motorcycle,snail,vehicles_1,non_insect_invertebrates,False,0.702423,0.636364,Q4
3653,motorcycle,snake,vehicles_1,reptiles,False,0.740617,0.652174,Q2
3654,motorcycle,spider,vehicles_1,non_insect_invertebrates,False,0.719744,0.636364,Q2
3655,motorcycle,squirrel,vehicles_1,small_mammals,False,0.689081,0.666667,Q4
3656,motorcycle,streetcar,vehicles_1,vehicles_2,False,0.747756,0.130435,Q3
3657,motorcycle,sunflower,vehicles_1,flowers,False,0.872256,0.652174,Q2
3658,motorcycle,sweet_pepper,vehicles_1,fruit_and_vegetables,False,0.777691,0.809524,Q2
3659,motorcycle,table,vehicles_1,household_furniture,False,0.735855,0.882353,Q2
3660,motorcycle,tank,vehicles_1,vehicles_2,False,0.611139,0.166667,Q1
3661,motorcycle,telephone,vehicles_1,household_electrical_devices,False,0.753275,0.4,Q3
3662,motorcycle,television,vehicles_1,household_electrical_devices,False,0.759832,0.428571,Q3
3663,motorcycle,tiger,vehicles_1,large_carnivores,False,0.71589,0.578947,Q3
3664,motorcycle,tractor,vehicles_1,vehicles_2,False,0.506819,0.130435,Q1
3665,motorcycle,train,vehicles_1,vehicles_1,True,0.675749,0.333333,Q1
3666,motorcycle,trout,vehicles_1,fish,False,0.716362,0.777778,Q2
3667,motorcycle,tulip,vehicles_1,flowers,False,0.798696,0.636364,Q2
3668,motorcycle,turtle,vehicles_1,reptiles,False,0.715239,0.52381,Q3
3669,motorcycle,wardrobe,vehicles_1,household_furniture,False,0.848749,0.4,Q3
3670,motorcycle,whale,vehicles_1,aquatic_mammals,False,0.788921,0.6,Q3
3671,motorcycle,willow_tree,vehicles_1,trees,False,0.723645,0.636364,Q2
3672,motorcycle,wolf,vehicles_1,large_carnivores,False,0.783524,0.68,Q2
3673,motorcycle,woman,vehicles_1,people,False,0.74902,0.6,Q3
3674,motorcycle,worm,vehicles_1,non_insect_invertebrates,False,0.803572,0.6,Q3
3675,mountain,mouse,large_natural_outdoor_scenes,small_mammals,False,0.753011,0.684211,Q2
3676,mountain,mushroom,large_natural_outdoor_scenes,fruit_and_vegetables,False,0.747911,0.625,Q2
3677,mountain,oak_tree,large_natural_outdoor_scenes,trees,False,0.488389,0.714286,Q4
3678,mountain,orange,large_natural_outdoor_scenes,fruit_and_vegetables,False,0.824755,0.647059,Q2
3679,mountain,orchid,large_natural_outdoor_scenes,flowers,False,0.844473,0.666667,Q2
3680,mountain,otter,large_natural_outdoor_scenes,aquatic_mammals,False,0.579293,0.75,Q4
3681,mountain,palm_tree,large_natural_outdoor_scenes,trees,False,0.546169,0.692308,Q4
3682,mountain,pear,large_natural_outdoor_scenes,fruit_and_vegetables,False,0.741097,0.625,Q2
3683,mountain,pickup_truck,large_natural_outdoor_scenes,vehicles_1,False,0.697126,0.647059,Q4
3684,mountain,pine_tree,large_natural_outdoor_scenes,trees,False,0.382581,0.684211,Q4
3685,mountain,plain,large_natural_outdoor_scenes,large_natural_outdoor_scenes,True,0.348953,0.454545,Q1
3686,mountain,plate,large_natural_outdoor_scenes,food_containers,False,0.784557,0.625,Q2
3687,mountain,poppy,large_natural_outdoor_scenes,flowers,False,0.779366,0.666667,Q2
3688,mountain,porcupine,large_natural_outdoor_scenes,medium_mammals,False,0.688775,0.684211,Q4
3689,mountain,possum,large_natural_outdoor_scenes,medium_mammals,False,0.755937,0.684211,Q2
3690,mountain,rabbit,large_natural_outdoor_scenes,small_mammals,False,0.679942,0.7,Q4
3691,mountain,raccoon,large_natural_outdoor_scenes,medium_mammals,False,0.704523,0.75,Q4
3692,mountain,ray,large_natural_outdoor_scenes,fish,False,0.678809,0.857143,Q4
3693,mountain,road,large_natural_outdoor_scenes,large_man_made_outdoor_things,False,0.463168,0.538462,Q1
3694,mountain,rocket,large_natural_outdoor_scenes,vehicles_2,False,0.564618,0.6,Q1
3695,mountain,rose,large_natural_outdoor_scenes,flowers,False,0.790835,0.647059,Q2
3696,mountain,sea,large_natural_outdoor_scenes,large_natural_outdoor_scenes,True,0.350631,0.636364,Q4
3697,mountain,seal,large_natural_outdoor_scenes,aquatic_mammals,False,0.564866,0.7,Q4
3698,mountain,shark,large_natural_outdoor_scenes,fish,False,0.68662,0.7,Q4
3699,mountain,shrew,large_natural_outdoor_scenes,small_mammals,False,0.647184,0.625,Q4
3700,mountain,skunk,large_natural_outdoor_scenes,medium_mammals,False,0.65736,0.6,Q1
3701,mountain,skyscraper,large_natural_outdoor_scenes,large_man_made_outdoor_things,False,0.509402,0.571429,Q1
3702,mountain,snail,large_natural_outdoor_scenes,non_insect_invertebrates,False,0.734822,0.647059,Q2
3703,mountain,snake,large_natural_outdoor_scenes,reptiles,False,0.800326,0.666667,Q2
3704,mountain,spider,large_natural_outdoor_scenes,non_insect_invertebrates,False,0.685699,0.647059,Q4
3705,mountain,squirrel,large_natural_outdoor_scenes,small_mammals,False,0.707621,0.684211,Q4
3706,mountain,streetcar,large_natural_outdoor_scenes,vehicles_2,False,0.678304,0.625,Q4
3707,mountain,sunflower,large_natural_outdoor_scenes,flowers,False,0.775844,0.666667,Q2
3708,mountain,sweet_pepper,large_natural_outdoor_scenes,fruit_and_vegetables,False,0.8858,0.75,Q2
3709,mountain,table,large_natural_outdoor_scenes,household_furniture,False,0.777923,0.833333,Q2
3710,mountain,tank,large_natural_outdoor_scenes,vehicles_2,False,0.642599,0.625,Q4
3711,mountain,telephone,large_natural_outdoor_scenes,household_electrical_devices,False,0.845247,0.6,Q3
3712,mountain,television,large_natural_outdoor_scenes,household_electrical_devices,False,0.734359,0.625,Q2
3713,mountain,tiger,large_natural_outdoor_scenes,large_carnivores,False,0.778201,0.538462,Q3
3714,mountain,tractor,large_natural_outdoor_scenes,vehicles_2,False,0.70267,0.625,Q4
3715,mountain,train,large_natural_outdoor_scenes,vehicles_1,False,0.53151,0.6,Q1
3716,mountain,trout,large_natural_outdoor_scenes,fish,False,0.777197,0.692308,Q2
3717,mountain,tulip,large_natural_outdoor_scenes,flowers,False,0.759431,0.647059,Q2
3718,mountain,turtle,large_natural_outdoor_scenes,reptiles,False,0.704046,0.625,Q4
3719,mountain,wardrobe,large_natural_outdoor_scenes,household_furniture,False,0.771907,0.6,Q3
3720,mountain,whale,large_natural_outdoor_scenes,aquatic_mammals,False,0.611064,0.571429,Q1
3721,mountain,willow_tree,large_natural_outdoor_scenes,trees,False,0.450682,0.647059,Q4
3722,mountain,wolf,large_natural_outdoor_scenes,large_carnivores,False,0.682267,0.7,Q4
3723,mountain,woman,large_natural_outdoor_scenes,people,False,0.691223,0.571429,Q1
3724,mountain,worm,large_natural_outdoor_scenes,non_insect_invertebrates,False,0.737281,0.6,Q3
3725,mouse,mushroom,small_mammals,fruit_and_vegetables,False,0.628999,0.478261,Q1
3726,mouse,oak_tree,small_mammals,trees,False,0.696367,0.809524,Q4
3727,mouse,orange,small_mammals,fruit_and_vegetables,False,0.841345,0.68,Q2
3728,mouse,orchid,small_mammals,flowers,False,0.728073,0.52,Q3
3729,mouse,otter,small_mammals,aquatic_mammals,False,0.330407,0.826087,Q4
3730,mouse,palm_tree,small_mammals,trees,False,0.774515,0.8,Q2
3731,mouse,pear,small_mammals,fruit_and_vegetables,False,0.658455,0.666667,Q4
3732,mouse,pickup_truck,small_mammals,vehicles_1,False,0.696497,0.666667,Q4
3733,mouse,pine_tree,small_mammals,trees,False,0.662417,0.538462,Q1
3734,mouse,plain,small_mammals,large_natural_outdoor_scenes,False,0.68378,0.666667,Q4
3735,mouse,plate,small_mammals,food_containers,False,0.702711,0.652174,Q4
3736,mouse,poppy,small_mammals,flowers,False,0.73202,0.52,Q3
3737,mouse,porcupine,small_mammals,medium_mammals,False,0.283513,0.076923,Q1
3738,mouse,possum,small_mammals,medium_mammals,False,0.214681,0.230769,Q1
3739,mouse,rabbit,small_mammals,small_mammals,True,0.18891,0.185185,Q1
3740,mouse,raccoon,small_mammals,medium_mammals,False,0.387679,0.826087,Q4
3741,mouse,ray,small_mammals,fish,False,0.511835,0.904762,Q4
3742,mouse,road,small_mammals,large_man_made_outdoor_things,False,0.772377,0.6,Q3
3743,mouse,rocket,small_mammals,vehicles_2,False,0.741796,0.636364,Q2
3744,mouse,rose,small_mammals,flowers,False,0.716337,0.5,Q3
3745,mouse,sea,small_mammals,large_natural_outdoor_scenes,False,0.735192,0.777778,Q2
3746,mouse,seal,small_mammals,aquatic_mammals,False,0.387666,0.185185,Q1
3747,mouse,shark,small_mammals,fish,False,0.630985,0.333333,Q1
3748,mouse,shrew,small_mammals,small_mammals,True,0.141426,0.5,Q1
3749,mouse,skunk,small_mammals,medium_mammals,False,0.523398,0.478261,Q1
3750,mouse,skyscraper,small_mammals,large_man_made_outdoor_things,False,0.789372,0.619048,Q2
3751,mouse,snail,small_mammals,non_insect_invertebrates,False,0.53602,0.416667,Q1
3752,mouse,snake,small_mammals,reptiles,False,0.552848,0.28,Q1
3753,mouse,spider,small_mammals,non_insect_invertebrates,False,0.571339,0.416667,Q1
3754,mouse,squirrel,small_mammals,small_mammals,True,0.215273,0.076923,Q1
3755,mouse,streetcar,small_mammals,vehicles_2,False,0.745843,0.652174,Q2
3756,mouse,sunflower,small_mammals,flowers,False,0.833155,0.52,Q3
3757,mouse,sweet_pepper,small_mammals,fruit_and_vegetables,False,0.732341,0.826087,Q2
3758,mouse,table,small_mammals,household_furniture,False,0.764811,0.894737,Q2
3759,mouse,tank,small_mammals,vehicles_2,False,0.662591,0.652174,Q4
3760,mouse,telephone,small_mammals,household_electrical_devices,False,0.72352,0.636364,Q2
3761,mouse,television,small_mammals,household_electrical_devices,False,0.743754,0.652174,Q2
3762,mouse,tiger,small_mammals,large_carnivores,False,0.489202,0.428571,Q1
3763,mouse,tractor,small_mammals,vehicles_2,False,0.728533,0.652174,Q2
3764,mouse,train,small_mammals,vehicles_1,False,0.682984,0.636364,Q4
3765,mouse,trout,small_mammals,fish,False,0.529124,0.8,Q4
3766,mouse,tulip,small_mammals,flowers,False,0.733396,0.5,Q3
3767,mouse,turtle,small_mammals,reptiles,False,0.516602,0.652174,Q4
3768,mouse,wardrobe,small_mammals,household_furniture,False,0.738291,0.636364,Q2
3769,mouse,whale,small_mammals,aquatic_mammals,False,0.662767,0.454545,Q1
3770,mouse,willow_tree,small_mammals,trees,False,0.649316,0.5,Q1
3771,mouse,wolf,small_mammals,large_carnivores,False,0.478174,0.185185,Q1
3772,mouse,woman,small_mammals,people,False,0.624503,0.454545,Q1
3773,mouse,worm,small_mammals,non_insect_invertebrates,False,0.607143,0.363636,Q1
3774,mushroom,oak_tree,fruit_and_vegetables,trees,False,0.74623,0.777778,Q2
3775,mushroom,orange,fruit_and_vegetables,fruit_and_vegetables,True,0.785379,0.636364,Q2
3776,mushroom,orchid,fruit_and_vegetables,flowers,False,0.725317,0.454545,Q3
3777,mushroom,otter,fruit_and_vegetables,aquatic_mammals,False,0.597805,0.8,Q4
3778,mushroom,palm_tree,fruit_and_vegetables,trees,False,0.691569,0.764706,Q4
3779,mushroom,pear,fruit_and_vegetables,fruit_and_vegetables,True,0.690699,0.619048,Q4
3780,mushroom,pickup_truck,fruit_and_vegetables,vehicles_1,False,0.764987,0.619048,Q2
3781,mushroom,pine_tree,fruit_and_vegetables,trees,False,0.672392,0.478261,Q1
3782,mushroom,plain,fruit_and_vegetables,large_natural_outdoor_scenes,False,0.718264,0.6,Q3
3783,mushroom,plate,fruit_and_vegetables,food_containers,False,0.73531,0.6,Q3
3784,mushroom,poppy,fruit_and_vegetables,flowers,False,0.680484,0.454545,Q1
3785,mushroom,porcupine,fruit_and_vegetables,medium_mammals,False,0.577656,0.478261,Q1
3786,mushroom,possum,fruit_and_vegetables,medium_mammals,False,0.688535,0.478261,Q1
3787,mushroom,rabbit,fruit_and_vegetables,small_mammals,False,0.645411,0.5,Q1
3788,mushroom,raccoon,fruit_and_vegetables,medium_mammals,False,0.66879,0.8,Q4
3789,mushroom,ray,fruit_and_vegetables,fish,False,0.691125,0.888889,Q4
3790,mushroom,road,fruit_and_vegetables,large_man_made_outdoor_things,False,0.797789,0.529412,Q3
3791,mushroom,rocket,fruit_and_vegetables,vehicles_2,False,0.740887,0.578947,Q3
3792,mushroom,rose,fruit_and_vegetables,flowers,False,0.691221,0.428571,Q1
3793,mushroom,sea,fruit_and_vegetables,large_natural_outdoor_scenes,False,0.766816,0.733333,Q2
3794,mushroom,seal,fruit_and_vegetables,aquatic_mammals,False,0.666085,0.5,Q1
3795,mushroom,shark,fruit_and_vegetables,fish,False,0.775723,0.5,Q3
3796,mushroom,shrew,fruit_and_vegetables,small_mammals,False,0.498241,0.428571,Q1
3797,mushroom,skunk,fruit_and_vegetables,medium_mammals,False,0.621696,0.4,Q1
3798,mushroom,skyscraper,fruit_and_vegetables,large_man_made_outdoor_things,False,0.795354,0.555556,Q3
3799,mushroom,snail,fruit_and_vegetables,non_insect_invertebrates,False,0.488771,0.428571,Q1
3800,mushroom,snake,fruit_and_vegetables,reptiles,False,0.678628,0.454545,Q1
3801,mushroom,spider,fruit_and_vegetables,non_insect_invertebrates,False,0.736432,0.428571,Q3
3802,mushroom,squirrel,fruit_and_vegetables,small_mammals,False,0.591272,0.478261,Q1
3803,mushroom,streetcar,fruit_and_vegetables,vehicles_2,False,0.806268,0.6,Q3
3804,mushroom,sunflower,fruit_and_vegetables,flowers,False,0.802049,0.454545,Q3
3805,mushroom,sweet_pepper,fruit_and_vegetables,fruit_and_vegetables,True,0.784059,0.8,Q2
3806,mushroom,table,fruit_and_vegetables,household_furniture,False,0.727805,0.875,Q2
3807,mushroom,tank,fruit_and_vegetables,vehicles_2,False,0.749851,0.6,Q3
3808,mushroom,telephone,fruit_and_vegetables,household_electrical_devices,False,0.895062,0.578947,Q3
3809,mushroom,television,fruit_and_vegetables,household_electrical_devices,False,0.794966,0.6,Q3
3810,mushroom,tiger,fruit_and_vegetables,large_carnivores,False,0.717272,0.333333,Q3
3811,mushroom,tractor,fruit_and_vegetables,vehicles_2,False,0.794284,0.6,Q3
3812,mushroom,train,fruit_and_vegetables,vehicles_1,False,0.770673,0.578947,Q3
3813,mushroom,trout,fruit_and_vegetables,fish,False,0.688368,0.764706,Q4
3814,mushroom,tulip,fruit_and_vegetables,flowers,False,0.614043,0.428571,Q1
3815,mushroom,turtle,fruit_and_vegetables,reptiles,False,0.631269,0.6,Q1
3816,mushroom,wardrobe,fruit_and_vegetables,household_furniture,False,0.849117,0.578947,Q3
3817,mushroom,whale,fruit_and_vegetables,aquatic_mammals,False,0.83769,0.368421,Q3
3818,mushroom,willow_tree,fruit_and_vegetables,trees,False,0.687071,0.428571,Q1
3819,mushroom,wolf,fruit_and_vegetables,large_carnivores,False,0.701638,0.5,Q1
3820,mushroom,woman,fruit_and_vegetables,people,False,0.76695,0.368421,Q3
3821,mushroom,worm,fruit_and_vegetables,non_insect_invertebrates,False,0.705867,0.368421,Q1
3822,oak_tree,orange,trees,fruit_and_vegetables,False,0.821873,0.647059,Q2
3823,oak_tree,orchid,trees,flowers,False,0.856942,0.8,Q2
3824,oak_tree,otter,trees,aquatic_mammals,False,0.594459,0.4,Q1
3825,oak_tree,palm_tree,trees,trees,True,0.421179,0.733333,Q4
3826,oak_tree,pear,trees,fruit_and_vegetables,False,0.738663,0.625,Q2
3827,oak_tree,pickup_truck,trees,vehicles_1,False,0.504466,0.789474,Q4
3828,oak_tree,pine_tree,trees,trees,True,0.119466,0.809524,Q4
3829,oak_tree,plain,trees,large_natural_outdoor_scenes,False,0.261773,0.692308,Q4
3830,oak_tree,plate,trees,food_containers,False,0.742908,0.777778,Q2
3831,oak_tree,poppy,trees,flowers,False,0.809701,0.8,Q2
3832,oak_tree,porcupine,trees,medium_mammals,False,0.666496,0.809524,Q4
3833,oak_tree,possum,trees,medium_mammals,False,0.718891,0.809524,Q2
3834,oak_tree,rabbit,trees,small_mammals,False,0.628009,0.818182,Q4
3835,oak_tree,raccoon,trees,medium_mammals,False,0.698665,0.4,Q1
3836,oak_tree,ray,trees,fish,False,0.723764,0.529412,Q3
3837,oak_tree,road,trees,large_man_made_outdoor_things,False,0.406388,0.733333,Q4
3838,oak_tree,rocket,trees,vehicles_2,False,0.587854,0.764706,Q4
3839,oak_tree,rose,trees,flowers,False,0.774518,0.789474,Q2
3840,oak_tree,sea,trees,large_natural_outdoor_scenes,False,0.486297,0.692308,Q4
3841,oak_tree,seal,trees,aquatic_mammals,False,0.66213,0.818182,Q4
3842,oak_tree,shark,trees,fish,False,0.79543,0.818182,Q2
3843,oak_tree,shrew,trees,small_mammals,False,0.628425,0.75,Q4
3844,oak_tree,skunk,trees,medium_mammals,False,0.637994,0.733333,Q4
3845,oak_tree,skyscraper,trees,large_man_made_outdoor_things,False,0.519431,0.75,Q4
3846,oak_tree,snail,trees,non_insect_invertebrates,False,0.741035,0.789474,Q2
3847,oak_tree,snake,trees,reptiles,False,0.785906,0.8,Q2
3848,oak_tree,spider,trees,non_insect_invertebrates,False,0.694462,0.789474,Q4
3849,oak_tree,squirrel,trees,small_mammals,False,0.639732,0.809524,Q4
3850,oak_tree,streetcar,trees,vehicles_2,False,0.537005,0.777778,Q4
3851,oak_tree,sunflower,trees,flowers,False,0.802042,0.8,Q2
3852,oak_tree,sweet_pepper,trees,fruit_and_vegetables,False,0.836405,0.666667,Q2
3853,oak_tree,table,trees,household_furniture,False,0.643993,0.733333,Q4
3854,oak_tree,tank,trees,vehicles_2,False,0.515244,0.777778,Q4
3855,oak_tree,telephone,trees,household_electrical_devices,False,0.790272,0.764706,Q2
3856,oak_tree,television,trees,household_electrical_devices,False,0.680079,0.777778,Q4
3857,oak_tree,tiger,trees,large_carnivores,False,0.749436,0.692308,Q2
3858,oak_tree,tractor,trees,vehicles_2,False,0.57655,0.777778,Q4
3859,oak_tree,train,trees,vehicles_1,False,0.496825,0.764706,Q4
3860,oak_tree,trout,trees,fish,False,0.774891,0.6,Q3
3861,oak_tree,tulip,trees,flowers,False,0.778807,0.789474,Q2
3862,oak_tree,turtle,trees,reptiles,False,0.725518,0.777778,Q2
3863,oak_tree,wardrobe,trees,household_furniture,False,0.68714,0.764706,Q4
3864,oak_tree,whale,trees,aquatic_mammals,False,0.758095,0.714286,Q2
3865,oak_tree,willow_tree,trees,trees,True,0.087719,0.789474,Q4
3866,oak_tree,wolf,trees,large_carnivores,False,0.740418,0.818182,Q2
3867,oak_tree,woman,trees,people,False,0.594026,0.714286,Q4
3868,oak_tree,worm,trees,non_insect_invertebrates,False,0.751272,0.764706,Q2
3869,orange,orchid,fruit_and_vegetables,flowers,False,0.883058,0.666667,Q2
3870,orange,otter,fruit_and_vegetables,aquatic_mammals,False,0.850699,0.684211,Q2
3871,orange,palm_tree,fruit_and_vegetables,trees,False,0.846323,0.75,Q2
3872,orange,pear,fruit_and_vegetables,fruit_and_vegetables,True,0.465605,0.217391,Q1
3873,orange,pickup_truck,fruit_and_vegetables,vehicles_1,False,0.819641,0.652174,Q2
3874,orange,pine_tree,fruit_and_vegetables,trees,False,0.823974,0.68,Q2
3875,orange,plain,fruit_and_vegetables,large_natural_outdoor_scenes,False,0.800464,0.625,Q2
3876,orange,plate,fruit_and_vegetables,food_containers,False,0.660817,0.636364,Q4
3877,orange,poppy,fruit_and_vegetables,flowers,False,0.728707,0.666667,Q2
3878,orange,porcupine,fruit_and_vegetables,medium_mammals,False,0.885331,0.68,Q2
3879,orange,possum,fruit_and_vegetables,medium_mammals,False,0.834041,0.68,Q2
3880,orange,rabbit,fruit_and_vegetables,small_mammals,False,0.809872,0.692308,Q2
3881,orange,raccoon,fruit_and_vegetables,medium_mammals,False,0.871989,0.684211,Q2
3882,orange,ray,fruit_and_vegetables,fish,False,0.855053,0.882353,Q2
3883,orange,road,fruit_and_vegetables,large_man_made_outdoor_things,False,0.874405,0.578947,Q3
3884,orange,rocket,fruit_and_vegetables,vehicles_2,False,0.863426,0.619048,Q2
3885,orange,rose,fruit_and_vegetables,flowers,False,0.778462,0.652174,Q2
3886,orange,sea,fruit_and_vegetables,large_natural_outdoor_scenes,False,0.829286,0.714286,Q2
3887,orange,seal,fruit_and_vegetables,aquatic_mammals,False,0.846624,0.692308,Q2
3888,orange,shark,fruit_and_vegetables,fish,False,0.873943,0.692308,Q2
3889,orange,shrew,fruit_and_vegetables,small_mammals,False,0.855037,0.652174,Q2
3890,orange,skunk,fruit_and_vegetables,medium_mammals,False,0.884944,0.636364,Q2
3891,orange,skyscraper,fruit_and_vegetables,large_man_made_outdoor_things,False,0.86256,0.6,Q3
3892,orange,snail,fruit_and_vegetables,non_insect_invertebrates,False,0.809088,0.652174,Q2
3893,orange,snake,fruit_and_vegetables,reptiles,False,0.822303,0.666667,Q2
3894,orange,spider,fruit_and_vegetables,non_insect_invertebrates,False,0.837702,0.652174,Q2
3895,orange,squirrel,fruit_and_vegetables,small_mammals,False,0.816392,0.68,Q2
3896,orange,streetcar,fruit_and_vegetables,vehicles_2,False,0.880017,0.636364,Q2
3897,orange,sunflower,fruit_and_vegetables,flowers,False,0.736544,0.666667,Q2
3898,orange,sweet_pepper,fruit_and_vegetables,fruit_and_vegetables,True,0.585988,0.368421,Q1
3899,orange,table,fruit_and_vegetables,household_furniture,False,0.825448,0.866667,Q2
3900,orange,tank,fruit_and_vegetables,vehicles_2,False,0.873795,0.636364,Q2
3901,orange,telephone,fruit_and_vegetables,household_electrical_devices,False,0.831633,0.619048,Q2
3902,orange,television,fruit_and_vegetables,household_electrical_devices,False,0.819509,0.636364,Q2
3903,orange,tiger,fruit_and_vegetables,large_carnivores,False,0.825937,0.6,Q3
3904,orange,tractor,fruit_and_vegetables,vehicles_2,False,0.862537,0.636364,Q2
3905,orange,train,fruit_and_vegetables,vehicles_1,False,0.820035,0.619048,Q2
3906,orange,trout,fruit_and_vegetables,fish,False,0.835717,0.375,Q3
3907,orange,tulip,fruit_and_vegetables,flowers,False,0.733691,0.652174,Q2
3908,orange,turtle,fruit_and_vegetables,reptiles,False,0.874324,0.636364,Q2
3909,orange,wardrobe,fruit_and_vegetables,household_furniture,False,0.80117,0.619048,Q2
3910,orange,whale,fruit_and_vegetables,aquatic_mammals,False,0.855936,0.619048,Q2
3911,orange,willow_tree,fruit_and_vegetables,trees,False,0.826133,0.652174,Q2
3912,orange,wolf,fruit_and_vegetables,large_carnivores,False,0.8373,0.692308,Q2
3913,orange,woman,fruit_and_vegetables,people,False,0.782383,0.619048,Q2
3914,orange,worm,fruit_and_vegetables,non_insect_invertebrates,False,0.817558,0.619048,Q2
3915,orchid,otter,flowers,aquatic_mammals,False,0.774489,0.818182,Q2
3916,orchid,palm_tree,flowers,trees,False,0.810734,0.789474,Q2
3917,orchid,pear,flowers,fruit_and_vegetables,False,0.80144,0.652174,Q2
3918,orchid,pickup_truck,flowers,vehicles_1,False,0.800181,0.652174,Q2
3919,orchid,pine_tree,flowers,trees,False,0.828322,0.36,Q3
3920,orchid,plain,flowers,large_natural_outdoor_scenes,False,0.83778,0.647059,Q2
3921,orchid,plate,flowers,food_containers,False,0.783851,0.636364,Q2
3922,orchid,poppy,flowers,flowers,True,0.645093,0.083333,Q1
3923,orchid,porcupine,flowers,medium_mammals,False,0.769735,0.52,Q3
3924,orchid,possum,flowers,medium_mammals,False,0.75213,0.52,Q3
3925,orchid,rabbit,flowers,small_mammals,False,0.703637,0.538462,Q1
3926,orchid,raccoon,flowers,medium_mammals,False,0.77554,0.818182,Q2
3927,orchid,ray,flowers,fish,False,0.778846,0.9,Q2
3928,orchid,road,flowers,large_man_made_outdoor_things,False,0.82534,0.578947,Q3
3929,orchid,rocket,flowers,vehicles_2,False,0.826805,0.619048,Q2
3930,orchid,rose,flowers,flowers,True,0.598027,0.304348,Q1
3931,orchid,sea,flowers,large_natural_outdoor_scenes,False,0.861732,0.764706,Q2
3932,orchid,seal,flowers,aquatic_mammals,False,0.767675,0.538462,Q3
3933,orchid,shark,flowers,fish,False,0.803978,0.538462,Q3
3934,orchid,shrew,flowers,small_mammals,False,0.725128,0.478261,Q3
3935,orchid,skunk,flowers,medium_mammals,False,0.802041,0.454545,Q3
3936,orchid,skyscraper,flowers,large_man_made_outdoor_things,False,0.906071,0.6,Q3
3937,orchid,snail,flowers,non_insect_invertebrates,False,0.807603,0.478261,Q3
3938,orchid,snake,flowers,reptiles,False,0.85685,0.5,Q3
3939,orchid,spider,flowers,non_insect_invertebrates,False,0.735265,0.478261,Q3
3940,orchid,squirrel,flowers,small_mammals,False,0.747227,0.52,Q3
3941,orchid,streetcar,flowers,vehicles_2,False,0.809134,0.636364,Q2
3942,orchid,sunflower,flowers,flowers,True,0.876545,0.083333,Q3
3943,orchid,sweet_pepper,flowers,fruit_and_vegetables,False,0.821646,0.818182,Q2
3944,orchid,table,flowers,household_furniture,False,0.815949,0.888889,Q2
3945,orchid,tank,flowers,vehicles_2,False,0.835159,0.636364,Q2
3946,orchid,telephone,flowers,household_electrical_devices,False,0.921962,0.619048,Q2
3947,orchid,television,flowers,household_electrical_devices,False,0.864151,0.636364,Q2
3948,orchid,tiger,flowers,large_carnivores,False,0.863551,0.4,Q3
3949,orchid,tractor,flowers,vehicles_2,False,0.890851,0.636364,Q2
3950,orchid,train,flowers,vehicles_1,False,0.816274,0.619048,Q2
3951,orchid,trout,flowers,fish,False,0.772523,0.789474,Q2
3952,orchid,tulip,flowers,flowers,True,0.541853,0.304348,Q1
3953,orchid,turtle,flowers,reptiles,False,0.775092,0.636364,Q2
3954,orchid,wardrobe,flowers,household_furniture,False,0.93784,0.619048,Q2
3955,orchid,whale,flowers,aquatic_mammals,False,0.836087,0.428571,Q3
3956,orchid,willow_tree,flowers,trees,False,0.798136,0.304348,Q3
3957,orchid,wolf,flowers,large_carnivores,False,0.811027,0.538462,Q3
3958,orchid,woman,flowers,people,False,0.802372,0.428571,Q3
3959,orchid,worm,flowers,non_insect_invertebrates,False,0.825485,0.428571,Q3
3960,otter,palm_tree,aquatic_mammals,trees,False,0.637748,0.764706,Q4
3961,otter,pear,aquatic_mammals,fruit_and_vegetables,False,0.603269,0.666667,Q4
3962,otter,pickup_truck,aquatic_mammals,vehicles_1,False,0.632211,0.809524,Q4
3963,otter,pine_tree,aquatic_mammals,trees,False,0.527554,0.826087,Q4
3964,otter,plain,aquatic_mammals,large_natural_outdoor_scenes,False,0.571095,0.733333,Q4
3965,otter,plate,aquatic_mammals,food_containers,False,0.667952,0.8,Q4
3966,otter,poppy,aquatic_mammals,flowers,False,0.793371,0.818182,Q2
3967,otter,porcupine,aquatic_mammals,medium_mammals,False,0.319031,0.826087,Q4
3968,otter,possum,aquatic_mammals,medium_mammals,False,0.350227,0.826087,Q4
3969,otter,rabbit,aquatic_mammals,small_mammals,False,0.331538,0.833333,Q4
3970,otter,raccoon,aquatic_mammals,medium_mammals,False,0.35043,0.090909,Q1
3971,otter,ray,aquatic_mammals,fish,False,0.441966,0.578947,Q1
3972,otter,road,aquatic_mammals,large_man_made_outdoor_things,False,0.688144,0.764706,Q4
3973,otter,rocket,aquatic_mammals,vehicles_2,False,0.611723,0.789474,Q4
3974,otter,rose,aquatic_mammals,flowers,False,0.730319,0.809524,Q2
3975,otter,sea,aquatic_mammals,large_natural_outdoor_scenes,False,0.54413,0.733333,Q4
3976,otter,seal,aquatic_mammals,aquatic_mammals,True,0.088213,0.833333,Q4
3977,otter,shark,aquatic_mammals,fish,False,0.526876,0.833333,Q4
3978,otter,shrew,aquatic_mammals,small_mammals,False,0.208865,0.777778,Q4
3979,otter,skunk,aquatic_mammals,medium_mammals,False,0.382485,0.764706,Q4
3980,otter,skyscraper,aquatic_mammals,large_man_made_outdoor_things,False,0.626835,0.777778,Q4
3981,otter,snail,aquatic_mammals,non_insect_invertebrates,False,0.441438,0.809524,Q4
3982,otter,snake,aquatic_mammals,reptiles,False,0.552588,0.818182,Q4
3983,otter,spider,aquatic_mammals,non_insect_invertebrates,False,0.530696,0.809524,Q4
3984,otter,squirrel,aquatic_mammals,small_mammals,False,0.282445,0.826087,Q4
3985,otter,streetcar,aquatic_mammals,vehicles_2,False,0.704945,0.8,Q4
3986,otter,sunflower,aquatic_mammals,flowers,False,0.80713,0.818182,Q2
3987,otter,sweet_pepper,aquatic_mammals,fruit_and_vegetables,False,0.793597,0.7,Q2
3988,otter,table,aquatic_mammals,household_furniture,False,0.68938,0.764706,Q4
3989,otter,tank,aquatic_mammals,vehicles_2,False,0.555928,0.8,Q4
3990,otter,telephone,aquatic_mammals,household_electrical_devices,False,0.735775,0.789474,Q2
3991,otter,television,aquatic_mammals,household_electrical_devices,False,0.666475,0.8,Q4
3992,otter,tiger,aquatic_mammals,large_carnivores,False,0.500279,0.733333,Q4
3993,otter,tractor,aquatic_mammals,vehicles_2,False,0.686435,0.8,Q4
3994,otter,train,aquatic_mammals,vehicles_1,False,0.613288,0.789474,Q4
3995,otter,trout,aquatic_mammals,fish,False,0.517066,0.647059,Q4
3996,otter,tulip,aquatic_mammals,flowers,False,0.736526,0.809524,Q2
3997,otter,turtle,aquatic_mammals,reptiles,False,0.402084,0.8,Q4
3998,otter,wardrobe,aquatic_mammals,household_furniture,False,0.71586,0.789474,Q2
3999,otter,whale,aquatic_mammals,aquatic_mammals,True,0.421057,0.75,Q4
4000,otter,willow_tree,aquatic_mammals,trees,False,0.505828,0.809524,Q4
4001,otter,wolf,aquatic_mammals,large_carnivores,False,0.450291,0.833333,Q4
4002,otter,woman,aquatic_mammals,people,False,0.523308,0.75,Q4
4003,otter,worm,aquatic_mammals,non_insect_invertebrates,False,0.577618,0.789474,Q4
4004,palm_tree,pear,trees,fruit_and_vegetables,False,0.73282,0.733333,Q2
4005,palm_tree,pickup_truck,trees,vehicles_1,False,0.64858,0.777778,Q4
4006,palm_tree,pine_tree,trees,trees,True,0.353563,0.8,Q4
4007,palm_tree,plain,trees,large_natural_outdoor_scenes,False,0.49982,0.666667,Q4
4008,palm_tree,plate,trees,food_containers,False,0.769101,0.764706,Q2
4009,palm_tree,poppy,trees,flowers,False,0.79344,0.789474,Q2
4010,palm_tree,porcupine,trees,medium_mammals,False,0.69844,0.8,Q4
4011,palm_tree,possum,trees,medium_mammals,False,0.768066,0.8,Q2
4012,palm_tree,rabbit,trees,small_mammals,False,0.748802,0.809524,Q2
4013,palm_tree,raccoon,trees,medium_mammals,False,0.724848,0.764706,Q2
4014,palm_tree,ray,trees,fish,False,0.707506,0.866667,Q4
4015,palm_tree,road,trees,large_man_made_outdoor_things,False,0.630505,0.714286,Q4
4016,palm_tree,rocket,trees,vehicles_2,False,0.615988,0.75,Q4
4017,palm_tree,rose,trees,flowers,False,0.764862,0.777778,Q2
4018,palm_tree,sea,trees,large_natural_outdoor_scenes,False,0.515564,0.5,Q1
4019,palm_tree,seal,trees,aquatic_mammals,False,0.672964,0.809524,Q4
4020,palm_tree,shark,trees,fish,False,0.765659,0.809524,Q2
4021,palm_tree,shrew,trees,small_mammals,False,0.686882,0.733333,Q4
4022,palm_tree,skunk,trees,medium_mammals,False,0.673764,0.714286,Q4
4023,palm_tree,skyscraper,trees,large_man_made_outdoor_things,False,0.554537,0.733333,Q4
4024,palm_tree,snail,trees,non_insect_invertebrates,False,0.744787,0.777778,Q2
4025,palm_tree,snake,trees,reptiles,False,0.775233,0.789474,Q2
4026,palm_tree,spider,trees,non_insect_invertebrates,False,0.654368,0.777778,Q4
4027,palm_tree,squirrel,trees,small_mammals,False,0.71515,0.8,Q2
4028,palm_tree,streetcar,trees,vehicles_2,False,0.667508,0.764706,Q4
4029,palm_tree,sunflower,trees,flowers,False,0.736709,0.789474,Q2
4030,palm_tree,sweet_pepper,trees,fruit_and_vegetables,False,0.823742,0.764706,Q2
4031,palm_tree,table,trees,household_furniture,False,0.729081,0.846154,Q2
4032,palm_tree,tank,trees,vehicles_2,False,0.601609,0.764706,Q4
4033,palm_tree,telephone,trees,household_electrical_devices,False,0.830963,0.75,Q2
4034,palm_tree,television,trees,household_electrical_devices,False,0.71706,0.764706,Q2
4035,palm_tree,tiger,trees,large_carnivores,False,0.761282,0.666667,Q2
4036,palm_tree,tractor,trees,vehicles_2,False,0.654794,0.764706,Q4
4037,palm_tree,train,trees,vehicles_1,False,0.641681,0.75,Q4
4038,palm_tree,trout,trees,fish,False,0.755321,0.714286,Q2
4039,palm_tree,tulip,trees,flowers,False,0.764707,0.777778,Q2
4040,palm_tree,turtle,trees,reptiles,False,0.716421,0.764706,Q2
4041,palm_tree,wardrobe,trees,household_furniture,False,0.78859,0.75,Q2
4042,palm_tree,whale,trees,aquatic_mammals,False,0.764244,0.692308,Q2
4043,palm_tree,willow_tree,trees,trees,True,0.387498,0.777778,Q4
4044,palm_tree,wolf,trees,large_carnivores,False,0.76832,0.809524,Q2
4045,palm_tree,woman,trees,people,False,0.65551,0.692308,Q4
4046,palm_tree,worm,trees,non_insect_invertebrates,False,0.757268,0.75,Q2
4047,pear,pickup_truck,fruit_and_vegetables,vehicles_1,False,0.751035,0.636364,Q2
4048,pear,pine_tree,fruit_and_vegetables,trees,False,0.696605,0.666667,Q4
4049,pear,plain,fruit_and_vegetables,large_natural_outdoor_scenes,False,0.734959,0.6,Q3
4050,pear,plate,fruit_and_vegetables,food_containers,False,0.673368,0.619048,Q4
4051,pear,poppy,fruit_and_vegetables,flowers,False,0.785202,0.652174,Q2
4052,pear,porcupine,fruit_and_vegetables,medium_mammals,False,0.724648,0.666667,Q2
4053,pear,possum,fruit_and_vegetables,medium_mammals,False,0.68638,0.666667,Q4
4054,pear,rabbit,fruit_and_vegetables,small_mammals,False,0.643198,0.68,Q4
4055,pear,raccoon,fruit_and_vegetables,medium_mammals,False,0.777899,0.666667,Q2
4056,pear,ray,fruit_and_vegetables,fish,False,0.63267,0.875,Q4
4057,pear,road,fruit_and_vegetables,large_man_made_outdoor_things,False,0.790498,0.555556,Q3
4058,pear,rocket,fruit_and_vegetables,vehicles_2,False,0.71694,0.6,Q3
4059,pear,rose,fruit_and_vegetables,flowers,False,0.741413,0.636364,Q2
4060,pear,sea,fruit_and_vegetables,large_natural_outdoor_scenes,False,0.772427,0.692308,Q2
4061,pear,seal,fruit_and_vegetables,aquatic_mammals,False,0.592153,0.68,Q4
4062,pear,shark,fruit_and_vegetables,fish,False,0.767684,0.68,Q2
4063,pear,shrew,fruit_and_vegetables,small_mammals,False,0.672855,0.636364,Q4
4064,pear,skunk,fruit_and_vegetables,medium_mammals,False,0.76507,0.619048,Q2
4065,pear,skyscraper,fruit_and_vegetables,large_man_made_outdoor_things,False,0.754653,0.578947,Q3
4066,pear,snail,fruit_and_vegetables,non_insect_invertebrates,False,0.529375,0.636364,Q4
4067,pear,snake,fruit_and_vegetables,reptiles,False,0.722793,0.652174,Q2
4068,pear,spider,fruit_and_vegetables,non_insect_invertebrates,False,0.726835,0.636364,Q2
4069,pear,squirrel,fruit_and_vegetables,small_mammals,False,0.683813,0.666667,Q4
4070,pear,streetcar,fruit_and_vegetables,vehicles_2,False,0.772147,0.619048,Q2
4071,pear,sunflower,fruit_and_vegetables,flowers,False,0.769376,0.652174,Q2
4072,pear,sweet_pepper,fruit_and_vegetables,fruit_and_vegetables,True,0.467712,0.333333,Q1
4073,pear,table,fruit_and_vegetables,household_furniture,False,0.712314,0.857143,Q2
4074,pear,tank,fruit_and_vegetables,vehicles_2,False,0.70377,0.619048,Q4
4075,pear,telephone,fruit_and_vegetables,household_electrical_devices,False,0.741019,0.6,Q3
4076,pear,television,fruit_and_vegetables,household_electrical_devices,False,0.753311,0.619048,Q2
4077,pear,tiger,fruit_and_vegetables,large_carnivores,False,0.767677,0.578947,Q3
4078,pear,tractor,fruit_and_vegetables,vehicles_2,False,0.768973,0.619048,Q2
4079,pear,train,fruit_and_vegetables,vehicles_1,False,0.745403,0.6,Q3
4080,pear,trout,fruit_and_vegetables,fish,False,0.685569,0.333333,Q1
4081,pear,tulip,fruit_and_vegetables,flowers,False,0.710216,0.636364,Q4
4082,pear,turtle,fruit_and_vegetables,reptiles,False,0.719268,0.619048,Q2
4083,pear,wardrobe,fruit_and_vegetables,household_furniture,False,0.760722,0.6,Q3
4084,pear,whale,fruit_and_vegetables,aquatic_mammals,False,0.753414,0.6,Q3
4085,pear,willow_tree,fruit_and_vegetables,trees,False,0.69526,0.636364,Q4
4086,pear,wolf,fruit_and_vegetables,large_carnivores,False,0.807161,0.68,Q2
4087,pear,woman,fruit_and_vegetables,people,False,0.68205,0.6,Q1
4088,pear,worm,fruit_and_vegetables,non_insect_invertebrates,False,0.666316,0.6,Q1
4089,pickup_truck,pine_tree,vehicles_1,trees,False,0.520098,0.666667,Q4
4090,pickup_truck,plain,vehicles_1,large_natural_outdoor_scenes,False,0.575252,0.625,Q4
4091,pickup_truck,plate,vehicles_1,food_containers,False,0.775955,0.52381,Q3
4092,pickup_truck,poppy,vehicles_1,flowers,False,0.838228,0.652174,Q2
4093,pickup_truck,porcupine,vehicles_1,medium_mammals,False,0.726192,0.666667,Q2
4094,pickup_truck,possum,vehicles_1,medium_mammals,False,0.701539,0.666667,Q4
4095,pickup_truck,rabbit,vehicles_1,small_mammals,False,0.668007,0.68,Q4
4096,pickup_truck,raccoon,vehicles_1,medium_mammals,False,0.684555,0.809524,Q4
4097,pickup_truck,ray,vehicles_1,fish,False,0.801291,0.894737,Q2
4098,pickup_truck,road,vehicles_1,large_man_made_outdoor_things,False,0.61172,0.444444,Q1
4099,pickup_truck,rocket,vehicles_1,vehicles_2,False,0.677901,0.238095,Q1
4100,pickup_truck,rose,vehicles_1,flowers,False,0.805015,0.636364,Q2
4101,pickup_truck,sea,vehicles_1,large_natural_outdoor_scenes,False,0.70512,0.75,Q4
4102,pickup_truck,seal,vehicles_1,aquatic_mammals,False,0.664339,0.68,Q4
4103,pickup_truck,shark,vehicles_1,fish,False,0.781979,0.68,Q2
4104,pickup_truck,shrew,vehicles_1,small_mammals,False,0.671472,0.636364,Q4
4105,pickup_truck,skunk,vehicles_1,medium_mammals,False,0.648258,0.619048,Q4
4106,pickup_truck,skyscraper,vehicles_1,large_man_made_outdoor_things,False,0.645775,0.473684,Q1
4107,pickup_truck,snail,vehicles_1,non_insect_invertebrates,False,0.769807,0.636364,Q2
4108,pickup_truck,snake,vehicles_1,reptiles,False,0.788787,0.652174,Q2
4109,pickup_truck,spider,vehicles_1,non_insect_invertebrates,False,0.752011,0.636364,Q2
4110,pickup_truck,squirrel,vehicles_1,small_mammals,False,0.673749,0.666667,Q4
4111,pickup_truck,streetcar,vehicles_1,vehicles_2,False,0.478975,0.130435,Q1
4112,pickup_truck,sunflower,vehicles_1,flowers,False,0.841832,0.652174,Q2
4113,pickup_truck,sweet_pepper,vehicles_1,fruit_and_vegetables,False,0.807985,0.809524,Q2
4114,pickup_truck,table,vehicles_1,household_furniture,False,0.657504,0.882353,Q4
4115,pickup_truck,tank,vehicles_1,vehicles_2,False,0.482517,0.166667,Q1
4116,pickup_truck,telephone,vehicles_1,household_electrical_devices,False,0.800002,0.4,Q3
4117,pickup_truck,television,vehicles_1,household_electrical_devices,False,0.660493,0.428571,Q1
4118,pickup_truck,tiger,vehicles_1,large_carnivores,False,0.759503,0.578947,Q3
4119,pickup_truck,tractor,vehicles_1,vehicles_2,False,0.457495,0.130435,Q1
4120,pickup_truck,train,vehicles_1,vehicles_1,True,0.488831,0.333333,Q1
4121,pickup_truck,trout,vehicles_1,fish,False,0.7137,0.777778,Q2
4122,pickup_truck,tulip,vehicles_1,flowers,False,0.803738,0.636364,Q2
4123,pickup_truck,turtle,vehicles_1,reptiles,False,0.737531,0.52381,Q3
4124,pickup_truck,wardrobe,vehicles_1,household_furniture,False,0.744349,0.4,Q3
4125,pickup_truck,whale,vehicles_1,aquatic_mammals,False,0.787949,0.6,Q3
4126,pickup_truck,willow_tree,vehicles_1,trees,False,0.529702,0.636364,Q4
4127,pickup_truck,wolf,vehicles_1,large_carnivores,False,0.694204,0.68,Q4
4128,pickup_truck,woman,vehicles_1,people,False,0.7089,0.6,Q1
4129,pickup_truck,worm,vehicles_1,non_insect_invertebrates,False,0.796146,0.6,Q3
4130,pine_tree,plain,trees,large_natural_outdoor_scenes,False,0.282479,0.666667,Q4
4131,pine_tree,plate,trees,food_containers,False,0.713423,0.652174,Q2
4132,pine_tree,poppy,trees,flowers,False,0.787586,0.36,Q3
4133,pine_tree,porcupine,trees,medium_mammals,False,0.617347,0.538462,Q1
4134,pine_tree,possum,trees,medium_mammals,False,0.676254,0.538462,Q1
4135,pine_tree,rabbit,trees,small_mammals,False,0.600463,0.555556,Q1
4136,pine_tree,raccoon,trees,medium_mammals,False,0.636996,0.826087,Q4
4137,pine_tree,ray,trees,fish,False,0.661697,0.904762,Q4
4138,pine_tree,road,trees,large_man_made_outdoor_things,False,0.424242,0.6,Q1
4139,pine_tree,rocket,trees,vehicles_2,False,0.514194,0.636364,Q4
4140,pine_tree,rose,trees,flowers,False,0.728012,0.25,Q3
4141,pine_tree,sea,trees,large_natural_outdoor_scenes,False,0.442211,0.777778,Q4
4142,pine_tree,seal,trees,aquatic_mammals,False,0.576968,0.555556,Q1
4143,pine_tree,shark,trees,fish,False,0.753081,0.555556,Q3
4144,pine_tree,shrew,trees,small_mammals,False,0.56916,0.5,Q1
4145,pine_tree,skunk,trees,medium_mammals,False,0.581808,0.478261,Q1
4146,pine_tree,skyscraper,trees,large_man_made_outdoor_things,False,0.472116,0.619048,Q4
4147,pine_tree,snail,trees,non_insect_invertebrates,False,0.700619,0.5,Q1
4148,pine_tree,snake,trees,reptiles,False,0.747276,0.52,Q3
4149,pine_tree,spider,trees,non_insect_invertebrates,False,0.656217,0.5,Q1
4150,pine_tree,squirrel,trees,small_mammals,False,0.585063,0.538462,Q1
4151,pine_tree,streetcar,trees,vehicles_2,False,0.55418,0.652174,Q4
4152,pine_tree,sunflower,trees,flowers,False,0.782913,0.36,Q3
4153,pine_tree,sweet_pepper,trees,fruit_and_vegetables,False,0.82936,0.826087,Q2
4154,pine_tree,table,trees,household_furniture,False,0.633364,0.894737,Q4
4155,pine_tree,tank,trees,vehicles_2,False,0.486612,0.652174,Q4
4156,pine_tree,telephone,trees,household_electrical_devices,False,0.805732,0.636364,Q2
4157,pine_tree,television,trees,household_electrical_devices,False,0.658896,0.652174,Q4
4158,pine_tree,tiger,trees,large_carnivores,False,0.683191,0.428571,Q1
4159,pine_tree,tractor,trees,vehicles_2,False,0.569411,0.652174,Q4
4160,pine_tree,train,trees,vehicles_1,False,0.488261,0.636364,Q4
4161,pine_tree,trout,trees,fish,False,0.70901,0.8,Q4
4162,pine_tree,tulip,trees,flowers,False,0.751695,0.333333,Q3
4163,pine_tree,turtle,trees,reptiles,False,0.68123,0.652174,Q4
4164,pine_tree,wardrobe,trees,household_furniture,False,0.686454,0.636364,Q4
4165,pine_tree,whale,trees,aquatic_mammals,False,0.729095,0.454545,Q3
4166,pine_tree,willow_tree,trees,trees,True,0.130439,0.166667,Q1
4167,pine_tree,wolf,trees,large_carnivores,False,0.638279,0.555556,Q1
4168,pine_tree,woman,trees,people,False,0.571724,0.454545,Q1
4169,pine_tree,worm,trees,non_insect_invertebrates,False,0.716696,0.454545,Q3
4170,plain,plate,large_natural_outdoor_scenes,food_containers,False,0.747678,0.6,Q3
4171,plain,poppy,large_natural_outdoor_scenes,flowers,False,0.750856,0.647059,Q2
4172,plain,porcupine,large_natural_outdoor_scenes,medium_mammals,False,0.669683,0.666667,Q4
4173,plain,possum,large_natural_outdoor_scenes,medium_mammals,False,0.731509,0.666667,Q2
4174,plain,rabbit,large_natural_outdoor_scenes,small_mammals,False,0.616406,0.684211,Q4
4175,plain,raccoon,large_natural_outdoor_scenes,medium_mammals,False,0.707293,0.733333,Q4
4176,plain,ray,large_natural_outdoor_scenes,fish,False,0.67013,0.846154,Q4
4177,plain,road,large_natural_outdoor_scenes,large_man_made_outdoor_things,False,0.323031,0.5,Q1
4178,plain,rocket,large_natural_outdoor_scenes,vehicles_2,False,0.500003,0.571429,Q1
4179,plain,rose,large_natural_outdoor_scenes,flowers,False,0.760288,0.625,Q2
4180,plain,sea,large_natural_outdoor_scenes,large_natural_outdoor_scenes,True,0.259925,0.6,Q1
4181,plain,seal,large_natural_outdoor_scenes,aquatic_mammals,False,0.607458,0.684211,Q4
4182,plain,shark,large_natural_outdoor_scenes,fish,False,0.729846,0.684211,Q2
4183,plain,shrew,large_natural_outdoor_scenes,small_mammals,False,0.609306,0.6,Q1
4184,plain,skunk,large_natural_outdoor_scenes,medium_mammals,False,0.626277,0.571429,Q1
4185,plain,skyscraper,large_natural_outdoor_scenes,large_man_made_outdoor_things,False,0.520935,0.538462,Q1
4186,plain,snail,large_natural_outdoor_scenes,non_insect_invertebrates,False,0.707135,0.625,Q4
4187,plain,snake,large_natural_outdoor_scenes,reptiles,False,0.761865,0.647059,Q2
4188,plain,spider,large_natural_outdoor_scenes,non_insect_invertebrates,False,0.660716,0.625,Q4
4189,plain,squirrel,large_natural_outdoor_scenes,small_mammals,False,0.652409,0.666667,Q4
4190,plain,streetcar,large_natural_outdoor_scenes,vehicles_2,False,0.641103,0.6,Q1
4191,plain,sunflower,large_natural_outdoor_scenes,flowers,False,0.728958,0.647059,Q2
4192,plain,sweet_pepper,large_natural_outdoor_scenes,fruit_and_vegetables,False,0.83346,0.733333,Q2
4193,plain,table,large_natural_outdoor_scenes,household_furniture,False,0.687947,0.818182,Q4
4194,plain,tank,large_natural_outdoor_scenes,vehicles_2,False,0.538336,0.6,Q1
4195,plain,telephone,large_natural_outdoor_scenes,household_electrical_devices,False,0.82114,0.571429,Q3
4196,plain,television,large_natural_outdoor_scenes,household_electrical_devices,False,0.673971,0.6,Q1
4197,plain,tiger,large_natural_outdoor_scenes,large_carnivores,False,0.724127,0.5,Q3
4198,plain,tractor,large_natural_outdoor_scenes,vehicles_2,False,0.587099,0.6,Q1
4199,plain,train,large_natural_outdoor_scenes,vehicles_1,False,0.468002,0.571429,Q1
4200,plain,trout,large_natural_outdoor_scenes,fish,False,0.737477,0.666667,Q2
4201,plain,tulip,large_natural_outdoor_scenes,flowers,False,0.752486,0.625,Q2
4202,plain,turtle,large_natural_outdoor_scenes,reptiles,False,0.699955,0.6,Q1
4203,plain,wardrobe,large_natural_outdoor_scenes,household_furniture,False,0.734226,0.571429,Q3
4204,plain,whale,large_natural_outdoor_scenes,aquatic_mammals,False,0.689221,0.538462,Q1
4205,plain,willow_tree,large_natural_outdoor_scenes,trees,False,0.274118,0.625,Q4
4206,plain,wolf,large_natural_outdoor_scenes,large_carnivores,False,0.725801,0.684211,Q2
4207,plain,woman,large_natural_outdoor_scenes,people,False,0.641965,0.538462,Q1
4208,plain,worm,large_natural_outdoor_scenes,non_insect_invertebrates,False,0.706222,0.571429,Q1
4209,plate,poppy,food_containers,flowers,False,0.718778,0.636364,Q2
4210,plate,porcupine,food_containers,medium_mammals,False,0.710384,0.652174,Q4
4211,plate,possum,food_containers,medium_mammals,False,0.719743,0.652174,Q2
4212,plate,rabbit,food_containers,small_mammals,False,0.68207,0.666667,Q4
4213,plate,raccoon,food_containers,medium_mammals,False,0.733511,0.8,Q2
4214,plate,ray,food_containers,fish,False,0.683188,0.888889,Q4
4215,plate,road,food_containers,large_man_made_outdoor_things,False,0.824232,0.411765,Q3
4216,plate,rocket,food_containers,vehicles_2,False,0.756825,0.473684,Q3
4217,plate,rose,food_containers,flowers,False,0.695093,0.619048,Q4
4218,plate,sea,food_containers,large_natural_outdoor_scenes,False,0.763171,0.733333,Q2
4219,plate,seal,food_containers,aquatic_mammals,False,0.703709,0.666667,Q4
4220,plate,shark,food_containers,fish,False,0.792388,0.666667,Q2
4221,plate,shrew,food_containers,small_mammals,False,0.678549,0.619048,Q4
4222,plate,skunk,food_containers,medium_mammals,False,0.725929,0.6,Q3
4223,plate,skyscraper,food_containers,large_man_made_outdoor_things,False,0.812361,0.444444,Q3
4224,plate,snail,food_containers,non_insect_invertebrates,False,0.666107,0.619048,Q4
4225,plate,snake,food_containers,reptiles,False,0.719083,0.636364,Q2
4226,plate,spider,food_containers,non_insect_invertebrates,False,0.723886,0.619048,Q2
4227,plate,squirrel,food_containers,small_mammals,False,0.715503,0.652174,Q2
4228,plate,streetcar,food_containers,vehicles_2,False,0.799624,0.5,Q3
4229,plate,sunflower,food_containers,flowers,False,0.816963,0.636364,Q2
4230,plate,sweet_pepper,food_containers,fruit_and_vegetables,False,0.749493,0.8,Q2
4231,plate,table,food_containers,household_furniture,False,0.641486,0.875,Q4
4232,plate,tank,food_containers,vehicles_2,False,0.753311,0.5,Q3
4233,plate,telephone,food_containers,household_electrical_devices,False,0.753569,0.473684,Q3
4234,plate,television,food_containers,household_electrical_devices,False,0.687703,0.5,Q1
4235,plate,tiger,food_containers,large_carnivores,False,0.7348,0.555556,Q3
4236,plate,tractor,food_containers,vehicles_2,False,0.805195,0.5,Q3
4237,plate,train,food_containers,vehicles_1,False,0.77564,0.473684,Q3
4238,plate,trout,food_containers,fish,False,0.676053,0.764706,Q4
4239,plate,tulip,food_containers,flowers,False,0.76764,0.619048,Q2
4240,plate,turtle,food_containers,reptiles,False,0.709341,0.5,Q1
4241,plate,wardrobe,food_containers,household_furniture,False,0.744902,0.473684,Q3
4242,plate,whale,food_containers,aquatic_mammals,False,0.820422,0.578947,Q3
4243,plate,willow_tree,food_containers,trees,False,0.733511,0.619048,Q2
4244,plate,wolf,food_containers,large_carnivores,False,0.738588,0.666667,Q2
4245,plate,woman,food_containers,people,False,0.71822,0.578947,Q3
4246,plate,worm,food_containers,non_insect_invertebrates,False,0.640717,0.578947,Q1
4247,poppy,porcupine,flowers,medium_mammals,False,0.732118,0.52,Q3
4248,poppy,possum,flowers,medium_mammals,False,0.801398,0.52,Q3
4249,poppy,rabbit,flowers,small_mammals,False,0.735143,0.538462,Q3
4250,poppy,raccoon,flowers,medium_mammals,False,0.820472,0.818182,Q2
4251,poppy,ray,flowers,fish,False,0.752426,0.9,Q2
4252,poppy,road,flowers,large_man_made_outdoor_things,False,0.852103,0.578947,Q3
4253,poppy,rocket,flowers,vehicles_2,False,0.868947,0.619048,Q2
4254,poppy,rose,flowers,flowers,True,0.3634,0.304348,Q1
4255,poppy,sea,flowers,large_natural_outdoor_scenes,False,0.811869,0.764706,Q2
4256,poppy,seal,flowers,aquatic_mammals,False,0.796781,0.538462,Q3
4257,poppy,shark,flowers,fish,False,0.868916,0.538462,Q3
4258,poppy,shrew,flowers,small_mammals,False,0.718447,0.478261,Q3
4259,poppy,skunk,flowers,medium_mammals,False,0.786711,0.454545,Q3
4260,poppy,skyscraper,flowers,large_man_made_outdoor_things,False,0.868337,0.6,Q3
4261,poppy,snail,flowers,non_insect_invertebrates,False,0.769636,0.478261,Q3
4262,poppy,snake,flowers,reptiles,False,0.830409,0.5,Q3
4263,poppy,spider,flowers,non_insect_invertebrates,False,0.82315,0.478261,Q3
4264,poppy,squirrel,flowers,small_mammals,False,0.763057,0.52,Q3
4265,poppy,streetcar,flowers,vehicles_2,False,0.794363,0.636364,Q2
4266,poppy,sunflower,flowers,flowers,True,0.530735,0.083333,Q1
4267,poppy,sweet_pepper,flowers,fruit_and_vegetables,False,0.647243,0.818182,Q4
4268,poppy,table,flowers,household_furniture,False,0.82667,0.888889,Q2
4269,poppy,tank,flowers,vehicles_2,False,0.824731,0.636364,Q2
4270,poppy,telephone,flowers,household_electrical_devices,False,0.894138,0.619048,Q2
4271,poppy,television,flowers,household_electrical_devices,False,0.847798,0.636364,Q2
4272,poppy,tiger,flowers,large_carnivores,False,0.768697,0.4,Q3
4273,poppy,tractor,flowers,vehicles_2,False,0.805318,0.636364,Q2
4274,poppy,train,flowers,vehicles_1,False,0.775985,0.619048,Q2
4275,poppy,trout,flowers,fish,False,0.79604,0.789474,Q2
4276,poppy,tulip,flowers,flowers,True,0.281416,0.304348,Q1
4277,poppy,turtle,flowers,reptiles,False,0.815716,0.636364,Q2
4278,poppy,wardrobe,flowers,household_furniture,False,0.907459,0.619048,Q2
4279,poppy,whale,flowers,aquatic_mammals,False,0.877604,0.428571,Q3
4280,poppy,willow_tree,flowers,trees,False,0.762981,0.304348,Q3
4281,poppy,wolf,flowers,large_carnivores,False,0.840023,0.538462,Q3
4282,poppy,woman,flowers,people,False,0.812481,0.428571,Q3
4283,poppy,worm,flowers,non_insect_invertebrates,False,0.824687,0.428571,Q3
4284,porcupine,possum,medium_mammals,medium_mammals,True,0.301981,0.230769,Q1
4285,porcupine,rabbit,medium_mammals,small_mammals,False,0.32428,0.185185,Q1
4286,porcupine,raccoon,medium_mammals,medium_mammals,True,0.287082,0.826087,Q4
4287,porcupine,ray,medium_mammals,fish,False,0.567727,0.904762,Q4
4288,porcupine,road,medium_mammals,large_man_made_outdoor_things,False,0.734855,0.6,Q3
4289,porcupine,rocket,medium_mammals,vehicles_2,False,0.728647,0.636364,Q2
4290,porcupine,rose,medium_mammals,flowers,False,0.767966,0.5,Q3
4291,porcupine,sea,medium_mammals,large_natural_outdoor_scenes,False,0.72777,0.777778,Q2
4292,porcupine,seal,medium_mammals,aquatic_mammals,False,0.350623,0.185185,Q1
4293,porcupine,shark,medium_mammals,fish,False,0.714368,0.333333,Q3
4294,porcupine,shrew,medium_mammals,small_mammals,False,0.176528,0.5,Q1
4295,porcupine,skunk,medium_mammals,medium_mammals,True,0.402334,0.478261,Q1
4296,porcupine,skyscraper,medium_mammals,large_man_made_outdoor_things,False,0.73264,0.619048,Q2
4297,porcupine,snail,medium_mammals,non_insect_invertebrates,False,0.540766,0.416667,Q1
4298,porcupine,snake,medium_mammals,reptiles,False,0.646186,0.28,Q1
4299,porcupine,spider,medium_mammals,non_insect_invertebrates,False,0.648718,0.416667,Q1
4300,porcupine,squirrel,medium_mammals,small_mammals,False,0.301468,0.076923,Q1
4301,porcupine,streetcar,medium_mammals,vehicles_2,False,0.71167,0.652174,Q4
4302,porcupine,sunflower,medium_mammals,flowers,False,0.799209,0.52,Q3
4303,porcupine,sweet_pepper,medium_mammals,fruit_and_vegetables,False,0.812507,0.826087,Q2
4304,porcupine,table,medium_mammals,household_furniture,False,0.755794,0.894737,Q2
4305,porcupine,tank,medium_mammals,vehicles_2,False,0.634228,0.652174,Q4
4306,porcupine,telephone,medium_mammals,household_electrical_devices,False,0.818464,0.636364,Q2
4307,porcupine,television,medium_mammals,household_electrical_devices,False,0.747714,0.652174,Q2
4308,porcupine,tiger,medium_mammals,large_carnivores,False,0.557023,0.428571,Q1
4309,porcupine,tractor,medium_mammals,vehicles_2,False,0.726155,0.652174,Q2
4310,porcupine,train,medium_mammals,vehicles_1,False,0.651785,0.636364,Q4
4311,porcupine,trout,medium_mammals,fish,False,0.641872,0.8,Q4
4312,porcupine,tulip,medium_mammals,flowers,False,0.778877,0.5,Q3
4313,porcupine,turtle,medium_mammals,reptiles,False,0.500234,0.652174,Q4
4314,porcupine,wardrobe,medium_mammals,household_furniture,False,0.791392,0.636364,Q2
4315,porcupine,whale,medium_mammals,aquatic_mammals,False,0.704605,0.454545,Q1
4316,porcupine,willow_tree,medium_mammals,trees,False,0.576703,0.5,Q1
4317,porcupine,wolf,medium_mammals,large_carnivores,False,0.495063,0.185185,Q1
4318,porcupine,woman,medium_mammals,people,False,0.655022,0.454545,Q1
4319,porcupine,worm,medium_mammals,non_insect_invertebrates,False,0.713494,0.363636,Q3
4320,possum,rabbit,medium_mammals,small_mammals,False,0.306377,0.259259,Q1
4321,possum,raccoon,medium_mammals,medium_mammals,True,0.271187,0.826087,Q4
4322,possum,ray,medium_mammals,fish,False,0.610009,0.904762,Q4
4323,possum,road,medium_mammals,large_man_made_outdoor_things,False,0.790426,0.6,Q3
4324,possum,rocket,medium_mammals,vehicles_2,False,0.747731,0.636364,Q2
4325,possum,rose,medium_mammals,flowers,False,0.747662,0.5,Q3
4326,possum,sea,medium_mammals,large_natural_outdoor_scenes,False,0.775098,0.777778,Q2
4327,possum,seal,medium_mammals,aquatic_mammals,False,0.382132,0.259259,Q1
4328,possum,shark,medium_mammals,fish,False,0.670988,0.333333,Q1
4329,possum,shrew,medium_mammals,small_mammals,False,0.285698,0.5,Q1
4330,possum,skunk,medium_mammals,medium_mammals,True,0.454573,0.478261,Q1
4331,possum,skyscraper,medium_mammals,large_man_made_outdoor_things,False,0.765208,0.619048,Q2
4332,possum,snail,medium_mammals,non_insect_invertebrates,False,0.629987,0.416667,Q1
4333,possum,snake,medium_mammals,reptiles,False,0.615658,0.28,Q1
4334,possum,spider,medium_mammals,non_insect_invertebrates,False,0.648215,0.416667,Q1
4335,possum,squirrel,medium_mammals,small_mammals,False,0.317603,0.230769,Q1
4336,possum,streetcar,medium_mammals,vehicles_2,False,0.739812,0.652174,Q2
4337,possum,sunflower,medium_mammals,flowers,False,0.880996,0.52,Q3
4338,possum,sweet_pepper,medium_mammals,fruit_and_vegetables,False,0.795196,0.826087,Q2
4339,possum,table,medium_mammals,household_furniture,False,0.760817,0.894737,Q2
4340,possum,tank,medium_mammals,vehicles_2,False,0.680093,0.652174,Q4
4341,possum,telephone,medium_mammals,household_electrical_devices,False,0.77254,0.636364,Q2
4342,possum,television,medium_mammals,household_electrical_devices,False,0.773621,0.652174,Q2
4343,possum,tiger,medium_mammals,large_carnivores,False,0.526037,0.428571,Q1
4344,possum,tractor,medium_mammals,vehicles_2,False,0.756035,0.652174,Q2
4345,possum,train,medium_mammals,vehicles_1,False,0.677888,0.636364,Q4
4346,possum,trout,medium_mammals,fish,False,0.612436,0.8,Q4
4347,possum,tulip,medium_mammals,flowers,False,0.767184,0.5,Q3
4348,possum,turtle,medium_mammals,reptiles,False,0.589723,0.652174,Q4
4349,possum,wardrobe,medium_mammals,household_furniture,False,0.820138,0.636364,Q2
4350,possum,whale,medium_mammals,aquatic_mammals,False,0.706403,0.454545,Q1
4351,possum,willow_tree,medium_mammals,trees,False,0.672102,0.5,Q1
4352,possum,wolf,medium_mammals,large_carnivores,False,0.377178,0.259259,Q1
4353,possum,woman,medium_mammals,people,False,0.614226,0.454545,Q1
4354,possum,worm,medium_mammals,non_insect_invertebrates,False,0.72474,0.363636,Q3
4355,rabbit,raccoon,small_mammals,medium_mammals,False,0.403166,0.833333,Q4
4356,rabbit,ray,small_mammals,fish,False,0.568359,0.909091,Q4
4357,rabbit,road,small_mammals,large_man_made_outdoor_things,False,0.727538,0.619048,Q2
4358,rabbit,rocket,small_mammals,vehicles_2,False,0.697059,0.652174,Q4
4359,rabbit,rose,small_mammals,flowers,False,0.705866,0.52,Q1
4360,rabbit,sea,small_mammals,large_natural_outdoor_scenes,False,0.697814,0.789474,Q4
4361,rabbit,seal,small_mammals,aquatic_mammals,False,0.372186,0.214286,Q1
4362,rabbit,shark,small_mammals,fish,False,0.651526,0.357143,Q1
4363,rabbit,shrew,small_mammals,small_mammals,True,0.275242,0.52,Q1
4364,rabbit,skunk,small_mammals,medium_mammals,False,0.445327,0.5,Q1
4365,rabbit,skyscraper,small_mammals,large_man_made_outdoor_things,False,0.755204,0.636364,Q2
4366,rabbit,snail,small_mammals,non_insect_invertebrates,False,0.558847,0.44,Q1
4367,rabbit,snake,small_mammals,reptiles,False,0.639697,0.307692,Q1
4368,rabbit,spider,small_mammals,non_insect_invertebrates,False,0.54423,0.44,Q1
4369,rabbit,squirrel,small_mammals,small_mammals,True,0.20962,0.185185,Q1
4370,rabbit,streetcar,small_mammals,vehicles_2,False,0.685588,0.666667,Q4
4371,rabbit,sunflower,small_mammals,flowers,False,0.81693,0.538462,Q3
4372,rabbit,sweet_pepper,small_mammals,fruit_and_vegetables,False,0.745576,0.833333,Q2
4373,rabbit,table,small_mammals,household_furniture,False,0.720448,0.9,Q2
4374,rabbit,tank,small_mammals,vehicles_2,False,0.630498,0.666667,Q4
4375,rabbit,telephone,small_mammals,household_electrical_devices,False,0.758562,0.652174,Q2
4376,rabbit,television,small_mammals,household_electrical_devices,False,0.683148,0.666667,Q4
4377,rabbit,tiger,small_mammals,large_carnivores,False,0.481546,0.454545,Q1
4378,rabbit,tractor,small_mammals,vehicles_2,False,0.676095,0.666667,Q4
4379,rabbit,train,small_mammals,vehicles_1,False,0.631351,0.652174,Q4
4380,rabbit,trout,small_mammals,fish,False,0.58142,0.809524,Q4
4381,rabbit,tulip,small_mammals,flowers,False,0.704759,0.52,Q1
4382,rabbit,turtle,small_mammals,reptiles,False,0.521802,0.666667,Q4
4383,rabbit,wardrobe,small_mammals,household_furniture,False,0.693048,0.652174,Q4
4384,rabbit,whale,small_mammals,aquatic_mammals,False,0.656972,0.478261,Q1
4385,rabbit,willow_tree,small_mammals,trees,False,0.584495,0.52,Q1
4386,rabbit,wolf,small_mammals,large_carnivores,False,0.469979,0.214286,Q1
4387,rabbit,woman,small_mammals,people,False,0.609585,0.478261,Q1
4388,rabbit,worm,small_mammals,non_insect_invertebrates,False,0.701026,0.391304,Q1
4389,raccoon,ray,medium_mammals,fish,False,0.647461,0.578947,Q1
4390,raccoon,road,medium_mammals,large_man_made_outdoor_things,False,0.75122,0.764706,Q2
4391,raccoon,rocket,medium_mammals,vehicles_2,False,0.758176,0.789474,Q2
4392,raccoon,rose,medium_mammals,flowers,False,0.827453,0.809524,Q2
4393,raccoon,sea,medium_mammals,large_natural_outdoor_scenes,False,0.761247,0.733333,Q2
4394,raccoon,seal,medium_mammals,aquatic_mammals,False,0.399547,0.833333,Q4
4395,raccoon,shark,medium_mammals,fish,False,0.667312,0.833333,Q4
4396,raccoon,shrew,medium_mammals,small_mammals,False,0.324767,0.777778,Q4
4397,raccoon,skunk,medium_mammals,medium_mammals,True,0.366622,0.764706,Q4
4398,raccoon,skyscraper,medium_mammals,large_man_made_outdoor_things,False,0.744552,0.777778,Q2
4399,raccoon,snail,medium_mammals,non_insect_invertebrates,False,0.621565,0.809524,Q4
4400,raccoon,snake,medium_mammals,reptiles,False,0.644172,0.818182,Q4
4401,raccoon,spider,medium_mammals,non_insect_invertebrates,False,0.661911,0.809524,Q4
4402,raccoon,squirrel,medium_mammals,small_mammals,False,0.349734,0.826087,Q4
4403,raccoon,streetcar,medium_mammals,vehicles_2,False,0.734161,0.8,Q2
4404,raccoon,sunflower,medium_mammals,flowers,False,0.828361,0.818182,Q2
4405,raccoon,sweet_pepper,medium_mammals,fruit_and_vegetables,False,0.808617,0.7,Q2
4406,raccoon,table,medium_mammals,household_furniture,False,0.728929,0.764706,Q2
4407,raccoon,tank,medium_mammals,vehicles_2,False,0.667878,0.8,Q4
4408,raccoon,telephone,medium_mammals,household_electrical_devices,False,0.778666,0.789474,Q2
4409,raccoon,television,medium_mammals,household_electrical_devices,False,0.740272,0.8,Q2
4410,raccoon,tiger,medium_mammals,large_carnivores,False,0.412225,0.733333,Q4
4411,raccoon,tractor,medium_mammals,vehicles_2,False,0.746761,0.8,Q2
4412,raccoon,train,medium_mammals,vehicles_1,False,0.672439,0.789474,Q4
4413,raccoon,trout,medium_mammals,fish,False,0.634674,0.647059,Q4
4414,raccoon,tulip,medium_mammals,flowers,False,0.831034,0.809524,Q2
4415,raccoon,turtle,medium_mammals,reptiles,False,0.577553,0.8,Q4
4416,raccoon,wardrobe,medium_mammals,household_furniture,False,0.794371,0.789474,Q2
4417,raccoon,whale,medium_mammals,aquatic_mammals,False,0.685624,0.75,Q4
4418,raccoon,willow_tree,medium_mammals,trees,False,0.646853,0.809524,Q4
4419,raccoon,wolf,medium_mammals,large_carnivores,False,0.318035,0.833333,Q4
4420,raccoon,woman,medium_mammals,people,False,0.636242,0.75,Q4
4421,raccoon,worm,medium_mammals,non_insect_invertebrates,False,0.735437,0.789474,Q2
4422,ray,road,fish,large_man_made_outdoor_things,False,0.767488,0.866667,Q2
4423,ray,rocket,fish,vehicles_2,False,0.630876,0.882353,Q4
4424,ray,rose,fish,flowers,False,0.741454,0.894737,Q2
4425,ray,sea,fish,large_natural_outdoor_scenes,False,0.606238,0.846154,Q4
4426,ray,seal,fish,aquatic_mammals,False,0.426165,0.909091,Q4
4427,ray,shark,fish,fish,True,0.276176,0.909091,Q4
4428,ray,shrew,fish,small_mammals,False,0.455594,0.875,Q4
4429,ray,skunk,fish,medium_mammals,False,0.603656,0.866667,Q4
4430,ray,skyscraper,fish,large_man_made_outdoor_things,False,0.652642,0.875,Q4
4431,ray,snail,fish,non_insect_invertebrates,False,0.611578,0.894737,Q4
4432,ray,snake,fish,reptiles,False,0.65615,0.9,Q4
4433,ray,spider,fish,non_insect_invertebrates,False,0.619892,0.894737,Q4
4434,ray,squirrel,fish,small_mammals,False,0.579528,0.904762,Q4
4435,ray,streetcar,fish,vehicles_2,False,0.791005,0.888889,Q2
4436,ray,sunflower,fish,flowers,False,0.863008,0.9,Q2
4437,ray,sweet_pepper,fish,fruit_and_vegetables,False,0.764475,0.888889,Q2
4438,ray,table,fish,household_furniture,False,0.722453,0.714286,Q2
4439,ray,tank,fish,vehicles_2,False,0.648523,0.888889,Q4
4440,ray,telephone,fish,household_electrical_devices,False,0.778577,0.882353,Q2
4441,ray,television,fish,household_electrical_devices,False,0.740831,0.888889,Q2
4442,ray,tiger,fish,large_carnivores,False,0.678108,0.846154,Q4
4443,ray,tractor,fish,vehicles_2,False,0.782933,0.888889,Q2
4444,ray,train,fish,vehicles_1,False,0.731667,0.882353,Q2
4445,ray,trout,fish,fish,True,0.50056,0.866667,Q4
4446,ray,tulip,fish,flowers,False,0.771362,0.894737,Q2
4447,ray,turtle,fish,reptiles,False,0.300566,0.888889,Q4
4448,ray,wardrobe,fish,household_furniture,False,0.803971,0.882353,Q2
4449,ray,whale,fish,aquatic_mammals,False,0.50766,0.857143,Q4
4450,ray,willow_tree,fish,trees,False,0.656912,0.894737,Q4
4451,ray,wolf,fish,large_carnivores,False,0.673144,0.909091,Q4
4452,ray,woman,fish,people,False,0.687322,0.857143,Q4
4453,ray,worm,fish,non_insect_invertebrates,False,0.567418,0.882353,Q4
4454,road,rocket,large_man_made_outdoor_things,vehicles_2,False,0.654053,0.375,Q1
4455,road,rose,large_man_made_outdoor_things,flowers,False,0.834297,0.555556,Q3
4456,road,sea,large_man_made_outdoor_things,large_natural_outdoor_scenes,False,0.490429,0.666667,Q4
4457,road,seal,large_man_made_outdoor_things,aquatic_mammals,False,0.701341,0.619048,Q4
4458,road,shark,large_man_made_outdoor_things,fish,False,0.785466,0.619048,Q2
4459,road,shrew,large_man_made_outdoor_things,small_mammals,False,0.708409,0.555556,Q1
4460,road,skunk,large_man_made_outdoor_things,medium_mammals,False,0.707071,0.529412,Q1
4461,road,skyscraper,large_man_made_outdoor_things,large_man_made_outdoor_things,True,0.603467,0.333333,Q1
4462,road,snail,large_man_made_outdoor_things,non_insect_invertebrates,False,0.771048,0.555556,Q3
4463,road,snake,large_man_made_outdoor_things,reptiles,False,0.823088,0.578947,Q3
4464,road,spider,large_man_made_outdoor_things,non_insect_invertebrates,False,0.71367,0.555556,Q3
4465,road,squirrel,large_man_made_outdoor_things,small_mammals,False,0.719149,0.6,Q3
4466,road,streetcar,large_man_made_outdoor_things,vehicles_2,False,0.540982,0.411765,Q1
4467,road,sunflower,large_man_made_outdoor_things,flowers,False,0.823772,0.578947,Q3
4468,road,sweet_pepper,large_man_made_outdoor_things,fruit_and_vegetables,False,0.874777,0.764706,Q2
4469,road,table,large_man_made_outdoor_things,household_furniture,False,0.745247,0.846154,Q2
4470,road,tank,large_man_made_outdoor_things,vehicles_2,False,0.631369,0.411765,Q1
4471,road,telephone,large_man_made_outdoor_things,household_electrical_devices,False,0.886617,0.375,Q3
4472,road,television,large_man_made_outdoor_things,household_electrical_devices,False,0.750656,0.411765,Q3
4473,road,tiger,large_man_made_outdoor_things,large_carnivores,False,0.779692,0.466667,Q3
4474,road,tractor,large_man_made_outdoor_things,vehicles_2,False,0.685096,0.411765,Q1
4475,road,train,large_man_made_outdoor_things,vehicles_1,False,0.389269,0.375,Q1
4476,road,trout,large_man_made_outdoor_things,fish,False,0.827536,0.714286,Q2
4477,road,tulip,large_man_made_outdoor_things,flowers,False,0.83353,0.555556,Q3
4478,road,turtle,large_man_made_outdoor_things,reptiles,False,0.767771,0.411765,Q3
4479,road,wardrobe,large_man_made_outdoor_things,household_furniture,False,0.776588,0.375,Q3
4480,road,whale,large_man_made_outdoor_things,aquatic_mammals,False,0.773812,0.5,Q3
4481,road,willow_tree,large_man_made_outdoor_things,trees,False,0.407357,0.555556,Q1
4482,road,wolf,large_man_made_outdoor_things,large_carnivores,False,0.788652,0.619048,Q2
4483,road,woman,large_man_made_outdoor_things,people,False,0.724584,0.5,Q3
4484,road,worm,large_man_made_outdoor_things,non_insect_invertebrates,False,0.796214,0.5,Q3
4485,rocket,rose,vehicles_2,flowers,False,0.842046,0.6,Q3
4486,rocket,sea,vehicles_2,large_natural_outdoor_scenes,False,0.485241,0.714286,Q4
4487,rocket,seal,vehicles_2,aquatic_mammals,False,0.626309,0.652174,Q4
4488,rocket,shark,vehicles_2,fish,False,0.636004,0.652174,Q4
4489,rocket,shrew,vehicles_2,small_mammals,False,0.68357,0.6,Q1
4490,rocket,skunk,vehicles_2,medium_mammals,False,0.66842,0.578947,Q1
4491,rocket,skyscraper,vehicles_2,large_man_made_outdoor_things,False,0.433967,0.411765,Q1
4492,rocket,snail,vehicles_2,non_insect_invertebrates,False,0.693235,0.6,Q1
4493,rocket,snake,vehicles_2,reptiles,False,0.805303,0.619048,Q2
4494,rocket,spider,vehicles_2,non_insect_invertebrates,False,0.704943,0.6,Q1
4495,rocket,squirrel,vehicles_2,small_mammals,False,0.679624,0.636364,Q4
4496,rocket,streetcar,vehicles_2,vehicles_2,True,0.714953,0.2,Q3
4497,rocket,sunflower,vehicles_2,flowers,False,0.854409,0.619048,Q2
4498,rocket,sweet_pepper,vehicles_2,fruit_and_vegetables,False,0.888054,0.789474,Q2
4499,rocket,table,vehicles_2,household_furniture,False,0.750764,0.866667,Q2
4500,rocket,tank,vehicles_2,vehicles_2,True,0.457648,0.157895,Q1
4501,rocket,telephone,vehicles_2,household_electrical_devices,False,0.827797,0.333333,Q3
4502,rocket,television,vehicles_2,household_electrical_devices,False,0.705542,0.368421,Q1
4503,rocket,tiger,vehicles_2,large_carnivores,False,0.764538,0.529412,Q3
4504,rocket,tractor,vehicles_2,vehicles_2,True,0.628624,0.2,Q1
4505,rocket,train,vehicles_2,vehicles_1,False,0.598588,0.222222,Q1
4506,rocket,trout,vehicles_2,fish,False,0.718505,0.75,Q2
4507,rocket,tulip,vehicles_2,flowers,False,0.829283,0.6,Q3
4508,rocket,turtle,vehicles_2,reptiles,False,0.680766,0.473684,Q1
4509,rocket,wardrobe,vehicles_2,household_furniture,False,0.815141,0.333333,Q3
4510,rocket,whale,vehicles_2,aquatic_mammals,False,0.599717,0.555556,Q1
4511,rocket,willow_tree,vehicles_2,trees,False,0.549212,0.6,Q1
4512,rocket,wolf,vehicles_2,large_carnivores,False,0.734118,0.652174,Q2
4513,rocket,woman,vehicles_2,people,False,0.656119,0.555556,Q1
4514,rocket,worm,vehicles_2,non_insect_invertebrates,False,0.687298,0.555556,Q1
4515,rose,sea,flowers,large_natural_outdoor_scenes,False,0.79536,0.75,Q2
4516,rose,seal,flowers,aquatic_mammals,False,0.722632,0.52,Q3
4517,rose,shark,flowers,fish,False,0.791939,0.52,Q3
4518,rose,shrew,flowers,small_mammals,False,0.709577,0.454545,Q1
4519,rose,skunk,flowers,medium_mammals,False,0.786528,0.428571,Q3
4520,rose,skyscraper,flowers,large_man_made_outdoor_things,False,0.836066,0.578947,Q3
4521,rose,snail,flowers,non_insect_invertebrates,False,0.74336,0.454545,Q3
4522,rose,snake,flowers,reptiles,False,0.820435,0.478261,Q3
4523,rose,spider,flowers,non_insect_invertebrates,False,0.801401,0.454545,Q3
4524,rose,squirrel,flowers,small_mammals,False,0.711931,0.5,Q3
4525,rose,streetcar,flowers,vehicles_2,False,0.81645,0.619048,Q2
4526,rose,sunflower,flowers,flowers,True,0.73582,0.304348,Q3
4527,rose,sweet_pepper,flowers,fruit_and_vegetables,False,0.675287,0.809524,Q4
4528,rose,table,flowers,household_furniture,False,0.78387,0.882353,Q2
4529,rose,tank,flowers,vehicles_2,False,0.766359,0.619048,Q2
4530,rose,telephone,flowers,household_electrical_devices,False,0.856681,0.6,Q3
4531,rose,television,flowers,household_electrical_devices,False,0.837105,0.619048,Q2
4532,rose,tiger,flowers,large_carnivores,False,0.743624,0.368421,Q3
4533,rose,tractor,flowers,vehicles_2,False,0.838864,0.619048,Q2
4534,rose,train,flowers,vehicles_1,False,0.788458,0.6,Q3
4535,rose,trout,flowers,fish,False,0.779793,0.777778,Q2
4536,rose,tulip,flowers,flowers,True,0.306229,0.272727,Q1
4537,rose,turtle,flowers,reptiles,False,0.78503,0.619048,Q2
4538,rose,wardrobe,flowers,household_furniture,False,0.92523,0.6,Q3
4539,rose,whale,flowers,aquatic_mammals,False,0.831812,0.4,Q3
4540,rose,willow_tree,flowers,trees,False,0.729052,0.181818,Q3
4541,rose,wolf,flowers,large_carnivores,False,0.795497,0.52,Q3
4542,rose,woman,flowers,people,False,0.7619,0.4,Q3
4543,rose,worm,flowers,non_insect_invertebrates,False,0.798656,0.4,Q3
4544,sea,seal,large_natural_outdoor_scenes,aquatic_mammals,False,0.543817,0.789474,Q4
4545,sea,shark,large_natural_outdoor_scenes,fish,False,0.596089,0.789474,Q4
4546,sea,shrew,large_natural_outdoor_scenes,small_mammals,False,0.657809,0.692308,Q4
4547,sea,skunk,large_natural_outdoor_scenes,medium_mammals,False,0.713447,0.666667,Q2
4548,sea,skyscraper,large_natural_outdoor_scenes,large_man_made_outdoor_things,False,0.501938,0.692308,Q4
4549,sea,snail,large_natural_outdoor_scenes,non_insect_invertebrates,False,0.728872,0.75,Q2
4550,sea,snake,large_natural_outdoor_scenes,reptiles,False,0.806115,0.764706,Q2
4551,sea,spider,large_natural_outdoor_scenes,non_insect_invertebrates,False,0.69521,0.75,Q4
4552,sea,squirrel,large_natural_outdoor_scenes,small_mammals,False,0.692271,0.777778,Q4
4553,sea,streetcar,large_natural_outdoor_scenes,vehicles_2,False,0.689996,0.733333,Q4
4554,sea,sunflower,large_natural_outdoor_scenes,flowers,False,0.790304,0.764706,Q2
4555,sea,sweet_pepper,large_natural_outdoor_scenes,fruit_and_vegetables,False,0.848916,0.733333,Q2
4556,sea,table,large_natural_outdoor_scenes,household_furniture,False,0.69965,0.818182,Q4
4557,sea,tank,large_natural_outdoor_scenes,vehicles_2,False,0.653863,0.733333,Q4
4558,sea,telephone,large_natural_outdoor_scenes,household_electrical_devices,False,0.842346,0.714286,Q2
4559,sea,television,large_natural_outdoor_scenes,household_electrical_devices,False,0.680712,0.733333,Q4
4560,sea,tiger,large_natural_outdoor_scenes,large_carnivores,False,0.780698,0.6,Q3
4561,sea,tractor,large_natural_outdoor_scenes,vehicles_2,False,0.74491,0.733333,Q2
4562,sea,train,large_natural_outdoor_scenes,vehicles_1,False,0.58519,0.714286,Q4
4563,sea,trout,large_natural_outdoor_scenes,fish,False,0.725716,0.666667,Q2
4564,sea,tulip,large_natural_outdoor_scenes,flowers,False,0.789142,0.75,Q2
4565,sea,turtle,large_natural_outdoor_scenes,reptiles,False,0.662863,0.733333,Q4
4566,sea,wardrobe,large_natural_outdoor_scenes,household_furniture,False,0.754477,0.714286,Q2
4567,sea,whale,large_natural_outdoor_scenes,aquatic_mammals,False,0.512649,0.636364,Q4
4568,sea,willow_tree,large_natural_outdoor_scenes,trees,False,0.456641,0.75,Q4
4569,sea,wolf,large_natural_outdoor_scenes,large_carnivores,False,0.755713,0.789474,Q2
4570,sea,woman,large_natural_outdoor_scenes,people,False,0.653091,0.636364,Q4
4571,sea,worm,large_natural_outdoor_scenes,non_insect_invertebrates,False,0.723967,0.714286,Q2
4572,seal,shark,aquatic_mammals,fish,False,0.505101,0.357143,Q1
4573,seal,shrew,aquatic_mammals,small_mammals,False,0.290093,0.52,Q1
4574,seal,skunk,aquatic_mammals,medium_mammals,False,0.449939,0.5,Q1
4575,seal,skyscraper,aquatic_mammals,large_man_made_outdoor_things,False,0.624907,0.636364,Q4
4576,seal,snail,aquatic_mammals,non_insect_invertebrates,False,0.477602,0.44,Q1
4577,seal,snake,aquatic_mammals,reptiles,False,0.640539,0.307692,Q1
4578,seal,spider,aquatic_mammals,non_insect_invertebrates,False,0.605975,0.44,Q1
4579,seal,squirrel,aquatic_mammals,small_mammals,False,0.354478,0.185185,Q1
4580,seal,streetcar,aquatic_mammals,vehicles_2,False,0.726353,0.666667,Q2
4581,seal,sunflower,aquatic_mammals,flowers,False,0.811725,0.538462,Q3
4582,seal,sweet_pepper,aquatic_mammals,fruit_and_vegetables,False,0.826801,0.833333,Q2
4583,seal,table,aquatic_mammals,household_furniture,False,0.730187,0.9,Q2
4584,seal,tank,aquatic_mammals,vehicles_2,False,0.571593,0.666667,Q4
4585,seal,telephone,aquatic_mammals,household_electrical_devices,False,0.743343,0.652174,Q2
4586,seal,television,aquatic_mammals,household_electrical_devices,False,0.682471,0.666667,Q4
4587,seal,tiger,aquatic_mammals,large_carnivores,False,0.572237,0.454545,Q1
4588,seal,tractor,aquatic_mammals,vehicles_2,False,0.725163,0.666667,Q2
4589,seal,train,aquatic_mammals,vehicles_1,False,0.622804,0.652174,Q4
4590,seal,trout,aquatic_mammals,fish,False,0.549647,0.809524,Q4
4591,seal,tulip,aquatic_mammals,flowers,False,0.737293,0.52,Q3
4592,seal,turtle,aquatic_mammals,reptiles,False,0.387566,0.666667,Q4
4593,seal,wardrobe,aquatic_mammals,household_furniture,False,0.751347,0.652174,Q2
4594,seal,whale,aquatic_mammals,aquatic_mammals,True,0.388058,0.478261,Q1
4595,seal,willow_tree,aquatic_mammals,trees,False,0.580375,0.52,Q1
4596,seal,wolf,aquatic_mammals,large_carnivores,False,0.481438,0.214286,Q1
4597,seal,woman,aquatic_mammals,people,False,0.576081,0.478261,Q1
4598,seal,worm,aquatic_mammals,non_insect_invertebrates,False,0.662152,0.391304,Q1
4599,shark,shrew,fish,small_mammals,False,0.615415,0.52,Q1
4600,shark,skunk,fish,medium_mammals,False,0.72827,0.5,Q3
4601,shark,skyscraper,fish,large_man_made_outdoor_things,False,0.686394,0.636364,Q4
4602,shark,snail,fish,non_insect_invertebrates,False,0.749445,0.44,Q3
4603,shark,snake,fish,reptiles,False,0.738144,0.307692,Q3
4604,shark,spider,fish,non_insect_invertebrates,False,0.676811,0.44,Q1
4605,shark,squirrel,fish,small_mammals,False,0.676196,0.333333,Q1
4606,shark,streetcar,fish,vehicles_2,False,0.803795,0.666667,Q2
4607,shark,sunflower,fish,flowers,False,0.865276,0.538462,Q3
4608,shark,sweet_pepper,fish,fruit_and_vegetables,False,0.837104,0.833333,Q2
4609,shark,table,fish,household_furniture,False,0.791357,0.9,Q2
4610,shark,tank,fish,vehicles_2,False,0.737412,0.666667,Q2
4611,shark,telephone,fish,household_electrical_devices,False,0.775031,0.652174,Q2
4612,shark,television,fish,household_electrical_devices,False,0.774434,0.666667,Q2
4613,shark,tiger,fish,large_carnivores,False,0.740252,0.454545,Q3
4614,shark,tractor,fish,vehicles_2,False,0.851813,0.666667,Q2
4615,shark,train,fish,vehicles_1,False,0.773959,0.652174,Q2
4616,shark,trout,fish,fish,True,0.409949,0.809524,Q4
4617,shark,tulip,fish,flowers,False,0.81849,0.52,Q3
4618,shark,turtle,fish,reptiles,False,0.366033,0.666667,Q4
4619,shark,wardrobe,fish,household_furniture,False,0.85753,0.652174,Q2
4620,shark,whale,fish,aquatic_mammals,False,0.299702,0.478261,Q1
4621,shark,willow_tree,fish,trees,False,0.742781,0.52,Q3
4622,shark,wolf,fish,large_carnivores,False,0.672774,0.357143,Q1
4623,shark,woman,fish,people,False,0.732203,0.478261,Q3
4624,shark,worm,fish,non_insect_invertebrates,False,0.682929,0.391304,Q1
4625,shrew,skunk,small_mammals,medium_mammals,False,0.374844,0.428571,Q1
4626,shrew,skyscraper,small_mammals,large_man_made_outdoor_things,False,0.710252,0.578947,Q1
4627,shrew,snail,small_mammals,non_insect_invertebrates,False,0.441392,0.454545,Q1
4628,shrew,snake,small_mammals,reptiles,False,0.529503,0.478261,Q1
4629,shrew,spider,small_mammals,non_insect_invertebrates,False,0.547411,0.454545,Q1
4630,shrew,squirrel,small_mammals,small_mammals,True,0.238103,0.5,Q1
4631,shrew,streetcar,small_mammals,vehicles_2,False,0.716326,0.619048,Q2
4632,shrew,sunflower,small_mammals,flowers,False,0.804077,0.478261,Q3
4633,shrew,sweet_pepper,small_mammals,fruit_and_vegetables,False,0.776014,0.777778,Q2
4634,shrew,table,small_mammals,household_furniture,False,0.746405,0.857143,Q2
4635,shrew,tank,small_mammals,vehicles_2,False,0.61969,0.619048,Q4
4636,shrew,telephone,small_mammals,household_electrical_devices,False,0.776452,0.6,Q3
4637,shrew,television,small_mammals,household_electrical_devices,False,0.719936,0.619048,Q2
4638,shrew,tiger,small_mammals,large_carnivores,False,0.527686,0.368421,Q1
4639,shrew,tractor,small_mammals,vehicles_2,False,0.721127,0.619048,Q2
4640,shrew,train,small_mammals,vehicles_1,False,0.634149,0.6,Q1
4641,shrew,trout,small_mammals,fish,False,0.492623,0.733333,Q4
4642,shrew,tulip,small_mammals,flowers,False,0.721546,0.454545,Q3
4643,shrew,turtle,small_mammals,reptiles,False,0.442848,0.619048,Q4
4644,shrew,wardrobe,small_mammals,household_furniture,False,0.757542,0.6,Q3
4645,shrew,whale,small_mammals,aquatic_mammals,False,0.616656,0.4,Q1
4646,shrew,willow_tree,small_mammals,trees,False,0.54139,0.454545,Q1
4647,shrew,wolf,small_mammals,large_carnivores,False,0.463791,0.52,Q1
4648,shrew,woman,small_mammals,people,False,0.606541,0.4,Q1
4649,shrew,worm,small_mammals,non_insect_invertebrates,False,0.561228,0.4,Q1
4650,skunk,skyscraper,medium_mammals,large_man_made_outdoor_things,False,0.690408,0.555556,Q1
4651,skunk,snail,medium_mammals,non_insect_invertebrates,False,0.640149,0.428571,Q1
4652,skunk,snake,medium_mammals,reptiles,False,0.650077,0.454545,Q1
4653,skunk,spider,medium_mammals,non_insect_invertebrates,False,0.647705,0.428571,Q1
4654,skunk,squirrel,medium_mammals,small_mammals,False,0.467315,0.478261,Q1
4655,skunk,streetcar,medium_mammals,vehicles_2,False,0.711939,0.6,Q3
4656,skunk,sunflower,medium_mammals,flowers,False,0.826536,0.454545,Q3
4657,skunk,sweet_pepper,medium_mammals,fruit_and_vegetables,False,0.80865,0.764706,Q2
4658,skunk,table,medium_mammals,household_furniture,False,0.752621,0.846154,Q2
4659,skunk,tank,medium_mammals,vehicles_2,False,0.614553,0.6,Q1
4660,skunk,telephone,medium_mammals,household_electrical_devices,False,0.845792,0.578947,Q3
4661,skunk,television,medium_mammals,household_electrical_devices,False,0.761466,0.6,Q3
4662,skunk,tiger,medium_mammals,large_carnivores,False,0.634207,0.333333,Q1
4663,skunk,tractor,medium_mammals,vehicles_2,False,0.719742,0.6,Q3
4664,skunk,train,medium_mammals,vehicles_1,False,0.616311,0.578947,Q1
4665,skunk,trout,medium_mammals,fish,False,0.649132,0.714286,Q4
4666,skunk,tulip,medium_mammals,flowers,False,0.745095,0.428571,Q3
4667,skunk,turtle,medium_mammals,reptiles,False,0.596858,0.6,Q1
4668,skunk,wardrobe,medium_mammals,household_furniture,False,0.811477,0.578947,Q3
4669,skunk,whale,medium_mammals,aquatic_mammals,False,0.627345,0.368421,Q1
4670,skunk,willow_tree,medium_mammals,trees,False,0.575209,0.428571,Q1
4671,skunk,wolf,medium_mammals,large_carnivores,False,0.603827,0.5,Q1
4672,skunk,woman,medium_mammals,people,False,0.663205,0.368421,Q1
4673,skunk,worm,medium_mammals,non_insect_invertebrates,False,0.66982,0.368421,Q1
4674,skyscraper,snail,large_man_made_outdoor_things,non_insect_invertebrates,False,0.788036,0.578947,Q3
4675,skyscraper,snake,large_man_made_outdoor_things,reptiles,False,0.845841,0.6,Q3
4676,skyscraper,spider,large_man_made_outdoor_things,non_insect_invertebrates,False,0.752924,0.578947,Q3
4677,skyscraper,squirrel,large_man_made_outdoor_things,small_mammals,False,0.710058,0.619048,Q4
4678,skyscraper,streetcar,large_man_made_outdoor_things,vehicles_2,False,0.585175,0.444444,Q1
4679,skyscraper,sunflower,large_man_made_outdoor_things,flowers,False,0.849674,0.6,Q3
4680,skyscraper,sweet_pepper,large_man_made_outdoor_things,fruit_and_vegetables,False,0.865517,0.777778,Q2
4681,skyscraper,table,large_man_made_outdoor_things,household_furniture,False,0.729351,0.857143,Q2
4682,skyscraper,tank,large_man_made_outdoor_things,vehicles_2,False,0.562724,0.444444,Q1
4683,skyscraper,telephone,large_man_made_outdoor_things,household_electrical_devices,False,0.780986,0.411765,Q3
4684,skyscraper,television,large_man_made_outdoor_things,household_electrical_devices,False,0.6485,0.444444,Q1
4685,skyscraper,tiger,large_man_made_outdoor_things,large_carnivores,False,0.787849,0.5,Q3
4686,skyscraper,tractor,large_man_made_outdoor_things,vehicles_2,False,0.680653,0.444444,Q1
4687,skyscraper,train,large_man_made_outdoor_things,vehicles_1,False,0.51888,0.411765,Q1
4688,skyscraper,trout,large_man_made_outdoor_things,fish,False,0.80036,0.733333,Q2
4689,skyscraper,tulip,large_man_made_outdoor_things,flowers,False,0.813751,0.578947,Q3
4690,skyscraper,turtle,large_man_made_outdoor_things,reptiles,False,0.729202,0.444444,Q3
4691,skyscraper,wardrobe,large_man_made_outdoor_things,household_furniture,False,0.728404,0.411765,Q3
4692,skyscraper,whale,large_man_made_outdoor_things,aquatic_mammals,False,0.666535,0.529412,Q1
4693,skyscraper,willow_tree,large_man_made_outdoor_things,trees,False,0.509268,0.578947,Q1
4694,skyscraper,wolf,large_man_made_outdoor_things,large_carnivores,False,0.762397,0.636364,Q2
4695,skyscraper,woman,large_man_made_outdoor_things,people,False,0.639584,0.529412,Q1
4696,skyscraper,worm,large_man_made_outdoor_things,non_insect_invertebrates,False,0.7551,0.529412,Q3
4697,snail,snake,non_insect_invertebrates,reptiles,False,0.601023,0.391304,Q1
4698,snail,spider,non_insect_invertebrates,non_insect_invertebrates,True,0.548139,0.272727,Q1
4699,snail,squirrel,non_insect_invertebrates,small_mammals,False,0.505361,0.416667,Q1
4700,snail,streetcar,non_insect_invertebrates,vehicles_2,False,0.76079,0.619048,Q2
4701,snail,sunflower,non_insect_invertebrates,flowers,False,0.830047,0.478261,Q3
4702,snail,sweet_pepper,non_insect_invertebrates,fruit_and_vegetables,False,0.731227,0.809524,Q2
4703,snail,table,non_insect_invertebrates,household_furniture,False,0.731264,0.882353,Q2
4704,snail,tank,non_insect_invertebrates,vehicles_2,False,0.654007,0.619048,Q4
4705,snail,telephone,non_insect_invertebrates,household_electrical_devices,False,0.768551,0.6,Q3
4706,snail,television,non_insect_invertebrates,household_electrical_devices,False,0.734491,0.619048,Q2
4707,snail,tiger,non_insect_invertebrates,large_carnivores,False,0.64685,0.368421,Q1
4708,snail,tractor,non_insect_invertebrates,vehicles_2,False,0.75561,0.619048,Q2
4709,snail,train,non_insect_invertebrates,vehicles_1,False,0.699832,0.6,Q1
4710,snail,trout,non_insect_invertebrates,fish,False,0.607681,0.777778,Q4
4711,snail,tulip,non_insect_invertebrates,flowers,False,0.698911,0.454545,Q1
4712,snail,turtle,non_insect_invertebrates,reptiles,False,0.495921,0.619048,Q4
4713,snail,wardrobe,non_insect_invertebrates,household_furniture,False,0.751412,0.6,Q3
4714,snail,whale,non_insect_invertebrates,aquatic_mammals,False,0.777887,0.4,Q3
4715,snail,willow_tree,non_insect_invertebrates,trees,False,0.672094,0.454545,Q1
4716,snail,wolf,non_insect_invertebrates,large_carnivores,False,0.724024,0.44,Q3
4717,snail,woman,non_insect_invertebrates,people,False,0.676568,0.4,Q1
4718,snail,worm,non_insect_invertebrates,non_insect_invertebrates,True,0.623535,0.2,Q1
4719,snake,spider,reptiles,non_insect_invertebrates,False,0.660672,0.391304,Q1
4720,snake,squirrel,reptiles,small_mammals,False,0.57072,0.28,Q1
4721,snake,streetcar,reptiles,vehicles_2,False,0.83306,0.636364,Q2
4722,snake,sunflower,reptiles,flowers,False,0.851098,0.5,Q3
4723,snake,sweet_pepper,reptiles,fruit_and_vegetables,False,0.72435,0.818182,Q2
4724,snake,table,reptiles,household_furniture,False,0.827034,0.888889,Q2
4725,snake,tank,reptiles,vehicles_2,False,0.760987,0.636364,Q2
4726,snake,telephone,reptiles,household_electrical_devices,False,0.743894,0.619048,Q2
4727,snake,television,reptiles,household_electrical_devices,False,0.785614,0.636364,Q2
4728,snake,tiger,reptiles,large_carnivores,False,0.667245,0.4,Q1
4729,snake,tractor,reptiles,vehicles_2,False,0.818297,0.636364,Q2
4730,snake,train,reptiles,vehicles_1,False,0.802379,0.619048,Q2
4731,snake,trout,reptiles,fish,False,0.638438,0.789474,Q4
4732,snake,tulip,reptiles,flowers,False,0.812167,0.478261,Q3
4733,snake,turtle,reptiles,reptiles,True,0.616327,0.636364,Q4
4734,snake,wardrobe,reptiles,household_furniture,False,0.826176,0.619048,Q2
4735,snake,whale,reptiles,aquatic_mammals,False,0.787652,0.428571,Q3
4736,snake,willow_tree,reptiles,trees,False,0.748152,0.478261,Q3
4737,snake,wolf,reptiles,large_carnivores,False,0.704206,0.307692,Q1
4738,snake,woman,reptiles,people,False,0.753617,0.428571,Q3
4739,snake,worm,reptiles,non_insect_invertebrates,False,0.275697,0.333333,Q1
4740,spider,squirrel,non_insect_invertebrates,small_mammals,False,0.554231,0.416667,Q1
4741,spider,streetcar,non_insect_invertebrates,vehicles_2,False,0.7391,0.619048,Q2
4742,spider,sunflower,non_insect_invertebrates,flowers,False,0.816353,0.478261,Q3
4743,spider,sweet_pepper,non_insect_invertebrates,fruit_and_vegetables,False,0.865592,0.809524,Q2
4744,spider,table,non_insect_invertebrates,household_furniture,False,0.725934,0.882353,Q2
4745,spider,tank,non_insect_invertebrates,vehicles_2,False,0.697964,0.619048,Q4
4746,spider,telephone,non_insect_invertebrates,household_electrical_devices,False,0.776034,0.6,Q3
4747,spider,television,non_insect_invertebrates,household_electrical_devices,False,0.705597,0.619048,Q4
4748,spider,tiger,non_insect_invertebrates,large_carnivores,False,0.65094,0.368421,Q1
4749,spider,tractor,non_insect_invertebrates,vehicles_2,False,0.715413,0.619048,Q2
4750,spider,train,non_insect_invertebrates,vehicles_1,False,0.677827,0.6,Q1
4751,spider,trout,non_insect_invertebrates,fish,False,0.660391,0.777778,Q4
4752,spider,tulip,non_insect_invertebrates,flowers,False,0.767024,0.454545,Q3
4753,spider,turtle,non_insect_invertebrates,reptiles,False,0.55612,0.619048,Q4
4754,spider,wardrobe,non_insect_invertebrates,household_furniture,False,0.760889,0.6,Q3
4755,spider,whale,non_insect_invertebrates,aquatic_mammals,False,0.713494,0.4,Q3
4756,spider,willow_tree,non_insect_invertebrates,trees,False,0.637242,0.454545,Q1
4757,spider,wolf,non_insect_invertebrates,large_carnivores,False,0.676036,0.44,Q1
4758,spider,woman,non_insect_invertebrates,people,False,0.675995,0.4,Q1
4759,spider,worm,non_insect_invertebrates,non_insect_invertebrates,True,0.566401,0.2,Q1
4760,squirrel,streetcar,small_mammals,vehicles_2,False,0.726963,0.652174,Q2
4761,squirrel,sunflower,small_mammals,flowers,False,0.824355,0.52,Q3
4762,squirrel,sweet_pepper,small_mammals,fruit_and_vegetables,False,0.805306,0.826087,Q2
4763,squirrel,table,small_mammals,household_furniture,False,0.734323,0.894737,Q2
4764,squirrel,tank,small_mammals,vehicles_2,False,0.633709,0.652174,Q4
4765,squirrel,telephone,small_mammals,household_electrical_devices,False,0.764119,0.636364,Q2
4766,squirrel,television,small_mammals,household_electrical_devices,False,0.705637,0.652174,Q4
4767,squirrel,tiger,small_mammals,large_carnivores,False,0.372452,0.428571,Q1
4768,squirrel,tractor,small_mammals,vehicles_2,False,0.678137,0.652174,Q4
4769,squirrel,train,small_mammals,vehicles_1,False,0.665498,0.636364,Q4
4770,squirrel,trout,small_mammals,fish,False,0.538798,0.8,Q4
4771,squirrel,tulip,small_mammals,flowers,False,0.734785,0.5,Q3
4772,squirrel,turtle,small_mammals,reptiles,False,0.533139,0.652174,Q4
4773,squirrel,wardrobe,small_mammals,household_furniture,False,0.752615,0.636364,Q2
4774,squirrel,whale,small_mammals,aquatic_mammals,False,0.695916,0.454545,Q1
4775,squirrel,willow_tree,small_mammals,trees,False,0.569824,0.5,Q1
4776,squirrel,wolf,small_mammals,large_carnivores,False,0.383826,0.185185,Q1
4777,squirrel,woman,small_mammals,people,False,0.598486,0.454545,Q1
4778,squirrel,worm,small_mammals,non_insect_invertebrates,False,0.649785,0.363636,Q1
4779,streetcar,sunflower,vehicles_2,flowers,False,0.824722,0.636364,Q2
4780,streetcar,sweet_pepper,vehicles_2,fruit_and_vegetables,False,0.785287,0.8,Q2
4781,streetcar,table,vehicles_2,household_furniture,False,0.720421,0.875,Q2
4782,streetcar,tank,vehicles_2,vehicles_2,True,0.539389,0.130435,Q1
4783,streetcar,telephone,vehicles_2,household_electrical_devices,False,0.757141,0.368421,Q3
4784,streetcar,television,vehicles_2,household_electrical_devices,False,0.636243,0.4,Q1
4785,streetcar,tiger,vehicles_2,large_carnivores,False,0.784653,0.555556,Q3
4786,streetcar,tractor,vehicles_2,vehicles_2,True,0.512651,0.090909,Q1
4787,streetcar,train,vehicles_2,vehicles_1,False,0.196087,0.3,Q1
4788,streetcar,trout,vehicles_2,fish,False,0.804571,0.764706,Q2
4789,streetcar,tulip,vehicles_2,flowers,False,0.74606,0.619048,Q2
4790,streetcar,turtle,vehicles_2,reptiles,False,0.75596,0.5,Q3
4791,streetcar,wardrobe,vehicles_2,household_furniture,False,0.721334,0.368421,Q3
4792,streetcar,whale,vehicles_2,aquatic_mammals,False,0.818454,0.578947,Q3
4793,streetcar,willow_tree,vehicles_2,trees,False,0.526835,0.619048,Q4
4794,streetcar,wolf,vehicles_2,large_carnivores,False,0.775953,0.666667,Q2
4795,streetcar,woman,vehicles_2,people,False,0.720129,0.578947,Q3
4796,streetcar,worm,vehicles_2,non_insect_invertebrates,False,0.837229,0.578947,Q3
4797,sunflower,sweet_pepper,flowers,fruit_and_vegetables,False,0.677846,0.818182,Q4
4798,sunflower,table,flowers,household_furniture,False,0.867816,0.888889,Q2
4799,sunflower,tank,flowers,vehicles_2,False,0.850662,0.636364,Q2
4800,sunflower,telephone,flowers,household_electrical_devices,False,0.885005,0.619048,Q2
4801,sunflower,television,flowers,household_electrical_devices,False,0.832802,0.636364,Q2
4802,sunflower,tiger,flowers,large_carnivores,False,0.823036,0.4,Q3
4803,sunflower,tractor,flowers,vehicles_2,False,0.792356,0.636364,Q2
4804,sunflower,train,flowers,vehicles_1,False,0.79482,0.619048,Q2
4805,sunflower,trout,flowers,fish,False,0.834725,0.789474,Q2
4806,sunflower,tulip,flowers,flowers,True,0.68601,0.304348,Q1
4807,sunflower,turtle,flowers,reptiles,False,0.838347,0.636364,Q2
4808,sunflower,wardrobe,flowers,household_furniture,False,0.871961,0.619048,Q2
4809,sunflower,whale,flowers,aquatic_mammals,False,0.871634,0.428571,Q3
4810,sunflower,willow_tree,flowers,trees,False,0.764542,0.304348,Q3
4811,sunflower,wolf,flowers,large_carnivores,False,0.884061,0.538462,Q3
4812,sunflower,woman,flowers,people,False,0.821317,0.428571,Q3
4813,sunflower,worm,flowers,non_insect_invertebrates,False,0.860969,0.428571,Q3
4814,sweet_pepper,table,fruit_and_vegetables,household_furniture,False,0.790486,0.875,Q2
4815,sweet_pepper,tank,fruit_and_vegetables,vehicles_2,False,0.826137,0.8,Q2
4816,sweet_pepper,telephone,fruit_and_vegetables,household_electrical_devices,False,0.834655,0.789474,Q2
4817,sweet_pepper,television,fruit_and_vegetables,household_electrical_devices,False,0.824399,0.8,Q2
4818,sweet_pepper,tiger,fruit_and_vegetables,large_carnivores,False,0.751119,0.733333,Q2
4819,sweet_pepper,tractor,fruit_and_vegetables,vehicles_2,False,0.789756,0.8,Q2
4820,sweet_pepper,train,fruit_and_vegetables,vehicles_1,False,0.774783,0.789474,Q2
4821,sweet_pepper,trout,fruit_and_vegetables,fish,False,0.803197,0.411765,Q3
4822,sweet_pepper,tulip,fruit_and_vegetables,flowers,False,0.609614,0.809524,Q4
4823,sweet_pepper,turtle,fruit_and_vegetables,reptiles,False,0.846769,0.8,Q2
4824,sweet_pepper,wardrobe,fruit_and_vegetables,household_furniture,False,0.875371,0.789474,Q2
4825,sweet_pepper,whale,fruit_and_vegetables,aquatic_mammals,False,0.876231,0.75,Q2
4826,sweet_pepper,willow_tree,fruit_and_vegetables,trees,False,0.804787,0.809524,Q2
4827,sweet_pepper,wolf,fruit_and_vegetables,large_carnivores,False,0.848753,0.833333,Q2
4828,sweet_pepper,woman,fruit_and_vegetables,people,False,0.754546,0.75,Q2
4829,sweet_pepper,worm,fruit_and_vegetables,non_insect_invertebrates,False,0.736782,0.789474,Q2
4830,table,tank,household_furniture,vehicles_2,False,0.681855,0.875,Q4
4831,table,telephone,household_furniture,household_electrical_devices,False,0.732477,0.866667,Q2
4832,table,television,household_furniture,household_electrical_devices,False,0.535736,0.875,Q4
4833,table,tiger,household_furniture,large_carnivores,False,0.742418,0.818182,Q2
4834,table,tractor,household_furniture,vehicles_2,False,0.70997,0.875,Q4
4835,table,train,household_furniture,vehicles_1,False,0.728076,0.866667,Q2
4836,table,trout,household_furniture,fish,False,0.732557,0.846154,Q2
4837,table,tulip,household_furniture,flowers,False,0.791084,0.882353,Q2
4838,table,turtle,household_furniture,reptiles,False,0.714414,0.875,Q2
4839,table,wardrobe,household_furniture,household_furniture,True,0.440109,0.866667,Q4
4840,table,whale,household_furniture,aquatic_mammals,False,0.812017,0.833333,Q2
4841,table,willow_tree,household_furniture,trees,False,0.635228,0.882353,Q4
4842,table,wolf,household_furniture,large_carnivores,False,0.749892,0.9,Q2
4843,table,woman,household_furniture,people,False,0.636393,0.833333,Q4
4844,table,worm,household_furniture,non_insect_invertebrates,False,0.804794,0.866667,Q2
4845,tank,telephone,vehicles_2,household_electrical_devices,False,0.728154,0.368421,Q3
4846,tank,television,vehicles_2,household_electrical_devices,False,0.651369,0.4,Q1
4847,tank,tiger,vehicles_2,large_carnivores,False,0.734871,0.555556,Q3
4848,tank,tractor,vehicles_2,vehicles_2,True,0.417135,0.130435,Q1
4849,tank,train,vehicles_2,vehicles_1,False,0.432915,0.263158,Q1
4850,tank,trout,vehicles_2,fish,False,0.722301,0.764706,Q2
4851,tank,tulip,vehicles_2,flowers,False,0.816028,0.619048,Q2
4852,tank,turtle,vehicles_2,reptiles,False,0.598718,0.5,Q1
4853,tank,wardrobe,vehicles_2,household_furniture,False,0.787639,0.368421,Q3
4854,tank,whale,vehicles_2,aquatic_mammals,False,0.763365,0.578947,Q3
4855,tank,willow_tree,vehicles_2,trees,False,0.479104,0.619048,Q4
4856,tank,wolf,vehicles_2,large_carnivores,False,0.684208,0.666667,Q4
4857,tank,woman,vehicles_2,people,False,0.647568,0.578947,Q1
4858,tank,worm,vehicles_2,non_insect_invertebrates,False,0.766642,0.578947,Q3
4859,telephone,television,household_electrical_devices,household_electrical_devices,True,0.500868,0.368421,Q1
4860,telephone,tiger,household_electrical_devices,large_carnivores,False,0.782696,0.529412,Q3
4861,telephone,tractor,household_electrical_devices,vehicles_2,False,0.754236,0.368421,Q3
4862,telephone,train,household_electrical_devices,vehicles_1,False,0.773421,0.333333,Q3
4863,telephone,trout,household_electrical_devices,fish,False,0.769309,0.75,Q2
4864,telephone,tulip,household_electrical_devices,flowers,False,0.850173,0.6,Q3
4865,telephone,turtle,household_electrical_devices,reptiles,False,0.687546,0.473684,Q1
4866,telephone,wardrobe,household_electrical_devices,household_furniture,False,0.706704,0.333333,Q1
4867,telephone,whale,household_electrical_devices,aquatic_mammals,False,0.736029,0.555556,Q3
4868,telephone,willow_tree,household_electrical_devices,trees,False,0.802209,0.6,Q3
4869,telephone,wolf,household_electrical_devices,large_carnivores,False,0.756094,0.652174,Q2
4870,telephone,woman,household_electrical_devices,people,False,0.705937,0.555556,Q1
4871,telephone,worm,household_electrical_devices,non_insect_invertebrates,False,0.760979,0.555556,Q3
4872,television,tiger,household_electrical_devices,large_carnivores,False,0.768404,0.555556,Q3
4873,television,tractor,household_electrical_devices,vehicles_2,False,0.700472,0.4,Q1
4874,television,train,household_electrical_devices,vehicles_1,False,0.684882,0.368421,Q1
4875,television,trout,household_electrical_devices,fish,False,0.717011,0.764706,Q2
4876,television,tulip,household_electrical_devices,flowers,False,0.806792,0.619048,Q2
4877,television,turtle,household_electrical_devices,reptiles,False,0.717193,0.5,Q3
4878,television,wardrobe,household_electrical_devices,household_furniture,False,0.44213,0.368421,Q1
4879,television,whale,household_electrical_devices,aquatic_mammals,False,0.757524,0.578947,Q3
4880,television,willow_tree,household_electrical_devices,trees,False,0.659202,0.619048,Q4
4881,television,wolf,household_electrical_devices,large_carnivores,False,0.73175,0.666667,Q2
4882,television,woman,household_electrical_devices,people,False,0.57374,0.578947,Q1
4883,television,worm,household_electrical_devices,non_insect_invertebrates,False,0.763631,0.578947,Q3
4884,tiger,tractor,large_carnivores,vehicles_2,False,0.721286,0.555556,Q3
4885,tiger,train,large_carnivores,vehicles_1,False,0.717643,0.529412,Q3
4886,tiger,trout,large_carnivores,fish,False,0.703159,0.666667,Q4
4887,tiger,tulip,large_carnivores,flowers,False,0.769404,0.368421,Q3
4888,tiger,turtle,large_carnivores,reptiles,False,0.648811,0.555556,Q1
4889,tiger,wardrobe,large_carnivores,household_furniture,False,0.778837,0.529412,Q3
4890,tiger,whale,large_carnivores,aquatic_mammals,False,0.788117,0.294118,Q3
4891,tiger,willow_tree,large_carnivores,trees,False,0.693245,0.368421,Q1
4892,tiger,wolf,large_carnivores,large_carnivores,True,0.374299,0.454545,Q1
4893,tiger,woman,large_carnivores,people,False,0.65526,0.294118,Q1
4894,tiger,worm,large_carnivores,non_insect_invertebrates,False,0.763038,0.294118,Q3
4895,tractor,train,vehicles_2,vehicles_1,False,0.424374,0.3,Q1
4896,tractor,trout,vehicles_2,fish,False,0.793663,0.764706,Q2
4897,tractor,tulip,vehicles_2,flowers,False,0.794311,0.619048,Q2
4898,tractor,turtle,vehicles_2,reptiles,False,0.755268,0.5,Q3
4899,tractor,wardrobe,vehicles_2,household_furniture,False,0.73716,0.368421,Q3
4900,tractor,whale,vehicles_2,aquatic_mammals,False,0.850278,0.578947,Q3
4901,tractor,willow_tree,vehicles_2,trees,False,0.58257,0.619048,Q4
4902,tractor,wolf,vehicles_2,large_carnivores,False,0.757647,0.666667,Q2
4903,tractor,woman,vehicles_2,people,False,0.77391,0.578947,Q3
4904,tractor,worm,vehicles_2,non_insect_invertebrates,False,0.833002,0.578947,Q3
4905,train,trout,vehicles_1,fish,False,0.745885,0.75,Q2
4906,train,tulip,vehicles_1,flowers,False,0.75046,0.6,Q3
4907,train,turtle,vehicles_1,reptiles,False,0.70554,0.473684,Q1
4908,train,wardrobe,vehicles_1,household_furniture,False,0.745255,0.333333,Q3
4909,train,whale,vehicles_1,aquatic_mammals,False,0.760623,0.555556,Q3
4910,train,willow_tree,vehicles_1,trees,False,0.458903,0.6,Q1
4911,train,wolf,vehicles_1,large_carnivores,False,0.719855,0.652174,Q2
4912,train,woman,vehicles_1,people,False,0.691134,0.555556,Q1
4913,train,worm,vehicles_1,non_insect_invertebrates,False,0.800292,0.555556,Q3
4914,trout,tulip,fish,flowers,False,0.777239,0.777778,Q2
4915,trout,turtle,fish,reptiles,False,0.5007,0.764706,Q4
4916,trout,wardrobe,fish,household_furniture,False,0.805851,0.75,Q2
4917,trout,whale,fish,aquatic_mammals,False,0.548418,0.692308,Q4
4918,trout,willow_tree,fish,trees,False,0.70025,0.777778,Q4
4919,trout,wolf,fish,large_carnivores,False,0.639492,0.809524,Q4
4920,trout,woman,fish,people,False,0.71919,0.692308,Q2
4921,trout,worm,fish,non_insect_invertebrates,False,0.630749,0.75,Q4
4922,tulip,turtle,flowers,reptiles,False,0.779355,0.619048,Q2
4923,tulip,wardrobe,flowers,household_furniture,False,0.876684,0.6,Q3
4924,tulip,whale,flowers,aquatic_mammals,False,0.809401,0.4,Q3
4925,tulip,willow_tree,flowers,trees,False,0.740555,0.272727,Q3
4926,tulip,wolf,flowers,large_carnivores,False,0.811499,0.52,Q3
4927,tulip,woman,flowers,people,False,0.76899,0.4,Q3
4928,tulip,worm,flowers,non_insect_invertebrates,False,0.80128,0.4,Q3
4929,turtle,wardrobe,reptiles,household_furniture,False,0.792508,0.473684,Q3
4930,turtle,whale,reptiles,aquatic_mammals,False,0.525877,0.578947,Q1
4931,turtle,willow_tree,reptiles,trees,False,0.661459,0.619048,Q4
4932,turtle,wolf,reptiles,large_carnivores,False,0.652966,0.666667,Q4
4933,turtle,woman,reptiles,people,False,0.688747,0.578947,Q1
4934,turtle,worm,reptiles,non_insect_invertebrates,False,0.640908,0.578947,Q1
4935,wardrobe,whale,household_furniture,aquatic_mammals,False,0.84096,0.555556,Q3
4936,wardrobe,willow_tree,household_furniture,trees,False,0.664503,0.6,Q1
4937,wardrobe,wolf,household_furniture,large_carnivores,False,0.789707,0.652174,Q2
4938,wardrobe,woman,household_furniture,people,False,0.706858,0.555556,Q1
4939,wardrobe,worm,household_furniture,non_insect_invertebrates,False,0.784215,0.555556,Q3
4940,whale,willow_tree,aquatic_mammals,trees,False,0.710639,0.4,Q1
4941,whale,wolf,aquatic_mammals,large_carnivores,False,0.72237,0.478261,Q3
4942,whale,woman,aquatic_mammals,people,False,0.742324,0.333333,Q3
4943,whale,worm,aquatic_mammals,non_insect_invertebrates,False,0.725727,0.333333,Q3
4944,willow_tree,wolf,trees,large_carnivores,False,0.682173,0.52,Q1
4945,willow_tree,woman,trees,people,False,0.568524,0.4,Q1
4946,willow_tree,worm,trees,non_insect_invertebrates,False,0.668132,0.4,Q1
4947,wolf,woman,large_carnivores,people,False,0.629279,0.478261,Q1
4948,wolf,worm,large_carnivores,non_insect_invertebrates,False,0.758735,0.391304,Q3
4949,woman,worm,people,non_insect_invertebrates,False,0.719349,0.333333,Q3
